{
  "type": "FeatureCollection",
  "crs": {
    "type": "name",
    "properties": {
      "name": "urn:ogc:def:crs:EPSG::3879"
    }
  },
  "features": [
    {
      "type": "Feature",
      "geometry": {
        "type": "Polygon",
        "coordinates": [
          [
            [
              25493171.743,
              6683612.012
            ],
            [
              25493174.839,
              6683612.349
            ],
            [
              25493173.238,
              6683627.062
            ],
            [
              25493170.142,
              6683626.725
            ],
            [
              25493171.743,
              6683612.012
            ]
          ]
        ]
      },
      "properties": {
        "confidence": 0.8474,
        "length_m": 14.8,
        "width_m": 3.11,
        "heading_deg": 173.8,
        "aoi": "r1-kaivoksela",
        "source_layer": "Ortoilmakuva_2025_5cm",
        "zoom": 16,
        "status": "confirmed",
        "class": "bus"
      }
    },
    {
      "type": "Feature",
      "geometry": {
        "type": "Polygon",
        "coordinates": [
          [
            [
              25493268.173,
              6683699.586
            ],
            [
              25493277.539,
              6683701.433
            ],
            [
              25493276.996,
              6683704.19
            ],
            [
              25493267.63,
              6683702.343
            ],
            [
              25493268.173,
              6683699.586
            ]
          ]
        ]
      },
      "properties": {
        "confidence": 0.8408,
        "length_m": 9.55,
        "width_m": 2.81,
        "heading_deg": 78.8,
        "aoi": "r1-kaivoksela",
        "source_layer": "Ortoilmakuva_2025_5cm",
        "zoom": 16,
        "status": "confirmed",
        "class": "truck"
      }
    },
    {
      "type": "Feature",
      "geometry": {
        "type": "Polygon",
        "coordinates": [
          [
            [
              25493270.879,
              6683665.593
            ],
            [
              25493280.711,
              6683666.345
            ],
            [
              25493280.461,
              6683669.62
            ],
            [
              25493270.629,
              6683668.868
            ],
            [
              25493270.879,
              6683665.593
            ]
          ]
        ]
      },
      "properties": {
        "confidence": 0.8387,
        "length_m": 9.86,
        "width_m": 3.28,
        "heading_deg": 85.6,
        "aoi": "r1-kaivoksela",
        "source_layer": "Ortoilmakuva_2025_5cm",
        "zoom": 16,
        "status": "confirmed",
        "class": "truck"
      }
    },
    {
      "type": "Feature",
      "geometry": {
        "type": "Polygon",
        "coordinates": [
          [
            [
              25493334.019,
              6683648.974
            ],
            [
              25493336.411,
              6683649.247
            ],
            [
              25493335.809,
              6683654.527
            ],
            [
              25493333.417,
              6683654.254
            ],
            [
              25493334.019,
              6683648.974
            ]
          ]
        ]
      },
      "properties": {
        "confidence": 0.8381,
        "length_m": 5.31,
        "width_m": 2.41,
        "heading_deg": 173.5,
        "aoi": "r1-kaivoksela",
        "source_layer": "Ortoilmakuva_2025_5cm",
        "zoom": 16,
        "status": "confirmed",
        "class": "car"
      }
    },
    {
      "type": "Feature",
      "geometry": {
        "type": "Polygon",
        "coordinates": [
          [
            [
              25493256.269,
              6683782.29
            ],
            [
              25493268.206,
              6683783.351
            ],
            [
              25493267.923,
              6683786.527
            ],
            [
              25493255.987,
              6683785.466
            ],
            [
              25493256.269,
              6683782.29
            ]
          ]
        ]
      },
      "properties": {
        "confidence": 0.8381,
        "length_m": 11.98,
        "width_m": 3.19,
        "heading_deg": 84.9,
        "aoi": "r1-kaivoksela",
        "source_layer": "Ortoilmakuva_2025_5cm",
        "zoom": 16,
        "status": "confirmed",
        "class": "truck"
      }
    },
    {
      "type": "Feature",
      "geometry": {
        "type": "Polygon",
        "coordinates": [
          [
            [
              25493226.77,
              6683564.296
            ],
            [
              25493216.74,
              6683563.658
            ],
            [
              25493216.565,
              6683566.399
            ],
            [
              25493226.596,
              6683567.037
            ],
            [
              25493226.77,
              6683564.296
            ]
          ]
        ]
      },
      "properties": {
        "confidence": 0.8362,
        "length_m": 10.05,
        "width_m": 2.75,
        "heading_deg": 86.4,
        "aoi": "r1-kaivoksela",
        "source_layer": "Ortoilmakuva_2025_5cm",
        "zoom": 16,
        "status": "confirmed",
        "class": "truck"
      }
    },
    {
      "type": "Feature",
      "geometry": {
        "type": "Polygon",
        "coordinates": [
          [
            [
              25493325.6,
              6683648.61
            ],
            [
              25493327.795,
              6683648.795
            ],
            [
              25493327.409,
              6683653.39
            ],
            [
              25493325.213,
              6683653.205
            ],
            [
              25493325.6,
              6683648.61
            ]
          ]
        ]
      },
      "properties": {
        "confidence": 0.8352,
        "length_m": 4.61,
        "width_m": 2.2,
        "heading_deg": 175.2,
        "aoi": "r1-kaivoksela",
        "source_layer": "Ortoilmakuva_2025_5cm",
        "zoom": 16,
        "status": "confirmed",
        "class": "car"
      }
    },
    {
      "type": "Feature",
      "geometry": {
        "type": "Polygon",
        "coordinates": [
          [
            [
              25493260.673,
              6683664.758
            ],
            [
              25493270.788,
              6683665.684
            ],
            [
              25493270.488,
              6683668.959
            ],
            [
              25493260.373,
              6683668.034
            ],
            [
              25493260.673,
              6683664.758
            ]
          ]
        ]
      },
      "properties": {
        "confidence": 0.8342,
        "length_m": 10.16,
        "width_m": 3.29,
        "heading_deg": 84.8,
        "aoi": "r1-kaivoksela",
        "source_layer": "Ortoilmakuva_2025_5cm",
        "zoom": 16,
        "status": "confirmed",
        "class": "truck"
      }
    },
    {
      "type": "Feature",
      "geometry": {
        "type": "Polygon",
        "coordinates": [
          [
            [
              25493169.942,
              6683574.461
            ],
            [
              25493179.256,
              6683575.206
            ],
            [
              25493179.026,
              6683578.079
            ],
            [
              25493169.712,
              6683577.334
            ],
            [
              25493169.942,
              6683574.461
            ]
          ]
        ]
      },
      "properties": {
        "confidence": 0.8341,
        "length_m": 9.34,
        "width_m": 2.88,
        "heading_deg": 85.4,
        "aoi": "r1-kaivoksela",
        "source_layer": "Ortoilmakuva_2025_5cm",
        "zoom": 16,
        "status": "confirmed",
        "class": "truck"
      }
    },
    {
      "type": "Feature",
      "geometry": {
        "type": "Polygon",
        "coordinates": [
          [
            [
              25493300.409,
              6683671.697
            ],
            [
              25493311.404,
              6683673.604
            ],
            [
              25493310.915,
              6683676.424
            ],
            [
              25493299.92,
              6683674.517
            ],
            [
              25493300.409,
              6683671.697
            ]
          ]
        ]
      },
      "properties": {
        "confidence": 0.8341,
        "length_m": 11.16,
        "width_m": 2.86,
        "heading_deg": 80.2,
        "aoi": "r1-kaivoksela",
        "source_layer": "Ortoilmakuva_2025_5cm",
        "zoom": 16,
        "status": "confirmed",
        "class": "truck"
      }
    },
    {
      "type": "Feature",
      "geometry": {
        "type": "Polygon",
        "coordinates": [
          [
            [
              25493300.746,
              6683729.933
            ],
            [
              25493304.065,
              6683733.158
            ],
            [
              25493302.372,
              6683734.9
            ],
            [
              25493299.053,
              6683731.675
            ],
            [
              25493300.746,
              6683729.933
            ]
          ]
        ]
      },
      "properties": {
        "confidence": 0.8339,
        "length_m": 4.63,
        "width_m": 2.43,
        "heading_deg": 45.8,
        "aoi": "r1-kaivoksela",
        "source_layer": "Ortoilmakuva_2025_5cm",
        "zoom": 16,
        "status": "confirmed",
        "class": "car"
      }
    },
    {
      "type": "Feature",
      "geometry": {
        "type": "Polygon",
        "coordinates": [
          [
            [
              25493249.685,
              6683534.288
            ],
            [
              25493255.878,
              6683534.66
            ],
            [
              25493255.724,
              6683537.217
            ],
            [
              25493249.532,
              6683536.845
            ],
            [
              25493249.685,
              6683534.288
            ]
          ]
        ]
      },
      "properties": {
        "confidence": 0.8334,
        "length_m": 6.2,
        "width_m": 2.56,
        "heading_deg": 86.6,
        "aoi": "r1-kaivoksela",
        "source_layer": "Ortoilmakuva_2025_5cm",
        "zoom": 16,
        "status": "confirmed",
        "class": "van"
      }
    },
    {
      "type": "Feature",
      "geometry": {
        "type": "Polygon",
        "coordinates": [
          [
            [
              25493237.436,
              6683666.555
            ],
            [
              25493247.168,
              6683667.708
            ],
            [
              25493246.801,
              6683670.804
            ],
            [
              25493237.069,
              6683669.651
            ],
            [
              25493237.436,
              6683666.555
            ]
          ]
        ]
      },
      "properties": {
        "confidence": 0.833,
        "length_m": 9.8,
        "width_m": 3.12,
        "heading_deg": 83.2,
        "aoi": "r1-kaivoksela",
        "source_layer": "Ortoilmakuva_2025_5cm",
        "zoom": 16,
        "status": "confirmed",
        "class": "truck"
      }
    },
    {
      "type": "Feature",
      "geometry": {
        "type": "Polygon",
        "coordinates": [
          [
            [
              25493169.115,
              6683570.526
            ],
            [
              25493179.091,
              6683571.277
            ],
            [
              25493178.883,
              6683574.04
            ],
            [
              25493168.907,
              6683573.289
            ],
            [
              25493169.115,
              6683570.526
            ]
          ]
        ]
      },
      "properties": {
        "confidence": 0.8328,
        "length_m": 10,
        "width_m": 2.77,
        "heading_deg": 85.7,
        "aoi": "r1-kaivoksela",
        "source_layer": "Ortoilmakuva_2025_5cm",
        "zoom": 16,
        "status": "confirmed",
        "class": "truck"
      }
    },
    {
      "type": "Feature",
      "geometry": {
        "type": "Polygon",
        "coordinates": [
          [
            [
              25493323.416,
              6683683.292
            ],
            [
              25493325.665,
              6683683.485
            ],
            [
              25493325.249,
              6683688.34
            ],
            [
              25493322.999,
              6683688.147
            ],
            [
              25493323.416,
              6683683.292
            ]
          ]
        ]
      },
      "properties": {
        "confidence": 0.8327,
        "length_m": 4.87,
        "width_m": 2.26,
        "heading_deg": 175.1,
        "aoi": "r1-kaivoksela",
        "source_layer": "Ortoilmakuva_2025_5cm",
        "zoom": 16,
        "status": "confirmed",
        "class": "car"
      }
    },
    {
      "type": "Feature",
      "geometry": {
        "type": "Polygon",
        "coordinates": [
          [
            [
              25493256.402,
              6683697.56
            ],
            [
              25493265.612,
              6683699.252
            ],
            [
              25493265.084,
              6683702.122
            ],
            [
              25493255.874,
              6683700.429
            ],
            [
              25493256.402,
              6683697.56
            ]
          ]
        ]
      },
      "properties": {
        "confidence": 0.8325,
        "length_m": 9.36,
        "width_m": 2.92,
        "heading_deg": 79.6,
        "aoi": "r1-kaivoksela",
        "source_layer": "Ortoilmakuva_2025_5cm",
        "zoom": 16,
        "status": "confirmed",
        "class": "truck"
      }
    },
    {
      "type": "Feature",
      "geometry": {
        "type": "Polygon",
        "coordinates": [
          [
            [
              25493324.972,
              6683699.997
            ],
            [
              25493327.288,
              6683700.23
            ],
            [
              25493326.804,
              6683705.053
            ],
            [
              25493324.488,
              6683704.821
            ],
            [
              25493324.972,
              6683699.997
            ]
          ]
        ]
      },
      "properties": {
        "confidence": 0.8321,
        "length_m": 4.85,
        "width_m": 2.33,
        "heading_deg": 174.3,
        "aoi": "r1-kaivoksela",
        "source_layer": "Ortoilmakuva_2025_5cm",
        "zoom": 16,
        "status": "confirmed",
        "class": "car"
      }
    },
    {
      "type": "Feature",
      "geometry": {
        "type": "Polygon",
        "coordinates": [
          [
            [
              25493260.729,
              6683661.168
            ],
            [
              25493270.816,
              6683661.531
            ],
            [
              25493270.699,
              6683664.793
            ],
            [
              25493260.612,
              6683664.43
            ],
            [
              25493260.729,
              6683661.168
            ]
          ]
        ]
      },
      "properties": {
        "confidence": 0.8318,
        "length_m": 10.09,
        "width_m": 3.26,
        "heading_deg": 87.9,
        "aoi": "r1-kaivoksela",
        "source_layer": "Ortoilmakuva_2025_5cm",
        "zoom": 16,
        "status": "confirmed",
        "class": "truck"
      }
    },
    {
      "type": "Feature",
      "geometry": {
        "type": "Polygon",
        "coordinates": [
          [
            [
              25493256.84,
              6683598.709
            ],
            [
              25493259.514,
              6683599.276
            ],
            [
              25493257.712,
              6683607.771
            ],
            [
              25493255.038,
              6683607.204
            ],
            [
              25493256.84,
              6683598.709
            ]
          ]
        ]
      },
      "properties": {
        "confidence": 0.8313,
        "length_m": 8.68,
        "width_m": 2.73,
        "heading_deg": 168,
        "aoi": "r1-kaivoksela",
        "source_layer": "Ortoilmakuva_2025_5cm",
        "zoom": 16,
        "status": "confirmed",
        "class": "truck"
      }
    },
    {
      "type": "Feature",
      "geometry": {
        "type": "Polygon",
        "coordinates": [
          [
            [
              25493175.984,
              6683613.802
            ],
            [
              25493178.707,
              6683614.105
            ],
            [
              25493177.392,
              6683625.938
            ],
            [
              25493174.669,
              6683625.636
            ],
            [
              25493175.984,
              6683613.802
            ]
          ]
        ]
      },
      "properties": {
        "confidence": 0.831,
        "length_m": 11.91,
        "width_m": 2.74,
        "heading_deg": 173.7,
        "aoi": "r1-kaivoksela",
        "source_layer": "Ortoilmakuva_2025_5cm",
        "zoom": 16,
        "status": "confirmed",
        "class": "bus"
      }
    },
    {
      "type": "Feature",
      "geometry": {
        "type": "Polygon",
        "coordinates": [
          [
            [
              25493332.632,
              6683666.951
            ],
            [
              25493334.979,
              6683667.134
            ],
            [
              25493334.586,
              6683672.169
            ],
            [
              25493332.24,
              6683671.986
            ],
            [
              25493332.632,
              6683666.951
            ]
          ]
        ]
      },
      "properties": {
        "confidence": 0.8309,
        "length_m": 5.05,
        "width_m": 2.35,
        "heading_deg": 175.5,
        "aoi": "r1-kaivoksela",
        "source_layer": "Ortoilmakuva_2025_5cm",
        "zoom": 16,
        "status": "confirmed",
        "class": "car"
      }
    },
    {
      "type": "Feature",
      "geometry": {
        "type": "Polygon",
        "coordinates": [
          [
            [
              25493310.243,
              6683753.618
            ],
            [
              25493315.218,
              6683754.049
            ],
            [
              25493314.987,
              6683756.719
            ],
            [
              25493310.012,
              6683756.289
            ],
            [
              25493310.243,
              6683753.618
            ]
          ]
        ]
      },
      "properties": {
        "confidence": 0.8306,
        "length_m": 4.99,
        "width_m": 2.68,
        "heading_deg": 85,
        "aoi": "r1-kaivoksela",
        "source_layer": "Ortoilmakuva_2025_5cm",
        "zoom": 16,
        "status": "confirmed",
        "class": "car"
      }
    },
    {
      "type": "Feature",
      "geometry": {
        "type": "Polygon",
        "coordinates": [
          [
            [
              25493330.9,
              6683649.226
            ],
            [
              25493333.396,
              6683649.387
            ],
            [
              25493333.081,
              6683654.283
            ],
            [
              25493330.584,
              6683654.122
            ],
            [
              25493330.9,
              6683649.226
            ]
          ]
        ]
      },
      "properties": {
        "confidence": 0.8306,
        "length_m": 4.91,
        "width_m": 2.5,
        "heading_deg": 176.3,
        "aoi": "r1-kaivoksela",
        "source_layer": "Ortoilmakuva_2025_5cm",
        "zoom": 16,
        "status": "confirmed",
        "class": "car"
      }
    },
    {
      "type": "Feature",
      "geometry": {
        "type": "Polygon",
        "coordinates": [
          [
            [
              25493312.702,
              6683675.523
            ],
            [
              25493317.299,
              6683675.888
            ],
            [
              25493317.111,
              6683678.247
            ],
            [
              25493312.515,
              6683677.882
            ],
            [
              25493312.702,
              6683675.523
            ]
          ]
        ]
      },
      "properties": {
        "confidence": 0.8305,
        "length_m": 4.61,
        "width_m": 2.37,
        "heading_deg": 85.5,
        "aoi": "r1-kaivoksela",
        "source_layer": "Ortoilmakuva_2025_5cm",
        "zoom": 16,
        "status": "confirmed",
        "class": "car"
      }
    },
    {
      "type": "Feature",
      "geometry": {
        "type": "Polygon",
        "coordinates": [
          [
            [
              25493311.497,
              6683719.213
            ],
            [
              25493314.786,
              6683723.106
            ],
            [
              25493312.952,
              6683724.655
            ],
            [
              25493309.663,
              6683720.762
            ],
            [
              25493311.497,
              6683719.213
            ]
          ]
        ]
      },
      "properties": {
        "confidence": 0.8302,
        "length_m": 5.1,
        "width_m": 2.4,
        "heading_deg": 40.2,
        "aoi": "r1-kaivoksela",
        "source_layer": "Ortoilmakuva_2025_5cm",
        "zoom": 16,
        "status": "confirmed",
        "class": "car"
      }
    },
    {
      "type": "Feature",
      "geometry": {
        "type": "Polygon",
        "coordinates": [
          [
            [
              25493313.393,
              6683672.628
            ],
            [
              25493318.416,
              6683673.066
            ],
            [
              25493318.212,
              6683675.409
            ],
            [
              25493313.189,
              6683674.97
            ],
            [
              25493313.393,
              6683672.628
            ]
          ]
        ]
      },
      "properties": {
        "confidence": 0.8299,
        "length_m": 5.04,
        "width_m": 2.35,
        "heading_deg": 85,
        "aoi": "r1-kaivoksela",
        "source_layer": "Ortoilmakuva_2025_5cm",
        "zoom": 16,
        "status": "confirmed",
        "class": "car"
      }
    },
    {
      "type": "Feature",
      "geometry": {
        "type": "Polygon",
        "coordinates": [
          [
            [
              25493329.92,
              6683661.014
            ],
            [
              25493332.285,
              6683661.299
            ],
            [
              25493331.675,
              6683666.361
            ],
            [
              25493329.311,
              6683666.076
            ],
            [
              25493329.92,
              6683661.014
            ]
          ]
        ]
      },
      "properties": {
        "confidence": 0.8297,
        "length_m": 5.1,
        "width_m": 2.38,
        "heading_deg": 173.1,
        "aoi": "r1-kaivoksela",
        "source_layer": "Ortoilmakuva_2025_5cm",
        "zoom": 16,
        "status": "confirmed",
        "class": "car"
      }
    },
    {
      "type": "Feature",
      "geometry": {
        "type": "Polygon",
        "coordinates": [
          [
            [
              25493287.126,
              6683750.49
            ],
            [
              25493292.203,
              6683750.789
            ],
            [
              25493292.05,
              6683753.38
            ],
            [
              25493286.974,
              6683753.081
            ],
            [
              25493287.126,
              6683750.49
            ]
          ]
        ]
      },
      "properties": {
        "confidence": 0.8297,
        "length_m": 5.09,
        "width_m": 2.6,
        "heading_deg": 86.6,
        "aoi": "r1-kaivoksela",
        "source_layer": "Ortoilmakuva_2025_5cm",
        "zoom": 16,
        "status": "confirmed",
        "class": "car"
      }
    },
    {
      "type": "Feature",
      "geometry": {
        "type": "Polygon",
        "coordinates": [
          [
            [
              25493253.677,
              6683790.631
            ],
            [
              25493266.022,
              6683791.187
            ],
            [
              25493265.882,
              6683794.3
            ],
            [
              25493253.537,
              6683793.744
            ],
            [
              25493253.677,
              6683790.631
            ]
          ]
        ]
      },
      "properties": {
        "confidence": 0.8294,
        "length_m": 12.36,
        "width_m": 3.12,
        "heading_deg": 87.4,
        "aoi": "r1-kaivoksela",
        "source_layer": "Ortoilmakuva_2025_5cm",
        "zoom": 16,
        "status": "confirmed",
        "class": "truck"
      }
    },
    {
      "type": "Feature",
      "geometry": {
        "type": "Polygon",
        "coordinates": [
          [
            [
              25493330.83,
              6683695.568
            ],
            [
              25493333.228,
              6683695.796
            ],
            [
              25493332.782,
              6683700.488
            ],
            [
              25493330.384,
              6683700.26
            ],
            [
              25493330.83,
              6683695.568
            ]
          ]
        ]
      },
      "properties": {
        "confidence": 0.8293,
        "length_m": 4.71,
        "width_m": 2.41,
        "heading_deg": 174.6,
        "aoi": "r1-kaivoksela",
        "source_layer": "Ortoilmakuva_2025_5cm",
        "zoom": 16,
        "status": "confirmed",
        "class": "car"
      }
    },
    {
      "type": "Feature",
      "geometry": {
        "type": "Polygon",
        "coordinates": [
          [
            [
              25493271.088,
              6683669.57
            ],
            [
              25493280.974,
              6683670.754
            ],
            [
              25493280.602,
              6683673.864
            ],
            [
              25493270.716,
              6683672.68
            ],
            [
              25493271.088,
              6683669.57
            ]
          ]
        ]
      },
      "properties": {
        "confidence": 0.8293,
        "length_m": 9.96,
        "width_m": 3.13,
        "heading_deg": 83.2,
        "aoi": "r1-kaivoksela",
        "source_layer": "Ortoilmakuva_2025_5cm",
        "zoom": 16,
        "status": "confirmed",
        "class": "truck"
      }
    },
    {
      "type": "Feature",
      "geometry": {
        "type": "Polygon",
        "coordinates": [
          [
            [
              25493313.566,
              6683660.817
            ],
            [
              25493318.438,
              6683661.006
            ],
            [
              25493318.351,
              6683663.245
            ],
            [
              25493313.479,
              6683663.055
            ],
            [
              25493313.566,
              6683660.817
            ]
          ]
        ]
      },
      "properties": {
        "confidence": 0.8291,
        "length_m": 4.88,
        "width_m": 2.24,
        "heading_deg": 87.8,
        "aoi": "r1-kaivoksela",
        "source_layer": "Ortoilmakuva_2025_5cm",
        "zoom": 16,
        "status": "confirmed",
        "class": "car"
      }
    },
    {
      "type": "Feature",
      "geometry": {
        "type": "Polygon",
        "coordinates": [
          [
            [
              25493331.803,
              6683737.976
            ],
            [
              25493334.436,
              6683738.274
            ],
            [
              25493333.827,
              6683743.671
            ],
            [
              25493331.194,
              6683743.374
            ],
            [
              25493331.803,
              6683737.976
            ]
          ]
        ]
      },
      "properties": {
        "confidence": 0.8291,
        "length_m": 5.43,
        "width_m": 2.65,
        "heading_deg": 173.6,
        "aoi": "r1-kaivoksela",
        "source_layer": "Ortoilmakuva_2025_5cm",
        "zoom": 16,
        "status": "confirmed",
        "class": "car"
      }
    },
    {
      "type": "Feature",
      "geometry": {
        "type": "Polygon",
        "coordinates": [
          [
            [
              25493227.44,
              6683556.513
            ],
            [
              25493217.88,
              6683555.556
            ],
            [
              25493217.535,
              6683558.993
            ],
            [
              25493227.095,
              6683559.95
            ],
            [
              25493227.44,
              6683556.513
            ]
          ]
        ]
      },
      "properties": {
        "confidence": 0.8291,
        "length_m": 9.61,
        "width_m": 3.45,
        "heading_deg": 84.3,
        "aoi": "r1-kaivoksela",
        "source_layer": "Ortoilmakuva_2025_5cm",
        "zoom": 16,
        "status": "confirmed",
        "class": "truck"
      }
    },
    {
      "type": "Feature",
      "geometry": {
        "type": "Polygon",
        "coordinates": [
          [
            [
              25493325.79,
              6683683.382
            ],
            [
              25493328.034,
              6683683.516
            ],
            [
              25493327.741,
              6683688.419
            ],
            [
              25493325.496,
              6683688.285
            ],
            [
              25493325.79,
              6683683.382
            ]
          ]
        ]
      },
      "properties": {
        "confidence": 0.8289,
        "length_m": 4.91,
        "width_m": 2.25,
        "heading_deg": 176.6,
        "aoi": "r1-kaivoksela",
        "source_layer": "Ortoilmakuva_2025_5cm",
        "zoom": 16,
        "status": "confirmed",
        "class": "car"
      }
    },
    {
      "type": "Feature",
      "geometry": {
        "type": "Polygon",
        "coordinates": [
          [
            [
              25493247.705,
              6683547.568
            ],
            [
              25493255.052,
              6683548.05
            ],
            [
              25493254.872,
              6683550.795
            ],
            [
              25493247.525,
              6683550.313
            ],
            [
              25493247.705,
              6683547.568
            ]
          ]
        ]
      },
      "properties": {
        "confidence": 0.8286,
        "length_m": 7.36,
        "width_m": 2.75,
        "heading_deg": 86.2,
        "aoi": "r1-kaivoksela",
        "source_layer": "Ortoilmakuva_2025_5cm",
        "zoom": 16,
        "status": "confirmed",
        "class": "truck"
      }
    },
    {
      "type": "Feature",
      "geometry": {
        "type": "Polygon",
        "coordinates": [
          [
            [
              25493314.364,
              6683654.363
            ],
            [
              25493318.973,
              6683654.894
            ],
            [
              25493318.722,
              6683657.078
            ],
            [
              25493314.112,
              6683656.547
            ],
            [
              25493314.364,
              6683654.363
            ]
          ]
        ]
      },
      "properties": {
        "confidence": 0.8285,
        "length_m": 4.64,
        "width_m": 2.2,
        "heading_deg": 83.4,
        "aoi": "r1-kaivoksela",
        "source_layer": "Ortoilmakuva_2025_5cm",
        "zoom": 16,
        "status": "confirmed",
        "class": "car"
      }
    },
    {
      "type": "Feature",
      "geometry": {
        "type": "Polygon",
        "coordinates": [
          [
            [
              25493334.81,
              6683738.081
            ],
            [
              25493337.421,
              6683738.295
            ],
            [
              25493336.994,
              6683743.493
            ],
            [
              25493334.383,
              6683743.278
            ],
            [
              25493334.81,
              6683738.081
            ]
          ]
        ]
      },
      "properties": {
        "confidence": 0.8283,
        "length_m": 5.22,
        "width_m": 2.62,
        "heading_deg": 175.3,
        "aoi": "r1-kaivoksela",
        "source_layer": "Ortoilmakuva_2025_5cm",
        "zoom": 16,
        "status": "confirmed",
        "class": "car"
      }
    },
    {
      "type": "Feature",
      "geometry": {
        "type": "Polygon",
        "coordinates": [
          [
            [
              25493181.954,
              6683657.263
            ],
            [
              25493190.575,
              6683661.734
            ],
            [
              25493189.227,
              6683664.333
            ],
            [
              25493180.606,
              6683659.863
            ],
            [
              25493181.954,
              6683657.263
            ]
          ]
        ]
      },
      "properties": {
        "confidence": 0.8281,
        "length_m": 9.71,
        "width_m": 2.93,
        "heading_deg": 62.6,
        "aoi": "r1-kaivoksela",
        "source_layer": "Ortoilmakuva_2025_5cm",
        "zoom": 16,
        "status": "confirmed",
        "class": "truck"
      }
    },
    {
      "type": "Feature",
      "geometry": {
        "type": "Polygon",
        "coordinates": [
          [
            [
              25493180.972,
              6683598.817
            ],
            [
              25493190.721,
              6683599.632
            ],
            [
              25493190.471,
              6683602.619
            ],
            [
              25493180.722,
              6683601.804
            ],
            [
              25493180.972,
              6683598.817
            ]
          ]
        ]
      },
      "properties": {
        "confidence": 0.8275,
        "length_m": 9.78,
        "width_m": 3,
        "heading_deg": 85.2,
        "aoi": "r1-kaivoksela",
        "source_layer": "Ortoilmakuva_2025_5cm",
        "zoom": 16,
        "status": "confirmed",
        "class": "truck"
      }
    },
    {
      "type": "Feature",
      "geometry": {
        "type": "Polygon",
        "coordinates": [
          [
            [
              25493335.577,
              6683721.779
            ],
            [
              25493338.128,
              6683722.039
            ],
            [
              25493337.579,
              6683727.44
            ],
            [
              25493335.028,
              6683727.181
            ],
            [
              25493335.577,
              6683721.779
            ]
          ]
        ]
      },
      "properties": {
        "confidence": 0.8275,
        "length_m": 5.43,
        "width_m": 2.56,
        "heading_deg": 174.2,
        "aoi": "r1-kaivoksela",
        "source_layer": "Ortoilmakuva_2025_5cm",
        "zoom": 16,
        "status": "confirmed",
        "class": "car"
      }
    },
    {
      "type": "Feature",
      "geometry": {
        "type": "Polygon",
        "coordinates": [
          [
            [
              25493172.553,
              6683579.1
            ],
            [
              25493182.159,
              6683579.946
            ],
            [
              25493181.907,
              6683582.808
            ],
            [
              25493172.301,
              6683581.962
            ],
            [
              25493172.553,
              6683579.1
            ]
          ]
        ]
      },
      "properties": {
        "confidence": 0.8273,
        "length_m": 9.64,
        "width_m": 2.87,
        "heading_deg": 85,
        "aoi": "r1-kaivoksela",
        "source_layer": "Ortoilmakuva_2025_5cm",
        "zoom": 16,
        "status": "confirmed",
        "class": "truck"
      }
    },
    {
      "type": "Feature",
      "geometry": {
        "type": "Polygon",
        "coordinates": [
          [
            [
              25493221.809,
              6683543.635
            ],
            [
              25493229.199,
              6683543.873
            ],
            [
              25493229.096,
              6683547.077
            ],
            [
              25493221.705,
              6683546.838
            ],
            [
              25493221.809,
              6683543.635
            ]
          ]
        ]
      },
      "properties": {
        "confidence": 0.8272,
        "length_m": 7.39,
        "width_m": 3.21,
        "heading_deg": 88.2,
        "aoi": "r1-kaivoksela",
        "source_layer": "Ortoilmakuva_2025_5cm",
        "zoom": 16,
        "status": "confirmed",
        "class": "truck"
      }
    },
    {
      "type": "Feature",
      "geometry": {
        "type": "Polygon",
        "coordinates": [
          [
            [
              25493312.164,
              6683678.261
            ],
            [
              25493316.813,
              6683678.675
            ],
            [
              25493316.598,
              6683681.089
            ],
            [
              25493311.948,
              6683680.674
            ],
            [
              25493312.164,
              6683678.261
            ]
          ]
        ]
      },
      "properties": {
        "confidence": 0.8267,
        "length_m": 4.67,
        "width_m": 2.42,
        "heading_deg": 84.9,
        "aoi": "r1-kaivoksela",
        "source_layer": "Ortoilmakuva_2025_5cm",
        "zoom": 16,
        "status": "confirmed",
        "class": "car"
      }
    },
    {
      "type": "Feature",
      "geometry": {
        "type": "Polygon",
        "coordinates": [
          [
            [
              25493261.62,
              6683642.338
            ],
            [
              25493263.621,
              6683643.208
            ],
            [
              25493261.646,
              6683647.754
            ],
            [
              25493259.645,
              6683646.884
            ],
            [
              25493261.62,
              6683642.338
            ]
          ]
        ]
      },
      "properties": {
        "confidence": 0.8266,
        "length_m": 4.96,
        "width_m": 2.18,
        "heading_deg": 156.5,
        "aoi": "r1-kaivoksela",
        "source_layer": "Ortoilmakuva_2025_5cm",
        "zoom": 16,
        "status": "confirmed",
        "class": "car"
      }
    },
    {
      "type": "Feature",
      "geometry": {
        "type": "Polygon",
        "coordinates": [
          [
            [
              25493332.484,
              6683660.819
            ],
            [
              25493334.672,
              6683661.064
            ],
            [
              25493334.118,
              6683666.03
            ],
            [
              25493331.929,
              6683665.785
            ],
            [
              25493332.484,
              6683660.819
            ]
          ]
        ]
      },
      "properties": {
        "confidence": 0.8261,
        "length_m": 5,
        "width_m": 2.2,
        "heading_deg": 173.6,
        "aoi": "r1-kaivoksela",
        "source_layer": "Ortoilmakuva_2025_5cm",
        "zoom": 16,
        "status": "confirmed",
        "class": "car"
      }
    },
    {
      "type": "Feature",
      "geometry": {
        "type": "Polygon",
        "coordinates": [
          [
            [
              25493217.993,
              6683551.587
            ],
            [
              25493227.914,
              6683552.266
            ],
            [
              25493227.713,
              6683555.218
            ],
            [
              25493217.791,
              6683554.54
            ],
            [
              25493217.993,
              6683551.587
            ]
          ]
        ]
      },
      "properties": {
        "confidence": 0.8258,
        "length_m": 9.94,
        "width_m": 2.96,
        "heading_deg": 86.1,
        "aoi": "r1-kaivoksela",
        "source_layer": "Ortoilmakuva_2025_5cm",
        "zoom": 16,
        "status": "confirmed",
        "class": "truck"
      }
    },
    {
      "type": "Feature",
      "geometry": {
        "type": "Polygon",
        "coordinates": [
          [
            [
              25493172.708,
              6683699.79
            ],
            [
              25493181.771,
              6683703.258
            ],
            [
              25493180.828,
              6683705.72
            ],
            [
              25493171.766,
              6683702.252
            ],
            [
              25493172.708,
              6683699.79
            ]
          ]
        ]
      },
      "properties": {
        "confidence": 0.8256,
        "length_m": 9.7,
        "width_m": 2.64,
        "heading_deg": 69.1,
        "aoi": "r1-kaivoksela",
        "source_layer": "Ortoilmakuva_2025_5cm",
        "zoom": 16,
        "status": "confirmed",
        "class": "truck"
      }
    },
    {
      "type": "Feature",
      "geometry": {
        "type": "Polygon",
        "coordinates": [
          [
            [
              25493322.12,
              6683699.417
            ],
            [
              25493324.64,
              6683699.644
            ],
            [
              25493324.161,
              6683704.957
            ],
            [
              25493321.641,
              6683704.73
            ],
            [
              25493322.12,
              6683699.417
            ]
          ]
        ]
      },
      "properties": {
        "confidence": 0.8253,
        "length_m": 5.33,
        "width_m": 2.53,
        "heading_deg": 174.8,
        "aoi": "r1-kaivoksela",
        "source_layer": "Ortoilmakuva_2025_5cm",
        "zoom": 16,
        "status": "confirmed",
        "class": "car"
      }
    },
    {
      "type": "Feature",
      "geometry": {
        "type": "Polygon",
        "coordinates": [
          [
            [
              25493263.36,
              6683762.691
            ],
            [
              25493263.468,
              6683765.907
            ],
            [
              25493252.118,
              6683766.29
            ],
            [
              25493252.01,
              6683763.074
            ],
            [
              25493263.36,
              6683762.691
            ]
          ]
        ]
      },
      "properties": {
        "confidence": 0.8252,
        "length_m": 11.36,
        "width_m": 3.22,
        "heading_deg": 91.9,
        "aoi": "r1-kaivoksela",
        "source_layer": "Ortoilmakuva_2025_5cm",
        "zoom": 16,
        "status": "confirmed",
        "class": "truck"
      }
    },
    {
      "type": "Feature",
      "geometry": {
        "type": "Polygon",
        "coordinates": [
          [
            [
              25493337.144,
              6683683.376
            ],
            [
              25493339.531,
              6683683.568
            ],
            [
              25493339.103,
              6683688.896
            ],
            [
              25493336.716,
              6683688.705
            ],
            [
              25493337.144,
              6683683.376
            ]
          ]
        ]
      },
      "properties": {
        "confidence": 0.8251,
        "length_m": 5.35,
        "width_m": 2.39,
        "heading_deg": 175.4,
        "aoi": "r1-kaivoksela",
        "source_layer": "Ortoilmakuva_2025_5cm",
        "zoom": 16,
        "status": "confirmed",
        "class": "car"
      }
    },
    {
      "type": "Feature",
      "geometry": {
        "type": "Polygon",
        "coordinates": [
          [
            [
              25493323.671,
              6683678.199
            ],
            [
              25493326.035,
              6683678.359
            ],
            [
              25493325.713,
              6683683.117
            ],
            [
              25493323.349,
              6683682.957
            ],
            [
              25493323.671,
              6683678.199
            ]
          ]
        ]
      },
      "properties": {
        "confidence": 0.8248,
        "length_m": 4.77,
        "width_m": 2.37,
        "heading_deg": 176.1,
        "aoi": "r1-kaivoksela",
        "source_layer": "Ortoilmakuva_2025_5cm",
        "zoom": 16,
        "status": "confirmed",
        "class": "car"
      }
    },
    {
      "type": "Feature",
      "geometry": {
        "type": "Polygon",
        "coordinates": [
          [
            [
              25493329.529,
              6683666.301
            ],
            [
              25493331.91,
              6683666.466
            ],
            [
              25493331.562,
              6683671.479
            ],
            [
              25493329.181,
              6683671.313
            ],
            [
              25493329.529,
              6683666.301
            ]
          ]
        ]
      },
      "properties": {
        "confidence": 0.8246,
        "length_m": 5.03,
        "width_m": 2.39,
        "heading_deg": 176,
        "aoi": "r1-kaivoksela",
        "source_layer": "Ortoilmakuva_2025_5cm",
        "zoom": 16,
        "status": "confirmed",
        "class": "car"
      }
    },
    {
      "type": "Feature",
      "geometry": {
        "type": "Polygon",
        "coordinates": [
          [
            [
              25493331.903,
              6683678.224
            ],
            [
              25493334.283,
              6683678.458
            ],
            [
              25493333.824,
              6683683.113
            ],
            [
              25493331.444,
              6683682.879
            ],
            [
              25493331.903,
              6683678.224
            ]
          ]
        ]
      },
      "properties": {
        "confidence": 0.8243,
        "length_m": 4.68,
        "width_m": 2.39,
        "heading_deg": 174.4,
        "aoi": "r1-kaivoksela",
        "source_layer": "Ortoilmakuva_2025_5cm",
        "zoom": 16,
        "status": "confirmed",
        "class": "car"
      }
    },
    {
      "type": "Feature",
      "geometry": {
        "type": "Polygon",
        "coordinates": [
          [
            [
              25493324.482,
              6683660.321
            ],
            [
              25493326.936,
              6683660.533
            ],
            [
              25493326.48,
              6683665.803
            ],
            [
              25493324.026,
              6683665.591
            ],
            [
              25493324.482,
              6683660.321
            ]
          ]
        ]
      },
      "properties": {
        "confidence": 0.8241,
        "length_m": 5.29,
        "width_m": 2.46,
        "heading_deg": 175.1,
        "aoi": "r1-kaivoksela",
        "source_layer": "Ortoilmakuva_2025_5cm",
        "zoom": 16,
        "status": "confirmed",
        "class": "car"
      }
    },
    {
      "type": "Feature",
      "geometry": {
        "type": "Polygon",
        "coordinates": [
          [
            [
              25493311.691,
              6683687.663
            ],
            [
              25493316.756,
              6683688.148
            ],
            [
              25493316.524,
              6683690.572
            ],
            [
              25493311.459,
              6683690.088
            ],
            [
              25493311.691,
              6683687.663
            ]
          ]
        ]
      },
      "properties": {
        "confidence": 0.8238,
        "length_m": 5.09,
        "width_m": 2.44,
        "heading_deg": 84.5,
        "aoi": "r1-kaivoksela",
        "source_layer": "Ortoilmakuva_2025_5cm",
        "zoom": 16,
        "status": "confirmed",
        "class": "car"
      }
    },
    {
      "type": "Feature",
      "geometry": {
        "type": "Polygon",
        "coordinates": [
          [
            [
              25493328.992,
              6683677.644
            ],
            [
              25493331.408,
              6683677.829
            ],
            [
              25493331.031,
              6683682.755
            ],
            [
              25493328.616,
              6683682.571
            ],
            [
              25493328.992,
              6683677.644
            ]
          ]
        ]
      },
      "properties": {
        "confidence": 0.8237,
        "length_m": 4.94,
        "width_m": 2.42,
        "heading_deg": 175.6,
        "aoi": "r1-kaivoksela",
        "source_layer": "Ortoilmakuva_2025_5cm",
        "zoom": 16,
        "status": "confirmed",
        "class": "car"
      }
    },
    {
      "type": "Feature",
      "geometry": {
        "type": "Polygon",
        "coordinates": [
          [
            [
              25493231.069,
              6683539.626
            ],
            [
              25493238.366,
              6683540.413
            ],
            [
              25493238.073,
              6683543.126
            ],
            [
              25493230.776,
              6683542.339
            ],
            [
              25493231.069,
              6683539.626
            ]
          ]
        ]
      },
      "properties": {
        "confidence": 0.8235,
        "length_m": 7.34,
        "width_m": 2.73,
        "heading_deg": 83.8,
        "aoi": "r1-kaivoksela",
        "source_layer": "Ortoilmakuva_2025_5cm",
        "zoom": 16,
        "status": "confirmed",
        "class": "truck"
      }
    },
    {
      "type": "Feature",
      "geometry": {
        "type": "Polygon",
        "coordinates": [
          [
            [
              25493312.275,
              6683684.452
            ],
            [
              25493316.887,
              6683685
            ],
            [
              25493316.626,
              6683687.202
            ],
            [
              25493312.013,
              6683686.654
            ],
            [
              25493312.275,
              6683684.452
            ]
          ]
        ]
      },
      "properties": {
        "confidence": 0.8234,
        "length_m": 4.64,
        "width_m": 2.22,
        "heading_deg": 83.2,
        "aoi": "r1-kaivoksela",
        "source_layer": "Ortoilmakuva_2025_5cm",
        "zoom": 16,
        "status": "confirmed",
        "class": "car"
      }
    },
    {
      "type": "Feature",
      "geometry": {
        "type": "Polygon",
        "coordinates": [
          [
            [
              25493314.649,
              6683651.519
            ],
            [
              25493319.497,
              6683651.946
            ],
            [
              25493319.303,
              6683654.152
            ],
            [
              25493314.455,
              6683653.725
            ],
            [
              25493314.649,
              6683651.519
            ]
          ]
        ]
      },
      "properties": {
        "confidence": 0.8232,
        "length_m": 4.87,
        "width_m": 2.21,
        "heading_deg": 85,
        "aoi": "r1-kaivoksela",
        "source_layer": "Ortoilmakuva_2025_5cm",
        "zoom": 16,
        "status": "confirmed",
        "class": "car"
      }
    },
    {
      "type": "Feature",
      "geometry": {
        "type": "Polygon",
        "coordinates": [
          [
            [
              25493336.978,
              6683695.653
            ],
            [
              25493339.32,
              6683695.779
            ],
            [
              25493339.062,
              6683700.558
            ],
            [
              25493336.72,
              6683700.432
            ],
            [
              25493336.978,
              6683695.653
            ]
          ]
        ]
      },
      "properties": {
        "confidence": 0.8232,
        "length_m": 4.79,
        "width_m": 2.35,
        "heading_deg": 176.9,
        "aoi": "r1-kaivoksela",
        "source_layer": "Ortoilmakuva_2025_5cm",
        "zoom": 16,
        "status": "confirmed",
        "class": "car"
      }
    },
    {
      "type": "Feature",
      "geometry": {
        "type": "Polygon",
        "coordinates": [
          [
            [
              25493259.816,
              6683672.615
            ],
            [
              25493269.482,
              6683673.784
            ],
            [
              25493269.114,
              6683676.822
            ],
            [
              25493259.449,
              6683675.653
            ],
            [
              25493259.816,
              6683672.615
            ]
          ]
        ]
      },
      "properties": {
        "confidence": 0.8232,
        "length_m": 9.74,
        "width_m": 3.06,
        "heading_deg": 83.1,
        "aoi": "r1-kaivoksela",
        "source_layer": "Ortoilmakuva_2025_5cm",
        "zoom": 16,
        "status": "confirmed",
        "class": "truck"
      }
    },
    {
      "type": "Feature",
      "geometry": {
        "type": "Polygon",
        "coordinates": [
          [
            [
              25493286.122,
              6683768.003
            ],
            [
              25493290.834,
              6683768.458
            ],
            [
              25493290.59,
              6683770.992
            ],
            [
              25493285.878,
              6683770.538
            ],
            [
              25493286.122,
              6683768.003
            ]
          ]
        ]
      },
      "properties": {
        "confidence": 0.8231,
        "length_m": 4.73,
        "width_m": 2.55,
        "heading_deg": 84.5,
        "aoi": "r1-kaivoksela",
        "source_layer": "Ortoilmakuva_2025_5cm",
        "zoom": 16,
        "status": "confirmed",
        "class": "car"
      }
    },
    {
      "type": "Feature",
      "geometry": {
        "type": "Polygon",
        "coordinates": [
          [
            [
              25493181.27,
              6683661.203
            ],
            [
              25493190.035,
              6683665.677
            ],
            [
              25493188.729,
              6683668.236
            ],
            [
              25493179.964,
              6683663.762
            ],
            [
              25493181.27,
              6683661.203
            ]
          ]
        ]
      },
      "properties": {
        "confidence": 0.8231,
        "length_m": 9.84,
        "width_m": 2.87,
        "heading_deg": 63,
        "aoi": "r1-kaivoksela",
        "source_layer": "Ortoilmakuva_2025_5cm",
        "zoom": 16,
        "status": "confirmed",
        "class": "truck"
      }
    },
    {
      "type": "Feature",
      "geometry": {
        "type": "Polygon",
        "coordinates": [
          [
            [
              25493310.441,
              6683748.01
            ],
            [
              25493315.395,
              6683748.451
            ],
            [
              25493315.166,
              6683751.014
            ],
            [
              25493310.212,
              6683750.572
            ],
            [
              25493310.441,
              6683748.01
            ]
          ]
        ]
      },
      "properties": {
        "confidence": 0.8229,
        "length_m": 4.97,
        "width_m": 2.57,
        "heading_deg": 84.9,
        "aoi": "r1-kaivoksela",
        "source_layer": "Ortoilmakuva_2025_5cm",
        "zoom": 16,
        "status": "confirmed",
        "class": "car"
      }
    },
    {
      "type": "Feature",
      "geometry": {
        "type": "Polygon",
        "coordinates": [
          [
            [
              25493257.993,
              6683680.072
            ],
            [
              25493267.868,
              6683681.231
            ],
            [
              25493267.518,
              6683684.212
            ],
            [
              25493257.644,
              6683683.053
            ],
            [
              25493257.993,
              6683680.072
            ]
          ]
        ]
      },
      "properties": {
        "confidence": 0.8229,
        "length_m": 9.94,
        "width_m": 3,
        "heading_deg": 83.3,
        "aoi": "r1-kaivoksela",
        "source_layer": "Ortoilmakuva_2025_5cm",
        "zoom": 16,
        "status": "confirmed",
        "class": "truck"
      }
    },
    {
      "type": "Feature",
      "geometry": {
        "type": "Polygon",
        "coordinates": [
          [
            [
              25493307.253,
              6683741.411
            ],
            [
              25493312.577,
              6683741.653
            ],
            [
              25493312.454,
              6683744.357
            ],
            [
              25493307.129,
              6683744.114
            ],
            [
              25493307.253,
              6683741.411
            ]
          ]
        ]
      },
      "properties": {
        "confidence": 0.8228,
        "length_m": 5.33,
        "width_m": 2.71,
        "heading_deg": 87.4,
        "aoi": "r1-kaivoksela",
        "source_layer": "Ortoilmakuva_2025_5cm",
        "zoom": 16,
        "status": "confirmed",
        "class": "car"
      }
    },
    {
      "type": "Feature",
      "geometry": {
        "type": "Polygon",
        "coordinates": [
          [
            [
              25493326.752,
              6683721.124
            ],
            [
              25493329.25,
              6683721.43
            ],
            [
              25493328.635,
              6683726.451
            ],
            [
              25493326.137,
              6683726.146
            ],
            [
              25493326.752,
              6683721.124
            ]
          ]
        ]
      },
      "properties": {
        "confidence": 0.8226,
        "length_m": 5.06,
        "width_m": 2.52,
        "heading_deg": 173,
        "aoi": "r1-kaivoksela",
        "source_layer": "Ortoilmakuva_2025_5cm",
        "zoom": 16,
        "status": "confirmed",
        "class": "car"
      }
    },
    {
      "type": "Feature",
      "geometry": {
        "type": "Polygon",
        "coordinates": [
          [
            [
              25493313.316,
              6683666.57
            ],
            [
              25493317.94,
              6683666.832
            ],
            [
              25493317.812,
              6683669.112
            ],
            [
              25493313.187,
              6683668.851
            ],
            [
              25493313.316,
              6683666.57
            ]
          ]
        ]
      },
      "properties": {
        "confidence": 0.8225,
        "length_m": 4.63,
        "width_m": 2.28,
        "heading_deg": 86.8,
        "aoi": "r1-kaivoksela",
        "source_layer": "Ortoilmakuva_2025_5cm",
        "zoom": 16,
        "status": "confirmed",
        "class": "car"
      }
    },
    {
      "type": "Feature",
      "geometry": {
        "type": "Polygon",
        "coordinates": [
          [
            [
              25493173.361,
              6683693.26
            ],
            [
              25493182.555,
              6683697.705
            ],
            [
              25493181.311,
              6683700.279
            ],
            [
              25493172.116,
              6683695.833
            ],
            [
              25493173.361,
              6683693.26
            ]
          ]
        ]
      },
      "properties": {
        "confidence": 0.8224,
        "length_m": 10.21,
        "width_m": 2.86,
        "heading_deg": 64.2,
        "aoi": "r1-kaivoksela",
        "source_layer": "Ortoilmakuva_2025_5cm",
        "zoom": 16,
        "status": "confirmed",
        "class": "truck"
      }
    },
    {
      "type": "Feature",
      "geometry": {
        "type": "Polygon",
        "coordinates": [
          [
            [
              25493171.472,
              6683582.733
            ],
            [
              25493181.237,
              6683583.862
            ],
            [
              25493180.895,
              6683586.82
            ],
            [
              25493171.13,
              6683585.691
            ],
            [
              25493171.472,
              6683582.733
            ]
          ]
        ]
      },
      "properties": {
        "confidence": 0.8224,
        "length_m": 9.83,
        "width_m": 2.98,
        "heading_deg": 83.4,
        "aoi": "r1-kaivoksela",
        "source_layer": "Ortoilmakuva_2025_5cm",
        "zoom": 16,
        "status": "confirmed",
        "class": "truck"
      }
    },
    {
      "type": "Feature",
      "geometry": {
        "type": "Polygon",
        "coordinates": [
          [
            [
              25493311.693,
              6683690.663
            ],
            [
              25493316.312,
              6683691.073
            ],
            [
              25493316.11,
              6683693.352
            ],
            [
              25493311.491,
              6683692.941
            ],
            [
              25493311.693,
              6683690.663
            ]
          ]
        ]
      },
      "properties": {
        "confidence": 0.8221,
        "length_m": 4.64,
        "width_m": 2.29,
        "heading_deg": 84.9,
        "aoi": "r1-kaivoksela",
        "source_layer": "Ortoilmakuva_2025_5cm",
        "zoom": 16,
        "status": "confirmed",
        "class": "car"
      }
    },
    {
      "type": "Feature",
      "geometry": {
        "type": "Polygon",
        "coordinates": [
          [
            [
              25493328.853,
              6683737.82
            ],
            [
              25493331.472,
              6683738.061
            ],
            [
              25493330.985,
              6683743.358
            ],
            [
              25493328.365,
              6683743.117
            ],
            [
              25493328.853,
              6683737.82
            ]
          ]
        ]
      },
      "properties": {
        "confidence": 0.8219,
        "length_m": 5.32,
        "width_m": 2.63,
        "heading_deg": 174.7,
        "aoi": "r1-kaivoksela",
        "source_layer": "Ortoilmakuva_2025_5cm",
        "zoom": 16,
        "status": "confirmed",
        "class": "car"
      }
    },
    {
      "type": "Feature",
      "geometry": {
        "type": "Polygon",
        "coordinates": [
          [
            [
              25493326.465,
              6683666.283
            ],
            [
              25493326.54,
              6683671.426
            ],
            [
              25493324.174,
              6683671.461
            ],
            [
              25493324.099,
              6683666.317
            ],
            [
              25493326.465,
              6683666.283
            ]
          ]
        ]
      },
      "properties": {
        "confidence": 0.8218,
        "length_m": 5.14,
        "width_m": 2.37,
        "heading_deg": 0.8,
        "aoi": "r1-kaivoksela",
        "source_layer": "Ortoilmakuva_2025_5cm",
        "zoom": 16,
        "status": "confirmed",
        "class": "car"
      }
    },
    {
      "type": "Feature",
      "geometry": {
        "type": "Polygon",
        "coordinates": [
          [
            [
              25493154.836,
              6683811.72
            ],
            [
              25493165.518,
              6683812.836
            ],
            [
              25493165.205,
              6683815.833
            ],
            [
              25493154.523,
              6683814.717
            ],
            [
              25493154.836,
              6683811.72
            ]
          ]
        ]
      },
      "properties": {
        "confidence": 0.8217,
        "length_m": 10.74,
        "width_m": 3.01,
        "heading_deg": 84,
        "aoi": "r1-kaivoksela",
        "source_layer": "Ortoilmakuva_2025_5cm",
        "zoom": 16,
        "status": "confirmed",
        "class": "truck"
      }
    },
    {
      "type": "Feature",
      "geometry": {
        "type": "Polygon",
        "coordinates": [
          [
            [
              25493253.314,
              6683798.199
            ],
            [
              25493265.754,
              6683799.196
            ],
            [
              25493265.506,
              6683802.296
            ],
            [
              25493253.065,
              6683801.299
            ],
            [
              25493253.314,
              6683798.199
            ]
          ]
        ]
      },
      "properties": {
        "confidence": 0.8211,
        "length_m": 12.48,
        "width_m": 3.11,
        "heading_deg": 85.4,
        "aoi": "r1-kaivoksela",
        "source_layer": "Ortoilmakuva_2025_5cm",
        "zoom": 16,
        "status": "confirmed",
        "class": "truck"
      }
    },
    {
      "type": "Feature",
      "geometry": {
        "type": "Polygon",
        "coordinates": [
          [
            [
              25493338.387,
              6683666.909
            ],
            [
              25493340.88,
              6683667.032
            ],
            [
              25493340.631,
              6683672.093
            ],
            [
              25493338.138,
              6683671.971
            ],
            [
              25493338.387,
              6683666.909
            ]
          ]
        ]
      },
      "properties": {
        "confidence": 0.821,
        "length_m": 5.07,
        "width_m": 2.5,
        "heading_deg": 177.2,
        "aoi": "r1-kaivoksela",
        "source_layer": "Ortoilmakuva_2025_5cm",
        "zoom": 16,
        "status": "confirmed",
        "class": "car"
      }
    },
    {
      "type": "Feature",
      "geometry": {
        "type": "Polygon",
        "coordinates": [
          [
            [
              25493163.587,
              6683613.089
            ],
            [
              25493166.444,
              6683613.244
            ],
            [
              25493165.747,
              6683626.148
            ],
            [
              25493162.889,
              6683625.994
            ],
            [
              25493163.587,
              6683613.089
            ]
          ]
        ]
      },
      "properties": {
        "confidence": 0.8209,
        "length_m": 12.92,
        "width_m": 2.86,
        "heading_deg": 176.9,
        "aoi": "r1-kaivoksela",
        "source_layer": "Ortoilmakuva_2025_5cm",
        "zoom": 16,
        "status": "confirmed",
        "class": "bus"
      }
    },
    {
      "type": "Feature",
      "geometry": {
        "type": "Polygon",
        "coordinates": [
          [
            [
              25493334.869,
              6683678.189
            ],
            [
              25493337.281,
              6683678.337
            ],
            [
              25493336.981,
              6683683.221
            ],
            [
              25493334.57,
              6683683.073
            ],
            [
              25493334.869,
              6683678.189
            ]
          ]
        ]
      },
      "properties": {
        "confidence": 0.8209,
        "length_m": 4.89,
        "width_m": 2.42,
        "heading_deg": 176.5,
        "aoi": "r1-kaivoksela",
        "source_layer": "Ortoilmakuva_2025_5cm",
        "zoom": 16,
        "status": "confirmed",
        "class": "car"
      }
    },
    {
      "type": "Feature",
      "geometry": {
        "type": "Polygon",
        "coordinates": [
          [
            [
              25493304.266,
              6683726.419
            ],
            [
              25493307.719,
              6683729.673
            ],
            [
              25493306.037,
              6683731.457
            ],
            [
              25493302.585,
              6683728.204
            ],
            [
              25493304.266,
              6683726.419
            ]
          ]
        ]
      },
      "properties": {
        "confidence": 0.8207,
        "length_m": 4.74,
        "width_m": 2.45,
        "heading_deg": 46.7,
        "aoi": "r1-kaivoksela",
        "source_layer": "Ortoilmakuva_2025_5cm",
        "zoom": 16,
        "status": "confirmed",
        "class": "car"
      }
    },
    {
      "type": "Feature",
      "geometry": {
        "type": "Polygon",
        "coordinates": [
          [
            [
              25493337.735,
              6683661.122
            ],
            [
              25493340.171,
              6683661.383
            ],
            [
              25493339.609,
              6683666.624
            ],
            [
              25493337.173,
              6683666.363
            ],
            [
              25493337.735,
              6683661.122
            ]
          ]
        ]
      },
      "properties": {
        "confidence": 0.8205,
        "length_m": 5.27,
        "width_m": 2.45,
        "heading_deg": 173.9,
        "aoi": "r1-kaivoksela",
        "source_layer": "Ortoilmakuva_2025_5cm",
        "zoom": 16,
        "status": "confirmed",
        "class": "car"
      }
    },
    {
      "type": "Feature",
      "geometry": {
        "type": "Polygon",
        "coordinates": [
          [
            [
              25493329.814,
              6683721.24
            ],
            [
              25493332.433,
              6683721.449
            ],
            [
              25493331.994,
              6683726.958
            ],
            [
              25493329.375,
              6683726.749
            ],
            [
              25493329.814,
              6683721.24
            ]
          ]
        ]
      },
      "properties": {
        "confidence": 0.8205,
        "length_m": 5.53,
        "width_m": 2.63,
        "heading_deg": 175.4,
        "aoi": "r1-kaivoksela",
        "source_layer": "Ortoilmakuva_2025_5cm",
        "zoom": 16,
        "status": "confirmed",
        "class": "car"
      }
    },
    {
      "type": "Feature",
      "geometry": {
        "type": "Polygon",
        "coordinates": [
          [
            [
              25493337.705,
              6683678.274
            ],
            [
              25493340.123,
              6683678.391
            ],
            [
              25493339.876,
              6683683.482
            ],
            [
              25493337.459,
              6683683.365
            ],
            [
              25493337.705,
              6683678.274
            ]
          ]
        ]
      },
      "properties": {
        "confidence": 0.8204,
        "length_m": 5.1,
        "width_m": 2.42,
        "heading_deg": 177.2,
        "aoi": "r1-kaivoksela",
        "source_layer": "Ortoilmakuva_2025_5cm",
        "zoom": 16,
        "status": "confirmed",
        "class": "car"
      }
    },
    {
      "type": "Feature",
      "geometry": {
        "type": "Polygon",
        "coordinates": [
          [
            [
              25493180.467,
              6683595.803
            ],
            [
              25493190.347,
              6683596.478
            ],
            [
              25493190.149,
              6683599.37
            ],
            [
              25493180.27,
              6683598.695
            ],
            [
              25493180.467,
              6683595.803
            ]
          ]
        ]
      },
      "properties": {
        "confidence": 0.8203,
        "length_m": 9.9,
        "width_m": 2.9,
        "heading_deg": 86.1,
        "aoi": "r1-kaivoksela",
        "source_layer": "Ortoilmakuva_2025_5cm",
        "zoom": 16,
        "status": "confirmed",
        "class": "truck"
      }
    },
    {
      "type": "Feature",
      "geometry": {
        "type": "Polygon",
        "coordinates": [
          [
            [
              25493258.291,
              6683676.357
            ],
            [
              25493268.627,
              6683677.601
            ],
            [
              25493268.278,
              6683680.497
            ],
            [
              25493257.942,
              6683679.253
            ],
            [
              25493258.291,
              6683676.357
            ]
          ]
        ]
      },
      "properties": {
        "confidence": 0.8202,
        "length_m": 10.41,
        "width_m": 2.92,
        "heading_deg": 83.1,
        "aoi": "r1-kaivoksela",
        "source_layer": "Ortoilmakuva_2025_5cm",
        "zoom": 16,
        "status": "confirmed",
        "class": "truck"
      }
    },
    {
      "type": "Feature",
      "geometry": {
        "type": "Polygon",
        "coordinates": [
          [
            [
              25493334.544,
              6683683.75
            ],
            [
              25493336.775,
              6683683.89
            ],
            [
              25493336.484,
              6683688.547
            ],
            [
              25493334.253,
              6683688.408
            ],
            [
              25493334.544,
              6683683.75
            ]
          ]
        ]
      },
      "properties": {
        "confidence": 0.8201,
        "length_m": 4.67,
        "width_m": 2.24,
        "heading_deg": 176.4,
        "aoi": "r1-kaivoksela",
        "source_layer": "Ortoilmakuva_2025_5cm",
        "zoom": 16,
        "status": "confirmed",
        "class": "car"
      }
    },
    {
      "type": "Feature",
      "geometry": {
        "type": "Polygon",
        "coordinates": [
          [
            [
              25493287.404,
              6683745.522
            ],
            [
              25493292.44,
              6683745.908
            ],
            [
              25493292.246,
              6683748.432
            ],
            [
              25493287.21,
              6683748.046
            ],
            [
              25493287.404,
              6683745.522
            ]
          ]
        ]
      },
      "properties": {
        "confidence": 0.8198,
        "length_m": 5.05,
        "width_m": 2.53,
        "heading_deg": 85.6,
        "aoi": "r1-kaivoksela",
        "source_layer": "Ortoilmakuva_2025_5cm",
        "zoom": 16,
        "status": "confirmed",
        "class": "car"
      }
    },
    {
      "type": "Feature",
      "geometry": {
        "type": "Polygon",
        "coordinates": [
          [
            [
              25493327.175,
              6683660.51
            ],
            [
              25493329.604,
              6683660.775
            ],
            [
              25493329.032,
              6683666.017
            ],
            [
              25493326.603,
              6683665.752
            ],
            [
              25493327.175,
              6683660.51
            ]
          ]
        ]
      },
      "properties": {
        "confidence": 0.8198,
        "length_m": 5.27,
        "width_m": 2.44,
        "heading_deg": 173.8,
        "aoi": "r1-kaivoksela",
        "source_layer": "Ortoilmakuva_2025_5cm",
        "zoom": 16,
        "status": "confirmed",
        "class": "car"
      }
    },
    {
      "type": "Feature",
      "geometry": {
        "type": "Polygon",
        "coordinates": [
          [
            [
              25493281.119,
              6683754.445
            ],
            [
              25493285.733,
              6683754.911
            ],
            [
              25493285.504,
              6683757.182
            ],
            [
              25493280.89,
              6683756.717
            ],
            [
              25493281.119,
              6683754.445
            ]
          ]
        ]
      },
      "properties": {
        "confidence": 0.8196,
        "length_m": 4.64,
        "width_m": 2.28,
        "heading_deg": 84.2,
        "aoi": "r1-kaivoksela",
        "source_layer": "Ortoilmakuva_2025_5cm",
        "zoom": 16,
        "status": "confirmed",
        "class": "car"
      }
    },
    {
      "type": "Feature",
      "geometry": {
        "type": "Polygon",
        "coordinates": [
          [
            [
              25493265.758,
              6683636.968
            ],
            [
              25493267.908,
              6683637.821
            ],
            [
              25493265.988,
              6683642.66
            ],
            [
              25493263.838,
              6683641.807
            ],
            [
              25493265.758,
              6683636.968
            ]
          ]
        ]
      },
      "properties": {
        "confidence": 0.8193,
        "length_m": 5.21,
        "width_m": 2.31,
        "heading_deg": 158.4,
        "aoi": "r1-kaivoksela",
        "source_layer": "Ortoilmakuva_2025_5cm",
        "zoom": 16,
        "status": "confirmed",
        "class": "car"
      }
    },
    {
      "type": "Feature",
      "geometry": {
        "type": "Polygon",
        "coordinates": [
          [
            [
              25493337.861,
              6683738.238
            ],
            [
              25493340.449,
              6683738.497
            ],
            [
              25493339.947,
              6683743.507
            ],
            [
              25493337.359,
              6683743.248
            ],
            [
              25493337.861,
              6683738.238
            ]
          ]
        ]
      },
      "properties": {
        "confidence": 0.8192,
        "length_m": 5.04,
        "width_m": 2.6,
        "heading_deg": 174.3,
        "aoi": "r1-kaivoksela",
        "source_layer": "Ortoilmakuva_2025_5cm",
        "zoom": 16,
        "status": "confirmed",
        "class": "car"
      }
    },
    {
      "type": "Feature",
      "geometry": {
        "type": "Polygon",
        "coordinates": [
          [
            [
              25493258.426,
              6683628.251
            ],
            [
              25493259.383,
              6683630.232
            ],
            [
              25493255.002,
              6683632.35
            ],
            [
              25493254.045,
              6683630.368
            ],
            [
              25493258.426,
              6683628.251
            ]
          ]
        ]
      },
      "properties": {
        "confidence": 0.8192,
        "length_m": 4.87,
        "width_m": 2.2,
        "heading_deg": 115.8,
        "aoi": "r1-kaivoksela",
        "source_layer": "Ortoilmakuva_2025_5cm",
        "zoom": 16,
        "status": "confirmed",
        "class": "car"
      }
    },
    {
      "type": "Feature",
      "geometry": {
        "type": "Polygon",
        "coordinates": [
          [
            [
              25493257.247,
              6683683.788
            ],
            [
              25493266.729,
              6683684.785
            ],
            [
              25493266.448,
              6683687.462
            ],
            [
              25493256.965,
              6683686.466
            ],
            [
              25493257.247,
              6683683.788
            ]
          ]
        ]
      },
      "properties": {
        "confidence": 0.819,
        "length_m": 9.53,
        "width_m": 2.69,
        "heading_deg": 84,
        "aoi": "r1-kaivoksela",
        "source_layer": "Ortoilmakuva_2025_5cm",
        "zoom": 16,
        "status": "confirmed",
        "class": "truck"
      }
    },
    {
      "type": "Feature",
      "geometry": {
        "type": "Polygon",
        "coordinates": [
          [
            [
              25493290.186,
              6683739.167
            ],
            [
              25493294.494,
              6683741.345
            ],
            [
              25493293.326,
              6683743.655
            ],
            [
              25493289.018,
              6683741.476
            ],
            [
              25493290.186,
              6683739.167
            ]
          ]
        ]
      },
      "properties": {
        "confidence": 0.8188,
        "length_m": 4.83,
        "width_m": 2.59,
        "heading_deg": 63.2,
        "aoi": "r1-kaivoksela",
        "source_layer": "Ortoilmakuva_2025_5cm",
        "zoom": 16,
        "status": "confirmed",
        "class": "car"
      }
    },
    {
      "type": "Feature",
      "geometry": {
        "type": "Polygon",
        "coordinates": [
          [
            [
              25493309.439,
              6683721.081
            ],
            [
              25493312.53,
              6683724.469
            ],
            [
              25493310.818,
              6683726.03
            ],
            [
              25493307.727,
              6683722.643
            ],
            [
              25493309.439,
              6683721.081
            ]
          ]
        ]
      },
      "properties": {
        "confidence": 0.8188,
        "length_m": 4.59,
        "width_m": 2.32,
        "heading_deg": 42.4,
        "aoi": "r1-kaivoksela",
        "source_layer": "Ortoilmakuva_2025_5cm",
        "zoom": 16,
        "status": "confirmed",
        "class": "car"
      }
    },
    {
      "type": "Feature",
      "geometry": {
        "type": "Polygon",
        "coordinates": [
          [
            [
              25493313.167,
              6683670.008
            ],
            [
              25493318.397,
              6683670.508
            ],
            [
              25493318.167,
              6683672.917
            ],
            [
              25493312.937,
              6683672.417
            ],
            [
              25493313.167,
              6683670.008
            ]
          ]
        ]
      },
      "properties": {
        "confidence": 0.8187,
        "length_m": 5.25,
        "width_m": 2.42,
        "heading_deg": 84.5,
        "aoi": "r1-kaivoksela",
        "source_layer": "Ortoilmakuva_2025_5cm",
        "zoom": 16,
        "status": "confirmed",
        "class": "car"
      }
    },
    {
      "type": "Feature",
      "geometry": {
        "type": "Polygon",
        "coordinates": [
          [
            [
              25493260.092,
              6683640.528
            ],
            [
              25493261.866,
              6683641.576
            ],
            [
              25493259.453,
              6683645.659
            ],
            [
              25493257.679,
              6683644.611
            ],
            [
              25493260.092,
              6683640.528
            ]
          ]
        ]
      },
      "properties": {
        "confidence": 0.8187,
        "length_m": 4.74,
        "width_m": 2.06,
        "heading_deg": 149.4,
        "aoi": "r1-kaivoksela",
        "source_layer": "Ortoilmakuva_2025_5cm",
        "zoom": 16,
        "status": "confirmed",
        "class": "car"
      }
    },
    {
      "type": "Feature",
      "geometry": {
        "type": "Polygon",
        "coordinates": [
          [
            [
              25493310.008,
              6683750.866
            ],
            [
              25493315.34,
              6683751.289
            ],
            [
              25493315.131,
              6683753.921
            ],
            [
              25493309.799,
              6683753.498
            ],
            [
              25493310.008,
              6683750.866
            ]
          ]
        ]
      },
      "properties": {
        "confidence": 0.8186,
        "length_m": 5.35,
        "width_m": 2.64,
        "heading_deg": 85.5,
        "aoi": "r1-kaivoksela",
        "source_layer": "Ortoilmakuva_2025_5cm",
        "zoom": 16,
        "status": "confirmed",
        "class": "car"
      }
    },
    {
      "type": "Feature",
      "geometry": {
        "type": "Polygon",
        "coordinates": [
          [
            [
              25493330.386,
              6683700.503
            ],
            [
              25493332.867,
              6683700.75
            ],
            [
              25493332.342,
              6683706.019
            ],
            [
              25493329.861,
              6683705.772
            ],
            [
              25493330.386,
              6683700.503
            ]
          ]
        ]
      },
      "properties": {
        "confidence": 0.8184,
        "length_m": 5.3,
        "width_m": 2.49,
        "heading_deg": 174.3,
        "aoi": "r1-kaivoksela",
        "source_layer": "Ortoilmakuva_2025_5cm",
        "zoom": 16,
        "status": "confirmed",
        "class": "car"
      }
    },
    {
      "type": "Feature",
      "geometry": {
        "type": "Polygon",
        "coordinates": [
          [
            [
              25493286.829,
              6683753.06
            ],
            [
              25493291.965,
              6683753.329
            ],
            [
              25493291.833,
              6683755.837
            ],
            [
              25493286.697,
              6683755.567
            ],
            [
              25493286.829,
              6683753.06
            ]
          ]
        ]
      },
      "properties": {
        "confidence": 0.8179,
        "length_m": 5.14,
        "width_m": 2.51,
        "heading_deg": 87,
        "aoi": "r1-kaivoksela",
        "source_layer": "Ortoilmakuva_2025_5cm",
        "zoom": 16,
        "status": "confirmed",
        "class": "car"
      }
    },
    {
      "type": "Feature",
      "geometry": {
        "type": "Polygon",
        "coordinates": [
          [
            [
              25493336.82,
              6683649.715
            ],
            [
              25493339.304,
              6683650.066
            ],
            [
              25493338.566,
              6683655.285
            ],
            [
              25493336.082,
              6683654.934
            ],
            [
              25493336.82,
              6683649.715
            ]
          ]
        ]
      },
      "properties": {
        "confidence": 0.8178,
        "length_m": 5.27,
        "width_m": 2.51,
        "heading_deg": 172,
        "aoi": "r1-kaivoksela",
        "source_layer": "Ortoilmakuva_2025_5cm",
        "zoom": 16,
        "status": "confirmed",
        "class": "car"
      }
    },
    {
      "type": "Feature",
      "geometry": {
        "type": "Polygon",
        "coordinates": [
          [
            [
              25493304.482,
              6683753.741
            ],
            [
              25493309.605,
              6683754.12
            ],
            [
              25493309.417,
              6683756.671
            ],
            [
              25493304.293,
              6683756.292
            ],
            [
              25493304.482,
              6683753.741
            ]
          ]
        ]
      },
      "properties": {
        "confidence": 0.8176,
        "length_m": 5.14,
        "width_m": 2.56,
        "heading_deg": 85.8,
        "aoi": "r1-kaivoksela",
        "source_layer": "Ortoilmakuva_2025_5cm",
        "zoom": 16,
        "status": "confirmed",
        "class": "car"
      }
    },
    {
      "type": "Feature",
      "geometry": {
        "type": "Polygon",
        "coordinates": [
          [
            [
              25493326.112,
              6683677.627
            ],
            [
              25493328.526,
              6683677.759
            ],
            [
              25493328.239,
              6683683.004
            ],
            [
              25493325.825,
              6683682.871
            ],
            [
              25493326.112,
              6683677.627
            ]
          ]
        ]
      },
      "properties": {
        "confidence": 0.8174,
        "length_m": 5.25,
        "width_m": 2.42,
        "heading_deg": 176.9,
        "aoi": "r1-kaivoksela",
        "source_layer": "Ortoilmakuva_2025_5cm",
        "zoom": 16,
        "status": "confirmed",
        "class": "car"
      }
    },
    {
      "type": "Feature",
      "geometry": {
        "type": "Polygon",
        "coordinates": [
          [
            [
              25493304.573,
              6683750.673
            ],
            [
              25493309.522,
              6683751.018
            ],
            [
              25493309.337,
              6683753.674
            ],
            [
              25493304.388,
              6683753.329
            ],
            [
              25493304.573,
              6683750.673
            ]
          ]
        ]
      },
      "properties": {
        "confidence": 0.8172,
        "length_m": 4.96,
        "width_m": 2.66,
        "heading_deg": 86,
        "aoi": "r1-kaivoksela",
        "source_layer": "Ortoilmakuva_2025_5cm",
        "zoom": 16,
        "status": "confirmed",
        "class": "car"
      }
    },
    {
      "type": "Feature",
      "geometry": {
        "type": "Polygon",
        "coordinates": [
          [
            [
              25493182.317,
              6683592.721
            ],
            [
              25493191.637,
              6683593.151
            ],
            [
              25493191.509,
              6683595.931
            ],
            [
              25493182.189,
              6683595.501
            ],
            [
              25493182.317,
              6683592.721
            ]
          ]
        ]
      },
      "properties": {
        "confidence": 0.8166,
        "length_m": 9.33,
        "width_m": 2.78,
        "heading_deg": 87.4,
        "aoi": "r1-kaivoksela",
        "source_layer": "Ortoilmakuva_2025_5cm",
        "zoom": 16,
        "status": "confirmed",
        "class": "truck"
      }
    },
    {
      "type": "Feature",
      "geometry": {
        "type": "Polygon",
        "coordinates": [
          [
            [
              25493181.246,
              6683608.195
            ],
            [
              25493182.064,
              6683609.956
            ],
            [
              25493178.092,
              6683611.803
            ],
            [
              25493177.273,
              6683610.042
            ],
            [
              25493181.246,
              6683608.195
            ]
          ]
        ]
      },
      "properties": {
        "confidence": 0.8164,
        "length_m": 4.38,
        "width_m": 1.94,
        "heading_deg": 114.9,
        "aoi": "r1-kaivoksela",
        "source_layer": "Ortoilmakuva_2025_5cm",
        "zoom": 16,
        "status": "confirmed",
        "class": "car"
      }
    },
    {
      "type": "Feature",
      "geometry": {
        "type": "Polygon",
        "coordinates": [
          [
            [
              25493299,
              6683731.612
            ],
            [
              25493302.188,
              6683734.985
            ],
            [
              25493300.368,
              6683736.706
            ],
            [
              25493297.18,
              6683733.333
            ],
            [
              25493299,
              6683731.612
            ]
          ]
        ]
      },
      "properties": {
        "confidence": 0.8164,
        "length_m": 4.64,
        "width_m": 2.5,
        "heading_deg": 43.4,
        "aoi": "r1-kaivoksela",
        "source_layer": "Ortoilmakuva_2025_5cm",
        "zoom": 16,
        "status": "confirmed",
        "class": "car"
      }
    },
    {
      "type": "Feature",
      "geometry": {
        "type": "Polygon",
        "coordinates": [
          [
            [
              25493332.638,
              6683721.53
            ],
            [
              25493335.19,
              6683721.723
            ],
            [
              25493334.798,
              6683726.932
            ],
            [
              25493332.245,
              6683726.74
            ],
            [
              25493332.638,
              6683721.53
            ]
          ]
        ]
      },
      "properties": {
        "confidence": 0.816,
        "length_m": 5.22,
        "width_m": 2.56,
        "heading_deg": 175.7,
        "aoi": "r1-kaivoksela",
        "source_layer": "Ortoilmakuva_2025_5cm",
        "zoom": 16,
        "status": "confirmed",
        "class": "car"
      }
    },
    {
      "type": "Feature",
      "geometry": {
        "type": "Polygon",
        "coordinates": [
          [
            [
              25493311.566,
              6683696.382
            ],
            [
              25493316.052,
              6683696.845
            ],
            [
              25493315.832,
              6683698.98
            ],
            [
              25493311.346,
              6683698.517
            ],
            [
              25493311.566,
              6683696.382
            ]
          ]
        ]
      },
      "properties": {
        "confidence": 0.8159,
        "length_m": 4.51,
        "width_m": 2.15,
        "heading_deg": 84.1,
        "aoi": "r1-kaivoksela",
        "source_layer": "Ortoilmakuva_2025_5cm",
        "zoom": 16,
        "status": "confirmed",
        "class": "car"
      }
    },
    {
      "type": "Feature",
      "geometry": {
        "type": "Polygon",
        "coordinates": [
          [
            [
              25493262.071,
              6683632.314
            ],
            [
              25493264.004,
              6683633.525
            ],
            [
              25493261.332,
              6683637.787
            ],
            [
              25493259.4,
              6683636.576
            ],
            [
              25493262.071,
              6683632.314
            ]
          ]
        ]
      },
      "properties": {
        "confidence": 0.8155,
        "length_m": 5.03,
        "width_m": 2.28,
        "heading_deg": 147.9,
        "aoi": "r1-kaivoksela",
        "source_layer": "Ortoilmakuva_2025_5cm",
        "zoom": 16,
        "status": "confirmed",
        "class": "car"
      }
    },
    {
      "type": "Feature",
      "geometry": {
        "type": "Polygon",
        "coordinates": [
          [
            [
              25493296.67,
              6683713.942
            ],
            [
              25493306.405,
              6683716.061
            ],
            [
              25493305.763,
              6683719.013
            ],
            [
              25493296.028,
              6683716.894
            ],
            [
              25493296.67,
              6683713.942
            ]
          ]
        ]
      },
      "properties": {
        "confidence": 0.8153,
        "length_m": 9.96,
        "width_m": 3.02,
        "heading_deg": 77.7,
        "aoi": "r1-kaivoksela",
        "source_layer": "Ortoilmakuva_2025_5cm",
        "zoom": 16,
        "status": "confirmed",
        "class": "truck"
      }
    },
    {
      "type": "Feature",
      "geometry": {
        "type": "Polygon",
        "coordinates": [
          [
            [
              25493284.355,
              6683641.697
            ],
            [
              25493286.592,
              6683641.971
            ],
            [
              25493285.976,
              6683646.999
            ],
            [
              25493283.739,
              6683646.725
            ],
            [
              25493284.355,
              6683641.697
            ]
          ]
        ]
      },
      "properties": {
        "confidence": 0.8153,
        "length_m": 5.07,
        "width_m": 2.25,
        "heading_deg": 173,
        "aoi": "r1-kaivoksela",
        "source_layer": "Ortoilmakuva_2025_5cm",
        "zoom": 16,
        "status": "confirmed",
        "class": "car"
      }
    },
    {
      "type": "Feature",
      "geometry": {
        "type": "Polygon",
        "coordinates": [
          [
            [
              25493311.16,
              6683698.881
            ],
            [
              25493316.066,
              6683699.34
            ],
            [
              25493315.846,
              6683701.696
            ],
            [
              25493310.939,
              6683701.238
            ],
            [
              25493311.16,
              6683698.881
            ]
          ]
        ]
      },
      "properties": {
        "confidence": 0.8148,
        "length_m": 4.93,
        "width_m": 2.37,
        "heading_deg": 84.7,
        "aoi": "r1-kaivoksela",
        "source_layer": "Ortoilmakuva_2025_5cm",
        "zoom": 16,
        "status": "confirmed",
        "class": "car"
      }
    },
    {
      "type": "Feature",
      "geometry": {
        "type": "Polygon",
        "coordinates": [
          [
            [
              25493166.579,
              6683812.919
            ],
            [
              25493177.449,
              6683814.168
            ],
            [
              25493177.091,
              6683817.277
            ],
            [
              25493166.222,
              6683816.029
            ],
            [
              25493166.579,
              6683812.919
            ]
          ]
        ]
      },
      "properties": {
        "confidence": 0.8145,
        "length_m": 10.94,
        "width_m": 3.13,
        "heading_deg": 83.4,
        "aoi": "r1-kaivoksela",
        "source_layer": "Ortoilmakuva_2025_5cm",
        "zoom": 16,
        "status": "confirmed",
        "class": "truck"
      }
    },
    {
      "type": "Feature",
      "geometry": {
        "type": "Polygon",
        "coordinates": [
          [
            [
              25493313.883,
              6683663.409
            ],
            [
              25493318.078,
              6683663.569
            ],
            [
              25493318,
              6683665.63
            ],
            [
              25493313.805,
              6683665.471
            ],
            [
              25493313.883,
              6683663.409
            ]
          ]
        ]
      },
      "properties": {
        "confidence": 0.8145,
        "length_m": 4.2,
        "width_m": 2.06,
        "heading_deg": 87.8,
        "aoi": "r1-kaivoksela",
        "source_layer": "Ortoilmakuva_2025_5cm",
        "zoom": 16,
        "status": "confirmed",
        "class": "car"
      }
    },
    {
      "type": "Feature",
      "geometry": {
        "type": "Polygon",
        "coordinates": [
          [
            [
              25493326.848,
              6683666.184
            ],
            [
              25493329.095,
              6683666.234
            ],
            [
              25493328.99,
              6683670.942
            ],
            [
              25493326.743,
              6683670.893
            ],
            [
              25493326.848,
              6683666.184
            ]
          ]
        ]
      },
      "properties": {
        "confidence": 0.8145,
        "length_m": 4.71,
        "width_m": 2.25,
        "heading_deg": 178.7,
        "aoi": "r1-kaivoksela",
        "source_layer": "Ortoilmakuva_2025_5cm",
        "zoom": 16,
        "status": "confirmed",
        "class": "car"
      }
    },
    {
      "type": "Feature",
      "geometry": {
        "type": "Polygon",
        "coordinates": [
          [
            [
              25493179.562,
              6683664.94
            ],
            [
              25493188.01,
              6683669.13
            ],
            [
              25493186.748,
              6683671.675
            ],
            [
              25493178.3,
              6683667.484
            ],
            [
              25493179.562,
              6683664.94
            ]
          ]
        ]
      },
      "properties": {
        "confidence": 0.8145,
        "length_m": 9.43,
        "width_m": 2.84,
        "heading_deg": 63.6,
        "aoi": "r1-kaivoksela",
        "source_layer": "Ortoilmakuva_2025_5cm",
        "zoom": 16,
        "status": "confirmed",
        "class": "truck"
      }
    },
    {
      "type": "Feature",
      "geometry": {
        "type": "Polygon",
        "coordinates": [
          [
            [
              25493314.081,
              6683657.958
            ],
            [
              25493318.555,
              6683658.266
            ],
            [
              25493318.402,
              6683660.482
            ],
            [
              25493313.928,
              6683660.175
            ],
            [
              25493314.081,
              6683657.958
            ]
          ]
        ]
      },
      "properties": {
        "confidence": 0.8144,
        "length_m": 4.48,
        "width_m": 2.22,
        "heading_deg": 86.1,
        "aoi": "r1-kaivoksela",
        "source_layer": "Ortoilmakuva_2025_5cm",
        "zoom": 16,
        "status": "confirmed",
        "class": "car"
      }
    },
    {
      "type": "Feature",
      "geometry": {
        "type": "Polygon",
        "coordinates": [
          [
            [
              25493328.386,
              6683683.227
            ],
            [
              25493330.891,
              6683683.384
            ],
            [
              25493330.569,
              6683688.509
            ],
            [
              25493328.065,
              6683688.352
            ],
            [
              25493328.386,
              6683683.227
            ]
          ]
        ]
      },
      "properties": {
        "confidence": 0.8139,
        "length_m": 5.14,
        "width_m": 2.51,
        "heading_deg": 176.4,
        "aoi": "r1-kaivoksela",
        "source_layer": "Ortoilmakuva_2025_5cm",
        "zoom": 16,
        "status": "confirmed",
        "class": "car"
      }
    },
    {
      "type": "Feature",
      "geometry": {
        "type": "Polygon",
        "coordinates": [
          [
            [
              25493288.643,
              6683742.48
            ],
            [
              25493293.53,
              6683743.226
            ],
            [
              25493293.132,
              6683745.834
            ],
            [
              25493288.245,
              6683745.088
            ],
            [
              25493288.643,
              6683742.48
            ]
          ]
        ]
      },
      "properties": {
        "confidence": 0.8138,
        "length_m": 4.94,
        "width_m": 2.64,
        "heading_deg": 81.3,
        "aoi": "r1-kaivoksela",
        "source_layer": "Ortoilmakuva_2025_5cm",
        "zoom": 16,
        "status": "confirmed",
        "class": "car"
      }
    },
    {
      "type": "Feature",
      "geometry": {
        "type": "Polygon",
        "coordinates": [
          [
            [
              25493325.842,
              6683737.582
            ],
            [
              25493328.378,
              6683737.852
            ],
            [
              25493327.806,
              6683743.217
            ],
            [
              25493325.271,
              6683742.947
            ],
            [
              25493325.842,
              6683737.582
            ]
          ]
        ]
      },
      "properties": {
        "confidence": 0.8137,
        "length_m": 5.4,
        "width_m": 2.55,
        "heading_deg": 173.9,
        "aoi": "r1-kaivoksela",
        "source_layer": "Ortoilmakuva_2025_5cm",
        "zoom": 16,
        "status": "confirmed",
        "class": "car"
      }
    },
    {
      "type": "Feature",
      "geometry": {
        "type": "Polygon",
        "coordinates": [
          [
            [
              25493248.467,
              6683550.94
            ],
            [
              25493254.595,
              6683551.567
            ],
            [
              25493254.332,
              6683554.139
            ],
            [
              25493248.204,
              6683553.512
            ],
            [
              25493248.467,
              6683550.94
            ]
          ]
        ]
      },
      "properties": {
        "confidence": 0.8135,
        "length_m": 6.16,
        "width_m": 2.59,
        "heading_deg": 84.2,
        "aoi": "r1-kaivoksela",
        "source_layer": "Ortoilmakuva_2025_5cm",
        "zoom": 16,
        "status": "confirmed",
        "class": "van"
      }
    },
    {
      "type": "Feature",
      "geometry": {
        "type": "Polygon",
        "coordinates": [
          [
            [
              25493309.733,
              6683756.983
            ],
            [
              25493315.058,
              6683757.222
            ],
            [
              25493314.94,
              6683759.848
            ],
            [
              25493309.616,
              6683759.61
            ],
            [
              25493309.733,
              6683756.983
            ]
          ]
        ]
      },
      "properties": {
        "confidence": 0.8134,
        "length_m": 5.33,
        "width_m": 2.63,
        "heading_deg": 87.4,
        "aoi": "r1-kaivoksela",
        "source_layer": "Ortoilmakuva_2025_5cm",
        "zoom": 16,
        "status": "confirmed",
        "class": "car"
      }
    },
    {
      "type": "Feature",
      "geometry": {
        "type": "Polygon",
        "coordinates": [
          [
            [
              25493258.937,
              6683637.983
            ],
            [
              25493260.656,
              6683639.115
            ],
            [
              25493257.897,
              6683643.304
            ],
            [
              25493256.178,
              6683642.172
            ],
            [
              25493258.937,
              6683637.983
            ]
          ]
        ]
      },
      "properties": {
        "confidence": 0.8133,
        "length_m": 5.02,
        "width_m": 2.06,
        "heading_deg": 146.6,
        "aoi": "r1-kaivoksela",
        "source_layer": "Ortoilmakuva_2025_5cm",
        "zoom": 16,
        "status": "confirmed",
        "class": "car"
      }
    },
    {
      "type": "Feature",
      "geometry": {
        "type": "Polygon",
        "coordinates": [
          [
            [
              25493248.479,
              6683554.345
            ],
            [
              25493254.581,
              6683554.885
            ],
            [
              25493254.354,
              6683557.452
            ],
            [
              25493248.252,
              6683556.912
            ],
            [
              25493248.479,
              6683554.345
            ]
          ]
        ]
      },
      "properties": {
        "confidence": 0.8133,
        "length_m": 6.13,
        "width_m": 2.58,
        "heading_deg": 84.9,
        "aoi": "r1-kaivoksela",
        "source_layer": "Ortoilmakuva_2025_5cm",
        "zoom": 16,
        "status": "confirmed",
        "class": "van"
      }
    },
    {
      "type": "Feature",
      "geometry": {
        "type": "Polygon",
        "coordinates": [
          [
            [
              25493286.97,
              6683642.63
            ],
            [
              25493289.07,
              6683642.871
            ],
            [
              25493288.501,
              6683647.817
            ],
            [
              25493286.401,
              6683647.576
            ],
            [
              25493286.97,
              6683642.63
            ]
          ]
        ]
      },
      "properties": {
        "confidence": 0.813,
        "length_m": 4.98,
        "width_m": 2.11,
        "heading_deg": 173.4,
        "aoi": "r1-kaivoksela",
        "source_layer": "Ortoilmakuva_2025_5cm",
        "zoom": 16,
        "status": "confirmed",
        "class": "car"
      }
    },
    {
      "type": "Feature",
      "geometry": {
        "type": "Polygon",
        "coordinates": [
          [
            [
              25493267.985,
              6683638.164
            ],
            [
              25493270.134,
              6683638.852
            ],
            [
              25493268.583,
              6683643.694
            ],
            [
              25493266.434,
              6683643.006
            ],
            [
              25493267.985,
              6683638.164
            ]
          ]
        ]
      },
      "properties": {
        "confidence": 0.8128,
        "length_m": 5.08,
        "width_m": 2.26,
        "heading_deg": 162.2,
        "aoi": "r1-kaivoksela",
        "source_layer": "Ortoilmakuva_2025_5cm",
        "zoom": 16,
        "status": "confirmed",
        "class": "car"
      }
    },
    {
      "type": "Feature",
      "geometry": {
        "type": "Polygon",
        "coordinates": [
          [
            [
              25493304.715,
              6683747.674
            ],
            [
              25493309.675,
              6683748.038
            ],
            [
              25493309.479,
              6683750.711
            ],
            [
              25493304.519,
              6683750.348
            ],
            [
              25493304.715,
              6683747.674
            ]
          ]
        ]
      },
      "properties": {
        "confidence": 0.8127,
        "length_m": 4.97,
        "width_m": 2.68,
        "heading_deg": 85.8,
        "aoi": "r1-kaivoksela",
        "source_layer": "Ortoilmakuva_2025_5cm",
        "zoom": 16,
        "status": "confirmed",
        "class": "car"
      }
    },
    {
      "type": "Feature",
      "geometry": {
        "type": "Polygon",
        "coordinates": [
          [
            [
              25493333.788,
              6683694.914
            ],
            [
              25493336.304,
              6683695.114
            ],
            [
              25493335.898,
              6683700.221
            ],
            [
              25493333.382,
              6683700.021
            ],
            [
              25493333.788,
              6683694.914
            ]
          ]
        ]
      },
      "properties": {
        "confidence": 0.8125,
        "length_m": 5.12,
        "width_m": 2.52,
        "heading_deg": 175.5,
        "aoi": "r1-kaivoksela",
        "source_layer": "Ortoilmakuva_2025_5cm",
        "zoom": 16,
        "status": "confirmed",
        "class": "car"
      }
    },
    {
      "type": "Feature",
      "geometry": {
        "type": "Polygon",
        "coordinates": [
          [
            [
              25493334.942,
              6683661.198
            ],
            [
              25493337.349,
              6683661.448
            ],
            [
              25493336.827,
              6683666.484
            ],
            [
              25493334.42,
              6683666.234
            ],
            [
              25493334.942,
              6683661.198
            ]
          ]
        ]
      },
      "properties": {
        "confidence": 0.8124,
        "length_m": 5.06,
        "width_m": 2.42,
        "heading_deg": 174.1,
        "aoi": "r1-kaivoksela",
        "source_layer": "Ortoilmakuva_2025_5cm",
        "zoom": 16,
        "status": "confirmed",
        "class": "car"
      }
    },
    {
      "type": "Feature",
      "geometry": {
        "type": "Polygon",
        "coordinates": [
          [
            [
              25493256.537,
              6683778.912
            ],
            [
              25493268.874,
              6683779.854
            ],
            [
              25493268.642,
              6683782.901
            ],
            [
              25493256.304,
              6683781.959
            ],
            [
              25493256.537,
              6683778.912
            ]
          ]
        ]
      },
      "properties": {
        "confidence": 0.8124,
        "length_m": 12.37,
        "width_m": 3.06,
        "heading_deg": 85.6,
        "aoi": "r1-kaivoksela",
        "source_layer": "Ortoilmakuva_2025_5cm",
        "zoom": 16,
        "status": "confirmed",
        "class": "truck"
      }
    },
    {
      "type": "Feature",
      "geometry": {
        "type": "Polygon",
        "coordinates": [
          [
            [
              25493182.607,
              6683589.001
            ],
            [
              25493192.15,
              6683589.846
            ],
            [
              25493191.888,
              6683592.801
            ],
            [
              25493182.345,
              6683591.956
            ],
            [
              25493182.607,
              6683589.001
            ]
          ]
        ]
      },
      "properties": {
        "confidence": 0.8123,
        "length_m": 9.58,
        "width_m": 2.97,
        "heading_deg": 84.9,
        "aoi": "r1-kaivoksela",
        "source_layer": "Ortoilmakuva_2025_5cm",
        "zoom": 16,
        "status": "confirmed",
        "class": "truck"
      }
    },
    {
      "type": "Feature",
      "geometry": {
        "type": "Polygon",
        "coordinates": [
          [
            [
              25493259.69,
              6683668.479
            ],
            [
              25493269.579,
              6683669.837
            ],
            [
              25493269.138,
              6683673.044
            ],
            [
              25493259.25,
              6683671.685
            ],
            [
              25493259.69,
              6683668.479
            ]
          ]
        ]
      },
      "properties": {
        "confidence": 0.8122,
        "length_m": 9.98,
        "width_m": 3.24,
        "heading_deg": 82.2,
        "aoi": "r1-kaivoksela",
        "source_layer": "Ortoilmakuva_2025_5cm",
        "zoom": 16,
        "status": "confirmed",
        "class": "truck"
      }
    },
    {
      "type": "Feature",
      "geometry": {
        "type": "Polygon",
        "coordinates": [
          [
            [
              25493230.273,
              6683544.029
            ],
            [
              25493237.515,
              6683544.18
            ],
            [
              25493237.455,
              6683547.072
            ],
            [
              25493230.213,
              6683546.922
            ],
            [
              25493230.273,
              6683544.029
            ]
          ]
        ]
      },
      "properties": {
        "confidence": 0.812,
        "length_m": 7.24,
        "width_m": 2.89,
        "heading_deg": 88.8,
        "aoi": "r1-kaivoksela",
        "source_layer": "Ortoilmakuva_2025_5cm",
        "zoom": 16,
        "status": "confirmed",
        "class": "truck"
      }
    },
    {
      "type": "Feature",
      "geometry": {
        "type": "Polygon",
        "coordinates": [
          [
            [
              25493335.545,
              6683666.902
            ],
            [
              25493337.856,
              6683666.99
            ],
            [
              25493337.683,
              6683671.506
            ],
            [
              25493335.372,
              6683671.418
            ],
            [
              25493335.545,
              6683666.902
            ]
          ]
        ]
      },
      "properties": {
        "confidence": 0.8119,
        "length_m": 4.52,
        "width_m": 2.31,
        "heading_deg": 177.8,
        "aoi": "r1-kaivoksela",
        "source_layer": "Ortoilmakuva_2025_5cm",
        "zoom": 16,
        "status": "confirmed",
        "class": "car"
      }
    },
    {
      "type": "Feature",
      "geometry": {
        "type": "Polygon",
        "coordinates": [
          [
            [
              25493322.558,
              6683737.845
            ],
            [
              25493325.138,
              6683738.042
            ],
            [
              25493324.74,
              6683743.258
            ],
            [
              25493322.16,
              6683743.061
            ],
            [
              25493322.558,
              6683737.845
            ]
          ]
        ]
      },
      "properties": {
        "confidence": 0.8117,
        "length_m": 5.23,
        "width_m": 2.59,
        "heading_deg": 175.6,
        "aoi": "r1-kaivoksela",
        "source_layer": "Ortoilmakuva_2025_5cm",
        "zoom": 16,
        "status": "confirmed",
        "class": "car"
      }
    },
    {
      "type": "Feature",
      "geometry": {
        "type": "Polygon",
        "coordinates": [
          [
            [
              25493226.195,
              6683567.86
            ],
            [
              25493216.082,
              6683567.164
            ],
            [
              25493215.876,
              6683570.156
            ],
            [
              25493225.989,
              6683570.852
            ],
            [
              25493226.195,
              6683567.86
            ]
          ]
        ]
      },
      "properties": {
        "confidence": 0.8115,
        "length_m": 10.14,
        "width_m": 3,
        "heading_deg": 86.1,
        "aoi": "r1-kaivoksela",
        "source_layer": "Ortoilmakuva_2025_5cm",
        "zoom": 16,
        "status": "confirmed",
        "class": "truck"
      }
    },
    {
      "type": "Feature",
      "geometry": {
        "type": "Polygon",
        "coordinates": [
          [
            [
              25493253.703,
              6683794.547
            ],
            [
              25493265.724,
              6683795.506
            ],
            [
              25493265.471,
              6683798.684
            ],
            [
              25493253.45,
              6683797.725
            ],
            [
              25493253.703,
              6683794.547
            ]
          ]
        ]
      },
      "properties": {
        "confidence": 0.8114,
        "length_m": 12.06,
        "width_m": 3.19,
        "heading_deg": 85.4,
        "aoi": "r1-kaivoksela",
        "source_layer": "Ortoilmakuva_2025_5cm",
        "zoom": 16,
        "status": "confirmed",
        "class": "truck"
      }
    },
    {
      "type": "Feature",
      "geometry": {
        "type": "Polygon",
        "coordinates": [
          [
            [
              25493296.832,
              6683710.66
            ],
            [
              25493306.292,
              6683712.383
            ],
            [
              25493305.739,
              6683715.417
            ],
            [
              25493296.279,
              6683713.694
            ],
            [
              25493296.832,
              6683710.66
            ]
          ]
        ]
      },
      "properties": {
        "confidence": 0.8111,
        "length_m": 9.62,
        "width_m": 3.08,
        "heading_deg": 79.7,
        "aoi": "r1-kaivoksela",
        "source_layer": "Ortoilmakuva_2025_5cm",
        "zoom": 16,
        "status": "confirmed",
        "class": "truck"
      }
    },
    {
      "type": "Feature",
      "geometry": {
        "type": "Polygon",
        "coordinates": [
          [
            [
              25493184.19,
              6683689.292
            ],
            [
              25493175.62,
              6683685.589
            ],
            [
              25493174.471,
              6683688.248
            ],
            [
              25493183.041,
              6683691.951
            ],
            [
              25493184.19,
              6683689.292
            ]
          ]
        ]
      },
      "properties": {
        "confidence": 0.8108,
        "length_m": 9.34,
        "width_m": 2.9,
        "heading_deg": 66.6,
        "aoi": "r1-kaivoksela",
        "source_layer": "Ortoilmakuva_2025_5cm",
        "zoom": 16,
        "status": "confirmed",
        "class": "truck"
      }
    },
    {
      "type": "Feature",
      "geometry": {
        "type": "Polygon",
        "coordinates": [
          [
            [
              25493299.016,
              6683680.101
            ],
            [
              25493308.396,
              6683681.235
            ],
            [
              25493308.075,
              6683683.893
            ],
            [
              25493298.694,
              6683682.758
            ],
            [
              25493299.016,
              6683680.101
            ]
          ]
        ]
      },
      "properties": {
        "confidence": 0.8104,
        "length_m": 9.45,
        "width_m": 2.68,
        "heading_deg": 83.1,
        "aoi": "r1-kaivoksela",
        "source_layer": "Ortoilmakuva_2025_5cm",
        "zoom": 16,
        "status": "confirmed",
        "class": "truck"
      }
    },
    {
      "type": "Feature",
      "geometry": {
        "type": "Polygon",
        "coordinates": [
          [
            [
              25493264.199,
              6683643.38
            ],
            [
              25493266.054,
              6683644.317
            ],
            [
              25493263.847,
              6683648.687
            ],
            [
              25493261.992,
              6683647.75
            ],
            [
              25493264.199,
              6683643.38
            ]
          ]
        ]
      },
      "properties": {
        "confidence": 0.8098,
        "length_m": 4.9,
        "width_m": 2.08,
        "heading_deg": 153.2,
        "aoi": "r1-kaivoksela",
        "source_layer": "Ortoilmakuva_2025_5cm",
        "zoom": 16,
        "status": "confirmed",
        "class": "car"
      }
    },
    {
      "type": "Feature",
      "geometry": {
        "type": "Polygon",
        "coordinates": [
          [
            [
              25493252.597,
              6683633.083
            ],
            [
              25493254.405,
              6683634.19
            ],
            [
              25493251.985,
              6683638.141
            ],
            [
              25493250.178,
              6683637.034
            ],
            [
              25493252.597,
              6683633.083
            ]
          ]
        ]
      },
      "properties": {
        "confidence": 0.8092,
        "length_m": 4.63,
        "width_m": 2.12,
        "heading_deg": 148.5,
        "aoi": "r1-kaivoksela",
        "source_layer": "Ortoilmakuva_2025_5cm",
        "zoom": 16,
        "status": "confirmed",
        "class": "car"
      }
    },
    {
      "type": "Feature",
      "geometry": {
        "type": "Polygon",
        "coordinates": [
          [
            [
              25493285.812,
              6683772.999
            ],
            [
              25493291.158,
              6683773.335
            ],
            [
              25493290.99,
              6683776.003
            ],
            [
              25493285.644,
              6683775.667
            ],
            [
              25493285.812,
              6683772.999
            ]
          ]
        ]
      },
      "properties": {
        "confidence": 0.809,
        "length_m": 5.36,
        "width_m": 2.67,
        "heading_deg": 86.4,
        "aoi": "r1-kaivoksela",
        "source_layer": "Ortoilmakuva_2025_5cm",
        "zoom": 16,
        "status": "confirmed",
        "class": "car"
      }
    },
    {
      "type": "Feature",
      "geometry": {
        "type": "Polygon",
        "coordinates": [
          [
            [
              25493310.256,
              6683709.617
            ],
            [
              25493315.434,
              6683710.186
            ],
            [
              25493315.17,
              6683712.593
            ],
            [
              25493309.992,
              6683712.024
            ],
            [
              25493310.256,
              6683709.617
            ]
          ]
        ]
      },
      "properties": {
        "confidence": 0.8089,
        "length_m": 5.21,
        "width_m": 2.42,
        "heading_deg": 83.7,
        "aoi": "r1-kaivoksela",
        "source_layer": "Ortoilmakuva_2025_5cm",
        "zoom": 16,
        "status": "confirmed",
        "class": "car"
      }
    },
    {
      "type": "Feature",
      "geometry": {
        "type": "Polygon",
        "coordinates": [
          [
            [
              25493248.686,
              6683537.353
            ],
            [
              25493255.909,
              6683538.062
            ],
            [
              25493255.638,
              6683540.826
            ],
            [
              25493248.415,
              6683540.117
            ],
            [
              25493248.686,
              6683537.353
            ]
          ]
        ]
      },
      "properties": {
        "confidence": 0.8088,
        "length_m": 7.26,
        "width_m": 2.78,
        "heading_deg": 84.4,
        "aoi": "r1-kaivoksela",
        "source_layer": "Ortoilmakuva_2025_5cm",
        "zoom": 16,
        "status": "confirmed",
        "class": "truck"
      }
    },
    {
      "type": "Feature",
      "geometry": {
        "type": "Polygon",
        "coordinates": [
          [
            [
              25493179.739,
              6683613.375
            ],
            [
              25493182.642,
              6683613.662
            ],
            [
              25493181.415,
              6683626.072
            ],
            [
              25493178.511,
              6683625.785
            ],
            [
              25493179.739,
              6683613.375
            ]
          ]
        ]
      },
      "properties": {
        "confidence": 0.8086,
        "length_m": 12.47,
        "width_m": 2.92,
        "heading_deg": 174.4,
        "aoi": "r1-kaivoksela",
        "source_layer": "Ortoilmakuva_2025_5cm",
        "zoom": 16,
        "status": "confirmed",
        "class": "bus"
      }
    },
    {
      "type": "Feature",
      "geometry": {
        "type": "Polygon",
        "coordinates": [
          [
            [
              25493328.008,
              6683648.527
            ],
            [
              25493330.364,
              6683648.721
            ],
            [
              25493329.935,
              6683653.936
            ],
            [
              25493327.579,
              6683653.742
            ],
            [
              25493328.008,
              6683648.527
            ]
          ]
        ]
      },
      "properties": {
        "confidence": 0.8086,
        "length_m": 5.23,
        "width_m": 2.36,
        "heading_deg": 175.3,
        "aoi": "r1-kaivoksela",
        "source_layer": "Ortoilmakuva_2025_5cm",
        "zoom": 16,
        "status": "confirmed",
        "class": "car"
      }
    },
    {
      "type": "Feature",
      "geometry": {
        "type": "Polygon",
        "coordinates": [
          [
            [
              25493249.6,
              6683540.714
            ],
            [
              25493255.663,
              6683541.598
            ],
            [
              25493255.279,
              6683544.231
            ],
            [
              25493249.216,
              6683543.346
            ],
            [
              25493249.6,
              6683540.714
            ]
          ]
        ]
      },
      "properties": {
        "confidence": 0.8085,
        "length_m": 6.13,
        "width_m": 2.66,
        "heading_deg": 81.7,
        "aoi": "r1-kaivoksela",
        "source_layer": "Ortoilmakuva_2025_5cm",
        "zoom": 16,
        "status": "confirmed",
        "class": "van"
      }
    },
    {
      "type": "Feature",
      "geometry": {
        "type": "Polygon",
        "coordinates": [
          [
            [
              25493170.591,
              6683586.499
            ],
            [
              25493179.88,
              6683587.204
            ],
            [
              25493179.657,
              6683590.136
            ],
            [
              25493170.369,
              6683589.431
            ],
            [
              25493170.591,
              6683586.499
            ]
          ]
        ]
      },
      "properties": {
        "confidence": 0.8082,
        "length_m": 9.32,
        "width_m": 2.94,
        "heading_deg": 85.7,
        "aoi": "r1-kaivoksela",
        "source_layer": "Ortoilmakuva_2025_5cm",
        "zoom": 16,
        "status": "confirmed",
        "class": "truck"
      }
    },
    {
      "type": "Feature",
      "geometry": {
        "type": "Polygon",
        "coordinates": [
          [
            [
              25493228.67,
              6683571.525
            ],
            [
              25493236.806,
              6683572.124
            ],
            [
              25493236.57,
              6683575.322
            ],
            [
              25493228.435,
              6683574.722
            ],
            [
              25493228.67,
              6683571.525
            ]
          ]
        ]
      },
      "properties": {
        "confidence": 0.8078,
        "length_m": 8.16,
        "width_m": 3.21,
        "heading_deg": 85.8,
        "aoi": "r1-kaivoksela",
        "source_layer": "Ortoilmakuva_2025_5cm",
        "zoom": 16,
        "status": "rejected",
        "class": ""
      }
    },
    {
      "type": "Feature",
      "geometry": {
        "type": "Polygon",
        "coordinates": [
          [
            [
              25493327.124,
              6683746.231
            ],
            [
              25493331.906,
              6683746.488
            ],
            [
              25493331.773,
              6683748.962
            ],
            [
              25493326.992,
              6683748.706
            ],
            [
              25493327.124,
              6683746.231
            ]
          ]
        ]
      },
      "properties": {
        "confidence": 0.8074,
        "length_m": 4.79,
        "width_m": 2.48,
        "heading_deg": 86.9,
        "aoi": "r1-kaivoksela",
        "source_layer": "Ortoilmakuva_2025_5cm",
        "zoom": 16,
        "status": "confirmed",
        "class": "car"
      }
    },
    {
      "type": "Feature",
      "geometry": {
        "type": "Polygon",
        "coordinates": [
          [
            [
              25493302.567,
              6683728.146
            ],
            [
              25493305.927,
              6683731.521
            ],
            [
              25493304.147,
              6683733.293
            ],
            [
              25493300.787,
              6683729.918
            ],
            [
              25493302.567,
              6683728.146
            ]
          ]
        ]
      },
      "properties": {
        "confidence": 0.807,
        "length_m": 4.76,
        "width_m": 2.51,
        "heading_deg": 44.9,
        "aoi": "r1-kaivoksela",
        "source_layer": "Ortoilmakuva_2025_5cm",
        "zoom": 16,
        "status": "confirmed",
        "class": "car"
      }
    },
    {
      "type": "Feature",
      "geometry": {
        "type": "Polygon",
        "coordinates": [
          [
            [
              25493229.381,
              6683556.924
            ],
            [
              25493236.755,
              6683558.063
            ],
            [
              25493236.282,
              6683561.123
            ],
            [
              25493228.908,
              6683559.983
            ],
            [
              25493229.381,
              6683556.924
            ]
          ]
        ]
      },
      "properties": {
        "confidence": 0.8068,
        "length_m": 7.46,
        "width_m": 3.1,
        "heading_deg": 81.2,
        "aoi": "r1-kaivoksela",
        "source_layer": "Ortoilmakuva_2025_5cm",
        "zoom": 16,
        "status": "rejected",
        "class": ""
      }
    },
    {
      "type": "Feature",
      "geometry": {
        "type": "Polygon",
        "coordinates": [
          [
            [
              25493310.934,
              6683744.792
            ],
            [
              25493316.356,
              6683745.121
            ],
            [
              25493316.192,
              6683747.826
            ],
            [
              25493310.77,
              6683747.497
            ],
            [
              25493310.934,
              6683744.792
            ]
          ]
        ]
      },
      "properties": {
        "confidence": 0.8065,
        "length_m": 5.43,
        "width_m": 2.71,
        "heading_deg": 86.5,
        "aoi": "r1-kaivoksela",
        "source_layer": "Ortoilmakuva_2025_5cm",
        "zoom": 16,
        "status": "confirmed",
        "class": "car"
      }
    },
    {
      "type": "Feature",
      "geometry": {
        "type": "Polygon",
        "coordinates": [
          [
            [
              25493338.524,
              6683721.966
            ],
            [
              25493341.138,
              6683722.157
            ],
            [
              25493340.727,
              6683727.778
            ],
            [
              25493338.114,
              6683727.587
            ],
            [
              25493338.524,
              6683721.966
            ]
          ]
        ]
      },
      "properties": {
        "confidence": 0.8063,
        "length_m": 5.64,
        "width_m": 2.62,
        "heading_deg": 175.8,
        "aoi": "r1-kaivoksela",
        "source_layer": "Ortoilmakuva_2025_5cm",
        "zoom": 16,
        "status": "confirmed",
        "class": "car"
      }
    },
    {
      "type": "Feature",
      "geometry": {
        "type": "Polygon",
        "coordinates": [
          [
            [
              25493173.639,
              6683780.437
            ],
            [
              25493184.003,
              6683782.093
            ],
            [
              25493183.535,
              6683785.019
            ],
            [
              25493173.172,
              6683783.364
            ],
            [
              25493173.639,
              6683780.437
            ]
          ]
        ]
      },
      "properties": {
        "confidence": 0.806,
        "length_m": 10.5,
        "width_m": 2.96,
        "heading_deg": 80.9,
        "aoi": "r1-kaivoksela",
        "source_layer": "Ortoilmakuva_2025_5cm",
        "zoom": 16,
        "status": "confirmed",
        "class": "truck"
      }
    },
    {
      "type": "Feature",
      "geometry": {
        "type": "Polygon",
        "coordinates": [
          [
            [
              25493305.145,
              6683744.452
            ],
            [
              25493310.205,
              6683744.902
            ],
            [
              25493309.964,
              6683747.612
            ],
            [
              25493304.905,
              6683747.162
            ],
            [
              25493305.145,
              6683744.452
            ]
          ]
        ]
      },
      "properties": {
        "confidence": 0.8053,
        "length_m": 5.08,
        "width_m": 2.72,
        "heading_deg": 84.9,
        "aoi": "r1-kaivoksela",
        "source_layer": "Ortoilmakuva_2025_5cm",
        "zoom": 16,
        "status": "confirmed",
        "class": "car"
      }
    },
    {
      "type": "Feature",
      "geometry": {
        "type": "Polygon",
        "coordinates": [
          [
            [
              25493255.08,
              6683634.678
            ],
            [
              25493256.719,
              6683635.741
            ],
            [
              25493254.427,
              6683639.273
            ],
            [
              25493252.789,
              6683638.21
            ],
            [
              25493255.08,
              6683634.678
            ]
          ]
        ]
      },
      "properties": {
        "confidence": 0.8052,
        "length_m": 4.21,
        "width_m": 1.95,
        "heading_deg": 147,
        "aoi": "r1-kaivoksela",
        "source_layer": "Ortoilmakuva_2025_5cm",
        "zoom": 16,
        "status": "confirmed",
        "class": "car"
      }
    },
    {
      "type": "Feature",
      "geometry": {
        "type": "Polygon",
        "coordinates": [
          [
            [
              25493287.283,
              6683748.04
            ],
            [
              25493292.162,
              6683748.287
            ],
            [
              25493292.037,
              6683750.755
            ],
            [
              25493287.158,
              6683750.508
            ],
            [
              25493287.283,
              6683748.04
            ]
          ]
        ]
      },
      "properties": {
        "confidence": 0.8048,
        "length_m": 4.89,
        "width_m": 2.47,
        "heading_deg": 87.1,
        "aoi": "r1-kaivoksela",
        "source_layer": "Ortoilmakuva_2025_5cm",
        "zoom": 16,
        "status": "confirmed",
        "class": "car"
      }
    },
    {
      "type": "Feature",
      "geometry": {
        "type": "Polygon",
        "coordinates": [
          [
            [
              25493236.073,
              6683744.329
            ],
            [
              25493241.255,
              6683748.045
            ],
            [
              25493239.678,
              6683750.244
            ],
            [
              25493234.496,
              6683746.529
            ],
            [
              25493236.073,
              6683744.329
            ]
          ]
        ]
      },
      "properties": {
        "confidence": 0.8048,
        "length_m": 6.38,
        "width_m": 2.71,
        "heading_deg": 54.4,
        "aoi": "r1-kaivoksela",
        "source_layer": "Ortoilmakuva_2025_5cm",
        "zoom": 16,
        "status": "confirmed",
        "class": "van"
      }
    },
    {
      "type": "Feature",
      "geometry": {
        "type": "Polygon",
        "coordinates": [
          [
            [
              25493236.036,
              6683748.355
            ],
            [
              25493240.948,
              6683751.359
            ],
            [
              25493239.578,
              6683753.598
            ],
            [
              25493234.667,
              6683750.593
            ],
            [
              25493236.036,
              6683748.355
            ]
          ]
        ]
      },
      "properties": {
        "confidence": 0.8047,
        "length_m": 5.76,
        "width_m": 2.62,
        "heading_deg": 58.6,
        "aoi": "r1-kaivoksela",
        "source_layer": "Ortoilmakuva_2025_5cm",
        "zoom": 16,
        "status": "confirmed",
        "class": "van"
      }
    },
    {
      "type": "Feature",
      "geometry": {
        "type": "Polygon",
        "coordinates": [
          [
            [
              25493281.42,
              6683749.581
            ],
            [
              25493286.155,
              6683750.146
            ],
            [
              25493285.866,
              6683752.574
            ],
            [
              25493281.131,
              6683752.01
            ],
            [
              25493281.42,
              6683749.581
            ]
          ]
        ]
      },
      "properties": {
        "confidence": 0.8047,
        "length_m": 4.77,
        "width_m": 2.45,
        "heading_deg": 83.2,
        "aoi": "r1-kaivoksela",
        "source_layer": "Ortoilmakuva_2025_5cm",
        "zoom": 16,
        "status": "confirmed",
        "class": "car"
      }
    },
    {
      "type": "Feature",
      "geometry": {
        "type": "Polygon",
        "coordinates": [
          [
            [
              25493268.285,
              6683696.132
            ],
            [
              25493278.35,
              6683697.857
            ],
            [
              25493277.872,
              6683700.646
            ],
            [
              25493267.807,
              6683698.921
            ],
            [
              25493268.285,
              6683696.132
            ]
          ]
        ]
      },
      "properties": {
        "confidence": 0.8047,
        "length_m": 10.21,
        "width_m": 2.83,
        "heading_deg": 80.3,
        "aoi": "r1-kaivoksela",
        "source_layer": "Ortoilmakuva_2025_5cm",
        "zoom": 16,
        "status": "confirmed",
        "class": "truck"
      }
    },
    {
      "type": "Feature",
      "geometry": {
        "type": "Polygon",
        "coordinates": [
          [
            [
              25493298.642,
              6683643.46
            ],
            [
              25493300.895,
              6683643.619
            ],
            [
              25493300.528,
              6683648.818
            ],
            [
              25493298.275,
              6683648.659
            ],
            [
              25493298.642,
              6683643.46
            ]
          ]
        ]
      },
      "properties": {
        "confidence": 0.8046,
        "length_m": 5.21,
        "width_m": 2.26,
        "heading_deg": 176,
        "aoi": "r1-kaivoksela",
        "source_layer": "Ortoilmakuva_2025_5cm",
        "zoom": 16,
        "status": "confirmed",
        "class": "car"
      }
    },
    {
      "type": "Feature",
      "geometry": {
        "type": "Polygon",
        "coordinates": [
          [
            [
              25493256.703,
              6683693.983
            ],
            [
              25493266.659,
              6683695.881
            ],
            [
              25493266.083,
              6683698.902
            ],
            [
              25493256.127,
              6683697.003
            ],
            [
              25493256.703,
              6683693.983
            ]
          ]
        ]
      },
      "properties": {
        "confidence": 0.8045,
        "length_m": 10.14,
        "width_m": 3.08,
        "heading_deg": 79.2,
        "aoi": "r1-kaivoksela",
        "source_layer": "Ortoilmakuva_2025_5cm",
        "zoom": 16,
        "status": "confirmed",
        "class": "truck"
      }
    },
    {
      "type": "Feature",
      "geometry": {
        "type": "Polygon",
        "coordinates": [
          [
            [
              25493273.26,
              6683639.601
            ],
            [
              25493275.453,
              6683640.096
            ],
            [
              25493274.331,
              6683645.07
            ],
            [
              25493272.138,
              6683644.576
            ],
            [
              25493273.26,
              6683639.601
            ]
          ]
        ]
      },
      "properties": {
        "confidence": 0.8044,
        "length_m": 5.1,
        "width_m": 2.25,
        "heading_deg": 167.3,
        "aoi": "r1-kaivoksela",
        "source_layer": "Ortoilmakuva_2025_5cm",
        "zoom": 16,
        "status": "confirmed",
        "class": "car"
      }
    },
    {
      "type": "Feature",
      "geometry": {
        "type": "Polygon",
        "coordinates": [
          [
            [
              25493183.663,
              6683585.07
            ],
            [
              25493192.037,
              6683585.783
            ],
            [
              25493191.791,
              6683588.676
            ],
            [
              25493183.417,
              6683587.963
            ],
            [
              25493183.663,
              6683585.07
            ]
          ]
        ]
      },
      "properties": {
        "confidence": 0.8043,
        "length_m": 8.4,
        "width_m": 2.9,
        "heading_deg": 85.1,
        "aoi": "r1-kaivoksela",
        "source_layer": "Ortoilmakuva_2025_5cm",
        "zoom": 16,
        "status": "confirmed",
        "class": "truck"
      }
    },
    {
      "type": "Feature",
      "geometry": {
        "type": "Polygon",
        "coordinates": [
          [
            [
              25493336.168,
              6683714.713
            ],
            [
              25493338.677,
              6683714.949
            ],
            [
              25493338.169,
              6683720.36
            ],
            [
              25493335.66,
              6683720.125
            ],
            [
              25493336.168,
              6683714.713
            ]
          ]
        ]
      },
      "properties": {
        "confidence": 0.8043,
        "length_m": 5.43,
        "width_m": 2.52,
        "heading_deg": 174.6,
        "aoi": "r1-kaivoksela",
        "source_layer": "Ortoilmakuva_2025_5cm",
        "zoom": 16,
        "status": "confirmed",
        "class": "car"
      }
    },
    {
      "type": "Feature",
      "geometry": {
        "type": "Polygon",
        "coordinates": [
          [
            [
              25493236.983,
              6683673.559
            ],
            [
              25493244.27,
              6683674.257
            ],
            [
              25493244.016,
              6683676.902
            ],
            [
              25493236.73,
              6683676.203
            ],
            [
              25493236.983,
              6683673.559
            ]
          ]
        ]
      },
      "properties": {
        "confidence": 0.8041,
        "length_m": 7.32,
        "width_m": 2.66,
        "heading_deg": 84.5,
        "aoi": "r1-kaivoksela",
        "source_layer": "Ortoilmakuva_2025_5cm",
        "zoom": 16,
        "status": "confirmed",
        "class": "truck"
      }
    },
    {
      "type": "Feature",
      "geometry": {
        "type": "Polygon",
        "coordinates": [
          [
            [
              25493247.924,
              6683557.604
            ],
            [
              25493254.154,
              6683557.908
            ],
            [
              25493254.031,
              6683560.432
            ],
            [
              25493247.801,
              6683560.129
            ],
            [
              25493247.924,
              6683557.604
            ]
          ]
        ]
      },
      "properties": {
        "confidence": 0.8039,
        "length_m": 6.24,
        "width_m": 2.53,
        "heading_deg": 87.2,
        "aoi": "r1-kaivoksela",
        "source_layer": "Ortoilmakuva_2025_5cm",
        "zoom": 16,
        "status": "rejected",
        "class": ""
      }
    },
    {
      "type": "Feature",
      "geometry": {
        "type": "Polygon",
        "coordinates": [
          [
            [
              25493284.35,
              6683736.697
            ],
            [
              25493288.484,
              6683739.55
            ],
            [
              25493286.967,
              6683741.747
            ],
            [
              25493282.834,
              6683738.894
            ],
            [
              25493284.35,
              6683736.697
            ]
          ]
        ]
      },
      "properties": {
        "confidence": 0.8033,
        "length_m": 5.02,
        "width_m": 2.67,
        "heading_deg": 55.4,
        "aoi": "r1-kaivoksela",
        "source_layer": "Ortoilmakuva_2025_5cm",
        "zoom": 16,
        "status": "confirmed",
        "class": "car"
      }
    },
    {
      "type": "Feature",
      "geometry": {
        "type": "Polygon",
        "coordinates": [
          [
            [
              25493174.86,
              6683689.566
            ],
            [
              25493183.372,
              6683693.487
            ],
            [
              25493182.193,
              6683696.047
            ],
            [
              25493173.681,
              6683692.126
            ],
            [
              25493174.86,
              6683689.566
            ]
          ]
        ]
      },
      "properties": {
        "confidence": 0.8033,
        "length_m": 9.37,
        "width_m": 2.82,
        "heading_deg": 65.3,
        "aoi": "r1-kaivoksela",
        "source_layer": "Ortoilmakuva_2025_5cm",
        "zoom": 16,
        "status": "confirmed",
        "class": "truck"
      }
    },
    {
      "type": "Feature",
      "geometry": {
        "type": "Polygon",
        "coordinates": [
          [
            [
              25493183.635,
              6683575.378
            ],
            [
              25493193.114,
              6683576.307
            ],
            [
              25493192.817,
              6683579.329
            ],
            [
              25493183.338,
              6683578.4
            ],
            [
              25493183.635,
              6683575.378
            ]
          ]
        ]
      },
      "properties": {
        "confidence": 0.8029,
        "length_m": 9.52,
        "width_m": 3.04,
        "heading_deg": 84.4,
        "aoi": "r1-kaivoksela",
        "source_layer": "Ortoilmakuva_2025_5cm",
        "zoom": 16,
        "status": "confirmed",
        "class": "truck"
      }
    },
    {
      "type": "Feature",
      "geometry": {
        "type": "Polygon",
        "coordinates": [
          [
            [
              25493166.196,
              6683605.685
            ],
            [
              25493168.117,
              6683606.334
            ],
            [
              25493166.721,
              6683610.468
            ],
            [
              25493164.8,
              6683609.819
            ],
            [
              25493166.196,
              6683605.685
            ]
          ]
        ]
      },
      "properties": {
        "confidence": 0.8028,
        "length_m": 4.36,
        "width_m": 2.03,
        "heading_deg": 161.3,
        "aoi": "r1-kaivoksela",
        "source_layer": "Ortoilmakuva_2025_5cm",
        "zoom": 16,
        "status": "confirmed",
        "class": "car"
      }
    },
    {
      "type": "Feature",
      "geometry": {
        "type": "Polygon",
        "coordinates": [
          [
            [
              25493269.384,
              6683684.79
            ],
            [
              25493279.406,
              6683686.07
            ],
            [
              25493279.039,
              6683688.945
            ],
            [
              25493269.017,
              6683687.666
            ],
            [
              25493269.384,
              6683684.79
            ]
          ]
        ]
      },
      "properties": {
        "confidence": 0.8027,
        "length_m": 10.1,
        "width_m": 2.9,
        "heading_deg": 82.7,
        "aoi": "r1-kaivoksela",
        "source_layer": "Ortoilmakuva_2025_5cm",
        "zoom": 16,
        "status": "confirmed",
        "class": "truck"
      }
    },
    {
      "type": "Feature",
      "geometry": {
        "type": "Polygon",
        "coordinates": [
          [
            [
              25493183.217,
              6683615.049
            ],
            [
              25493185.838,
              6683615.231
            ],
            [
              25493184.93,
              6683628.326
            ],
            [
              25493182.31,
              6683628.144
            ],
            [
              25493183.217,
              6683615.049
            ]
          ]
        ]
      },
      "properties": {
        "confidence": 0.8026,
        "length_m": 13.13,
        "width_m": 2.63,
        "heading_deg": 176,
        "aoi": "r1-kaivoksela",
        "source_layer": "Ortoilmakuva_2025_5cm",
        "zoom": 16,
        "status": "confirmed",
        "class": "bus"
      }
    },
    {
      "type": "Feature",
      "geometry": {
        "type": "Polygon",
        "coordinates": [
          [
            [
              25493185.824,
              6683683.386
            ],
            [
              25493176.749,
              6683678.467
            ],
            [
              25493175.363,
              6683681.023
            ],
            [
              25493184.439,
              6683685.943
            ],
            [
              25493185.824,
              6683683.386
            ]
          ]
        ]
      },
      "properties": {
        "confidence": 0.8025,
        "length_m": 10.32,
        "width_m": 2.91,
        "heading_deg": 61.5,
        "aoi": "r1-kaivoksela",
        "source_layer": "Ortoilmakuva_2025_5cm",
        "zoom": 16,
        "status": "confirmed",
        "class": "truck"
      }
    },
    {
      "type": "Feature",
      "geometry": {
        "type": "Polygon",
        "coordinates": [
          [
            [
              25493228.876,
              6683567.597
            ],
            [
              25493236.425,
              6683568.31
            ],
            [
              25493236.145,
              6683571.268
            ],
            [
              25493228.597,
              6683570.555
            ],
            [
              25493228.876,
              6683567.597
            ]
          ]
        ]
      },
      "properties": {
        "confidence": 0.8022,
        "length_m": 7.58,
        "width_m": 2.97,
        "heading_deg": 84.6,
        "aoi": "r1-kaivoksela",
        "source_layer": "Ortoilmakuva_2025_5cm",
        "zoom": 16,
        "status": "rejected",
        "class": ""
      }
    },
    {
      "type": "Feature",
      "geometry": {
        "type": "Polygon",
        "coordinates": [
          [
            [
              25493222.584,
              6683647.819
            ],
            [
              25493230.197,
              6683648.209
            ],
            [
              25493230.077,
              6683650.561
            ],
            [
              25493222.463,
              6683650.171
            ],
            [
              25493222.584,
              6683647.819
            ]
          ]
        ]
      },
      "properties": {
        "confidence": 0.802,
        "length_m": 7.62,
        "width_m": 2.36,
        "heading_deg": 87.1,
        "aoi": "r1-kaivoksela",
        "source_layer": "Ortoilmakuva_2025_5cm",
        "zoom": 16,
        "status": "confirmed",
        "class": "van"
      }
    },
    {
      "type": "Feature",
      "geometry": {
        "type": "Polygon",
        "coordinates": [
          [
            [
              25493229.809,
              6683564.524
            ],
            [
              25493237.243,
              6683564.91
            ],
            [
              25493237.093,
              6683567.796
            ],
            [
              25493229.659,
              6683567.41
            ],
            [
              25493229.809,
              6683564.524
            ]
          ]
        ]
      },
      "properties": {
        "confidence": 0.8019,
        "length_m": 7.44,
        "width_m": 2.89,
        "heading_deg": 87,
        "aoi": "r1-kaivoksela",
        "source_layer": "Ortoilmakuva_2025_5cm",
        "zoom": 16,
        "status": "confirmed",
        "class": "truck"
      }
    },
    {
      "type": "Feature",
      "geometry": {
        "type": "Polygon",
        "coordinates": [
          [
            [
              25493276.173,
              6683640.602
            ],
            [
              25493278.28,
              6683641.105
            ],
            [
              25493277.171,
              6683645.753
            ],
            [
              25493275.064,
              6683645.25
            ],
            [
              25493276.173,
              6683640.602
            ]
          ]
        ]
      },
      "properties": {
        "confidence": 0.8018,
        "length_m": 4.78,
        "width_m": 2.17,
        "heading_deg": 166.6,
        "aoi": "r1-kaivoksela",
        "source_layer": "Ortoilmakuva_2025_5cm",
        "zoom": 16,
        "status": "confirmed",
        "class": "car"
      }
    },
    {
      "type": "Feature",
      "geometry": {
        "type": "Polygon",
        "coordinates": [
          [
            [
              25493180.51,
              6683805.466
            ],
            [
              25493169.412,
              6683804.354
            ],
            [
              25493169.089,
              6683807.579
            ],
            [
              25493180.186,
              6683808.691
            ],
            [
              25493180.51,
              6683805.466
            ]
          ]
        ]
      },
      "properties": {
        "confidence": 0.8018,
        "length_m": 11.15,
        "width_m": 3.24,
        "heading_deg": 84.3,
        "aoi": "r1-kaivoksela",
        "source_layer": "Ortoilmakuva_2025_5cm",
        "zoom": 16,
        "status": "confirmed",
        "class": "truck"
      }
    },
    {
      "type": "Feature",
      "geometry": {
        "type": "Polygon",
        "coordinates": [
          [
            [
              25493270.844,
              6683673.622
            ],
            [
              25493280.635,
              6683674.64
            ],
            [
              25493280.304,
              6683677.831
            ],
            [
              25493270.512,
              6683676.813
            ],
            [
              25493270.844,
              6683673.622
            ]
          ]
        ]
      },
      "properties": {
        "confidence": 0.8017,
        "length_m": 9.84,
        "width_m": 3.21,
        "heading_deg": 84.1,
        "aoi": "r1-kaivoksela",
        "source_layer": "Ortoilmakuva_2025_5cm",
        "zoom": 16,
        "status": "confirmed",
        "class": "truck"
      }
    },
    {
      "type": "Feature",
      "geometry": {
        "type": "Polygon",
        "coordinates": [
          [
            [
              25493324.85,
              6683694.382
            ],
            [
              25493327.441,
              6683694.523
            ],
            [
              25493327.153,
              6683699.819
            ],
            [
              25493324.562,
              6683699.678
            ],
            [
              25493324.85,
              6683694.382
            ]
          ]
        ]
      },
      "properties": {
        "confidence": 0.8016,
        "length_m": 5.3,
        "width_m": 2.59,
        "heading_deg": 176.9,
        "aoi": "r1-kaivoksela",
        "source_layer": "Ortoilmakuva_2025_5cm",
        "zoom": 16,
        "status": "confirmed",
        "class": "car"
      }
    },
    {
      "type": "Feature",
      "geometry": {
        "type": "Polygon",
        "coordinates": [
          [
            [
              25493281.396,
              6683641.811
            ],
            [
              25493283.668,
              6683642.282
            ],
            [
              25493282.646,
              6683647.208
            ],
            [
              25493280.375,
              6683646.737
            ],
            [
              25493281.396,
              6683641.811
            ]
          ]
        ]
      },
      "properties": {
        "confidence": 0.8012,
        "length_m": 5.03,
        "width_m": 2.32,
        "heading_deg": 168.3,
        "aoi": "r1-kaivoksela",
        "source_layer": "Ortoilmakuva_2025_5cm",
        "zoom": 16,
        "status": "confirmed",
        "class": "car"
      }
    },
    {
      "type": "Feature",
      "geometry": {
        "type": "Polygon",
        "coordinates": [
          [
            [
              25493251.19,
              6683707.496
            ],
            [
              25493253.257,
              6683708.163
            ],
            [
              25493251.783,
              6683712.735
            ],
            [
              25493249.716,
              6683712.068
            ],
            [
              25493251.19,
              6683707.496
            ]
          ]
        ]
      },
      "properties": {
        "confidence": 0.8004,
        "length_m": 4.8,
        "width_m": 2.17,
        "heading_deg": 162.1,
        "aoi": "r1-kaivoksela",
        "source_layer": "Ortoilmakuva_2025_5cm",
        "zoom": 16,
        "status": "confirmed",
        "class": "car"
      }
    },
    {
      "type": "Feature",
      "geometry": {
        "type": "Polygon",
        "coordinates": [
          [
            [
              25493292.993,
              6683736.541
            ],
            [
              25493296.653,
              6683740.313
            ],
            [
              25493294.724,
              6683742.185
            ],
            [
              25493291.063,
              6683738.414
            ],
            [
              25493292.993,
              6683736.541
            ]
          ]
        ]
      },
      "properties": {
        "confidence": 0.8004,
        "length_m": 5.26,
        "width_m": 2.69,
        "heading_deg": 44.1,
        "aoi": "r1-kaivoksela",
        "source_layer": "Ortoilmakuva_2025_5cm",
        "zoom": 16,
        "status": "confirmed",
        "class": "car"
      }
    },
    {
      "type": "Feature",
      "geometry": {
        "type": "Polygon",
        "coordinates": [
          [
            [
              25493260.519,
              6683629.904
            ],
            [
              25493261.902,
              6683631.816
            ],
            [
              25493257.612,
              6683634.919
            ],
            [
              25493256.229,
              6683633.008
            ],
            [
              25493260.519,
              6683629.904
            ]
          ]
        ]
      },
      "properties": {
        "confidence": 0.8002,
        "length_m": 5.29,
        "width_m": 2.36,
        "heading_deg": 125.9,
        "aoi": "r1-kaivoksela",
        "source_layer": "Ortoilmakuva_2025_5cm",
        "zoom": 16,
        "status": "confirmed",
        "class": "car"
      }
    },
    {
      "type": "Feature",
      "geometry": {
        "type": "Polygon",
        "coordinates": [
          [
            [
              25493046.613,
              6683759.096
            ],
            [
              25493046.716,
              6683761.867
            ],
            [
              25493039.8,
              6683762.124
            ],
            [
              25493039.697,
              6683759.353
            ],
            [
              25493046.613,
              6683759.096
            ]
          ]
        ]
      },
      "properties": {
        "confidence": 0.8,
        "length_m": 6.92,
        "width_m": 2.77,
        "heading_deg": 92.1,
        "aoi": "r1-kaivoksela",
        "source_layer": "Ortoilmakuva_2025_5cm",
        "zoom": 16,
        "status": "confirmed",
        "class": "van"
      }
    },
    {
      "type": "Feature",
      "geometry": {
        "type": "Polygon",
        "coordinates": [
          [
            [
              25493184.411,
              6683579.633
            ],
            [
              25493192.627,
              6683580.401
            ],
            [
              25493192.344,
              6683583.425
            ],
            [
              25493184.128,
              6683582.658
            ],
            [
              25493184.411,
              6683579.633
            ]
          ]
        ]
      },
      "properties": {
        "confidence": 0.7997,
        "length_m": 8.25,
        "width_m": 3.04,
        "heading_deg": 84.7,
        "aoi": "r1-kaivoksela",
        "source_layer": "Ortoilmakuva_2025_5cm",
        "zoom": 16,
        "status": "confirmed",
        "class": "truck"
      }
    },
    {
      "type": "Feature",
      "geometry": {
        "type": "Polygon",
        "coordinates": [
          [
            [
              25493247.106,
              6683564.189
            ],
            [
              25493254.24,
              6683564.368
            ],
            [
              25493254.169,
              6683567.192
            ],
            [
              25493247.036,
              6683567.014
            ],
            [
              25493247.106,
              6683564.189
            ]
          ]
        ]
      },
      "properties": {
        "confidence": 0.7996,
        "length_m": 7.14,
        "width_m": 2.82,
        "heading_deg": 88.6,
        "aoi": "r1-kaivoksela",
        "source_layer": "Ortoilmakuva_2025_5cm",
        "zoom": 16,
        "status": "confirmed",
        "class": "truck"
      }
    },
    {
      "type": "Feature",
      "geometry": {
        "type": "Polygon",
        "coordinates": [
          [
            [
              25493280.86,
              6683752.025
            ],
            [
              25493285.774,
              6683752.562
            ],
            [
              25493285.508,
              6683754.992
            ],
            [
              25493280.595,
              6683754.456
            ],
            [
              25493280.86,
              6683752.025
            ]
          ]
        ]
      },
      "properties": {
        "confidence": 0.799,
        "length_m": 4.94,
        "width_m": 2.44,
        "heading_deg": 83.8,
        "aoi": "r1-kaivoksela",
        "source_layer": "Ortoilmakuva_2025_5cm",
        "zoom": 16,
        "status": "confirmed",
        "class": "car"
      }
    },
    {
      "type": "Feature",
      "geometry": {
        "type": "Polygon",
        "coordinates": [
          [
            [
              25493167.968,
              6683646.841
            ],
            [
              25493178.472,
              6683647.962
            ],
            [
              25493178.137,
              6683651.105
            ],
            [
              25493167.633,
              6683649.984
            ],
            [
              25493167.968,
              6683646.841
            ]
          ]
        ]
      },
      "properties": {
        "confidence": 0.7986,
        "length_m": 10.56,
        "width_m": 3.16,
        "heading_deg": 83.9,
        "aoi": "r1-kaivoksela",
        "source_layer": "Ortoilmakuva_2025_5cm",
        "zoom": 16,
        "status": "confirmed",
        "class": "truck"
      }
    },
    {
      "type": "Feature",
      "geometry": {
        "type": "Polygon",
        "coordinates": [
          [
            [
              25493280.529,
              6683758.989
            ],
            [
              25493285.395,
              6683759.532
            ],
            [
              25493285.126,
              6683761.945
            ],
            [
              25493280.259,
              6683761.402
            ],
            [
              25493280.529,
              6683758.989
            ]
          ]
        ]
      },
      "properties": {
        "confidence": 0.7984,
        "length_m": 4.9,
        "width_m": 2.43,
        "heading_deg": 83.6,
        "aoi": "r1-kaivoksela",
        "source_layer": "Ortoilmakuva_2025_5cm",
        "zoom": 16,
        "status": "confirmed",
        "class": "car"
      }
    },
    {
      "type": "Feature",
      "geometry": {
        "type": "Polygon",
        "coordinates": [
          [
            [
              25493246.881,
              6683581.932
            ],
            [
              25493253.076,
              6683582.354
            ],
            [
              25493252.904,
              6683584.877
            ],
            [
              25493246.709,
              6683584.455
            ],
            [
              25493246.881,
              6683581.932
            ]
          ]
        ]
      },
      "properties": {
        "confidence": 0.798,
        "length_m": 6.21,
        "width_m": 2.53,
        "heading_deg": 86.1,
        "aoi": "r1-kaivoksela",
        "source_layer": "Ortoilmakuva_2025_5cm",
        "zoom": 16,
        "status": "confirmed",
        "class": "van"
      }
    },
    {
      "type": "Feature",
      "geometry": {
        "type": "Polygon",
        "coordinates": [
          [
            [
              25493304.958,
              6683765.178
            ],
            [
              25493309.878,
              6683765.417
            ],
            [
              25493309.757,
              6683767.893
            ],
            [
              25493304.837,
              6683767.654
            ],
            [
              25493304.958,
              6683765.178
            ]
          ]
        ]
      },
      "properties": {
        "confidence": 0.7975,
        "length_m": 4.93,
        "width_m": 2.48,
        "heading_deg": 87.2,
        "aoi": "r1-kaivoksela",
        "source_layer": "Ortoilmakuva_2025_5cm",
        "zoom": 16,
        "status": "confirmed",
        "class": "car"
      }
    },
    {
      "type": "Feature",
      "geometry": {
        "type": "Polygon",
        "coordinates": [
          [
            [
              25493311.556,
              6683693.67
            ],
            [
              25493316.454,
              6683694.058
            ],
            [
              25493316.265,
              6683696.441
            ],
            [
              25493311.368,
              6683696.053
            ],
            [
              25493311.556,
              6683693.67
            ]
          ]
        ]
      },
      "properties": {
        "confidence": 0.7969,
        "length_m": 4.91,
        "width_m": 2.39,
        "heading_deg": 85.5,
        "aoi": "r1-kaivoksela",
        "source_layer": "Ortoilmakuva_2025_5cm",
        "zoom": 16,
        "status": "confirmed",
        "class": "car"
      }
    },
    {
      "type": "Feature",
      "geometry": {
        "type": "Polygon",
        "coordinates": [
          [
            [
              25493316.919,
              6683681.475
            ],
            [
              25493316.775,
              6683683.952
            ],
            [
              25493311.825,
              6683683.665
            ],
            [
              25493311.969,
              6683681.188
            ],
            [
              25493316.919,
              6683681.475
            ]
          ]
        ]
      },
      "properties": {
        "confidence": 0.7958,
        "length_m": 4.96,
        "width_m": 2.48,
        "heading_deg": 86.7,
        "aoi": "r1-kaivoksela",
        "source_layer": "Ortoilmakuva_2025_5cm",
        "zoom": 16,
        "status": "confirmed",
        "class": "car"
      }
    },
    {
      "type": "Feature",
      "geometry": {
        "type": "Polygon",
        "coordinates": [
          [
            [
              25493278.737,
              6683641.061
            ],
            [
              25493281.03,
              6683641.565
            ],
            [
              25493279.913,
              6683646.647
            ],
            [
              25493277.62,
              6683646.144
            ],
            [
              25493278.737,
              6683641.061
            ]
          ]
        ]
      },
      "properties": {
        "confidence": 0.7957,
        "length_m": 5.2,
        "width_m": 2.35,
        "heading_deg": 167.6,
        "aoi": "r1-kaivoksela",
        "source_layer": "Ortoilmakuva_2025_5cm",
        "zoom": 16,
        "status": "confirmed",
        "class": "car"
      }
    },
    {
      "type": "Feature",
      "geometry": {
        "type": "Polygon",
        "coordinates": [
          [
            [
              25493280.997,
              6683756.71
            ],
            [
              25493285.669,
              6683757.156
            ],
            [
              25493285.442,
              6683759.528
            ],
            [
              25493280.771,
              6683759.082
            ],
            [
              25493280.997,
              6683756.71
            ]
          ]
        ]
      },
      "properties": {
        "confidence": 0.7954,
        "length_m": 4.69,
        "width_m": 2.38,
        "heading_deg": 84.5,
        "aoi": "r1-kaivoksela",
        "source_layer": "Ortoilmakuva_2025_5cm",
        "zoom": 16,
        "status": "confirmed",
        "class": "car"
      }
    },
    {
      "type": "Feature",
      "geometry": {
        "type": "Polygon",
        "coordinates": [
          [
            [
              25493304.221,
              6683644.006
            ],
            [
              25493306.38,
              6683644.156
            ],
            [
              25493306.061,
              6683648.738
            ],
            [
              25493303.902,
              6683648.588
            ],
            [
              25493304.221,
              6683644.006
            ]
          ]
        ]
      },
      "properties": {
        "confidence": 0.7946,
        "length_m": 4.59,
        "width_m": 2.16,
        "heading_deg": 176,
        "aoi": "r1-kaivoksela",
        "source_layer": "Ortoilmakuva_2025_5cm",
        "zoom": 16,
        "status": "confirmed",
        "class": "car"
      }
    },
    {
      "type": "Feature",
      "geometry": {
        "type": "Polygon",
        "coordinates": [
          [
            [
              25493257.02,
              6683626.224
            ],
            [
              25493257.901,
              6683628.234
            ],
            [
              25493253.39,
              6683630.212
            ],
            [
              25493252.509,
              6683628.203
            ],
            [
              25493257.02,
              6683626.224
            ]
          ]
        ]
      },
      "properties": {
        "confidence": 0.7939,
        "length_m": 4.93,
        "width_m": 2.19,
        "heading_deg": 113.7,
        "aoi": "r1-kaivoksela",
        "source_layer": "Ortoilmakuva_2025_5cm",
        "zoom": 16,
        "status": "confirmed",
        "class": "car"
      }
    },
    {
      "type": "Feature",
      "geometry": {
        "type": "Polygon",
        "coordinates": [
          [
            [
              25493301.154,
              6683643.841
            ],
            [
              25493303.455,
              6683644.028
            ],
            [
              25493303.043,
              6683649.118
            ],
            [
              25493300.741,
              6683648.932
            ],
            [
              25493301.154,
              6683643.841
            ]
          ]
        ]
      },
      "properties": {
        "confidence": 0.7933,
        "length_m": 5.11,
        "width_m": 2.31,
        "heading_deg": 175.4,
        "aoi": "r1-kaivoksela",
        "source_layer": "Ortoilmakuva_2025_5cm",
        "zoom": 16,
        "status": "confirmed",
        "class": "car"
      }
    },
    {
      "type": "Feature",
      "geometry": {
        "type": "Polygon",
        "coordinates": [
          [
            [
              25493217.859,
              6683547.638
            ],
            [
              25493228.698,
              6683547.992
            ],
            [
              25493228.607,
              6683550.777
            ],
            [
              25493217.768,
              6683550.423
            ],
            [
              25493217.859,
              6683547.638
            ]
          ]
        ]
      },
      "properties": {
        "confidence": 0.7933,
        "length_m": 10.84,
        "width_m": 2.79,
        "heading_deg": 88.1,
        "aoi": "r1-kaivoksela",
        "source_layer": "Ortoilmakuva_2025_5cm",
        "zoom": 16,
        "status": "confirmed",
        "class": "truck"
      }
    },
    {
      "type": "Feature",
      "geometry": {
        "type": "Polygon",
        "coordinates": [
          [
            [
              25493229.538,
              6683547.558
            ],
            [
              25493235.8,
              6683548.081
            ],
            [
              25493235.585,
              6683550.655
            ],
            [
              25493229.324,
              6683550.132
            ],
            [
              25493229.538,
              6683547.558
            ]
          ]
        ]
      },
      "properties": {
        "confidence": 0.7927,
        "length_m": 6.28,
        "width_m": 2.58,
        "heading_deg": 85.2,
        "aoi": "r1-kaivoksela",
        "source_layer": "Ortoilmakuva_2025_5cm",
        "zoom": 16,
        "status": "rejected",
        "class": ""
      }
    },
    {
      "type": "Feature",
      "geometry": {
        "type": "Polygon",
        "coordinates": [
          [
            [
              25493257.313,
              6683687.098
            ],
            [
              25493267.618,
              6683688.38
            ],
            [
              25493267.268,
              6683691.197
            ],
            [
              25493256.963,
              6683689.916
            ],
            [
              25493257.313,
              6683687.098
            ]
          ]
        ]
      },
      "properties": {
        "confidence": 0.792,
        "length_m": 10.38,
        "width_m": 2.84,
        "heading_deg": 82.9,
        "aoi": "r1-kaivoksela",
        "source_layer": "Ortoilmakuva_2025_5cm",
        "zoom": 16,
        "status": "confirmed",
        "class": "truck"
      }
    },
    {
      "type": "Feature",
      "geometry": {
        "type": "Polygon",
        "coordinates": [
          [
            [
              25493286.234,
              6683762.943
            ],
            [
              25493290.929,
              6683763.421
            ],
            [
              25493290.68,
              6683765.86
            ],
            [
              25493285.986,
              6683765.381
            ],
            [
              25493286.234,
              6683762.943
            ]
          ]
        ]
      },
      "properties": {
        "confidence": 0.7916,
        "length_m": 4.72,
        "width_m": 2.45,
        "heading_deg": 84.2,
        "aoi": "r1-kaivoksela",
        "source_layer": "Ortoilmakuva_2025_5cm",
        "zoom": 16,
        "status": "confirmed",
        "class": "car"
      }
    },
    {
      "type": "Feature",
      "geometry": {
        "type": "Polygon",
        "coordinates": [
          [
            [
              25493294.196,
              6683717.229
            ],
            [
              25493303.899,
              6683719.553
            ],
            [
              25493303.188,
              6683722.525
            ],
            [
              25493293.484,
              6683720.201
            ],
            [
              25493294.196,
              6683717.229
            ]
          ]
        ]
      },
      "properties": {
        "confidence": 0.7914,
        "length_m": 9.98,
        "width_m": 3.06,
        "heading_deg": 76.5,
        "aoi": "r1-kaivoksela",
        "source_layer": "Ortoilmakuva_2025_5cm",
        "zoom": 16,
        "status": "confirmed",
        "class": "truck"
      }
    },
    {
      "type": "Feature",
      "geometry": {
        "type": "Polygon",
        "coordinates": [
          [
            [
              25493301.659,
              6683665.801
            ],
            [
              25493310.938,
              6683667.209
            ],
            [
              25493310.534,
              6683669.876
            ],
            [
              25493301.254,
              6683668.468
            ],
            [
              25493301.659,
              6683665.801
            ]
          ]
        ]
      },
      "properties": {
        "confidence": 0.7914,
        "length_m": 9.39,
        "width_m": 2.7,
        "heading_deg": 81.4,
        "aoi": "r1-kaivoksela",
        "source_layer": "Ortoilmakuva_2025_5cm",
        "zoom": 16,
        "status": "confirmed",
        "class": "truck"
      }
    },
    {
      "type": "Feature",
      "geometry": {
        "type": "Polygon",
        "coordinates": [
          [
            [
              25493289.857,
              6683652.765
            ],
            [
              25493299.603,
              6683653.245
            ],
            [
              25493299.46,
              6683656.145
            ],
            [
              25493289.715,
              6683655.665
            ],
            [
              25493289.857,
              6683652.765
            ]
          ]
        ]
      },
      "properties": {
        "confidence": 0.7914,
        "length_m": 9.76,
        "width_m": 2.9,
        "heading_deg": 87.2,
        "aoi": "r1-kaivoksela",
        "source_layer": "Ortoilmakuva_2025_5cm",
        "zoom": 16,
        "status": "confirmed",
        "class": "truck"
      }
    },
    {
      "type": "Feature",
      "geometry": {
        "type": "Polygon",
        "coordinates": [
          [
            [
              25493309.892,
              6683715.286
            ],
            [
              25493314.558,
              6683716.111
            ],
            [
              25493314.144,
              6683718.454
            ],
            [
              25493309.478,
              6683717.629
            ],
            [
              25493309.892,
              6683715.286
            ]
          ]
        ]
      },
      "properties": {
        "confidence": 0.7908,
        "length_m": 4.74,
        "width_m": 2.38,
        "heading_deg": 80,
        "aoi": "r1-kaivoksela",
        "source_layer": "Ortoilmakuva_2025_5cm",
        "zoom": 16,
        "status": "confirmed",
        "class": "car"
      }
    },
    {
      "type": "Feature",
      "geometry": {
        "type": "Polygon",
        "coordinates": [
          [
            [
              25493326.91,
              6683754.858
            ],
            [
              25493331.689,
              6683755.062
            ],
            [
              25493331.583,
              6683757.538
            ],
            [
              25493326.804,
              6683757.333
            ],
            [
              25493326.91,
              6683754.858
            ]
          ]
        ]
      },
      "properties": {
        "confidence": 0.7903,
        "length_m": 4.78,
        "width_m": 2.48,
        "heading_deg": 87.6,
        "aoi": "r1-kaivoksela",
        "source_layer": "Ortoilmakuva_2025_5cm",
        "zoom": 16,
        "status": "confirmed",
        "class": "car"
      }
    },
    {
      "type": "Feature",
      "geometry": {
        "type": "Polygon",
        "coordinates": [
          [
            [
              25493313.922,
              6683644.542
            ],
            [
              25493318.635,
              6683644.878
            ],
            [
              25493318.468,
              6683647.22
            ],
            [
              25493313.755,
              6683646.884
            ],
            [
              25493313.922,
              6683644.542
            ]
          ]
        ]
      },
      "properties": {
        "confidence": 0.7903,
        "length_m": 4.72,
        "width_m": 2.35,
        "heading_deg": 85.9,
        "aoi": "r1-kaivoksela",
        "source_layer": "Ortoilmakuva_2025_5cm",
        "zoom": 16,
        "status": "confirmed",
        "class": "car"
      }
    },
    {
      "type": "Feature",
      "geometry": {
        "type": "Polygon",
        "coordinates": [
          [
            [
              25493177.922,
              6683664.439
            ],
            [
              25493168.586,
              6683660.781
            ],
            [
              25493167.542,
              6683663.448
            ],
            [
              25493176.877,
              6683667.106
            ],
            [
              25493177.922,
              6683664.439
            ]
          ]
        ]
      },
      "properties": {
        "confidence": 0.7877,
        "length_m": 10.03,
        "width_m": 2.86,
        "heading_deg": 68.6,
        "aoi": "r1-kaivoksela",
        "source_layer": "Ortoilmakuva_2025_5cm",
        "zoom": 16,
        "status": "confirmed",
        "class": "truck"
      }
    },
    {
      "type": "Feature",
      "geometry": {
        "type": "Polygon",
        "coordinates": [
          [
            [
              25493309.482,
              6683712.081
            ],
            [
              25493314.594,
              6683712.619
            ],
            [
              25493314.32,
              6683715.226
            ],
            [
              25493309.208,
              6683714.689
            ],
            [
              25493309.482,
              6683712.081
            ]
          ]
        ]
      },
      "properties": {
        "confidence": 0.7871,
        "length_m": 5.14,
        "width_m": 2.62,
        "heading_deg": 84,
        "aoi": "r1-kaivoksela",
        "source_layer": "Ortoilmakuva_2025_5cm",
        "zoom": 16,
        "status": "confirmed",
        "class": "car"
      }
    },
    {
      "type": "Feature",
      "geometry": {
        "type": "Polygon",
        "coordinates": [
          [
            [
              25493314.623,
              6683648.505
            ],
            [
              25493319.353,
              6683649.073
            ],
            [
              25493319.064,
              6683651.479
            ],
            [
              25493314.334,
              6683650.912
            ],
            [
              25493314.623,
              6683648.505
            ]
          ]
        ]
      },
      "properties": {
        "confidence": 0.7863,
        "length_m": 4.76,
        "width_m": 2.42,
        "heading_deg": 83.2,
        "aoi": "r1-kaivoksela",
        "source_layer": "Ortoilmakuva_2025_5cm",
        "zoom": 16,
        "status": "confirmed",
        "class": "car"
      }
    },
    {
      "type": "Feature",
      "geometry": {
        "type": "Polygon",
        "coordinates": [
          [
            [
              25493173.793,
              6683773.555
            ],
            [
              25493183.771,
              6683773.988
            ],
            [
              25493183.655,
              6683776.653
            ],
            [
              25493173.678,
              6683776.22
            ],
            [
              25493173.793,
              6683773.555
            ]
          ]
        ]
      },
      "properties": {
        "confidence": 0.7856,
        "length_m": 9.99,
        "width_m": 2.67,
        "heading_deg": 87.5,
        "aoi": "r1-kaivoksela",
        "source_layer": "Ortoilmakuva_2025_5cm",
        "zoom": 16,
        "status": "confirmed",
        "class": "truck"
      }
    },
    {
      "type": "Feature",
      "geometry": {
        "type": "Polygon",
        "coordinates": [
          [
            [
              25493246.578,
              6683585.815
            ],
            [
              25493252.674,
              6683586.104
            ],
            [
              25493252.553,
              6683588.651
            ],
            [
              25493246.457,
              6683588.362
            ],
            [
              25493246.578,
              6683585.815
            ]
          ]
        ]
      },
      "properties": {
        "confidence": 0.7855,
        "length_m": 6.1,
        "width_m": 2.55,
        "heading_deg": 87.3,
        "aoi": "r1-kaivoksela",
        "source_layer": "Ortoilmakuva_2025_5cm",
        "zoom": 16,
        "status": "confirmed",
        "class": "van"
      }
    },
    {
      "type": "Feature",
      "geometry": {
        "type": "Polygon",
        "coordinates": [
          [
            [
              25493257.429,
              6683772.503
            ],
            [
              25493269.548,
              6683773.491
            ],
            [
              25493269.276,
              6683776.832
            ],
            [
              25493257.157,
              6683775.843
            ],
            [
              25493257.429,
              6683772.503
            ]
          ]
        ]
      },
      "properties": {
        "confidence": 0.7851,
        "length_m": 12.16,
        "width_m": 3.35,
        "heading_deg": 85.3,
        "aoi": "r1-kaivoksela",
        "source_layer": "Ortoilmakuva_2025_5cm",
        "zoom": 16,
        "status": "confirmed",
        "class": "truck"
      }
    },
    {
      "type": "Feature",
      "geometry": {
        "type": "Polygon",
        "coordinates": [
          [
            [
              25493291.413,
              6683755.985
            ],
            [
              25493291.353,
              6683758.354
            ],
            [
              25493286.583,
              6683758.233
            ],
            [
              25493286.643,
              6683755.864
            ],
            [
              25493291.413,
              6683755.985
            ]
          ]
        ]
      },
      "properties": {
        "confidence": 0.785,
        "length_m": 4.77,
        "width_m": 2.37,
        "heading_deg": 88.5,
        "aoi": "r1-kaivoksela",
        "source_layer": "Ortoilmakuva_2025_5cm",
        "zoom": 16,
        "status": "confirmed",
        "class": "car"
      }
    },
    {
      "type": "Feature",
      "geometry": {
        "type": "Polygon",
        "coordinates": [
          [
            [
              25493190.825,
              6683613.739
            ],
            [
              25493190.696,
              6683628.04
            ],
            [
              25493187.471,
              6683628.011
            ],
            [
              25493187.6,
              6683613.71
            ],
            [
              25493190.825,
              6683613.739
            ]
          ]
        ]
      },
      "properties": {
        "confidence": 0.7848,
        "length_m": 14.3,
        "width_m": 3.23,
        "heading_deg": 179.5,
        "aoi": "r1-kaivoksela",
        "source_layer": "Ortoilmakuva_2025_5cm",
        "zoom": 16,
        "status": "confirmed",
        "class": "bus"
      }
    },
    {
      "type": "Feature",
      "geometry": {
        "type": "Polygon",
        "coordinates": [
          [
            [
              25493264.03,
              6683634.541
            ],
            [
              25493266.169,
              6683635.577
            ],
            [
              25493263.793,
              6683640.481
            ],
            [
              25493261.654,
              6683639.445
            ],
            [
              25493264.03,
              6683634.541
            ]
          ]
        ]
      },
      "properties": {
        "confidence": 0.7847,
        "length_m": 5.45,
        "width_m": 2.38,
        "heading_deg": 154.1,
        "aoi": "r1-kaivoksela",
        "source_layer": "Ortoilmakuva_2025_5cm",
        "zoom": 16,
        "status": "confirmed",
        "class": "car"
      }
    },
    {
      "type": "Feature",
      "geometry": {
        "type": "Polygon",
        "coordinates": [
          [
            [
              25493325.807,
              6683763.733
            ],
            [
              25493330.917,
              6683764.111
            ],
            [
              25493330.732,
              6683766.62
            ],
            [
              25493325.621,
              6683766.243
            ],
            [
              25493325.807,
              6683763.733
            ]
          ]
        ]
      },
      "properties": {
        "confidence": 0.7841,
        "length_m": 5.12,
        "width_m": 2.52,
        "heading_deg": 85.8,
        "aoi": "r1-kaivoksela",
        "source_layer": "Ortoilmakuva_2025_5cm",
        "zoom": 16,
        "status": "confirmed",
        "class": "car"
      }
    },
    {
      "type": "Feature",
      "geometry": {
        "type": "Polygon",
        "coordinates": [
          [
            [
              25493177.571,
              6683674.557
            ],
            [
              25493186.381,
              6683678.829
            ],
            [
              25493185.257,
              6683681.148
            ],
            [
              25493176.447,
              6683676.875
            ],
            [
              25493177.571,
              6683674.557
            ]
          ]
        ]
      },
      "properties": {
        "confidence": 0.7838,
        "length_m": 9.79,
        "width_m": 2.58,
        "heading_deg": 64.1,
        "aoi": "r1-kaivoksela",
        "source_layer": "Ortoilmakuva_2025_5cm",
        "zoom": 16,
        "status": "confirmed",
        "class": "truck"
      }
    },
    {
      "type": "Feature",
      "geometry": {
        "type": "Polygon",
        "coordinates": [
          [
            [
              25493148.37,
              6683593.426
            ],
            [
              25493155.289,
              6683594.011
            ],
            [
              25493155.054,
              6683596.792
            ],
            [
              25493148.134,
              6683596.206
            ],
            [
              25493148.37,
              6683593.426
            ]
          ]
        ]
      },
      "properties": {
        "confidence": 0.7837,
        "length_m": 6.94,
        "width_m": 2.79,
        "heading_deg": 85.2,
        "aoi": "r1-kaivoksela",
        "source_layer": "Ortoilmakuva_2025_5cm",
        "zoom": 16,
        "status": "confirmed",
        "class": "truck"
      }
    },
    {
      "type": "Feature",
      "geometry": {
        "type": "Polygon",
        "coordinates": [
          [
            [
              25493171.263,
              6683795.992
            ],
            [
              25493182.164,
              6683796.808
            ],
            [
              25493181.953,
              6683799.615
            ],
            [
              25493171.053,
              6683798.798
            ],
            [
              25493171.263,
              6683795.992
            ]
          ]
        ]
      },
      "properties": {
        "confidence": 0.7833,
        "length_m": 10.93,
        "width_m": 2.81,
        "heading_deg": 85.7,
        "aoi": "r1-kaivoksela",
        "source_layer": "Ortoilmakuva_2025_5cm",
        "zoom": 16,
        "status": "confirmed",
        "class": "truck"
      }
    },
    {
      "type": "Feature",
      "geometry": {
        "type": "Polygon",
        "coordinates": [
          [
            [
              25493270.183,
              6683638.908
            ],
            [
              25493272.573,
              6683639.374
            ],
            [
              25493271.583,
              6683644.455
            ],
            [
              25493269.194,
              6683643.99
            ],
            [
              25493270.183,
              6683638.908
            ]
          ]
        ]
      },
      "properties": {
        "confidence": 0.7816,
        "length_m": 5.18,
        "width_m": 2.44,
        "heading_deg": 169,
        "aoi": "r1-kaivoksela",
        "source_layer": "Ortoilmakuva_2025_5cm",
        "zoom": 16,
        "status": "confirmed",
        "class": "car"
      }
    },
    {
      "type": "Feature",
      "geometry": {
        "type": "Polygon",
        "coordinates": [
          [
            [
              25493179.069,
              6683745.692
            ],
            [
              25493168.477,
              6683745.202
            ],
            [
              25493168.34,
              6683748.166
            ],
            [
              25493178.932,
              6683748.656
            ],
            [
              25493179.069,
              6683745.692
            ]
          ]
        ]
      },
      "properties": {
        "confidence": 0.7803,
        "length_m": 10.6,
        "width_m": 2.97,
        "heading_deg": 87.4,
        "aoi": "r1-kaivoksela",
        "source_layer": "Ortoilmakuva_2025_5cm",
        "zoom": 16,
        "status": "confirmed",
        "class": "truck"
      }
    },
    {
      "type": "Feature",
      "geometry": {
        "type": "Polygon",
        "coordinates": [
          [
            [
              25493213.672,
              6683647.406
            ],
            [
              25493221.111,
              6683647.866
            ],
            [
              25493220.962,
              6683650.265
            ],
            [
              25493213.524,
              6683649.806
            ],
            [
              25493213.672,
              6683647.406
            ]
          ]
        ]
      },
      "properties": {
        "confidence": 0.7803,
        "length_m": 7.45,
        "width_m": 2.4,
        "heading_deg": 86.5,
        "aoi": "r1-kaivoksela",
        "source_layer": "Ortoilmakuva_2025_5cm",
        "zoom": 16,
        "status": "confirmed",
        "class": "van"
      }
    },
    {
      "type": "Feature",
      "geometry": {
        "type": "Polygon",
        "coordinates": [
          [
            [
              25493246.051,
              6683605.496
            ],
            [
              25493248.293,
              6683605.64
            ],
            [
              25493247.814,
              6683613.102
            ],
            [
              25493245.571,
              6683612.958
            ],
            [
              25493246.051,
              6683605.496
            ]
          ]
        ]
      },
      "properties": {
        "confidence": 0.7797,
        "length_m": 7.48,
        "width_m": 2.25,
        "heading_deg": 176.3,
        "aoi": "r1-kaivoksela",
        "source_layer": "Ortoilmakuva_2025_5cm",
        "zoom": 16,
        "status": "confirmed",
        "class": "van"
      }
    },
    {
      "type": "Feature",
      "geometry": {
        "type": "Polygon",
        "coordinates": [
          [
            [
              25493148.496,
              6683590.161
            ],
            [
              25493155.377,
              6683590.961
            ],
            [
              25493155.081,
              6683593.513
            ],
            [
              25493148.2,
              6683592.713
            ],
            [
              25493148.496,
              6683590.161
            ]
          ]
        ]
      },
      "properties": {
        "confidence": 0.7788,
        "length_m": 6.93,
        "width_m": 2.57,
        "heading_deg": 83.4,
        "aoi": "r1-kaivoksela",
        "source_layer": "Ortoilmakuva_2025_5cm",
        "zoom": 16,
        "status": "confirmed",
        "class": "truck"
      }
    },
    {
      "type": "Feature",
      "geometry": {
        "type": "Polygon",
        "coordinates": [
          [
            [
              25493047.233,
              6683774.32
            ],
            [
              25493047.35,
              6683776.612
            ],
            [
              25493042.316,
              6683776.869
            ],
            [
              25493042.199,
              6683774.577
            ],
            [
              25493047.233,
              6683774.32
            ]
          ]
        ]
      },
      "properties": {
        "confidence": 0.778,
        "length_m": 5.04,
        "width_m": 2.29,
        "heading_deg": 92.9,
        "aoi": "r1-kaivoksela",
        "source_layer": "Ortoilmakuva_2025_5cm",
        "zoom": 16,
        "status": "confirmed",
        "class": "car"
      }
    },
    {
      "type": "Feature",
      "geometry": {
        "type": "Polygon",
        "coordinates": [
          [
            [
              25493268.765,
              6683645.207
            ],
            [
              25493271.224,
              6683646.011
            ],
            [
              25493268.927,
              6683653.028
            ],
            [
              25493266.469,
              6683652.223
            ],
            [
              25493268.765,
              6683645.207
            ]
          ]
        ]
      },
      "properties": {
        "confidence": 0.7776,
        "length_m": 7.38,
        "width_m": 2.59,
        "heading_deg": 161.9,
        "aoi": "r1-kaivoksela",
        "source_layer": "Ortoilmakuva_2025_5cm",
        "zoom": 16,
        "status": "confirmed",
        "class": "truck"
      }
    },
    {
      "type": "Feature",
      "geometry": {
        "type": "Polygon",
        "coordinates": [
          [
            [
              25493229.679,
              6683553.686
            ],
            [
              25493235.87,
              6683554.534
            ],
            [
              25493235.529,
              6683557.024
            ],
            [
              25493229.338,
              6683556.177
            ],
            [
              25493229.679,
              6683553.686
            ]
          ]
        ]
      },
      "properties": {
        "confidence": 0.7775,
        "length_m": 6.25,
        "width_m": 2.51,
        "heading_deg": 82.2,
        "aoi": "r1-kaivoksela",
        "source_layer": "Ortoilmakuva_2025_5cm",
        "zoom": 16,
        "status": "confirmed",
        "class": "van"
      }
    },
    {
      "type": "Feature",
      "geometry": {
        "type": "Polygon",
        "coordinates": [
          [
            [
              25493172.688,
              6683776.945
            ],
            [
              25493182.885,
              6683777.864
            ],
            [
              25493182.599,
              6683781.03
            ],
            [
              25493172.403,
              6683780.11
            ],
            [
              25493172.688,
              6683776.945
            ]
          ]
        ]
      },
      "properties": {
        "confidence": 0.7764,
        "length_m": 10.24,
        "width_m": 3.18,
        "heading_deg": 84.9,
        "aoi": "r1-kaivoksela",
        "source_layer": "Ortoilmakuva_2025_5cm",
        "zoom": 16,
        "status": "confirmed",
        "class": "truck"
      }
    },
    {
      "type": "Feature",
      "geometry": {
        "type": "Polygon",
        "coordinates": [
          [
            [
              25493295.357,
              6683735.002
            ],
            [
              25493298.803,
              6683738.912
            ],
            [
              25493296.746,
              6683740.725
            ],
            [
              25493293.3,
              6683736.814
            ],
            [
              25493295.357,
              6683735.002
            ]
          ]
        ]
      },
      "properties": {
        "confidence": 0.7759,
        "length_m": 5.21,
        "width_m": 2.74,
        "heading_deg": 41.4,
        "aoi": "r1-kaivoksela",
        "source_layer": "Ortoilmakuva_2025_5cm",
        "zoom": 16,
        "status": "confirmed",
        "class": "car"
      }
    },
    {
      "type": "Feature",
      "geometry": {
        "type": "Polygon",
        "coordinates": [
          [
            [
              25493300.298,
              6683768.497
            ],
            [
              25493305.434,
              6683768.82
            ],
            [
              25493305.261,
              6683771.571
            ],
            [
              25493300.125,
              6683771.248
            ],
            [
              25493300.298,
              6683768.497
            ]
          ]
        ]
      },
      "properties": {
        "confidence": 0.7756,
        "length_m": 5.15,
        "width_m": 2.76,
        "heading_deg": 86.4,
        "aoi": "r1-kaivoksela",
        "source_layer": "Ortoilmakuva_2025_5cm",
        "zoom": 16,
        "status": "confirmed",
        "class": "car"
      }
    },
    {
      "type": "Feature",
      "geometry": {
        "type": "Polygon",
        "coordinates": [
          [
            [
              25493248.847,
              6683605.014
            ],
            [
              25493251.191,
              6683605.203
            ],
            [
              25493250.522,
              6683613.495
            ],
            [
              25493248.178,
              6683613.306
            ],
            [
              25493248.847,
              6683605.014
            ]
          ]
        ]
      },
      "properties": {
        "confidence": 0.7737,
        "length_m": 8.32,
        "width_m": 2.35,
        "heading_deg": 175.4,
        "aoi": "r1-kaivoksela",
        "source_layer": "Ortoilmakuva_2025_5cm",
        "zoom": 16,
        "status": "confirmed",
        "class": "van"
      }
    },
    {
      "type": "Feature",
      "geometry": {
        "type": "Polygon",
        "coordinates": [
          [
            [
              25493148.648,
              6683600.682
            ],
            [
              25493156.056,
              6683601.382
            ],
            [
              25493155.782,
              6683604.273
            ],
            [
              25493148.374,
              6683603.573
            ],
            [
              25493148.648,
              6683600.682
            ]
          ]
        ]
      },
      "properties": {
        "confidence": 0.7717,
        "length_m": 7.44,
        "width_m": 2.9,
        "heading_deg": 84.6,
        "aoi": "r1-kaivoksela",
        "source_layer": "Ortoilmakuva_2025_5cm",
        "zoom": 16,
        "status": "rejected",
        "class": ""
      }
    },
    {
      "type": "Feature",
      "geometry": {
        "type": "Polygon",
        "coordinates": [
          [
            [
              25493254.664,
              6683707.662
            ],
            [
              25493256.699,
              6683708.7
            ],
            [
              25493254.344,
              6683713.315
            ],
            [
              25493252.309,
              6683712.276
            ],
            [
              25493254.664,
              6683707.662
            ]
          ]
        ]
      },
      "properties": {
        "confidence": 0.7692,
        "length_m": 5.18,
        "width_m": 2.28,
        "heading_deg": 153,
        "aoi": "r1-kaivoksela",
        "source_layer": "Ortoilmakuva_2025_5cm",
        "zoom": 16,
        "status": "confirmed",
        "class": "car"
      }
    },
    {
      "type": "Feature",
      "geometry": {
        "type": "Polygon",
        "coordinates": [
          [
            [
              25493173.516,
              6683606.384
            ],
            [
              25493175.109,
              6683607.612
            ],
            [
              25493172.284,
              6683611.28
            ],
            [
              25493170.69,
              6683610.052
            ],
            [
              25493173.516,
              6683606.384
            ]
          ]
        ]
      },
      "properties": {
        "confidence": 0.7679,
        "length_m": 4.63,
        "width_m": 2.01,
        "heading_deg": 142.4,
        "aoi": "r1-kaivoksela",
        "source_layer": "Ortoilmakuva_2025_5cm",
        "zoom": 16,
        "status": "confirmed",
        "class": "car"
      }
    },
    {
      "type": "Feature",
      "geometry": {
        "type": "Polygon",
        "coordinates": [
          [
            [
              25493216.155,
              6683570.995
            ],
            [
              25493223.856,
              6683571.759
            ],
            [
              25493223.529,
              6683575.062
            ],
            [
              25493215.827,
              6683574.298
            ],
            [
              25493216.155,
              6683570.995
            ]
          ]
        ]
      },
      "properties": {
        "confidence": 0.7663,
        "length_m": 7.74,
        "width_m": 3.32,
        "heading_deg": 84.3,
        "aoi": "r1-kaivoksela",
        "source_layer": "Ortoilmakuva_2025_5cm",
        "zoom": 16,
        "status": "confirmed",
        "class": "truck"
      }
    },
    {
      "type": "Feature",
      "geometry": {
        "type": "Polygon",
        "coordinates": [
          [
            [
              25493204.798,
              6683646.188
            ],
            [
              25493212.29,
              6683647.324
            ],
            [
              25493211.913,
              6683649.812
            ],
            [
              25493204.42,
              6683648.676
            ],
            [
              25493204.798,
              6683646.188
            ]
          ]
        ]
      },
      "properties": {
        "confidence": 0.7661,
        "length_m": 7.58,
        "width_m": 2.52,
        "heading_deg": 81.4,
        "aoi": "r1-kaivoksela",
        "source_layer": "Ortoilmakuva_2025_5cm",
        "zoom": 16,
        "status": "confirmed",
        "class": "van"
      }
    },
    {
      "type": "Feature",
      "geometry": {
        "type": "Polygon",
        "coordinates": [
          [
            [
              25493045.39,
              6683696.987
            ],
            [
              25493045.535,
              6683699.241
            ],
            [
              25493040.249,
              6683699.58
            ],
            [
              25493040.104,
              6683697.325
            ],
            [
              25493045.39,
              6683696.987
            ]
          ]
        ]
      },
      "properties": {
        "confidence": 0.7657,
        "length_m": 5.3,
        "width_m": 2.26,
        "heading_deg": 93.7,
        "aoi": "r1-kaivoksela",
        "source_layer": "Ortoilmakuva_2025_5cm",
        "zoom": 16,
        "status": "confirmed",
        "class": "van"
      }
    },
    {
      "type": "Feature",
      "geometry": {
        "type": "Polygon",
        "coordinates": [
          [
            [
              25493047.379,
              6683776.768
            ],
            [
              25493047.571,
              6683779.017
            ],
            [
              25493042.876,
              6683779.418
            ],
            [
              25493042.684,
              6683777.169
            ],
            [
              25493047.379,
              6683776.768
            ]
          ]
        ]
      },
      "properties": {
        "confidence": 0.7656,
        "length_m": 4.71,
        "width_m": 2.26,
        "heading_deg": 94.9,
        "aoi": "r1-kaivoksela",
        "source_layer": "Ortoilmakuva_2025_5cm",
        "zoom": 16,
        "status": "confirmed",
        "class": "car"
      }
    },
    {
      "type": "Feature",
      "geometry": {
        "type": "Polygon",
        "coordinates": [
          [
            [
              25493179.15,
              6683660.475
            ],
            [
              25493169.529,
              6683657.459
            ],
            [
              25493168.646,
              6683660.277
            ],
            [
              25493178.267,
              6683663.293
            ],
            [
              25493179.15,
              6683660.475
            ]
          ]
        ]
      },
      "properties": {
        "confidence": 0.7645,
        "length_m": 10.08,
        "width_m": 2.95,
        "heading_deg": 72.6,
        "aoi": "r1-kaivoksela",
        "source_layer": "Ortoilmakuva_2025_5cm",
        "zoom": 16,
        "status": "confirmed",
        "class": "truck"
      }
    },
    {
      "type": "Feature",
      "geometry": {
        "type": "Polygon",
        "coordinates": [
          [
            [
              25493229.576,
              6683560.988
            ],
            [
              25493235.523,
              6683561.542
            ],
            [
              25493235.287,
              6683564.075
            ],
            [
              25493229.34,
              6683563.522
            ],
            [
              25493229.576,
              6683560.988
            ]
          ]
        ]
      },
      "properties": {
        "confidence": 0.7623,
        "length_m": 5.97,
        "width_m": 2.54,
        "heading_deg": 84.7,
        "aoi": "r1-kaivoksela",
        "source_layer": "Ortoilmakuva_2025_5cm",
        "zoom": 16,
        "status": "confirmed",
        "class": "van"
      }
    },
    {
      "type": "Feature",
      "geometry": {
        "type": "Polygon",
        "coordinates": [
          [
            [
              25493229.792,
              6683550.478
            ],
            [
              25493235.88,
              6683551.388
            ],
            [
              25493235.497,
              6683553.95
            ],
            [
              25493229.409,
              6683553.04
            ],
            [
              25493229.792,
              6683550.478
            ]
          ]
        ]
      },
      "properties": {
        "confidence": 0.7596,
        "length_m": 6.16,
        "width_m": 2.59,
        "heading_deg": 81.5,
        "aoi": "r1-kaivoksela",
        "source_layer": "Ortoilmakuva_2025_5cm",
        "zoom": 16,
        "status": "confirmed",
        "class": "van"
      }
    },
    {
      "type": "Feature",
      "geometry": {
        "type": "Polygon",
        "coordinates": [
          [
            [
              25493246.568,
              6683585.858
            ],
            [
              25493252.73,
              6683586.148
            ],
            [
              25493252.613,
              6683588.652
            ],
            [
              25493246.45,
              6683588.362
            ],
            [
              25493246.568,
              6683585.858
            ]
          ]
        ]
      },
      "properties": {
        "confidence": 0.7573,
        "length_m": 6.17,
        "width_m": 2.51,
        "heading_deg": 87.3,
        "aoi": "r1-kaivoksela",
        "source_layer": "Ortoilmakuva_2025_5cm",
        "zoom": 16,
        "status": "rejected",
        "class": ""
      }
    },
    {
      "type": "Feature",
      "geometry": {
        "type": "Polygon",
        "coordinates": [
          [
            [
              25493177.801,
              6683606.902
            ],
            [
              25493178.959,
              6683608.51
            ],
            [
              25493175.486,
              6683611.011
            ],
            [
              25493174.328,
              6683609.403
            ],
            [
              25493177.801,
              6683606.902
            ]
          ]
        ]
      },
      "properties": {
        "confidence": 0.7568,
        "length_m": 4.28,
        "width_m": 1.98,
        "heading_deg": 125.8,
        "aoi": "r1-kaivoksela",
        "source_layer": "Ortoilmakuva_2025_5cm",
        "zoom": 16,
        "status": "confirmed",
        "class": "car"
      }
    },
    {
      "type": "Feature",
      "geometry": {
        "type": "Polygon",
        "coordinates": [
          [
            [
              25493339.598,
              6683650.226
            ],
            [
              25493341.72,
              6683650.479
            ],
            [
              25493341.107,
              6683655.626
            ],
            [
              25493338.985,
              6683655.373
            ],
            [
              25493339.598,
              6683650.226
            ]
          ]
        ]
      },
      "properties": {
        "confidence": 0.7564,
        "length_m": 5.18,
        "width_m": 2.14,
        "heading_deg": 173.2,
        "aoi": "r1-kaivoksela",
        "source_layer": "Ortoilmakuva_2025_5cm",
        "zoom": 16,
        "status": "confirmed",
        "class": "car"
      }
    },
    {
      "type": "Feature",
      "geometry": {
        "type": "Polygon",
        "coordinates": [
          [
            [
              25493170.373,
              6683800.534
            ],
            [
              25493181.114,
              6683801.717
            ],
            [
              25493180.795,
              6683804.619
            ],
            [
              25493170.054,
              6683803.436
            ],
            [
              25493170.373,
              6683800.534
            ]
          ]
        ]
      },
      "properties": {
        "confidence": 0.7551,
        "length_m": 10.81,
        "width_m": 2.92,
        "heading_deg": 83.7,
        "aoi": "r1-kaivoksela",
        "source_layer": "Ortoilmakuva_2025_5cm",
        "zoom": 16,
        "status": "confirmed",
        "class": "truck"
      }
    },
    {
      "type": "Feature",
      "geometry": {
        "type": "Polygon",
        "coordinates": [
          [
            [
              25493298.491,
              6683707.655
            ],
            [
              25493308.09,
              6683709.063
            ],
            [
              25493307.65,
              6683712.065
            ],
            [
              25493298.051,
              6683710.657
            ],
            [
              25493298.491,
              6683707.655
            ]
          ]
        ]
      },
      "properties": {
        "confidence": 0.755,
        "length_m": 9.7,
        "width_m": 3.03,
        "heading_deg": 81.7,
        "aoi": "r1-kaivoksela",
        "source_layer": "Ortoilmakuva_2025_5cm",
        "zoom": 16,
        "status": "confirmed",
        "class": "truck"
      }
    },
    {
      "type": "Feature",
      "geometry": {
        "type": "Polygon",
        "coordinates": [
          [
            [
              25493045.414,
              6683701.886
            ],
            [
              25493045.456,
              6683704.569
            ],
            [
              25493040.007,
              6683704.656
            ],
            [
              25493039.964,
              6683701.973
            ],
            [
              25493045.414,
              6683701.886
            ]
          ]
        ]
      },
      "properties": {
        "confidence": 0.7546,
        "length_m": 5.45,
        "width_m": 2.68,
        "heading_deg": 90.9,
        "aoi": "r1-kaivoksela",
        "source_layer": "Ortoilmakuva_2025_5cm",
        "zoom": 16,
        "status": "confirmed",
        "class": "car"
      }
    },
    {
      "type": "Feature",
      "geometry": {
        "type": "Polygon",
        "coordinates": [
          [
            [
              25493045.233,
              6683726.867
            ],
            [
              25493045.428,
              6683729.051
            ],
            [
              25493040.975,
              6683729.449
            ],
            [
              25493040.78,
              6683727.264
            ],
            [
              25493045.233,
              6683726.867
            ]
          ]
        ]
      },
      "properties": {
        "confidence": 0.7539,
        "length_m": 4.47,
        "width_m": 2.19,
        "heading_deg": 95.1,
        "aoi": "r1-kaivoksela",
        "source_layer": "Ortoilmakuva_2025_5cm",
        "zoom": 16,
        "status": "confirmed",
        "class": "car"
      }
    },
    {
      "type": "Feature",
      "geometry": {
        "type": "Polygon",
        "coordinates": [
          [
            [
              25493045.404,
              6683666.562
            ],
            [
              25493045.331,
              6683669.056
            ],
            [
              25493040.252,
              6683668.908
            ],
            [
              25493040.325,
              6683666.413
            ],
            [
              25493045.404,
              6683666.562
            ]
          ]
        ]
      },
      "properties": {
        "confidence": 0.7526,
        "length_m": 5.08,
        "width_m": 2.5,
        "heading_deg": 88.3,
        "aoi": "r1-kaivoksela",
        "source_layer": "Ortoilmakuva_2025_5cm",
        "zoom": 16,
        "status": "confirmed",
        "class": "car"
      }
    },
    {
      "type": "Feature",
      "geometry": {
        "type": "Polygon",
        "coordinates": [
          [
            [
              25493179.004,
              6683651.267
            ],
            [
              25493189.35,
              6683652.899
            ],
            [
              25493188.871,
              6683655.936
            ],
            [
              25493178.525,
              6683654.304
            ],
            [
              25493179.004,
              6683651.267
            ]
          ]
        ]
      },
      "properties": {
        "confidence": 0.7508,
        "length_m": 10.47,
        "width_m": 3.07,
        "heading_deg": 81,
        "aoi": "r1-kaivoksela",
        "source_layer": "Ortoilmakuva_2025_5cm",
        "zoom": 16,
        "status": "confirmed",
        "class": "truck"
      }
    },
    {
      "type": "Feature",
      "geometry": {
        "type": "Polygon",
        "coordinates": [
          [
            [
              25493268.963,
              6683688.465
            ],
            [
              25493278.02,
              6683689.757
            ],
            [
              25493277.586,
              6683692.802
            ],
            [
              25493268.529,
              6683691.51
            ],
            [
              25493268.963,
              6683688.465
            ]
          ]
        ]
      },
      "properties": {
        "confidence": 0.7507,
        "length_m": 9.15,
        "width_m": 3.08,
        "heading_deg": 81.9,
        "aoi": "r1-kaivoksela",
        "source_layer": "Ortoilmakuva_2025_5cm",
        "zoom": 16,
        "status": "confirmed",
        "class": "truck"
      }
    },
    {
      "type": "Feature",
      "geometry": {
        "type": "Polygon",
        "coordinates": [
          [
            [
              25493045.006,
              6683712.142
            ],
            [
              25493045.109,
              6683714.324
            ],
            [
              25493040.747,
              6683714.53
            ],
            [
              25493040.644,
              6683712.348
            ],
            [
              25493045.006,
              6683712.142
            ]
          ]
        ]
      },
      "properties": {
        "confidence": 0.7487,
        "length_m": 4.37,
        "width_m": 2.18,
        "heading_deg": 92.7,
        "aoi": "r1-kaivoksela",
        "source_layer": "Ortoilmakuva_2025_5cm",
        "zoom": 16,
        "status": "confirmed",
        "class": "car"
      }
    },
    {
      "type": "Feature",
      "geometry": {
        "type": "Polygon",
        "coordinates": [
          [
            [
              25493173.262,
              6683792.762
            ],
            [
              25493184.176,
              6683793.581
            ],
            [
              25493183.965,
              6683796.388
            ],
            [
              25493173.052,
              6683795.569
            ],
            [
              25493173.262,
              6683792.762
            ]
          ]
        ]
      },
      "properties": {
        "confidence": 0.7483,
        "length_m": 10.94,
        "width_m": 2.81,
        "heading_deg": 85.7,
        "aoi": "r1-kaivoksela",
        "source_layer": "Ortoilmakuva_2025_5cm",
        "zoom": 16,
        "status": "confirmed",
        "class": "truck"
      }
    },
    {
      "type": "Feature",
      "geometry": {
        "type": "Polygon",
        "coordinates": [
          [
            [
              25493270.109,
              6683677.916
            ],
            [
              25493279.104,
              6683678.573
            ],
            [
              25493278.878,
              6683681.664
            ],
            [
              25493269.883,
              6683681.007
            ],
            [
              25493270.109,
              6683677.916
            ]
          ]
        ]
      },
      "properties": {
        "confidence": 0.7483,
        "length_m": 9.02,
        "width_m": 3.1,
        "heading_deg": 85.8,
        "aoi": "r1-kaivoksela",
        "source_layer": "Ortoilmakuva_2025_5cm",
        "zoom": 16,
        "status": "confirmed",
        "class": "truck"
      }
    },
    {
      "type": "Feature",
      "geometry": {
        "type": "Polygon",
        "coordinates": [
          [
            [
              25493169.921,
              6683759.58
            ],
            [
              25493179.073,
              6683759.736
            ],
            [
              25493179.027,
              6683762.451
            ],
            [
              25493169.874,
              6683762.295
            ],
            [
              25493169.921,
              6683759.58
            ]
          ]
        ]
      },
      "properties": {
        "confidence": 0.7482,
        "length_m": 9.15,
        "width_m": 2.72,
        "heading_deg": 89,
        "aoi": "r1-kaivoksela",
        "source_layer": "Ortoilmakuva_2025_5cm",
        "zoom": 16,
        "status": "confirmed",
        "class": "truck"
      }
    },
    {
      "type": "Feature",
      "geometry": {
        "type": "Polygon",
        "coordinates": [
          [
            [
              25493170.45,
              6683605.517
            ],
            [
              25493172.109,
              6683606.652
            ],
            [
              25493169.609,
              6683610.308
            ],
            [
              25493167.95,
              6683609.173
            ],
            [
              25493170.45,
              6683605.517
            ]
          ]
        ]
      },
      "properties": {
        "confidence": 0.7479,
        "length_m": 4.43,
        "width_m": 2.01,
        "heading_deg": 145.6,
        "aoi": "r1-kaivoksela",
        "source_layer": "Ortoilmakuva_2025_5cm",
        "zoom": 16,
        "status": "confirmed",
        "class": "car"
      }
    },
    {
      "type": "Feature",
      "geometry": {
        "type": "Polygon",
        "coordinates": [
          [
            [
              25493297.104,
              6683733.298
            ],
            [
              25493300.366,
              6683736.695
            ],
            [
              25493298.549,
              6683738.441
            ],
            [
              25493295.287,
              6683735.044
            ],
            [
              25493297.104,
              6683733.298
            ]
          ]
        ]
      },
      "properties": {
        "confidence": 0.7457,
        "length_m": 4.71,
        "width_m": 2.52,
        "heading_deg": 43.8,
        "aoi": "r1-kaivoksela",
        "source_layer": "Ortoilmakuva_2025_5cm",
        "zoom": 16,
        "status": "confirmed",
        "class": "car"
      }
    },
    {
      "type": "Feature",
      "geometry": {
        "type": "Polygon",
        "coordinates": [
          [
            [
              25493247.857,
              6683592.315
            ],
            [
              25493252.792,
              6683592.68
            ],
            [
              25493252.626,
              6683594.923
            ],
            [
              25493247.691,
              6683594.559
            ],
            [
              25493247.857,
              6683592.315
            ]
          ]
        ]
      },
      "properties": {
        "confidence": 0.7432,
        "length_m": 4.95,
        "width_m": 2.25,
        "heading_deg": 85.8,
        "aoi": "r1-kaivoksela",
        "source_layer": "Ortoilmakuva_2025_5cm",
        "zoom": 16,
        "status": "confirmed",
        "class": "car"
      }
    },
    {
      "type": "Feature",
      "geometry": {
        "type": "Polygon",
        "coordinates": [
          [
            [
              25493229.954,
              6683550.532
            ],
            [
              25493236.021,
              6683551.497
            ],
            [
              25493235.636,
              6683553.924
            ],
            [
              25493229.568,
              6683552.96
            ],
            [
              25493229.954,
              6683550.532
            ]
          ]
        ]
      },
      "properties": {
        "confidence": 0.7393,
        "length_m": 6.14,
        "width_m": 2.46,
        "heading_deg": 81,
        "aoi": "r1-kaivoksela",
        "source_layer": "Ortoilmakuva_2025_5cm",
        "zoom": 16,
        "status": "rejected",
        "class": ""
      }
    },
    {
      "type": "Feature",
      "geometry": {
        "type": "Polygon",
        "coordinates": [
          [
            [
              25493045.229,
              6683731.998
            ],
            [
              25493045.301,
              6683734.214
            ],
            [
              25493040.843,
              6683734.359
            ],
            [
              25493040.771,
              6683732.143
            ],
            [
              25493045.229,
              6683731.998
            ]
          ]
        ]
      },
      "properties": {
        "confidence": 0.7387,
        "length_m": 4.46,
        "width_m": 2.22,
        "heading_deg": 91.9,
        "aoi": "r1-kaivoksela",
        "source_layer": "Ortoilmakuva_2025_5cm",
        "zoom": 16,
        "status": "confirmed",
        "class": "car"
      }
    },
    {
      "type": "Feature",
      "geometry": {
        "type": "Polygon",
        "coordinates": [
          [
            [
              25493176.571,
              6683593.705
            ],
            [
              25493176.521,
              6683596.543
            ],
            [
              25493168.072,
              6683596.395
            ],
            [
              25493168.122,
              6683593.556
            ],
            [
              25493176.571,
              6683593.705
            ]
          ]
        ]
      },
      "properties": {
        "confidence": 0.7318,
        "length_m": 8.45,
        "width_m": 2.84,
        "heading_deg": 89,
        "aoi": "r1-kaivoksela",
        "source_layer": "Ortoilmakuva_2025_5cm",
        "zoom": 16,
        "status": "confirmed",
        "class": "truck"
      }
    },
    {
      "type": "Feature",
      "geometry": {
        "type": "Polygon",
        "coordinates": [
          [
            [
              25493242.944,
              6683605.188
            ],
            [
              25493245.38,
              6683605.349
            ],
            [
              25493244.871,
              6683613.023
            ],
            [
              25493242.434,
              6683612.861
            ],
            [
              25493242.944,
              6683605.188
            ]
          ]
        ]
      },
      "properties": {
        "confidence": 0.7305,
        "length_m": 7.69,
        "width_m": 2.44,
        "heading_deg": 176.2,
        "aoi": "r1-kaivoksela",
        "source_layer": "Ortoilmakuva_2025_5cm",
        "zoom": 16,
        "status": "confirmed",
        "class": "van"
      }
    },
    {
      "type": "Feature",
      "geometry": {
        "type": "Polygon",
        "coordinates": [
          [
            [
              25493234.247,
              6683772.483
            ],
            [
              25493241.144,
              6683772.809
            ],
            [
              25493241.02,
              6683775.414
            ],
            [
              25493234.124,
              6683775.088
            ],
            [
              25493234.247,
              6683772.483
            ]
          ]
        ]
      },
      "properties": {
        "confidence": 0.73,
        "length_m": 6.9,
        "width_m": 2.61,
        "heading_deg": 87.3,
        "aoi": "r1-kaivoksela",
        "source_layer": "Ortoilmakuva_2025_5cm",
        "zoom": 16,
        "status": "confirmed",
        "class": "van"
      }
    },
    {
      "type": "Feature",
      "geometry": {
        "type": "Polygon",
        "coordinates": [
          [
            [
              25493216.881,
              6683560.549
            ],
            [
              25493223.071,
              6683560.907
            ],
            [
              25493222.922,
              6683563.486
            ],
            [
              25493216.732,
              6683563.128
            ],
            [
              25493216.881,
              6683560.549
            ]
          ]
        ]
      },
      "properties": {
        "confidence": 0.7299,
        "length_m": 6.2,
        "width_m": 2.58,
        "heading_deg": 86.7,
        "aoi": "r1-kaivoksela",
        "source_layer": "Ortoilmakuva_2025_5cm",
        "zoom": 16,
        "status": "rejected",
        "class": ""
      }
    },
    {
      "type": "Feature",
      "geometry": {
        "type": "Polygon",
        "coordinates": [
          [
            [
              25493048.431,
              6683797.041
            ],
            [
              25493048.491,
              6683799.336
            ],
            [
              25493044.032,
              6683799.452
            ],
            [
              25493043.973,
              6683797.156
            ],
            [
              25493048.431,
              6683797.041
            ]
          ]
        ]
      },
      "properties": {
        "confidence": 0.7282,
        "length_m": 4.46,
        "width_m": 2.3,
        "heading_deg": 91.5,
        "aoi": "r1-kaivoksela",
        "source_layer": "Ortoilmakuva_2025_5cm",
        "zoom": 16,
        "status": "confirmed",
        "class": "car"
      }
    },
    {
      "type": "Feature",
      "geometry": {
        "type": "Polygon",
        "coordinates": [
          [
            [
              25493179.52,
              6683656.592
            ],
            [
              25493169.412,
              6683653.788
            ],
            [
              25493168.619,
              6683656.647
            ],
            [
              25493178.727,
              6683659.451
            ],
            [
              25493179.52,
              6683656.592
            ]
          ]
        ]
      },
      "properties": {
        "confidence": 0.7279,
        "length_m": 10.49,
        "width_m": 2.97,
        "heading_deg": 74.5,
        "aoi": "r1-kaivoksela",
        "source_layer": "Ortoilmakuva_2025_5cm",
        "zoom": 16,
        "status": "confirmed",
        "class": "truck"
      }
    },
    {
      "type": "Feature",
      "geometry": {
        "type": "Polygon",
        "coordinates": [
          [
            [
              25493169.341,
              6683763.442
            ],
            [
              25493178.893,
              6683763.546
            ],
            [
              25493178.859,
              6683766.721
            ],
            [
              25493169.307,
              6683766.617
            ],
            [
              25493169.341,
              6683763.442
            ]
          ]
        ]
      },
      "properties": {
        "confidence": 0.7225,
        "length_m": 9.55,
        "width_m": 3.18,
        "heading_deg": 89.4,
        "aoi": "r1-kaivoksela",
        "source_layer": "Ortoilmakuva_2025_5cm",
        "zoom": 16,
        "status": "confirmed",
        "class": "truck"
      }
    },
    {
      "type": "Feature",
      "geometry": {
        "type": "Polygon",
        "coordinates": [
          [
            [
              25493231.096,
              6683647.945
            ],
            [
              25493238.784,
              6683648.16
            ],
            [
              25493238.715,
              6683650.601
            ],
            [
              25493231.028,
              6683650.386
            ],
            [
              25493231.096,
              6683647.945
            ]
          ]
        ]
      },
      "properties": {
        "confidence": 0.7224,
        "length_m": 7.69,
        "width_m": 2.44,
        "heading_deg": 88.4,
        "aoi": "r1-kaivoksela",
        "source_layer": "Ortoilmakuva_2025_5cm",
        "zoom": 16,
        "status": "confirmed",
        "class": "van"
      }
    },
    {
      "type": "Feature",
      "geometry": {
        "type": "Polygon",
        "coordinates": [
          [
            [
              25493177.766,
              6683651.705
            ],
            [
              25493167,
              6683650.136
            ],
            [
              25493166.537,
              6683653.312
            ],
            [
              25493177.303,
              6683654.881
            ],
            [
              25493177.766,
              6683651.705
            ]
          ]
        ]
      },
      "properties": {
        "confidence": 0.7215,
        "length_m": 10.88,
        "width_m": 3.21,
        "heading_deg": 81.7,
        "aoi": "r1-kaivoksela",
        "source_layer": "Ortoilmakuva_2025_5cm",
        "zoom": 16,
        "status": "confirmed",
        "class": "truck"
      }
    },
    {
      "type": "Feature",
      "geometry": {
        "type": "Polygon",
        "coordinates": [
          [
            [
              25493045.831,
              6683739.198
            ],
            [
              25493045.869,
              6683741.904
            ],
            [
              25493039.892,
              6683741.987
            ],
            [
              25493039.854,
              6683739.281
            ],
            [
              25493045.831,
              6683739.198
            ]
          ]
        ]
      },
      "properties": {
        "confidence": 0.7214,
        "length_m": 5.98,
        "width_m": 2.71,
        "heading_deg": 90.8,
        "aoi": "r1-kaivoksela",
        "source_layer": "Ortoilmakuva_2025_5cm",
        "zoom": 16,
        "status": "confirmed",
        "class": "van"
      }
    },
    {
      "type": "Feature",
      "geometry": {
        "type": "Polygon",
        "coordinates": [
          [
            [
              25493291.113,
              6683758.477
            ],
            [
              25493291.08,
              6683760.715
            ],
            [
              25493286.334,
              6683760.644
            ],
            [
              25493286.367,
              6683758.407
            ],
            [
              25493291.113,
              6683758.477
            ]
          ]
        ]
      },
      "properties": {
        "confidence": 0.7163,
        "length_m": 4.75,
        "width_m": 2.24,
        "heading_deg": 89.1,
        "aoi": "r1-kaivoksela",
        "source_layer": "Ortoilmakuva_2025_5cm",
        "zoom": 16,
        "status": "confirmed",
        "class": "car"
      }
    },
    {
      "type": "Feature",
      "geometry": {
        "type": "Polygon",
        "coordinates": [
          [
            [
              25493299.506,
              6683781.77
            ],
            [
              25493304.437,
              6683782.143
            ],
            [
              25493304.24,
              6683784.753
            ],
            [
              25493299.309,
              6683784.381
            ],
            [
              25493299.506,
              6683781.77
            ]
          ]
        ]
      },
      "properties": {
        "confidence": 0.7135,
        "length_m": 4.95,
        "width_m": 2.62,
        "heading_deg": 85.7,
        "aoi": "r1-kaivoksela",
        "source_layer": "Ortoilmakuva_2025_5cm",
        "zoom": 16,
        "status": "confirmed",
        "class": "car"
      }
    },
    {
      "type": "Feature",
      "geometry": {
        "type": "Polygon",
        "coordinates": [
          [
            [
              25493167.31,
              6683597.079
            ],
            [
              25493177.529,
              6683597.842
            ],
            [
              25493177.302,
              6683600.888
            ],
            [
              25493167.082,
              6683600.125
            ],
            [
              25493167.31,
              6683597.079
            ]
          ]
        ]
      },
      "properties": {
        "confidence": 0.7128,
        "length_m": 10.25,
        "width_m": 3.05,
        "heading_deg": 85.7,
        "aoi": "r1-kaivoksela",
        "source_layer": "Ortoilmakuva_2025_5cm",
        "zoom": 16,
        "status": "confirmed",
        "class": "truck"
      }
    },
    {
      "type": "Feature",
      "geometry": {
        "type": "Polygon",
        "coordinates": [
          [
            [
              25493045.502,
              6683734.447
            ],
            [
              25493045.623,
              6683736.586
            ],
            [
              25493041.577,
              6683736.814
            ],
            [
              25493041.457,
              6683734.675
            ],
            [
              25493045.502,
              6683734.447
            ]
          ]
        ]
      },
      "properties": {
        "confidence": 0.7087,
        "length_m": 4.05,
        "width_m": 2.14,
        "heading_deg": 93.2,
        "aoi": "r1-kaivoksela",
        "source_layer": "Ortoilmakuva_2025_5cm",
        "zoom": 16,
        "status": "confirmed",
        "class": "car"
      }
    },
    {
      "type": "Feature",
      "geometry": {
        "type": "Polygon",
        "coordinates": [
          [
            [
              25493310.692,
              6683706.576
            ],
            [
              25493315.794,
              6683707.222
            ],
            [
              25493315.497,
              6683709.567
            ],
            [
              25493310.395,
              6683708.922
            ],
            [
              25493310.692,
              6683706.576
            ]
          ]
        ]
      },
      "properties": {
        "confidence": 0.7079,
        "length_m": 5.14,
        "width_m": 2.36,
        "heading_deg": 82.8,
        "aoi": "r1-kaivoksela",
        "source_layer": "Ortoilmakuva_2025_5cm",
        "zoom": 16,
        "status": "confirmed",
        "class": "car"
      }
    },
    {
      "type": "Feature",
      "geometry": {
        "type": "Polygon",
        "coordinates": [
          [
            [
              25493246.709,
              6683581.965
            ],
            [
              25493253.061,
              6683582.413
            ],
            [
              25493252.88,
              6683584.986
            ],
            [
              25493246.527,
              6683584.539
            ],
            [
              25493246.709,
              6683581.965
            ]
          ]
        ]
      },
      "properties": {
        "confidence": 0.7066,
        "length_m": 6.37,
        "width_m": 2.58,
        "heading_deg": 86,
        "aoi": "r1-kaivoksela",
        "source_layer": "Ortoilmakuva_2025_5cm",
        "zoom": 16,
        "status": "rejected",
        "class": ""
      }
    },
    {
      "type": "Feature",
      "geometry": {
        "type": "Polygon",
        "coordinates": [
          [
            [
              25493041.224,
              6683656.623
            ],
            [
              25493046.006,
              6683656.968
            ],
            [
              25493045.826,
              6683659.468
            ],
            [
              25493041.044,
              6683659.124
            ],
            [
              25493041.224,
              6683656.623
            ]
          ]
        ]
      },
      "properties": {
        "confidence": 0.7057,
        "length_m": 4.79,
        "width_m": 2.51,
        "heading_deg": 85.9,
        "aoi": "r1-kaivoksela",
        "source_layer": "Ortoilmakuva_2025_5cm",
        "zoom": 16,
        "status": "confirmed",
        "class": "van"
      }
    },
    {
      "type": "Feature",
      "geometry": {
        "type": "Polygon",
        "coordinates": [
          [
            [
              25493149.362,
              6683709.87
            ],
            [
              25493138.361,
              6683709.66
            ],
            [
              25493138.303,
              6683712.725
            ],
            [
              25493149.303,
              6683712.935
            ],
            [
              25493149.362,
              6683709.87
            ]
          ]
        ]
      },
      "properties": {
        "confidence": 0.702,
        "length_m": 11,
        "width_m": 3.07,
        "heading_deg": 88.9,
        "aoi": "r1-kaivoksela",
        "source_layer": "Ortoilmakuva_2025_5cm",
        "zoom": 16,
        "status": "confirmed",
        "class": "truck"
      }
    },
    {
      "type": "Feature",
      "geometry": {
        "type": "Polygon",
        "coordinates": [
          [
            [
              25493240.119,
              6683604.654
            ],
            [
              25493242.501,
              6683604.847
            ],
            [
              25493241.876,
              6683612.553
            ],
            [
              25493239.495,
              6683612.36
            ],
            [
              25493240.119,
              6683604.654
            ]
          ]
        ]
      },
      "properties": {
        "confidence": 0.7006,
        "length_m": 7.73,
        "width_m": 2.39,
        "heading_deg": 175.4,
        "aoi": "r1-kaivoksela",
        "source_layer": "Ortoilmakuva_2025_5cm",
        "zoom": 16,
        "status": "confirmed",
        "class": "van"
      }
    },
    {
      "type": "Feature",
      "geometry": {
        "type": "Polygon",
        "coordinates": [
          [
            [
              25493271.823,
              6683645.202
            ],
            [
              25493273.797,
              6683645.943
            ],
            [
              25493272.108,
              6683650.438
            ],
            [
              25493270.134,
              6683649.696
            ],
            [
              25493271.823,
              6683645.202
            ]
          ]
        ]
      },
      "properties": {
        "confidence": 0.7003,
        "length_m": 4.8,
        "width_m": 2.11,
        "heading_deg": 159.4,
        "aoi": "r1-kaivoksela",
        "source_layer": "Ortoilmakuva_2025_5cm",
        "zoom": 16,
        "status": "confirmed",
        "class": "car"
      }
    },
    {
      "type": "Feature",
      "geometry": {
        "type": "Polygon",
        "coordinates": [
          [
            [
              25493259.059,
              6683690.629
            ],
            [
              25493268.739,
              6683692.085
            ],
            [
              25493268.303,
              6683694.985
            ],
            [
              25493258.623,
              6683693.53
            ],
            [
              25493259.059,
              6683690.629
            ]
          ]
        ]
      },
      "properties": {
        "confidence": 0.6952,
        "length_m": 9.79,
        "width_m": 2.93,
        "heading_deg": 81.4,
        "aoi": "r1-kaivoksela",
        "source_layer": "Ortoilmakuva_2025_5cm",
        "zoom": 16,
        "status": "confirmed",
        "class": "truck"
      }
    },
    {
      "type": "Feature",
      "geometry": {
        "type": "Polygon",
        "coordinates": [
          [
            [
              25493258.021,
              6683707.918
            ],
            [
              25493260.022,
              6683708.981
            ],
            [
              25493257.712,
              6683713.329
            ],
            [
              25493255.711,
              6683712.266
            ],
            [
              25493258.021,
              6683707.918
            ]
          ]
        ]
      },
      "properties": {
        "confidence": 0.6936,
        "length_m": 4.92,
        "width_m": 2.27,
        "heading_deg": 152,
        "aoi": "r1-kaivoksela",
        "source_layer": "Ortoilmakuva_2025_5cm",
        "zoom": 16,
        "status": "confirmed",
        "class": "car"
      }
    },
    {
      "type": "Feature",
      "geometry": {
        "type": "Polygon",
        "coordinates": [
          [
            [
              25493137.536,
              6683749.226
            ],
            [
              25493142.448,
              6683749.78
            ],
            [
              25493142.18,
              6683752.155
            ],
            [
              25493137.268,
              6683751.601
            ],
            [
              25493137.536,
              6683749.226
            ]
          ]
        ]
      },
      "properties": {
        "confidence": 0.6882,
        "length_m": 4.94,
        "width_m": 2.39,
        "heading_deg": 83.6,
        "aoi": "r1-kaivoksela",
        "source_layer": "Ortoilmakuva_2025_5cm",
        "zoom": 16,
        "status": "confirmed",
        "class": "car"
      }
    },
    {
      "type": "Feature",
      "geometry": {
        "type": "Polygon",
        "coordinates": [
          [
            [
              25493235.437,
              6683682.961
            ],
            [
              25493241.06,
              6683683.375
            ],
            [
              25493240.884,
              6683685.762
            ],
            [
              25493235.261,
              6683685.347
            ],
            [
              25493235.437,
              6683682.961
            ]
          ]
        ]
      },
      "properties": {
        "confidence": 0.6816,
        "length_m": 5.64,
        "width_m": 2.39,
        "heading_deg": 85.8,
        "aoi": "r1-kaivoksela",
        "source_layer": "Ortoilmakuva_2025_5cm",
        "zoom": 16,
        "status": "confirmed",
        "class": "van"
      }
    },
    {
      "type": "Feature",
      "geometry": {
        "type": "Polygon",
        "coordinates": [
          [
            [
              25493286.471,
              6683760.393
            ],
            [
              25493292.127,
              6683760.953
            ],
            [
              25493291.877,
              6683763.481
            ],
            [
              25493286.221,
              6683762.922
            ],
            [
              25493286.471,
              6683760.393
            ]
          ]
        ]
      },
      "properties": {
        "confidence": 0.6753,
        "length_m": 5.68,
        "width_m": 2.54,
        "heading_deg": 84.3,
        "aoi": "r1-kaivoksela",
        "source_layer": "Ortoilmakuva_2025_5cm",
        "zoom": 16,
        "status": "rejected",
        "class": ""
      }
    },
    {
      "type": "Feature",
      "geometry": {
        "type": "Polygon",
        "coordinates": [
          [
            [
              25493235.241,
              6683751.88
            ],
            [
              25493241.517,
              6683755.668
            ],
            [
              25493240.003,
              6683758.177
            ],
            [
              25493233.727,
              6683754.389
            ],
            [
              25493235.241,
              6683751.88
            ]
          ]
        ]
      },
      "properties": {
        "confidence": 0.6746,
        "length_m": 7.33,
        "width_m": 2.93,
        "heading_deg": 58.9,
        "aoi": "r1-kaivoksela",
        "source_layer": "Ortoilmakuva_2025_5cm",
        "zoom": 16,
        "status": "confirmed",
        "class": "truck"
      }
    },
    {
      "type": "Feature",
      "geometry": {
        "type": "Polygon",
        "coordinates": [
          [
            [
              25493299.156,
              6683786.985
            ],
            [
              25493304.206,
              6683787.262
            ],
            [
              25493304.065,
              6683789.84
            ],
            [
              25493299.015,
              6683789.563
            ],
            [
              25493299.156,
              6683786.985
            ]
          ]
        ]
      },
      "properties": {
        "confidence": 0.6712,
        "length_m": 5.06,
        "width_m": 2.58,
        "heading_deg": 86.9,
        "aoi": "r1-kaivoksela",
        "source_layer": "Ortoilmakuva_2025_5cm",
        "zoom": 16,
        "status": "confirmed",
        "class": "car"
      }
    },
    {
      "type": "Feature",
      "geometry": {
        "type": "Polygon",
        "coordinates": [
          [
            [
              25493148.713,
              6683706.276
            ],
            [
              25493148.769,
              6683708.383
            ],
            [
              25493143.835,
              6683708.514
            ],
            [
              25493143.78,
              6683706.407
            ],
            [
              25493148.713,
              6683706.276
            ]
          ]
        ]
      },
      "properties": {
        "confidence": 0.6689,
        "length_m": 4.94,
        "width_m": 2.11,
        "heading_deg": 91.5,
        "aoi": "r1-kaivoksela",
        "source_layer": "Ortoilmakuva_2025_5cm",
        "zoom": 16,
        "status": "confirmed",
        "class": "car"
      }
    },
    {
      "type": "Feature",
      "geometry": {
        "type": "Polygon",
        "coordinates": [
          [
            [
              25493145.686,
              6683623.111
            ],
            [
              25493156.227,
              6683624.71
            ],
            [
              25493155.777,
              6683627.673
            ],
            [
              25493145.236,
              6683626.074
            ],
            [
              25493145.686,
              6683623.111
            ]
          ]
        ]
      },
      "properties": {
        "confidence": 0.6673,
        "length_m": 10.66,
        "width_m": 3,
        "heading_deg": 81.4,
        "aoi": "r1-kaivoksela",
        "source_layer": "Ortoilmakuva_2025_5cm",
        "zoom": 16,
        "status": "confirmed",
        "class": "truck"
      }
    },
    {
      "type": "Feature",
      "geometry": {
        "type": "Polygon",
        "coordinates": [
          [
            [
              25493160.618,
              6683695.197
            ],
            [
              25493171.758,
              6683699.338
            ],
            [
              25493170.803,
              6683701.908
            ],
            [
              25493159.663,
              6683697.766
            ],
            [
              25493160.618,
              6683695.197
            ]
          ]
        ]
      },
      "properties": {
        "confidence": 0.6592,
        "length_m": 11.88,
        "width_m": 2.74,
        "heading_deg": 69.6,
        "aoi": "r1-kaivoksela",
        "source_layer": "Ortoilmakuva_2025_5cm",
        "zoom": 16,
        "status": "rejected",
        "class": ""
      }
    },
    {
      "type": "Feature",
      "geometry": {
        "type": "Polygon",
        "coordinates": [
          [
            [
              25493045.616,
              6683691.73
            ],
            [
              25493045.73,
              6683694.175
            ],
            [
              25493040.633,
              6683694.413
            ],
            [
              25493040.519,
              6683691.969
            ],
            [
              25493045.616,
              6683691.73
            ]
          ]
        ]
      },
      "properties": {
        "confidence": 0.6524,
        "length_m": 5.1,
        "width_m": 2.45,
        "heading_deg": 92.7,
        "aoi": "r1-kaivoksela",
        "source_layer": "Ortoilmakuva_2025_5cm",
        "zoom": 16,
        "status": "confirmed",
        "class": "van"
      }
    },
    {
      "type": "Feature",
      "geometry": {
        "type": "Polygon",
        "coordinates": [
          [
            [
              25493233.517,
              6683778.373
            ],
            [
              25493239.146,
              6683778.67
            ],
            [
              25493239.011,
              6683781.233
            ],
            [
              25493233.382,
              6683780.936
            ],
            [
              25493233.517,
              6683778.373
            ]
          ]
        ]
      },
      "properties": {
        "confidence": 0.646,
        "length_m": 5.64,
        "width_m": 2.57,
        "heading_deg": 87,
        "aoi": "r1-kaivoksela",
        "source_layer": "Ortoilmakuva_2025_5cm",
        "zoom": 16,
        "status": "confirmed",
        "class": "van"
      }
    },
    {
      "type": "Feature",
      "geometry": {
        "type": "Polygon",
        "coordinates": [
          [
            [
              25493229.481,
              6683557.128
            ],
            [
              25493236.704,
              6683558.196
            ],
            [
              25493236.309,
              6683560.864
            ],
            [
              25493229.087,
              6683559.796
            ],
            [
              25493229.481,
              6683557.128
            ]
          ]
        ]
      },
      "properties": {
        "confidence": 0.6453,
        "length_m": 7.3,
        "width_m": 2.7,
        "heading_deg": 81.6,
        "aoi": "r1-kaivoksela",
        "source_layer": "Ortoilmakuva_2025_5cm",
        "zoom": 16,
        "status": "confirmed",
        "class": "van"
      }
    },
    {
      "type": "Feature",
      "geometry": {
        "type": "Polygon",
        "coordinates": [
          [
            [
              25493341.977,
              6683689.303
            ],
            [
              25493342.14,
              6683684.408
            ],
            [
              25493339.874,
              6683684.333
            ],
            [
              25493339.711,
              6683689.227
            ],
            [
              25493341.977,
              6683689.303
            ]
          ]
        ]
      },
      "properties": {
        "confidence": 0.643,
        "length_m": 4.9,
        "width_m": 2.27,
        "heading_deg": 178.1,
        "aoi": "r1-kaivoksela",
        "source_layer": "Ortoilmakuva_2025_5cm",
        "zoom": 16,
        "status": "confirmed",
        "class": "car"
      }
    },
    {
      "type": "Feature",
      "geometry": {
        "type": "Polygon",
        "coordinates": [
          [
            [
              25493229.858,
              6683553.739
            ],
            [
              25493235.985,
              6683554.6
            ],
            [
              25493235.661,
              6683556.901
            ],
            [
              25493229.535,
              6683556.039
            ],
            [
              25493229.858,
              6683553.739
            ]
          ]
        ]
      },
      "properties": {
        "confidence": 0.6392,
        "length_m": 6.19,
        "width_m": 2.32,
        "heading_deg": 82,
        "aoi": "r1-kaivoksela",
        "source_layer": "Ortoilmakuva_2025_5cm",
        "zoom": 16,
        "status": "rejected",
        "class": ""
      }
    },
    {
      "type": "Feature",
      "geometry": {
        "type": "Polygon",
        "coordinates": [
          [
            [
              25493283.798,
              6683794.923
            ],
            [
              25493291.246,
              6683795.718
            ],
            [
              25493290.918,
              6683798.783
            ],
            [
              25493283.471,
              6683797.988
            ],
            [
              25493283.798,
              6683794.923
            ]
          ]
        ]
      },
      "properties": {
        "confidence": 0.6357,
        "length_m": 7.49,
        "width_m": 3.08,
        "heading_deg": 83.9,
        "aoi": "r1-kaivoksela",
        "source_layer": "Ortoilmakuva_2025_5cm",
        "zoom": 16,
        "status": "rejected",
        "class": ""
      }
    },
    {
      "type": "Feature",
      "geometry": {
        "type": "Polygon",
        "coordinates": [
          [
            [
              25493148.464,
              6683580.271
            ],
            [
              25493155.045,
              6683580.769
            ],
            [
              25493154.817,
              6683583.779
            ],
            [
              25493148.236,
              6683583.28
            ],
            [
              25493148.464,
              6683580.271
            ]
          ]
        ]
      },
      "properties": {
        "confidence": 0.6173,
        "length_m": 6.6,
        "width_m": 3.02,
        "heading_deg": 85.7,
        "aoi": "r1-kaivoksela",
        "source_layer": "Ortoilmakuva_2025_5cm",
        "zoom": 16,
        "status": "rejected",
        "class": ""
      }
    },
    {
      "type": "Feature",
      "geometry": {
        "type": "Polygon",
        "coordinates": [
          [
            [
              25493230.088,
              6683638.335
            ],
            [
              25493235.249,
              6683639.015
            ],
            [
              25493234.925,
              6683641.47
            ],
            [
              25493229.764,
              6683640.79
            ],
            [
              25493230.088,
              6683638.335
            ]
          ]
        ]
      },
      "properties": {
        "confidence": 0.6146,
        "length_m": 5.21,
        "width_m": 2.48,
        "heading_deg": 82.5,
        "aoi": "r1-kaivoksela",
        "source_layer": "Ortoilmakuva_2025_5cm",
        "zoom": 16,
        "status": "confirmed",
        "class": "car"
      }
    },
    {
      "type": "Feature",
      "geometry": {
        "type": "Polygon",
        "coordinates": [
          [
            [
              25493142.135,
              6683757.189
            ],
            [
              25493142.067,
              6683759.551
            ],
            [
              25493137.459,
              6683759.417
            ],
            [
              25493137.527,
              6683757.055
            ],
            [
              25493142.135,
              6683757.189
            ]
          ]
        ]
      },
      "properties": {
        "confidence": 0.599,
        "length_m": 4.61,
        "width_m": 2.36,
        "heading_deg": 88.3,
        "aoi": "r1-kaivoksela",
        "source_layer": "Ortoilmakuva_2025_5cm",
        "zoom": 16,
        "status": "confirmed",
        "class": "van"
      }
    },
    {
      "type": "Feature",
      "geometry": {
        "type": "Polygon",
        "coordinates": [
          [
            [
              25493267.03,
              6683625.723
            ],
            [
              25493269.414,
              6683626.073
            ],
            [
              25493268.722,
              6683630.801
            ],
            [
              25493266.337,
              6683630.451
            ],
            [
              25493267.03,
              6683625.723
            ]
          ]
        ]
      },
      "properties": {
        "confidence": 0.5929,
        "length_m": 4.78,
        "width_m": 2.41,
        "heading_deg": 171.7,
        "aoi": "r1-kaivoksela",
        "source_layer": "Ortoilmakuva_2025_5cm",
        "zoom": 16,
        "status": "confirmed",
        "class": "car"
      }
    },
    {
      "type": "Feature",
      "geometry": {
        "type": "Polygon",
        "coordinates": [
          [
            [
              25493179.931,
              6683647.773
            ],
            [
              25493188.119,
              6683648.767
            ],
            [
              25493187.772,
              6683651.621
            ],
            [
              25493179.584,
              6683650.626
            ],
            [
              25493179.931,
              6683647.773
            ]
          ]
        ]
      },
      "properties": {
        "confidence": 0.5759,
        "length_m": 8.25,
        "width_m": 2.88,
        "heading_deg": 83.1,
        "aoi": "r1-kaivoksela",
        "source_layer": "Ortoilmakuva_2025_5cm",
        "zoom": 16,
        "status": "confirmed",
        "class": "truck"
      }
    },
    {
      "type": "Feature",
      "geometry": {
        "type": "Polygon",
        "coordinates": [
          [
            [
              25493148.043,
              6683583.866
            ],
            [
              25493154.104,
              6683584.044
            ],
            [
              25493154.024,
              6683586.776
            ],
            [
              25493147.963,
              6683586.598
            ],
            [
              25493148.043,
              6683583.866
            ]
          ]
        ]
      },
      "properties": {
        "confidence": 0.5756,
        "length_m": 6.06,
        "width_m": 2.73,
        "heading_deg": 88.3,
        "aoi": "r1-kaivoksela",
        "source_layer": "Ortoilmakuva_2025_5cm",
        "zoom": 16,
        "status": "confirmed",
        "class": "truck"
      }
    },
    {
      "type": "Feature",
      "geometry": {
        "type": "Polygon",
        "coordinates": [
          [
            [
              25493047.064,
              6683767.003
            ],
            [
              25493047.273,
              6683769.335
            ],
            [
              25493042.436,
              6683769.767
            ],
            [
              25493042.228,
              6683767.435
            ],
            [
              25493047.064,
              6683767.003
            ]
          ]
        ]
      },
      "properties": {
        "confidence": 0.5733,
        "length_m": 4.86,
        "width_m": 2.34,
        "heading_deg": 95.1,
        "aoi": "r1-kaivoksela",
        "source_layer": "Ortoilmakuva_2025_5cm",
        "zoom": 16,
        "status": "confirmed",
        "class": "car"
      }
    },
    {
      "type": "Feature",
      "geometry": {
        "type": "Polygon",
        "coordinates": [
          [
            [
              25493045.742,
              6683694.386
            ],
            [
              25493045.844,
              6683696.809
            ],
            [
              25493040.863,
              6683697.018
            ],
            [
              25493040.762,
              6683694.594
            ],
            [
              25493045.742,
              6683694.386
            ]
          ]
        ]
      },
      "properties": {
        "confidence": 0.564,
        "length_m": 4.99,
        "width_m": 2.43,
        "heading_deg": 92.4,
        "aoi": "r1-kaivoksela",
        "source_layer": "Ortoilmakuva_2025_5cm",
        "zoom": 16,
        "status": "confirmed",
        "class": "van"
      }
    },
    {
      "type": "Feature",
      "geometry": {
        "type": "Polygon",
        "coordinates": [
          [
            [
              25493229.687,
              6683547.648
            ],
            [
              25493235.838,
              6683548.223
            ],
            [
              25493235.617,
              6683550.587
            ],
            [
              25493229.466,
              6683550.012
            ],
            [
              25493229.687,
              6683547.648
            ]
          ]
        ]
      },
      "properties": {
        "confidence": 0.5563,
        "length_m": 6.18,
        "width_m": 2.37,
        "heading_deg": 84.7,
        "aoi": "r1-kaivoksela",
        "source_layer": "Ortoilmakuva_2025_5cm",
        "zoom": 16,
        "status": "confirmed",
        "class": "van"
      }
    },
    {
      "type": "Feature",
      "geometry": {
        "type": "Polygon",
        "coordinates": [
          [
            [
              25493229.655,
              6683560.898
            ],
            [
              25493235.622,
              6683561.519
            ],
            [
              25493235.345,
              6683564.183
            ],
            [
              25493229.377,
              6683563.563
            ],
            [
              25493229.655,
              6683560.898
            ]
          ]
        ]
      },
      "properties": {
        "confidence": 0.5425,
        "length_m": 6,
        "width_m": 2.68,
        "heading_deg": 84.1,
        "aoi": "r1-kaivoksela",
        "source_layer": "Ortoilmakuva_2025_5cm",
        "zoom": 16,
        "status": "rejected",
        "class": ""
      }
    },
    {
      "type": "Feature",
      "geometry": {
        "type": "Polygon",
        "coordinates": [
          [
            [
              25493177.366,
              6683599.335
            ],
            [
              25493177.361,
              6683600.879
            ],
            [
              25493166.587,
              6683600.843
            ],
            [
              25493166.592,
              6683599.299
            ],
            [
              25493177.366,
              6683599.335
            ]
          ]
        ]
      },
      "properties": {
        "confidence": 0.5425,
        "length_m": 10.77,
        "width_m": 1.54,
        "heading_deg": 89.8,
        "aoi": "r1-kaivoksela",
        "source_layer": "Ortoilmakuva_2025_5cm",
        "zoom": 16,
        "status": "rejected",
        "class": ""
      }
    },
    {
      "type": "Feature",
      "geometry": {
        "type": "Polygon",
        "coordinates": [
          [
            [
              25493298.582,
              6683792.201
            ],
            [
              25493303.642,
              6683792.514
            ],
            [
              25493303.487,
              6683795.02
            ],
            [
              25493298.427,
              6683794.707
            ],
            [
              25493298.582,
              6683792.201
            ]
          ]
        ]
      },
      "properties": {
        "confidence": 0.539,
        "length_m": 5.07,
        "width_m": 2.51,
        "heading_deg": 86.5,
        "aoi": "r1-kaivoksela",
        "source_layer": "Ortoilmakuva_2025_5cm",
        "zoom": 16,
        "status": "confirmed",
        "class": "car"
      }
    },
    {
      "type": "Feature",
      "geometry": {
        "type": "Polygon",
        "coordinates": [
          [
            [
              25493247.942,
              6683557.615
            ],
            [
              25493254.008,
              6683557.919
            ],
            [
              25493253.89,
              6683560.286
            ],
            [
              25493247.824,
              6683559.982
            ],
            [
              25493247.942,
              6683557.615
            ]
          ]
        ]
      },
      "properties": {
        "confidence": 0.5144,
        "length_m": 6.07,
        "width_m": 2.37,
        "heading_deg": 87.1,
        "aoi": "r1-kaivoksela",
        "source_layer": "Ortoilmakuva_2025_5cm",
        "zoom": 16,
        "status": "confirmed",
        "class": "van"
      }
    },
    {
      "type": "Feature",
      "geometry": {
        "type": "Polygon",
        "coordinates": [
          [
            [
              25493138.068,
              6683762.905
            ],
            [
              25493143.404,
              6683763.42
            ],
            [
              25493143.173,
              6683765.818
            ],
            [
              25493137.837,
              6683765.303
            ],
            [
              25493138.068,
              6683762.905
            ]
          ]
        ]
      },
      "properties": {
        "confidence": 0.4983,
        "length_m": 5.36,
        "width_m": 2.41,
        "heading_deg": 84.5,
        "aoi": "r1-kaivoksela",
        "source_layer": "Ortoilmakuva_2025_5cm",
        "zoom": 16,
        "status": "confirmed",
        "class": "van"
      }
    },
    {
      "type": "Feature",
      "geometry": {
        "type": "Polygon",
        "coordinates": [
          [
            [
              25493137.079,
              6683745.71
            ],
            [
              25493142.835,
              6683746.274
            ],
            [
              25493142.58,
              6683748.87
            ],
            [
              25493136.824,
              6683748.305
            ],
            [
              25493137.079,
              6683745.71
            ]
          ]
        ]
      },
      "properties": {
        "confidence": 0.494,
        "length_m": 5.78,
        "width_m": 2.61,
        "heading_deg": 84.4,
        "aoi": "r1-kaivoksela",
        "source_layer": "Ortoilmakuva_2025_5cm",
        "zoom": 16,
        "status": "rejected",
        "class": ""
      }
    },
    {
      "type": "Feature",
      "geometry": {
        "type": "Polygon",
        "coordinates": [
          [
            [
              25493248.137,
              6683529.433
            ],
            [
              25493255.377,
              6683530.002
            ],
            [
              25493255.137,
              6683533.065
            ],
            [
              25493247.896,
              6683532.497
            ],
            [
              25493248.137,
              6683529.433
            ]
          ]
        ]
      },
      "properties": {
        "confidence": 0.4776,
        "length_m": 7.26,
        "width_m": 3.07,
        "heading_deg": 85.5,
        "aoi": "r1-kaivoksela",
        "source_layer": "Ortoilmakuva_2025_5cm",
        "zoom": 16,
        "status": "confirmed",
        "class": "truck"
      }
    },
    {
      "type": "Feature",
      "geometry": {
        "type": "Polygon",
        "coordinates": [
          [
            [
              25493148.948,
              6683600.64
            ],
            [
              25493156.178,
              6683601.328
            ],
            [
              25493155.909,
              6683604.156
            ],
            [
              25493148.679,
              6683603.469
            ],
            [
              25493148.948,
              6683600.64
            ]
          ]
        ]
      },
      "properties": {
        "confidence": 0.4749,
        "length_m": 7.26,
        "width_m": 2.84,
        "heading_deg": 84.6,
        "aoi": "r1-kaivoksela",
        "source_layer": "Ortoilmakuva_2025_5cm",
        "zoom": 16,
        "status": "confirmed",
        "class": "truck"
      }
    },
    {
      "type": "Feature",
      "geometry": {
        "type": "Polygon",
        "coordinates": [
          [
            [
              25493187.749,
              6683572.146
            ],
            [
              25493192.126,
              6683573.078
            ],
            [
              25493191.671,
              6683575.216
            ],
            [
              25493187.294,
              6683574.283
            ],
            [
              25493187.749,
              6683572.146
            ]
          ]
        ]
      },
      "properties": {
        "confidence": 0.4747,
        "length_m": 4.48,
        "width_m": 2.19,
        "heading_deg": 78,
        "aoi": "r1-kaivoksela",
        "source_layer": "Ortoilmakuva_2025_5cm",
        "zoom": 16,
        "status": "confirmed",
        "class": "car"
      }
    },
    {
      "type": "Feature",
      "geometry": {
        "type": "Polygon",
        "coordinates": [
          [
            [
              25493281.954,
              6683694.712
            ],
            [
              25493272.017,
              6683692.745
            ],
            [
              25493271.456,
              6683695.58
            ],
            [
              25493281.393,
              6683697.547
            ],
            [
              25493281.954,
              6683694.712
            ]
          ]
        ]
      },
      "properties": {
        "confidence": 0.4737,
        "length_m": 10.13,
        "width_m": 2.89,
        "heading_deg": 78.8,
        "aoi": "r1-kaivoksela",
        "source_layer": "Ortoilmakuva_2025_5cm",
        "zoom": 16,
        "status": "confirmed",
        "class": "truck"
      }
    },
    {
      "type": "Feature",
      "geometry": {
        "type": "Polygon",
        "coordinates": [
          [
            [
              25493044.904,
              6683681.858
            ],
            [
              25493044.995,
              6683684.057
            ],
            [
              25493040.77,
              6683684.23
            ],
            [
              25493040.679,
              6683682.032
            ],
            [
              25493044.904,
              6683681.858
            ]
          ]
        ]
      },
      "properties": {
        "confidence": 0.4455,
        "length_m": 4.23,
        "width_m": 2.2,
        "heading_deg": 92.3,
        "aoi": "r1-kaivoksela",
        "source_layer": "Ortoilmakuva_2025_5cm",
        "zoom": 16,
        "status": "confirmed",
        "class": "car"
      }
    },
    {
      "type": "Feature",
      "geometry": {
        "type": "Polygon",
        "coordinates": [
          [
            [
              25493137.059,
              6683745.656
            ],
            [
              25493142.902,
              6683746.156
            ],
            [
              25493142.668,
              6683748.887
            ],
            [
              25493136.826,
              6683748.387
            ],
            [
              25493137.059,
              6683745.656
            ]
          ]
        ]
      },
      "properties": {
        "confidence": 0.4351,
        "length_m": 5.86,
        "width_m": 2.74,
        "heading_deg": 85.1,
        "aoi": "r1-kaivoksela",
        "source_layer": "Ortoilmakuva_2025_5cm",
        "zoom": 16,
        "status": "confirmed",
        "class": "van"
      }
    },
    {
      "type": "Feature",
      "geometry": {
        "type": "Polygon",
        "coordinates": [
          [
            [
              25493286.632,
              6683760.466
            ],
            [
              25493292.114,
              6683760.958
            ],
            [
              25493291.885,
              6683763.514
            ],
            [
              25493286.402,
              6683763.022
            ],
            [
              25493286.632,
              6683760.466
            ]
          ]
        ]
      },
      "properties": {
        "confidence": 0.4191,
        "length_m": 5.5,
        "width_m": 2.57,
        "heading_deg": 84.9,
        "aoi": "r1-kaivoksela",
        "source_layer": "Ortoilmakuva_2025_5cm",
        "zoom": 16,
        "status": "confirmed",
        "class": "van"
      }
    },
    {
      "type": "Feature",
      "geometry": {
        "type": "Polygon",
        "coordinates": [
          [
            [
              25493156.98,
              6683758.812
            ],
            [
              25493169.256,
              6683759.265
            ],
            [
              25493169.153,
              6683762.061
            ],
            [
              25493156.876,
              6683761.608
            ],
            [
              25493156.98,
              6683758.812
            ]
          ]
        ]
      },
      "properties": {
        "confidence": 0.4123,
        "length_m": 12.28,
        "width_m": 2.8,
        "heading_deg": 87.9,
        "aoi": "r1-kaivoksela",
        "source_layer": "Ortoilmakuva_2025_5cm",
        "zoom": 16,
        "status": "rejected",
        "class": ""
      }
    },
    {
      "type": "Feature",
      "geometry": {
        "type": "Polygon",
        "coordinates": [
          [
            [
              25493033.456,
              6683719.015
            ],
            [
              25493033.413,
              6683723.674
            ],
            [
              25493031.922,
              6683723.66
            ],
            [
              25493031.965,
              6683719.001
            ],
            [
              25493033.456,
              6683719.015
            ]
          ]
        ]
      },
      "properties": {
        "confidence": 0.4045,
        "length_m": 4.66,
        "width_m": 1.49,
        "heading_deg": 179.5,
        "aoi": "r1-kaivoksela",
        "source_layer": "Ortoilmakuva_2025_5cm",
        "zoom": 16,
        "status": "rejected",
        "class": ""
      }
    },
    {
      "type": "Feature",
      "geometry": {
        "type": "Polygon",
        "coordinates": [
          [
            [
              25493148.484,
              6683580.343
            ],
            [
              25493155.015,
              6683580.837
            ],
            [
              25493154.804,
              6683583.628
            ],
            [
              25493148.273,
              6683583.134
            ],
            [
              25493148.484,
              6683580.343
            ]
          ]
        ]
      },
      "properties": {
        "confidence": 0.3924,
        "length_m": 6.55,
        "width_m": 2.8,
        "heading_deg": 85.7,
        "aoi": "r1-kaivoksela",
        "source_layer": "Ortoilmakuva_2025_5cm",
        "zoom": 16,
        "status": "confirmed",
        "class": "truck"
      }
    },
    {
      "type": "Feature",
      "geometry": {
        "type": "Polygon",
        "coordinates": [
          [
            [
              25493138.027,
              6683762.912
            ],
            [
              25493143.367,
              6683763.375
            ],
            [
              25493143.152,
              6683765.848
            ],
            [
              25493137.812,
              6683765.385
            ],
            [
              25493138.027,
              6683762.912
            ]
          ]
        ]
      },
      "properties": {
        "confidence": 0.3899,
        "length_m": 5.36,
        "width_m": 2.48,
        "heading_deg": 85,
        "aoi": "r1-kaivoksela",
        "source_layer": "Ortoilmakuva_2025_5cm",
        "zoom": 16,
        "status": "rejected",
        "class": ""
      }
    },
    {
      "type": "Feature",
      "geometry": {
        "type": "Polygon",
        "coordinates": [
          [
            [
              25493154.514,
              6683803.224
            ],
            [
              25493168.466,
              6683804.237
            ],
            [
              25493168.247,
              6683807.262
            ],
            [
              25493154.294,
              6683806.25
            ],
            [
              25493154.514,
              6683803.224
            ]
          ]
        ]
      },
      "properties": {
        "confidence": 0.3799,
        "length_m": 13.99,
        "width_m": 3.03,
        "heading_deg": 85.8,
        "aoi": "r1-kaivoksela",
        "source_layer": "Ortoilmakuva_2025_5cm",
        "zoom": 16,
        "status": "rejected",
        "class": ""
      }
    },
    {
      "type": "Feature",
      "geometry": {
        "type": "Polygon",
        "coordinates": [
          [
            [
              25493228.977,
              6683567.809
            ],
            [
              25493236.263,
              6683568.564
            ],
            [
              25493235.99,
              6683571.205
            ],
            [
              25493228.704,
              6683570.45
            ],
            [
              25493228.977,
              6683567.809
            ]
          ]
        ]
      },
      "properties": {
        "confidence": 0.3651,
        "length_m": 7.33,
        "width_m": 2.66,
        "heading_deg": 84.1,
        "aoi": "r1-kaivoksela",
        "source_layer": "Ortoilmakuva_2025_5cm",
        "zoom": 16,
        "status": "confirmed",
        "class": "truck"
      }
    },
    {
      "type": "Feature",
      "geometry": {
        "type": "Polygon",
        "coordinates": [
          [
            [
              25493047.029,
              6683769.452
            ],
            [
              25493047.187,
              6683771.609
            ],
            [
              25493042.588,
              6683771.944
            ],
            [
              25493042.431,
              6683769.787
            ],
            [
              25493047.029,
              6683769.452
            ]
          ]
        ]
      },
      "properties": {
        "confidence": 0.3631,
        "length_m": 4.61,
        "width_m": 2.16,
        "heading_deg": 94.2,
        "aoi": "r1-kaivoksela",
        "source_layer": "Ortoilmakuva_2025_5cm",
        "zoom": 16,
        "status": "confirmed",
        "class": "car"
      }
    },
    {
      "type": "Feature",
      "geometry": {
        "type": "Polygon",
        "coordinates": [
          [
            [
              25493251.794,
              6683609.769
            ],
            [
              25493257.892,
              6683610.107
            ],
            [
              25493257.789,
              6683611.959
            ],
            [
              25493251.692,
              6683611.621
            ],
            [
              25493251.794,
              6683609.769
            ]
          ]
        ]
      },
      "properties": {
        "confidence": 0.3578,
        "length_m": 6.11,
        "width_m": 1.85,
        "heading_deg": 86.8,
        "aoi": "r1-kaivoksela",
        "source_layer": "Ortoilmakuva_2025_5cm",
        "zoom": 16,
        "status": "rejected",
        "class": ""
      }
    },
    {
      "type": "Feature",
      "geometry": {
        "type": "Polygon",
        "coordinates": [
          [
            [
              25493045.04,
              6683707.098
            ],
            [
              25493045.016,
              6683709.594
            ],
            [
              25493040.046,
              6683709.546
            ],
            [
              25493040.07,
              6683707.049
            ],
            [
              25493045.04,
              6683707.098
            ]
          ]
        ]
      },
      "properties": {
        "confidence": 0.3384,
        "length_m": 4.97,
        "width_m": 2.5,
        "heading_deg": 89.4,
        "aoi": "r1-kaivoksela",
        "source_layer": "Ortoilmakuva_2025_5cm",
        "zoom": 16,
        "status": "confirmed",
        "class": "car"
      }
    },
    {
      "type": "Feature",
      "geometry": {
        "type": "Polygon",
        "coordinates": [
          [
            [
              25493217.001,
              6683560.598
            ],
            [
              25493223.075,
              6683561.014
            ],
            [
              25493222.907,
              6683563.477
            ],
            [
              25493216.832,
              6683563.061
            ],
            [
              25493217.001,
              6683560.598
            ]
          ]
        ]
      },
      "properties": {
        "confidence": 0.3352,
        "length_m": 6.09,
        "width_m": 2.47,
        "heading_deg": 86.1,
        "aoi": "r1-kaivoksela",
        "source_layer": "Ortoilmakuva_2025_5cm",
        "zoom": 16,
        "status": "confirmed",
        "class": "van"
      }
    },
    {
      "type": "Feature",
      "geometry": {
        "type": "Polygon",
        "coordinates": [
          [
            [
              25493145.149,
              6683634.786
            ],
            [
              25493158.113,
              6683636.691
            ],
            [
              25493157.677,
              6683639.656
            ],
            [
              25493144.713,
              6683637.75
            ],
            [
              25493145.149,
              6683634.786
            ]
          ]
        ]
      },
      "properties": {
        "confidence": 0.3227,
        "length_m": 13.1,
        "width_m": 3,
        "heading_deg": 81.6,
        "aoi": "r1-kaivoksela",
        "source_layer": "Ortoilmakuva_2025_5cm",
        "zoom": 16,
        "status": "confirmed",
        "class": "bus"
      }
    },
    {
      "type": "Feature",
      "geometry": {
        "type": "Polygon",
        "coordinates": [
          [
            [
              25493238.771,
              6683626.088
            ],
            [
              25493241.551,
              6683626.297
            ],
            [
              25493241.074,
              6683632.62
            ],
            [
              25493238.294,
              6683632.41
            ],
            [
              25493238.771,
              6683626.088
            ]
          ]
        ]
      },
      "properties": {
        "confidence": 0.3193,
        "length_m": 6.34,
        "width_m": 2.79,
        "heading_deg": 175.7,
        "aoi": "r1-kaivoksela",
        "source_layer": "Ortoilmakuva_2025_5cm",
        "zoom": 16,
        "status": "confirmed",
        "class": "truck"
      }
    },
    {
      "type": "Feature",
      "geometry": {
        "type": "Polygon",
        "coordinates": [
          [
            [
              25493278.108,
              6683801.479
            ],
            [
              25493282.409,
              6683801.664
            ],
            [
              25493282.311,
              6683803.953
            ],
            [
              25493278.009,
              6683803.768
            ],
            [
              25493278.108,
              6683801.479
            ]
          ]
        ]
      },
      "properties": {
        "confidence": 0.3188,
        "length_m": 4.3,
        "width_m": 2.29,
        "heading_deg": 87.5,
        "aoi": "r1-kaivoksela",
        "source_layer": "Ortoilmakuva_2025_5cm",
        "zoom": 16,
        "status": "confirmed",
        "class": "car"
      }
    },
    {
      "type": "Feature",
      "geometry": {
        "type": "Polygon",
        "coordinates": [
          [
            [
              25493196.795,
              6683692.39
            ],
            [
              25493204.36,
              6683693.172
            ],
            [
              25493204.069,
              6683695.99
            ],
            [
              25493196.503,
              6683695.208
            ],
            [
              25493196.795,
              6683692.39
            ]
          ]
        ]
      },
      "properties": {
        "confidence": 0.3089,
        "length_m": 7.61,
        "width_m": 2.83,
        "heading_deg": 84.1,
        "aoi": "r1-kaivoksela",
        "source_layer": "Ortoilmakuva_2025_5cm",
        "zoom": 16,
        "status": "confirmed",
        "class": "truck"
      }
    },
    {
      "type": "Feature",
      "geometry": {
        "type": "Polygon",
        "coordinates": [
          [
            [
              25493323.509,
              6683766.38
            ],
            [
              25493328.895,
              6683767.007
            ],
            [
              25493328.616,
              6683769.405
            ],
            [
              25493323.23,
              6683768.778
            ],
            [
              25493323.509,
              6683766.38
            ]
          ]
        ]
      },
      "properties": {
        "confidence": 0.3078,
        "length_m": 5.42,
        "width_m": 2.41,
        "heading_deg": 83.4,
        "aoi": "r1-kaivoksela",
        "source_layer": "Ortoilmakuva_2025_5cm",
        "zoom": 16,
        "status": "confirmed",
        "class": "car"
      }
    },
    {
      "type": "Feature",
      "geometry": {
        "type": "Polygon",
        "coordinates": [
          [
            [
              25493161.201,
              6683741.076
            ],
            [
              25493172.696,
              6683742.124
            ],
            [
              25493172.488,
              6683744.411
            ],
            [
              25493160.993,
              6683743.364
            ],
            [
              25493161.201,
              6683741.076
            ]
          ]
        ]
      },
      "properties": {
        "confidence": 0.3072,
        "length_m": 11.54,
        "width_m": 2.3,
        "heading_deg": 84.8,
        "aoi": "r1-kaivoksela",
        "source_layer": "Ortoilmakuva_2025_5cm",
        "zoom": 16,
        "status": "rejected",
        "class": ""
      }
    },
    {
      "type": "Feature",
      "geometry": {
        "type": "Polygon",
        "coordinates": [
          [
            [
              25493204.307,
              6683534.855
            ],
            [
              25493206.782,
              6683535.144
            ],
            [
              25493206.032,
              6683541.564
            ],
            [
              25493203.557,
              6683541.275
            ],
            [
              25493204.307,
              6683534.855
            ]
          ]
        ]
      },
      "properties": {
        "confidence": 0.2923,
        "length_m": 6.46,
        "width_m": 2.49,
        "heading_deg": 173.3,
        "aoi": "r1-kaivoksela",
        "source_layer": "Ortoilmakuva_2025_5cm",
        "zoom": 16,
        "status": "rejected",
        "class": ""
      }
    },
    {
      "type": "Feature",
      "geometry": {
        "type": "Polygon",
        "coordinates": [
          [
            [
              25493300.124,
              6683776.57
            ],
            [
              25493304.742,
              6683777.047
            ],
            [
              25493304.483,
              6683779.558
            ],
            [
              25493299.865,
              6683779.082
            ],
            [
              25493300.124,
              6683776.57
            ]
          ]
        ]
      },
      "properties": {
        "confidence": 0.2895,
        "length_m": 4.64,
        "width_m": 2.52,
        "heading_deg": 84.1,
        "aoi": "r1-kaivoksela",
        "source_layer": "Ortoilmakuva_2025_5cm",
        "zoom": 16,
        "status": "confirmed",
        "class": "car"
      }
    },
    {
      "type": "Feature",
      "geometry": {
        "type": "Polygon",
        "coordinates": [
          [
            [
              25493159.422,
              6683553.264
            ],
            [
              25493159.676,
              6683555.828
            ],
            [
              25493152.929,
              6683556.496
            ],
            [
              25493152.675,
              6683553.932
            ],
            [
              25493159.422,
              6683553.264
            ]
          ]
        ]
      },
      "properties": {
        "confidence": 0.2887,
        "length_m": 6.78,
        "width_m": 2.58,
        "heading_deg": 95.7,
        "aoi": "r1-kaivoksela",
        "source_layer": "Ortoilmakuva_2025_5cm",
        "zoom": 16,
        "status": "rejected",
        "class": ""
      }
    },
    {
      "type": "Feature",
      "geometry": {
        "type": "Polygon",
        "coordinates": [
          [
            [
              25493302.216,
              6683659.837
            ],
            [
              25493310.65,
              6683660.847
            ],
            [
              25493310.324,
              6683663.57
            ],
            [
              25493301.89,
              6683662.559
            ],
            [
              25493302.216,
              6683659.837
            ]
          ]
        ]
      },
      "properties": {
        "confidence": 0.2826,
        "length_m": 8.49,
        "width_m": 2.74,
        "heading_deg": 83.2,
        "aoi": "r1-kaivoksela",
        "source_layer": "Ortoilmakuva_2025_5cm",
        "zoom": 16,
        "status": "rejected",
        "class": ""
      }
    },
    {
      "type": "Feature",
      "geometry": {
        "type": "Polygon",
        "coordinates": [
          [
            [
              25493340.167,
              6683679.285
            ],
            [
              25493341.505,
              6683679.367
            ],
            [
              25493341.218,
              6683684.024
            ],
            [
              25493339.88,
              6683683.942
            ],
            [
              25493340.167,
              6683679.285
            ]
          ]
        ]
      },
      "properties": {
        "confidence": 0.2751,
        "length_m": 4.67,
        "width_m": 1.34,
        "heading_deg": 176.5,
        "aoi": "r1-kaivoksela",
        "source_layer": "Ortoilmakuva_2025_5cm",
        "zoom": 16,
        "status": "rejected",
        "class": ""
      }
    },
    {
      "type": "Feature",
      "geometry": {
        "type": "Polygon",
        "coordinates": [
          [
            [
              25493160.501,
              6683784.114
            ],
            [
              25493174.099,
              6683785.335
            ],
            [
              25493173.842,
              6683788.194
            ],
            [
              25493160.244,
              6683786.973
            ],
            [
              25493160.501,
              6683784.114
            ]
          ]
        ]
      },
      "properties": {
        "confidence": 0.274,
        "length_m": 13.65,
        "width_m": 2.87,
        "heading_deg": 84.9,
        "aoi": "r1-kaivoksela",
        "source_layer": "Ortoilmakuva_2025_5cm",
        "zoom": 16,
        "status": "rejected",
        "class": ""
      }
    },
    {
      "type": "Feature",
      "geometry": {
        "type": "Polygon",
        "coordinates": [
          [
            [
              25493181.209,
              6683695.994
            ],
            [
              25493182.418,
              6683699.557
            ],
            [
              25493177.348,
              6683701.276
            ],
            [
              25493176.14,
              6683697.713
            ],
            [
              25493181.209,
              6683695.994
            ]
          ]
        ]
      },
      "properties": {
        "confidence": 0.252,
        "length_m": 5.35,
        "width_m": 3.76,
        "heading_deg": 108.7,
        "aoi": "r1-kaivoksela",
        "source_layer": "Ortoilmakuva_2025_5cm",
        "zoom": 16,
        "status": "rejected",
        "class": ""
      }
    },
    {
      "type": "Feature",
      "geometry": {
        "type": "Polygon",
        "coordinates": [
          [
            [
              25493292.406,
              6683633.116
            ],
            [
              25493287.188,
              6683632.406
            ],
            [
              25493286.846,
              6683634.92
            ],
            [
              25493292.064,
              6683635.63
            ],
            [
              25493292.406,
              6683633.116
            ]
          ]
        ]
      },
      "properties": {
        "class": "car",
        "status": "added",
        "confidence": null,
        "aoi": "r1-kaivoksela",
        "source_layer": "Ortoilmakuva_2025_5cm",
        "zoom": 16,
        "length_m": 5.27,
        "width_m": 2.54,
        "heading_deg": 82.2
      }
    },
    {
      "type": "Feature",
      "geometry": {
        "type": "Polygon",
        "coordinates": [
          [
            [
              25493200.276,
              6683746.601
            ],
            [
              25493194.555,
              6683745.524
            ],
            [
              25493194.104,
              6683747.919
            ],
            [
              25493199.826,
              6683748.996
            ],
            [
              25493200.276,
              6683746.601
            ]
          ]
        ]
      },
      "properties": {
        "class": "van",
        "status": "added",
        "confidence": null,
        "aoi": "r1-kaivoksela",
        "source_layer": "Ortoilmakuva_2025_5cm",
        "zoom": 16,
        "length_m": 5.82,
        "width_m": 2.44,
        "heading_deg": 79.3
      }
    },
    {
      "type": "Feature",
      "geometry": {
        "type": "Polygon",
        "coordinates": [
          [
            [
              25493204.447,
              6683696.681
            ],
            [
              25493197.186,
              6683695.73
            ],
            [
              25493196.818,
              6683698.543
            ],
            [
              25493204.078,
              6683699.494
            ],
            [
              25493204.447,
              6683696.681
            ]
          ]
        ]
      },
      "properties": {
        "class": "truck",
        "status": "added",
        "confidence": null,
        "aoi": "r1-kaivoksela",
        "source_layer": "Ortoilmakuva_2025_5cm",
        "zoom": 16,
        "length_m": 7.32,
        "width_m": 2.84,
        "heading_deg": 82.5
      }
    },
    {
      "type": "Feature",
      "geometry": {
        "type": "Polygon",
        "coordinates": [
          [
            [
              25493205.749,
              6683658.424
            ],
            [
              25493201.042,
              6683657.889
            ],
            [
              25493200.8,
              6683660.012
            ],
            [
              25493205.507,
              6683660.548
            ],
            [
              25493205.749,
              6683658.424
            ]
          ]
        ]
      },
      "properties": {
        "class": "car",
        "status": "added",
        "confidence": null,
        "aoi": "r1-kaivoksela",
        "source_layer": "Ortoilmakuva_2025_5cm",
        "zoom": 16,
        "length_m": 4.74,
        "width_m": 2.14,
        "heading_deg": 83.5
      }
    },
    {
      "type": "Feature",
      "geometry": {
        "type": "Polygon",
        "coordinates": [
          [
            [
              25493206.149,
              6683661.753
            ],
            [
              25493201.442,
              6683661.477
            ],
            [
              25493201.317,
              6683663.611
            ],
            [
              25493206.024,
              6683663.886
            ],
            [
              25493206.149,
              6683661.753
            ]
          ]
        ]
      },
      "properties": {
        "class": "car",
        "status": "added",
        "confidence": null,
        "aoi": "r1-kaivoksela",
        "source_layer": "Ortoilmakuva_2025_5cm",
        "zoom": 16,
        "length_m": 4.72,
        "width_m": 2.14,
        "heading_deg": 86.7
      }
    },
    {
      "type": "Feature",
      "geometry": {
        "type": "Polygon",
        "coordinates": [
          [
            [
              25493207.25,
              6683666.065
            ],
            [
              25493202.909,
              6683665.805
            ],
            [
              25493202.782,
              6683667.938
            ],
            [
              25493207.122,
              6683668.198
            ],
            [
              25493207.25,
              6683666.065
            ]
          ]
        ]
      },
      "properties": {
        "class": "car",
        "status": "added",
        "confidence": null,
        "aoi": "r1-kaivoksela",
        "source_layer": "Ortoilmakuva_2025_5cm",
        "zoom": 16,
        "length_m": 4.35,
        "width_m": 2.14,
        "heading_deg": 86.6
      }
    },
    {
      "type": "Feature",
      "geometry": {
        "type": "Polygon",
        "coordinates": [
          [
            [
              25493207.299,
              6683669.02
            ],
            [
              25493202.699,
              6683668.821
            ],
            [
              25493202.607,
              6683670.956
            ],
            [
              25493207.207,
              6683671.155
            ],
            [
              25493207.299,
              6683669.02
            ]
          ]
        ]
      },
      "properties": {
        "class": "car",
        "status": "added",
        "confidence": null,
        "aoi": "r1-kaivoksela",
        "source_layer": "Ortoilmakuva_2025_5cm",
        "zoom": 16,
        "length_m": 4.6,
        "width_m": 2.14,
        "heading_deg": 87.5
      }
    },
    {
      "type": "Feature",
      "geometry": {
        "type": "Polygon",
        "coordinates": [
          [
            [
              25493249.129,
              6683569.861
            ],
            [
              25493253.072,
              6683569.878
            ],
            [
              25493253.081,
              6683567.741
            ],
            [
              25493249.139,
              6683567.724
            ],
            [
              25493249.129,
              6683569.861
            ]
          ]
        ]
      },
      "properties": {
        "class": "car",
        "status": "added",
        "confidence": null,
        "aoi": "r1-kaivoksela",
        "source_layer": "Ortoilmakuva_2025_5cm",
        "zoom": 16,
        "length_m": 3.94,
        "width_m": 2.14,
        "heading_deg": 89.7
      }
    },
    {
      "type": "Feature",
      "geometry": {
        "type": "Polygon",
        "coordinates": [
          [
            [
              25493254.411,
              6683544.94
            ],
            [
              25493249.972,
              6683544.718
            ],
            [
              25493249.871,
              6683546.753
            ],
            [
              25493254.309,
              6683546.974
            ],
            [
              25493254.411,
              6683544.94
            ]
          ]
        ]
      },
      "properties": {
        "class": "car",
        "status": "added",
        "confidence": null,
        "aoi": "r1-kaivoksela",
        "source_layer": "Ortoilmakuva_2025_5cm",
        "zoom": 16,
        "length_m": 4.44,
        "width_m": 2.04,
        "heading_deg": 87.1
      }
    },
    {
      "type": "Feature",
      "geometry": {
        "type": "Polygon",
        "coordinates": [
          [
            [
              25493339.834,
              6683695.631
            ],
            [
              25493341.597,
              6683695.759
            ],
            [
              25493341.233,
              6683700.749
            ],
            [
              25493339.469,
              6683700.62
            ],
            [
              25493339.834,
              6683695.631
            ]
          ]
        ]
      },
      "properties": {
        "confidence": 0.745,
        "length_m": 5,
        "width_m": 1.77,
        "heading_deg": 175.8,
        "aoi": "r1-kaivoksela",
        "source_layer": "Ortoilmakuva_2025_5cm",
        "zoom": 16,
        "status": "confirmed",
        "class": "car"
      }
    },
    {
      "type": "Feature",
      "geometry": {
        "type": "Polygon",
        "coordinates": [
          [
            [
              25493031.827,
              6683718.665
            ],
            [
              25493033.64,
              6683719.061
            ],
            [
              25493032.565,
              6683723.978
            ],
            [
              25493030.752,
              6683723.581
            ],
            [
              25493031.827,
              6683718.665
            ]
          ]
        ]
      },
      "properties": {
        "confidence": 0.659,
        "length_m": 5.03,
        "width_m": 1.86,
        "heading_deg": 167.7,
        "aoi": "r1-kaivoksela",
        "source_layer": "Ortoilmakuva_2025_5cm",
        "zoom": 16,
        "status": "confirmed",
        "class": "car"
      }
    },
    {
      "type": "Feature",
      "geometry": {
        "type": "Polygon",
        "coordinates": [
          [
            [
              25493340.295,
              6683661.63
            ],
            [
              25493341.77,
              6683661.766
            ],
            [
              25493341.299,
              6683666.894
            ],
            [
              25493339.825,
              6683666.758
            ],
            [
              25493340.295,
              6683661.63
            ]
          ]
        ]
      },
      "properties": {
        "confidence": 0.648,
        "length_m": 5.15,
        "width_m": 1.48,
        "heading_deg": 174.8,
        "aoi": "r1-kaivoksela",
        "source_layer": "Ortoilmakuva_2025_5cm",
        "zoom": 16,
        "status": "confirmed",
        "class": "car"
      }
    },
    {
      "type": "Feature",
      "geometry": {
        "type": "Polygon",
        "coordinates": [
          [
            [
              25493160.418,
              6683799.203
            ],
            [
              25493160.011,
              6683802.518
            ],
            [
              25493154.654,
              6683801.86
            ],
            [
              25493155.061,
              6683798.544
            ],
            [
              25493160.418,
              6683799.203
            ]
          ]
        ]
      },
      "properties": {
        "confidence": 0.612,
        "length_m": 5.4,
        "width_m": 3.34,
        "heading_deg": 83,
        "aoi": "r1-kaivoksela",
        "source_layer": "Ortoilmakuva_2025_5cm",
        "zoom": 16,
        "status": "rejected",
        "class": ""
      }
    },
    {
      "type": "Feature",
      "geometry": {
        "type": "Polygon",
        "coordinates": [
          [
            [
              25493160.313,
              6683803.51
            ],
            [
              25493160.142,
              6683806.91
            ],
            [
              25493154.009,
              6683806.601
            ],
            [
              25493154.18,
              6683803.201
            ],
            [
              25493160.313,
              6683803.51
            ]
          ]
        ]
      },
      "properties": {
        "confidence": 0.588,
        "length_m": 6.14,
        "width_m": 3.4,
        "heading_deg": 87.1,
        "aoi": "r1-kaivoksela",
        "source_layer": "Ortoilmakuva_2025_5cm",
        "zoom": 16,
        "status": "rejected",
        "class": ""
      }
    },
    {
      "type": "Feature",
      "geometry": {
        "type": "Polygon",
        "coordinates": [
          [
            [
              25493302.665,
              6683810.625
            ],
            [
              25493302.511,
              6683813.096
            ],
            [
              25493297.34,
              6683812.775
            ],
            [
              25493297.493,
              6683810.304
            ],
            [
              25493302.665,
              6683810.625
            ]
          ]
        ]
      },
      "properties": {
        "confidence": 0.475,
        "length_m": 5.18,
        "width_m": 2.48,
        "heading_deg": 86.4,
        "aoi": "r1-kaivoksela",
        "source_layer": "Ortoilmakuva_2025_5cm",
        "zoom": 16,
        "status": "confirmed",
        "class": "car"
      }
    }
  ]
}
