{
  "type": "FeatureCollection",
  "crs": {
    "type": "name",
    "properties": {
      "name": "urn:ogc:def:crs:EPSG::3879"
    }
  },
  "features": [
    {
      "type": "Feature",
      "geometry": {
        "type": "Polygon",
        "coordinates": [
          [
            [
              25494570.25,
              6677218.646
            ],
            [
              25494570.936,
              6677230.812
            ],
            [
              25494567.953,
              6677230.981
            ],
            [
              25494567.267,
              6677218.814
            ],
            [
              25494570.25,
              6677218.646
            ]
          ]
        ]
      },
      "properties": {
        "confidence": 0.8728,
        "length_m": 12.19,
        "width_m": 2.99,
        "heading_deg": 3.2,
        "aoi": "r1-ruskeasuo",
        "source_layer": "Ortoilmakuva_2025_5cm",
        "zoom": 16,
        "status": "confirmed",
        "class": "bus"
      }
    },
    {
      "type": "Feature",
      "geometry": {
        "type": "Polygon",
        "coordinates": [
          [
            [
              25494574.21,
              6677217.95
            ],
            [
              25494574.841,
              6677230.686
            ],
            [
              25494571.966,
              6677230.828
            ],
            [
              25494571.335,
              6677218.093
            ],
            [
              25494574.21,
              6677217.95
            ]
          ]
        ]
      },
      "properties": {
        "confidence": 0.8603,
        "length_m": 12.75,
        "width_m": 2.88,
        "heading_deg": 2.8,
        "aoi": "r1-ruskeasuo",
        "source_layer": "Ortoilmakuva_2025_5cm",
        "zoom": 16,
        "status": "confirmed",
        "class": "bus"
      }
    },
    {
      "type": "Feature",
      "geometry": {
        "type": "Polygon",
        "coordinates": [
          [
            [
              25494642.639,
              6677164.854
            ],
            [
              25494644.198,
              6677167.327
            ],
            [
              25494633.536,
              6677174.049
            ],
            [
              25494631.977,
              6677171.577
            ],
            [
              25494642.639,
              6677164.854
            ]
          ]
        ]
      },
      "properties": {
        "confidence": 0.8593,
        "length_m": 12.6,
        "width_m": 2.92,
        "heading_deg": 122.2,
        "aoi": "r1-ruskeasuo",
        "source_layer": "Ortoilmakuva_2025_5cm",
        "zoom": 16,
        "status": "confirmed",
        "class": "bus"
      }
    },
    {
      "type": "Feature",
      "geometry": {
        "type": "Polygon",
        "coordinates": [
          [
            [
              25494590.073,
              6677216.703
            ],
            [
              25494590.17,
              6677221.031
            ],
            [
              25494587.371,
              6677221.093
            ],
            [
              25494587.274,
              6677216.766
            ],
            [
              25494590.073,
              6677216.703
            ]
          ]
        ]
      },
      "properties": {
        "confidence": 0.8593,
        "length_m": 4.33,
        "width_m": 2.8,
        "heading_deg": 1.3,
        "aoi": "r1-ruskeasuo",
        "source_layer": "Ortoilmakuva_2025_5cm",
        "zoom": 16,
        "status": "rejected",
        "class": ""
      }
    },
    {
      "type": "Feature",
      "geometry": {
        "type": "Polygon",
        "coordinates": [
          [
            [
              25494605.779,
              6677216.236
            ],
            [
              25494606.156,
              6677220.988
            ],
            [
              25494603.472,
              6677221.201
            ],
            [
              25494603.094,
              6677216.449
            ],
            [
              25494605.779,
              6677216.236
            ]
          ]
        ]
      },
      "properties": {
        "confidence": 0.8574,
        "length_m": 4.77,
        "width_m": 2.69,
        "heading_deg": 4.5,
        "aoi": "r1-ruskeasuo",
        "source_layer": "Ortoilmakuva_2025_5cm",
        "zoom": 16,
        "status": "rejected",
        "class": ""
      }
    },
    {
      "type": "Feature",
      "geometry": {
        "type": "Polygon",
        "coordinates": [
          [
            [
              25494735.752,
              6677170.556
            ],
            [
              25494737.3,
              6677173.171
            ],
            [
              25494724.767,
              6677180.592
            ],
            [
              25494723.219,
              6677177.977
            ],
            [
              25494735.752,
              6677170.556
            ]
          ]
        ]
      },
      "properties": {
        "confidence": 0.8557,
        "length_m": 14.57,
        "width_m": 3.04,
        "heading_deg": 120.6,
        "aoi": "r1-ruskeasuo",
        "source_layer": "Ortoilmakuva_2025_5cm",
        "zoom": 16,
        "status": "confirmed",
        "class": "bus"
      }
    },
    {
      "type": "Feature",
      "geometry": {
        "type": "Polygon",
        "coordinates": [
          [
            [
              25494642.857,
              6677183.662
            ],
            [
              25494644.42,
              6677186.114
            ],
            [
              25494633.948,
              6677192.792
            ],
            [
              25494632.385,
              6677190.341
            ],
            [
              25494642.857,
              6677183.662
            ]
          ]
        ]
      },
      "properties": {
        "confidence": 0.8557,
        "length_m": 12.42,
        "width_m": 2.91,
        "heading_deg": 122.5,
        "aoi": "r1-ruskeasuo",
        "source_layer": "Ortoilmakuva_2025_5cm",
        "zoom": 16,
        "status": "confirmed",
        "class": "bus"
      }
    },
    {
      "type": "Feature",
      "geometry": {
        "type": "Polygon",
        "coordinates": [
          [
            [
              25494558.314,
              6677217.093
            ],
            [
              25494558.883,
              6677231.721
            ],
            [
              25494555.804,
              6677231.841
            ],
            [
              25494555.235,
              6677217.213
            ],
            [
              25494558.314,
              6677217.093
            ]
          ]
        ]
      },
      "properties": {
        "confidence": 0.8552,
        "length_m": 14.64,
        "width_m": 3.08,
        "heading_deg": 2.2,
        "aoi": "r1-ruskeasuo",
        "source_layer": "Ortoilmakuva_2025_5cm",
        "zoom": 16,
        "status": "confirmed",
        "class": "bus"
      }
    },
    {
      "type": "Feature",
      "geometry": {
        "type": "Polygon",
        "coordinates": [
          [
            [
              25494642.962,
              6677126.715
            ],
            [
              25494644.634,
              6677129.259
            ],
            [
              25494632.411,
              6677137.295
            ],
            [
              25494630.739,
              6677134.751
            ],
            [
              25494642.962,
              6677126.715
            ]
          ]
        ]
      },
      "properties": {
        "confidence": 0.8546,
        "length_m": 14.63,
        "width_m": 3.04,
        "heading_deg": 123.3,
        "aoi": "r1-ruskeasuo",
        "source_layer": "Ortoilmakuva_2025_5cm",
        "zoom": 16,
        "status": "confirmed",
        "class": "bus"
      }
    },
    {
      "type": "Feature",
      "geometry": {
        "type": "Polygon",
        "coordinates": [
          [
            [
              25494590.283,
              6677216.665
            ],
            [
              25494590.654,
              6677231.3
            ],
            [
              25494587.505,
              6677231.38
            ],
            [
              25494587.134,
              6677216.745
            ],
            [
              25494590.283,
              6677216.665
            ]
          ]
        ]
      },
      "properties": {
        "confidence": 0.8546,
        "length_m": 14.64,
        "width_m": 3.15,
        "heading_deg": 1.5,
        "aoi": "r1-ruskeasuo",
        "source_layer": "Ortoilmakuva_2025_5cm",
        "zoom": 16,
        "status": "confirmed",
        "class": "bus"
      }
    },
    {
      "type": "Feature",
      "geometry": {
        "type": "Polygon",
        "coordinates": [
          [
            [
              25494665.307,
              6677204.845
            ],
            [
              25494676.272,
              6677210.898
            ],
            [
              25494674.797,
              6677213.571
            ],
            [
              25494663.832,
              6677207.517
            ],
            [
              25494665.307,
              6677204.845
            ]
          ]
        ]
      },
      "properties": {
        "confidence": 0.8543,
        "length_m": 12.52,
        "width_m": 3.05,
        "heading_deg": 61.1,
        "aoi": "r1-ruskeasuo",
        "source_layer": "Ortoilmakuva_2025_5cm",
        "zoom": 16,
        "status": "confirmed",
        "class": "bus"
      }
    },
    {
      "type": "Feature",
      "geometry": {
        "type": "Polygon",
        "coordinates": [
          [
            [
              25494733.801,
              6677119.234
            ],
            [
              25494735.457,
              6677121.88
            ],
            [
              25494723.069,
              6677129.632
            ],
            [
              25494721.413,
              6677126.985
            ],
            [
              25494733.801,
              6677119.234
            ]
          ]
        ]
      },
      "properties": {
        "confidence": 0.854,
        "length_m": 14.61,
        "width_m": 3.12,
        "heading_deg": 122,
        "aoi": "r1-ruskeasuo",
        "source_layer": "Ortoilmakuva_2025_5cm",
        "zoom": 16,
        "status": "confirmed",
        "class": "bus"
      }
    },
    {
      "type": "Feature",
      "geometry": {
        "type": "Polygon",
        "coordinates": [
          [
            [
              25494645.867,
              6677190.949
            ],
            [
              25494647.54,
              6677193.561
            ],
            [
              25494634.845,
              6677201.691
            ],
            [
              25494633.172,
              6677199.08
            ],
            [
              25494645.867,
              6677190.949
            ]
          ]
        ]
      },
      "properties": {
        "confidence": 0.8537,
        "length_m": 15.08,
        "width_m": 3.1,
        "heading_deg": 122.6,
        "aoi": "r1-ruskeasuo",
        "source_layer": "Ortoilmakuva_2025_5cm",
        "zoom": 16,
        "status": "confirmed",
        "class": "bus"
      }
    },
    {
      "type": "Feature",
      "geometry": {
        "type": "Polygon",
        "coordinates": [
          [
            [
              25494641.397,
              6677037.519
            ],
            [
              25494641.559,
              6677040.46
            ],
            [
              25494628.56,
              6677041.178
            ],
            [
              25494628.398,
              6677038.236
            ],
            [
              25494641.397,
              6677037.519
            ]
          ]
        ]
      },
      "properties": {
        "confidence": 0.8535,
        "length_m": 13.02,
        "width_m": 2.95,
        "heading_deg": 93.2,
        "aoi": "r1-ruskeasuo",
        "source_layer": "Ortoilmakuva_2025_5cm",
        "zoom": 16,
        "status": "confirmed",
        "class": "bus"
      }
    },
    {
      "type": "Feature",
      "geometry": {
        "type": "Polygon",
        "coordinates": [
          [
            [
              25494578.015,
              6677216.599
            ],
            [
              25494578.133,
              6677220.967
            ],
            [
              25494575.317,
              6677221.043
            ],
            [
              25494575.199,
              6677216.675
            ],
            [
              25494578.015,
              6677216.599
            ]
          ]
        ]
      },
      "properties": {
        "confidence": 0.8522,
        "length_m": 4.37,
        "width_m": 2.82,
        "heading_deg": 1.5,
        "aoi": "r1-ruskeasuo",
        "source_layer": "Ortoilmakuva_2025_5cm",
        "zoom": 16,
        "status": "rejected",
        "class": ""
      }
    },
    {
      "type": "Feature",
      "geometry": {
        "type": "Polygon",
        "coordinates": [
          [
            [
              25494644.159,
              6677154.572
            ],
            [
              25494645.745,
              6677157.189
            ],
            [
              25494632.95,
              6677164.943
            ],
            [
              25494631.364,
              6677162.326
            ],
            [
              25494644.159,
              6677154.572
            ]
          ]
        ]
      },
      "properties": {
        "confidence": 0.8522,
        "length_m": 14.96,
        "width_m": 3.06,
        "heading_deg": 121.2,
        "aoi": "r1-ruskeasuo",
        "source_layer": "Ortoilmakuva_2025_5cm",
        "zoom": 16,
        "status": "confirmed",
        "class": "bus"
      }
    },
    {
      "type": "Feature",
      "geometry": {
        "type": "Polygon",
        "coordinates": [
          [
            [
              25494636.428,
              6677026.117
            ],
            [
              25494636.515,
              6677028.749
            ],
            [
              25494631.277,
              6677028.921
            ],
            [
              25494631.19,
              6677026.289
            ],
            [
              25494636.428,
              6677026.117
            ]
          ]
        ]
      },
      "properties": {
        "confidence": 0.8521,
        "length_m": 5.24,
        "width_m": 2.63,
        "heading_deg": 91.9,
        "aoi": "r1-ruskeasuo",
        "source_layer": "Ortoilmakuva_2025_5cm",
        "zoom": 16,
        "status": "confirmed",
        "class": "car"
      }
    },
    {
      "type": "Feature",
      "geometry": {
        "type": "Polygon",
        "coordinates": [
          [
            [
              25494717.181,
              6677086.991
            ],
            [
              25494718.84,
              6677089.582
            ],
            [
              25494708.1,
              6677096.461
            ],
            [
              25494706.44,
              6677093.87
            ],
            [
              25494717.181,
              6677086.991
            ]
          ]
        ]
      },
      "properties": {
        "confidence": 0.8519,
        "length_m": 12.75,
        "width_m": 3.08,
        "heading_deg": 122.6,
        "aoi": "r1-ruskeasuo",
        "source_layer": "Ortoilmakuva_2025_5cm",
        "zoom": 16,
        "status": "confirmed",
        "class": "bus"
      }
    },
    {
      "type": "Feature",
      "geometry": {
        "type": "Polygon",
        "coordinates": [
          [
            [
              25494598.195,
              6677216.589
            ],
            [
              25494598.644,
              6677230.75
            ],
            [
              25494595.547,
              6677230.848
            ],
            [
              25494595.098,
              6677216.688
            ],
            [
              25494598.195,
              6677216.589
            ]
          ]
        ]
      },
      "properties": {
        "confidence": 0.8517,
        "length_m": 14.17,
        "width_m": 3.1,
        "heading_deg": 1.8,
        "aoi": "r1-ruskeasuo",
        "source_layer": "Ortoilmakuva_2025_5cm",
        "zoom": 16,
        "status": "confirmed",
        "class": "bus"
      }
    },
    {
      "type": "Feature",
      "geometry": {
        "type": "Polygon",
        "coordinates": [
          [
            [
              25494606.035,
              6677216.151
            ],
            [
              25494607.035,
              6677230.008
            ],
            [
              25494604.048,
              6677230.223
            ],
            [
              25494603.047,
              6677216.367
            ],
            [
              25494606.035,
              6677216.151
            ]
          ]
        ]
      },
      "properties": {
        "confidence": 0.8506,
        "length_m": 13.89,
        "width_m": 2.99,
        "heading_deg": 4.1,
        "aoi": "r1-ruskeasuo",
        "source_layer": "Ortoilmakuva_2025_5cm",
        "zoom": 16,
        "status": "confirmed",
        "class": "bus"
      }
    },
    {
      "type": "Feature",
      "geometry": {
        "type": "Polygon",
        "coordinates": [
          [
            [
              25494642.25,
              6677108.853
            ],
            [
              25494643.815,
              6677111.342
            ],
            [
              25494631.643,
              6677118.997
            ],
            [
              25494630.078,
              6677116.508
            ],
            [
              25494642.25,
              6677108.853
            ]
          ]
        ]
      },
      "properties": {
        "confidence": 0.8503,
        "length_m": 14.38,
        "width_m": 2.94,
        "heading_deg": 122.2,
        "aoi": "r1-ruskeasuo",
        "source_layer": "Ortoilmakuva_2025_5cm",
        "zoom": 16,
        "status": "confirmed",
        "class": "bus"
      }
    },
    {
      "type": "Feature",
      "geometry": {
        "type": "Polygon",
        "coordinates": [
          [
            [
              25494641.837,
              6677094.236
            ],
            [
              25494643.526,
              6677096.821
            ],
            [
              25494631.39,
              6677104.746
            ],
            [
              25494629.701,
              6677102.161
            ],
            [
              25494641.837,
              6677094.236
            ]
          ]
        ]
      },
      "properties": {
        "confidence": 0.8502,
        "length_m": 14.49,
        "width_m": 3.09,
        "heading_deg": 123.1,
        "aoi": "r1-ruskeasuo",
        "source_layer": "Ortoilmakuva_2025_5cm",
        "zoom": 16,
        "status": "confirmed",
        "class": "bus"
      }
    },
    {
      "type": "Feature",
      "geometry": {
        "type": "Polygon",
        "coordinates": [
          [
            [
              25494594.171,
              6677215.999
            ],
            [
              25494594.678,
              6677230.837
            ],
            [
              25494591.661,
              6677230.94
            ],
            [
              25494591.155,
              6677216.102
            ],
            [
              25494594.171,
              6677215.999
            ]
          ]
        ]
      },
      "properties": {
        "confidence": 0.8498,
        "length_m": 14.85,
        "width_m": 3.02,
        "heading_deg": 2,
        "aoi": "r1-ruskeasuo",
        "source_layer": "Ortoilmakuva_2025_5cm",
        "zoom": 16,
        "status": "confirmed",
        "class": "bus"
      }
    },
    {
      "type": "Feature",
      "geometry": {
        "type": "Polygon",
        "coordinates": [
          [
            [
              25494602.078,
              6677216.674
            ],
            [
              25494602.657,
              6677229.903
            ],
            [
              25494599.727,
              6677230.031
            ],
            [
              25494599.149,
              6677216.802
            ],
            [
              25494602.078,
              6677216.674
            ]
          ]
        ]
      },
      "properties": {
        "confidence": 0.8495,
        "length_m": 13.24,
        "width_m": 2.93,
        "heading_deg": 2.5,
        "aoi": "r1-ruskeasuo",
        "source_layer": "Ortoilmakuva_2025_5cm",
        "zoom": 16,
        "status": "confirmed",
        "class": "bus"
      }
    },
    {
      "type": "Feature",
      "geometry": {
        "type": "Polygon",
        "coordinates": [
          [
            [
              25494610.876,
              6677215.979
            ],
            [
              25494610.927,
              6677220.973
            ],
            [
              25494608.083,
              6677221.002
            ],
            [
              25494608.032,
              6677216.008
            ],
            [
              25494610.876,
              6677215.979
            ]
          ]
        ]
      },
      "properties": {
        "confidence": 0.8492,
        "length_m": 4.99,
        "width_m": 2.84,
        "heading_deg": 0.6,
        "aoi": "r1-ruskeasuo",
        "source_layer": "Ortoilmakuva_2025_5cm",
        "zoom": 16,
        "status": "rejected",
        "class": ""
      }
    },
    {
      "type": "Feature",
      "geometry": {
        "type": "Polygon",
        "coordinates": [
          [
            [
              25494642.016,
              6677085.071
            ],
            [
              25494643.666,
              6677087.642
            ],
            [
              25494631.643,
              6677095.36
            ],
            [
              25494629.992,
              6677092.789
            ],
            [
              25494642.016,
              6677085.071
            ]
          ]
        ]
      },
      "properties": {
        "confidence": 0.8491,
        "length_m": 14.29,
        "width_m": 3.05,
        "heading_deg": 122.7,
        "aoi": "r1-ruskeasuo",
        "source_layer": "Ortoilmakuva_2025_5cm",
        "zoom": 16,
        "status": "confirmed",
        "class": "bus"
      }
    },
    {
      "type": "Feature",
      "geometry": {
        "type": "Polygon",
        "coordinates": [
          [
            [
              25494643.799,
              6677145.038
            ],
            [
              25494645.443,
              6677147.648
            ],
            [
              25494633.112,
              6677155.415
            ],
            [
              25494631.468,
              6677152.805
            ],
            [
              25494643.799,
              6677145.038
            ]
          ]
        ]
      },
      "properties": {
        "confidence": 0.8481,
        "length_m": 14.57,
        "width_m": 3.08,
        "heading_deg": 122.2,
        "aoi": "r1-ruskeasuo",
        "source_layer": "Ortoilmakuva_2025_5cm",
        "zoom": 16,
        "status": "confirmed",
        "class": "bus"
      }
    },
    {
      "type": "Feature",
      "geometry": {
        "type": "Polygon",
        "coordinates": [
          [
            [
              25494562.357,
              6677217.049
            ],
            [
              25494562.698,
              6677230.976
            ],
            [
              25494559.705,
              6677231.049
            ],
            [
              25494559.364,
              6677217.122
            ],
            [
              25494562.357,
              6677217.049
            ]
          ]
        ]
      },
      "properties": {
        "confidence": 0.8479,
        "length_m": 13.93,
        "width_m": 2.99,
        "heading_deg": 1.4,
        "aoi": "r1-ruskeasuo",
        "source_layer": "Ortoilmakuva_2025_5cm",
        "zoom": 16,
        "status": "confirmed",
        "class": "bus"
      }
    },
    {
      "type": "Feature",
      "geometry": {
        "type": "Polygon",
        "coordinates": [
          [
            [
              25494642.67,
              6677174.281
            ],
            [
              25494644.231,
              6677176.732
            ],
            [
              25494633.657,
              6677183.468
            ],
            [
              25494632.096,
              6677181.018
            ],
            [
              25494642.67,
              6677174.281
            ]
          ]
        ]
      },
      "properties": {
        "confidence": 0.8474,
        "length_m": 12.54,
        "width_m": 2.91,
        "heading_deg": 122.5,
        "aoi": "r1-ruskeasuo",
        "source_layer": "Ortoilmakuva_2025_5cm",
        "zoom": 16,
        "status": "confirmed",
        "class": "bus"
      }
    },
    {
      "type": "Feature",
      "geometry": {
        "type": "Polygon",
        "coordinates": [
          [
            [
              25494735.287,
              6677150.785
            ],
            [
              25494736.999,
              6677153.363
            ],
            [
              25494724.541,
              6677161.633
            ],
            [
              25494722.83,
              6677159.055
            ],
            [
              25494735.287,
              6677150.785
            ]
          ]
        ]
      },
      "properties": {
        "confidence": 0.8472,
        "length_m": 14.95,
        "width_m": 3.09,
        "heading_deg": 123.6,
        "aoi": "r1-ruskeasuo",
        "source_layer": "Ortoilmakuva_2025_5cm",
        "zoom": 16,
        "status": "confirmed",
        "class": "bus"
      }
    },
    {
      "type": "Feature",
      "geometry": {
        "type": "Polygon",
        "coordinates": [
          [
            [
              25494598.093,
              6677216.604
            ],
            [
              25494598.279,
              6677220.935
            ],
            [
              25494595.355,
              6677221.06
            ],
            [
              25494595.169,
              6677216.73
            ],
            [
              25494598.093,
              6677216.604
            ]
          ]
        ]
      },
      "properties": {
        "confidence": 0.8471,
        "length_m": 4.33,
        "width_m": 2.93,
        "heading_deg": 2.5,
        "aoi": "r1-ruskeasuo",
        "source_layer": "Ortoilmakuva_2025_5cm",
        "zoom": 16,
        "status": "rejected",
        "class": ""
      }
    },
    {
      "type": "Feature",
      "geometry": {
        "type": "Polygon",
        "coordinates": [
          [
            [
              25494721.764,
              6677183.38
            ],
            [
              25494723.334,
              6677185.79
            ],
            [
              25494712.509,
              6677192.84
            ],
            [
              25494710.939,
              6677190.431
            ],
            [
              25494721.764,
              6677183.38
            ]
          ]
        ]
      },
      "properties": {
        "confidence": 0.8469,
        "length_m": 12.92,
        "width_m": 2.88,
        "heading_deg": 123.1,
        "aoi": "r1-ruskeasuo",
        "source_layer": "Ortoilmakuva_2025_5cm",
        "zoom": 16,
        "status": "confirmed",
        "class": "bus"
      }
    },
    {
      "type": "Feature",
      "geometry": {
        "type": "Polygon",
        "coordinates": [
          [
            [
              25494664.166,
              6677195.149
            ],
            [
              25494677.265,
              6677202.024
            ],
            [
              25494675.897,
              6677204.629
            ],
            [
              25494662.799,
              6677197.754
            ],
            [
              25494664.166,
              6677195.149
            ]
          ]
        ]
      },
      "properties": {
        "confidence": 0.8464,
        "length_m": 14.79,
        "width_m": 2.94,
        "heading_deg": 62.3,
        "aoi": "r1-ruskeasuo",
        "source_layer": "Ortoilmakuva_2025_5cm",
        "zoom": 16,
        "status": "confirmed",
        "class": "bus"
      }
    },
    {
      "type": "Feature",
      "geometry": {
        "type": "Polygon",
        "coordinates": [
          [
            [
              25494594.082,
              6677216.15
            ],
            [
              25494594.263,
              6677220.927
            ],
            [
              25494591.373,
              6677221.036
            ],
            [
              25494591.192,
              6677216.259
            ],
            [
              25494594.082,
              6677216.15
            ]
          ]
        ]
      },
      "properties": {
        "confidence": 0.8464,
        "length_m": 4.78,
        "width_m": 2.89,
        "heading_deg": 2.2,
        "aoi": "r1-ruskeasuo",
        "source_layer": "Ortoilmakuva_2025_5cm",
        "zoom": 16,
        "status": "rejected",
        "class": ""
      }
    },
    {
      "type": "Feature",
      "geometry": {
        "type": "Polygon",
        "coordinates": [
          [
            [
              25494674.299,
              6677038.194
            ],
            [
              25494687.35,
              6677044.544
            ],
            [
              25494685.997,
              6677047.325
            ],
            [
              25494672.946,
              6677040.974
            ],
            [
              25494674.299,
              6677038.194
            ]
          ]
        ]
      },
      "properties": {
        "confidence": 0.8463,
        "length_m": 14.51,
        "width_m": 3.09,
        "heading_deg": 64.1,
        "aoi": "r1-ruskeasuo",
        "source_layer": "Ortoilmakuva_2025_5cm",
        "zoom": 16,
        "status": "confirmed",
        "class": "bus"
      }
    },
    {
      "type": "Feature",
      "geometry": {
        "type": "Polygon",
        "coordinates": [
          [
            [
              25494578.103,
              6677216.54
            ],
            [
              25494578.662,
              6677231.202
            ],
            [
              25494575.651,
              6677231.317
            ],
            [
              25494575.093,
              6677216.654
            ],
            [
              25494578.103,
              6677216.54
            ]
          ]
        ]
      },
      "properties": {
        "confidence": 0.8461,
        "length_m": 14.67,
        "width_m": 3.01,
        "heading_deg": 2.2,
        "aoi": "r1-ruskeasuo",
        "source_layer": "Ortoilmakuva_2025_5cm",
        "zoom": 16,
        "status": "confirmed",
        "class": "bus"
      }
    },
    {
      "type": "Feature",
      "geometry": {
        "type": "Polygon",
        "coordinates": [
          [
            [
              25494675.334,
              6677083.376
            ],
            [
              25494688.113,
              6677090.209
            ],
            [
              25494686.609,
              6677093.022
            ],
            [
              25494673.83,
              6677086.19
            ],
            [
              25494675.334,
              6677083.376
            ]
          ]
        ]
      },
      "properties": {
        "confidence": 0.846,
        "length_m": 14.49,
        "width_m": 3.19,
        "heading_deg": 61.9,
        "aoi": "r1-ruskeasuo",
        "source_layer": "Ortoilmakuva_2025_5cm",
        "zoom": 16,
        "status": "confirmed",
        "class": "bus"
      }
    },
    {
      "type": "Feature",
      "geometry": {
        "type": "Polygon",
        "coordinates": [
          [
            [
              25494508.546,
              6677110.898
            ],
            [
              25494508.782,
              6677116.49
            ],
            [
              25494506.432,
              6677116.589
            ],
            [
              25494506.196,
              6677110.997
            ],
            [
              25494508.546,
              6677110.898
            ]
          ]
        ]
      },
      "properties": {
        "confidence": 0.846,
        "length_m": 5.6,
        "width_m": 2.35,
        "heading_deg": 2.4,
        "aoi": "r1-ruskeasuo",
        "source_layer": "Ortoilmakuva_2025_5cm",
        "zoom": 16,
        "status": "confirmed",
        "class": "car"
      }
    },
    {
      "type": "Feature",
      "geometry": {
        "type": "Polygon",
        "coordinates": [
          [
            [
              25494596.831,
              6677070.809
            ],
            [
              25494597.868,
              6677072.649
            ],
            [
              25494594.215,
              6677074.708
            ],
            [
              25494593.178,
              6677072.868
            ],
            [
              25494596.831,
              6677070.809
            ]
          ]
        ]
      },
      "properties": {
        "confidence": 0.8457,
        "length_m": 4.19,
        "width_m": 2.11,
        "heading_deg": 119.4,
        "aoi": "r1-ruskeasuo",
        "source_layer": "Ortoilmakuva_2025_5cm",
        "zoom": 16,
        "status": "confirmed",
        "class": "car"
      }
    },
    {
      "type": "Feature",
      "geometry": {
        "type": "Polygon",
        "coordinates": [
          [
            [
              25494642.971,
              6677026.186
            ],
            [
              25494643.053,
              6677028.74
            ],
            [
              25494637.896,
              6677028.907
            ],
            [
              25494637.814,
              6677026.353
            ],
            [
              25494642.971,
              6677026.186
            ]
          ]
        ]
      },
      "properties": {
        "confidence": 0.8448,
        "length_m": 5.16,
        "width_m": 2.56,
        "heading_deg": 91.9,
        "aoi": "r1-ruskeasuo",
        "source_layer": "Ortoilmakuva_2025_5cm",
        "zoom": 16,
        "status": "confirmed",
        "class": "car"
      }
    },
    {
      "type": "Feature",
      "geometry": {
        "type": "Polygon",
        "coordinates": [
          [
            [
              25494717.229,
              6677077.357
            ],
            [
              25494718.965,
              6677079.871
            ],
            [
              25494708.795,
              6677086.894
            ],
            [
              25494707.059,
              6677084.38
            ],
            [
              25494717.229,
              6677077.357
            ]
          ]
        ]
      },
      "properties": {
        "confidence": 0.8445,
        "length_m": 12.36,
        "width_m": 3.06,
        "heading_deg": 124.6,
        "aoi": "r1-ruskeasuo",
        "source_layer": "Ortoilmakuva_2025_5cm",
        "zoom": 16,
        "status": "confirmed",
        "class": "bus"
      }
    },
    {
      "type": "Feature",
      "geometry": {
        "type": "Polygon",
        "coordinates": [
          [
            [
              25494717.102,
              6677101.203
            ],
            [
              25494718.695,
              6677103.784
            ],
            [
              25494708.635,
              6677109.993
            ],
            [
              25494707.042,
              6677107.412
            ],
            [
              25494717.102,
              6677101.203
            ]
          ]
        ]
      },
      "properties": {
        "confidence": 0.844,
        "length_m": 11.82,
        "width_m": 3.03,
        "heading_deg": 121.7,
        "aoi": "r1-ruskeasuo",
        "source_layer": "Ortoilmakuva_2025_5cm",
        "zoom": 16,
        "status": "confirmed",
        "class": "bus"
      }
    },
    {
      "type": "Feature",
      "geometry": {
        "type": "Polygon",
        "coordinates": [
          [
            [
              25494508.221,
              6677103.988
            ],
            [
              25494508.429,
              6677109.137
            ],
            [
              25494506.142,
              6677109.23
            ],
            [
              25494505.934,
              6677104.08
            ],
            [
              25494508.221,
              6677103.988
            ]
          ]
        ]
      },
      "properties": {
        "confidence": 0.8439,
        "length_m": 5.15,
        "width_m": 2.29,
        "heading_deg": 2.3,
        "aoi": "r1-ruskeasuo",
        "source_layer": "Ortoilmakuva_2025_5cm",
        "zoom": 16,
        "status": "confirmed",
        "class": "car"
      }
    },
    {
      "type": "Feature",
      "geometry": {
        "type": "Polygon",
        "coordinates": [
          [
            [
              25494601.965,
              6677216.748
            ],
            [
              25494602.138,
              6677220.971
            ],
            [
              25494599.461,
              6677221.081
            ],
            [
              25494599.288,
              6677216.858
            ],
            [
              25494601.965,
              6677216.748
            ]
          ]
        ]
      },
      "properties": {
        "confidence": 0.8437,
        "length_m": 4.23,
        "width_m": 2.68,
        "heading_deg": 2.3,
        "aoi": "r1-ruskeasuo",
        "source_layer": "Ortoilmakuva_2025_5cm",
        "zoom": 16,
        "status": "rejected",
        "class": ""
      }
    },
    {
      "type": "Feature",
      "geometry": {
        "type": "Polygon",
        "coordinates": [
          [
            [
              25494598.93,
              6677109.517
            ],
            [
              25494600.013,
              6677111.535
            ],
            [
              25494595.592,
              6677113.91
            ],
            [
              25494594.508,
              6677111.892
            ],
            [
              25494598.93,
              6677109.517
            ]
          ]
        ]
      },
      "properties": {
        "confidence": 0.8434,
        "length_m": 5.02,
        "width_m": 2.29,
        "heading_deg": 118.2,
        "aoi": "r1-ruskeasuo",
        "source_layer": "Ortoilmakuva_2025_5cm",
        "zoom": 16,
        "status": "confirmed",
        "class": "car"
      }
    },
    {
      "type": "Feature",
      "geometry": {
        "type": "Polygon",
        "coordinates": [
          [
            [
              25494718.978,
              6677123.75
            ],
            [
              25494707.905,
              6677131.017
            ],
            [
              25494709.556,
              6677133.532
            ],
            [
              25494720.628,
              6677126.264
            ],
            [
              25494718.978,
              6677123.75
            ]
          ]
        ]
      },
      "properties": {
        "confidence": 0.8434,
        "length_m": 13.24,
        "width_m": 3.01,
        "heading_deg": 123.3,
        "aoi": "r1-ruskeasuo",
        "source_layer": "Ortoilmakuva_2025_5cm",
        "zoom": 16,
        "status": "confirmed",
        "class": "bus"
      }
    },
    {
      "type": "Feature",
      "geometry": {
        "type": "Polygon",
        "coordinates": [
          [
            [
              25494675.024,
              6677074.219
            ],
            [
              25494687.628,
              6677080.737
            ],
            [
              25494686.249,
              6677083.404
            ],
            [
              25494673.645,
              6677076.886
            ],
            [
              25494675.024,
              6677074.219
            ]
          ]
        ]
      },
      "properties": {
        "confidence": 0.8433,
        "length_m": 14.19,
        "width_m": 3,
        "heading_deg": 62.7,
        "aoi": "r1-ruskeasuo",
        "source_layer": "Ortoilmakuva_2025_5cm",
        "zoom": 16,
        "status": "confirmed",
        "class": "bus"
      }
    },
    {
      "type": "Feature",
      "geometry": {
        "type": "Polygon",
        "coordinates": [
          [
            [
              25494732.845,
              6677091.113
            ],
            [
              25494734.533,
              6677093.663
            ],
            [
              25494722.395,
              6677101.699
            ],
            [
              25494720.707,
              6677099.15
            ],
            [
              25494732.845,
              6677091.113
            ]
          ]
        ]
      },
      "properties": {
        "confidence": 0.8429,
        "length_m": 14.56,
        "width_m": 3.06,
        "heading_deg": 123.5,
        "aoi": "r1-ruskeasuo",
        "source_layer": "Ortoilmakuva_2025_5cm",
        "zoom": 16,
        "status": "confirmed",
        "class": "bus"
      }
    },
    {
      "type": "Feature",
      "geometry": {
        "type": "Polygon",
        "coordinates": [
          [
            [
              25494570.743,
              6677031.826
            ],
            [
              25494572.678,
              6677032.695
            ],
            [
              25494570.788,
              6677036.906
            ],
            [
              25494568.852,
              6677036.038
            ],
            [
              25494570.743,
              6677031.826
            ]
          ]
        ]
      },
      "properties": {
        "confidence": 0.842,
        "length_m": 4.62,
        "width_m": 2.12,
        "heading_deg": 155.8,
        "aoi": "r1-ruskeasuo",
        "source_layer": "Ortoilmakuva_2025_5cm",
        "zoom": 16,
        "status": "confirmed",
        "class": "car"
      }
    },
    {
      "type": "Feature",
      "geometry": {
        "type": "Polygon",
        "coordinates": [
          [
            [
              25494753.913,
              6677099.958
            ],
            [
              25494765.146,
              6677106.219
            ],
            [
              25494763.722,
              6677108.773
            ],
            [
              25494752.49,
              6677102.512
            ],
            [
              25494753.913,
              6677099.958
            ]
          ]
        ]
      },
      "properties": {
        "confidence": 0.8417,
        "length_m": 12.86,
        "width_m": 2.92,
        "heading_deg": 60.9,
        "aoi": "r1-ruskeasuo",
        "source_layer": "Ortoilmakuva_2025_5cm",
        "zoom": 16,
        "status": "confirmed",
        "class": "bus"
      }
    },
    {
      "type": "Feature",
      "geometry": {
        "type": "Polygon",
        "coordinates": [
          [
            [
              25494755.497,
              6677127.776
            ],
            [
              25494766.637,
              6677134.092
            ],
            [
              25494765.158,
              6677136.7
            ],
            [
              25494754.018,
              6677130.384
            ],
            [
              25494755.497,
              6677127.776
            ]
          ]
        ]
      },
      "properties": {
        "confidence": 0.8416,
        "length_m": 12.81,
        "width_m": 3,
        "heading_deg": 60.4,
        "aoi": "r1-ruskeasuo",
        "source_layer": "Ortoilmakuva_2025_5cm",
        "zoom": 16,
        "status": "confirmed",
        "class": "bus"
      }
    },
    {
      "type": "Feature",
      "geometry": {
        "type": "Polygon",
        "coordinates": [
          [
            [
              25494753.857,
              6677095.541
            ],
            [
              25494765.105,
              6677101.719
            ],
            [
              25494763.672,
              6677104.327
            ],
            [
              25494752.424,
              6677098.15
            ],
            [
              25494753.857,
              6677095.541
            ]
          ]
        ]
      },
      "properties": {
        "confidence": 0.8413,
        "length_m": 12.83,
        "width_m": 2.98,
        "heading_deg": 61.2,
        "aoi": "r1-ruskeasuo",
        "source_layer": "Ortoilmakuva_2025_5cm",
        "zoom": 16,
        "status": "confirmed",
        "class": "bus"
      }
    },
    {
      "type": "Feature",
      "geometry": {
        "type": "Polygon",
        "coordinates": [
          [
            [
              25494717.106,
              6677063.517
            ],
            [
              25494718.77,
              6677066.044
            ],
            [
              25494707.961,
              6677073.162
            ],
            [
              25494706.297,
              6677070.635
            ],
            [
              25494717.106,
              6677063.517
            ]
          ]
        ]
      },
      "properties": {
        "confidence": 0.8412,
        "length_m": 12.94,
        "width_m": 3.03,
        "heading_deg": 123.4,
        "aoi": "r1-ruskeasuo",
        "source_layer": "Ortoilmakuva_2025_5cm",
        "zoom": 16,
        "status": "confirmed",
        "class": "bus"
      }
    },
    {
      "type": "Feature",
      "geometry": {
        "type": "Polygon",
        "coordinates": [
          [
            [
              25494508.742,
              6677117.32
            ],
            [
              25494509.054,
              6677122.109
            ],
            [
              25494506.935,
              6677122.247
            ],
            [
              25494506.622,
              6677117.458
            ],
            [
              25494508.742,
              6677117.32
            ]
          ]
        ]
      },
      "properties": {
        "confidence": 0.8412,
        "length_m": 4.8,
        "width_m": 2.12,
        "heading_deg": 3.7,
        "aoi": "r1-ruskeasuo",
        "source_layer": "Ortoilmakuva_2025_5cm",
        "zoom": 16,
        "status": "confirmed",
        "class": "car"
      }
    },
    {
      "type": "Feature",
      "geometry": {
        "type": "Polygon",
        "coordinates": [
          [
            [
              25494641.304,
              6677033.972
            ],
            [
              25494641.488,
              6677036.793
            ],
            [
              25494628.527,
              6677037.639
            ],
            [
              25494628.343,
              6677034.818
            ],
            [
              25494641.304,
              6677033.972
            ]
          ]
        ]
      },
      "properties": {
        "confidence": 0.8408,
        "length_m": 12.99,
        "width_m": 2.83,
        "heading_deg": 93.7,
        "aoi": "r1-ruskeasuo",
        "source_layer": "Ortoilmakuva_2025_5cm",
        "zoom": 16,
        "status": "confirmed",
        "class": "bus"
      }
    },
    {
      "type": "Feature",
      "geometry": {
        "type": "Polygon",
        "coordinates": [
          [
            [
              25494734.532,
              6677137.226
            ],
            [
              25494736.276,
              6677139.827
            ],
            [
              25494724.132,
              6677147.972
            ],
            [
              25494722.388,
              6677145.372
            ],
            [
              25494734.532,
              6677137.226
            ]
          ]
        ]
      },
      "properties": {
        "confidence": 0.8398,
        "length_m": 14.62,
        "width_m": 3.13,
        "heading_deg": 123.8,
        "aoi": "r1-ruskeasuo",
        "source_layer": "Ortoilmakuva_2025_5cm",
        "zoom": 16,
        "status": "confirmed",
        "class": "bus"
      }
    },
    {
      "type": "Feature",
      "geometry": {
        "type": "Polygon",
        "coordinates": [
          [
            [
              25494708.956,
              6677023.33
            ],
            [
              25494708.987,
              6677025.858
            ],
            [
              25494704.221,
              6677025.915
            ],
            [
              25494704.191,
              6677023.388
            ],
            [
              25494708.956,
              6677023.33
            ]
          ]
        ]
      },
      "properties": {
        "confidence": 0.8396,
        "length_m": 4.77,
        "width_m": 2.53,
        "heading_deg": 90.7,
        "aoi": "r1-ruskeasuo",
        "source_layer": "Ortoilmakuva_2025_5cm",
        "zoom": 16,
        "status": "confirmed",
        "class": "car"
      }
    },
    {
      "type": "Feature",
      "geometry": {
        "type": "Polygon",
        "coordinates": [
          [
            [
              25494597.818,
              6677092.935
            ],
            [
              25494598.778,
              6677094.887
            ],
            [
              25494594.965,
              6677096.763
            ],
            [
              25494594.005,
              6677094.811
            ],
            [
              25494597.818,
              6677092.935
            ]
          ]
        ]
      },
      "properties": {
        "confidence": 0.8396,
        "length_m": 4.25,
        "width_m": 2.18,
        "heading_deg": 116.2,
        "aoi": "r1-ruskeasuo",
        "source_layer": "Ortoilmakuva_2025_5cm",
        "zoom": 16,
        "status": "confirmed",
        "class": "car"
      }
    },
    {
      "type": "Feature",
      "geometry": {
        "type": "Polygon",
        "coordinates": [
          [
            [
              25494529.101,
              6677080.547
            ],
            [
              25494533.277,
              6677082.386
            ],
            [
              25494532.415,
              6677084.343
            ],
            [
              25494528.24,
              6677082.505
            ],
            [
              25494529.101,
              6677080.547
            ]
          ]
        ]
      },
      "properties": {
        "confidence": 0.8387,
        "length_m": 4.56,
        "width_m": 2.14,
        "heading_deg": 66.2,
        "aoi": "r1-ruskeasuo",
        "source_layer": "Ortoilmakuva_2025_5cm",
        "zoom": 16,
        "status": "confirmed",
        "class": "car"
      }
    },
    {
      "type": "Feature",
      "geometry": {
        "type": "Polygon",
        "coordinates": [
          [
            [
              25494597.796,
              6677084.523
            ],
            [
              25494598.759,
              6677086.48
            ],
            [
              25494594.829,
              6677088.415
            ],
            [
              25494593.865,
              6677086.458
            ],
            [
              25494597.796,
              6677084.523
            ]
          ]
        ]
      },
      "properties": {
        "confidence": 0.8384,
        "length_m": 4.38,
        "width_m": 2.18,
        "heading_deg": 116.2,
        "aoi": "r1-ruskeasuo",
        "source_layer": "Ortoilmakuva_2025_5cm",
        "zoom": 16,
        "status": "confirmed",
        "class": "car"
      }
    },
    {
      "type": "Feature",
      "geometry": {
        "type": "Polygon",
        "coordinates": [
          [
            [
              25494499.963,
              6677094.427
            ],
            [
              25494500.159,
              6677099.47
            ],
            [
              25494497.845,
              6677099.56
            ],
            [
              25494497.649,
              6677094.516
            ],
            [
              25494499.963,
              6677094.427
            ]
          ]
        ]
      },
      "properties": {
        "confidence": 0.8381,
        "length_m": 5.05,
        "width_m": 2.32,
        "heading_deg": 2.2,
        "aoi": "r1-ruskeasuo",
        "source_layer": "Ortoilmakuva_2025_5cm",
        "zoom": 16,
        "status": "confirmed",
        "class": "car"
      }
    },
    {
      "type": "Feature",
      "geometry": {
        "type": "Polygon",
        "coordinates": [
          [
            [
              25494753.186,
              6677067.74
            ],
            [
              25494764.244,
              6677074.026
            ],
            [
              25494762.722,
              6677076.703
            ],
            [
              25494751.664,
              6677070.416
            ],
            [
              25494753.186,
              6677067.74
            ]
          ]
        ]
      },
      "properties": {
        "confidence": 0.8369,
        "length_m": 12.72,
        "width_m": 3.08,
        "heading_deg": 60.4,
        "aoi": "r1-ruskeasuo",
        "source_layer": "Ortoilmakuva_2025_5cm",
        "zoom": 16,
        "status": "confirmed",
        "class": "bus"
      }
    },
    {
      "type": "Feature",
      "geometry": {
        "type": "Polygon",
        "coordinates": [
          [
            [
              25494597.017,
              6677064.802
            ],
            [
              25494598.144,
              6677066.775
            ],
            [
              25494593.939,
              6677069.177
            ],
            [
              25494592.812,
              6677067.204
            ],
            [
              25494597.017,
              6677064.802
            ]
          ]
        ]
      },
      "properties": {
        "confidence": 0.8365,
        "length_m": 4.84,
        "width_m": 2.27,
        "heading_deg": 119.7,
        "aoi": "r1-ruskeasuo",
        "source_layer": "Ortoilmakuva_2025_5cm",
        "zoom": 16,
        "status": "confirmed",
        "class": "car"
      }
    },
    {
      "type": "Feature",
      "geometry": {
        "type": "Polygon",
        "coordinates": [
          [
            [
              25494675.962,
              6677101.544
            ],
            [
              25494688.832,
              6677108.618
            ],
            [
              25494687.311,
              6677111.385
            ],
            [
              25494674.441,
              6677104.311
            ],
            [
              25494675.962,
              6677101.544
            ]
          ]
        ]
      },
      "properties": {
        "confidence": 0.8365,
        "length_m": 14.69,
        "width_m": 3.16,
        "heading_deg": 61.2,
        "aoi": "r1-ruskeasuo",
        "source_layer": "Ortoilmakuva_2025_5cm",
        "zoom": 16,
        "status": "confirmed",
        "class": "bus"
      }
    },
    {
      "type": "Feature",
      "geometry": {
        "type": "Polygon",
        "coordinates": [
          [
            [
              25494596.677,
              6677053.603
            ],
            [
              25494597.751,
              6677055.546
            ],
            [
              25494593.699,
              6677057.787
            ],
            [
              25494592.625,
              6677055.844
            ],
            [
              25494596.677,
              6677053.603
            ]
          ]
        ]
      },
      "properties": {
        "confidence": 0.8364,
        "length_m": 4.63,
        "width_m": 2.22,
        "heading_deg": 118.9,
        "aoi": "r1-ruskeasuo",
        "source_layer": "Ortoilmakuva_2025_5cm",
        "zoom": 16,
        "status": "confirmed",
        "class": "car"
      }
    },
    {
      "type": "Feature",
      "geometry": {
        "type": "Polygon",
        "coordinates": [
          [
            [
              25494696.889,
              6677023.681
            ],
            [
              25494697.006,
              6677026.208
            ],
            [
              25494691.782,
              6677026.45
            ],
            [
              25494691.665,
              6677023.923
            ],
            [
              25494696.889,
              6677023.681
            ]
          ]
        ]
      },
      "properties": {
        "confidence": 0.8364,
        "length_m": 5.23,
        "width_m": 2.53,
        "heading_deg": 92.7,
        "aoi": "r1-ruskeasuo",
        "source_layer": "Ortoilmakuva_2025_5cm",
        "zoom": 16,
        "status": "confirmed",
        "class": "car"
      }
    },
    {
      "type": "Feature",
      "geometry": {
        "type": "Polygon",
        "coordinates": [
          [
            [
              25494604.974,
              6677087.783
            ],
            [
              25494609.238,
              6677089.674
            ],
            [
              25494608.301,
              6677091.787
            ],
            [
              25494604.036,
              6677089.896
            ],
            [
              25494604.974,
              6677087.783
            ]
          ]
        ]
      },
      "properties": {
        "confidence": 0.8363,
        "length_m": 4.66,
        "width_m": 2.31,
        "heading_deg": 66.1,
        "aoi": "r1-ruskeasuo",
        "source_layer": "Ortoilmakuva_2025_5cm",
        "zoom": 16,
        "status": "confirmed",
        "class": "car"
      }
    },
    {
      "type": "Feature",
      "geometry": {
        "type": "Polygon",
        "coordinates": [
          [
            [
              25494664.128,
              6677199.468
            ],
            [
              25494676.992,
              6677206.305
            ],
            [
              25494675.568,
              6677208.983
            ],
            [
              25494662.705,
              6677202.146
            ],
            [
              25494664.128,
              6677199.468
            ]
          ]
        ]
      },
      "properties": {
        "confidence": 0.8363,
        "length_m": 14.57,
        "width_m": 3.03,
        "heading_deg": 62,
        "aoi": "r1-ruskeasuo",
        "source_layer": "Ortoilmakuva_2025_5cm",
        "zoom": 16,
        "status": "confirmed",
        "class": "bus"
      }
    },
    {
      "type": "Feature",
      "geometry": {
        "type": "Polygon",
        "coordinates": [
          [
            [
              25494660.592,
              6677025.04
            ],
            [
              25494660.686,
              6677027.711
            ],
            [
              25494655.084,
              6677027.908
            ],
            [
              25494654.991,
              6677025.237
            ],
            [
              25494660.592,
              6677025.04
            ]
          ]
        ]
      },
      "properties": {
        "confidence": 0.8359,
        "length_m": 5.61,
        "width_m": 2.67,
        "heading_deg": 92,
        "aoi": "r1-ruskeasuo",
        "source_layer": "Ortoilmakuva_2025_5cm",
        "zoom": 16,
        "status": "confirmed",
        "class": "car"
      }
    },
    {
      "type": "Feature",
      "geometry": {
        "type": "Polygon",
        "coordinates": [
          [
            [
              25494582.012,
              6677217.041
            ],
            [
              25494582.461,
              6677230.035
            ],
            [
              25494579.744,
              6677230.129
            ],
            [
              25494579.295,
              6677217.135
            ],
            [
              25494582.012,
              6677217.041
            ]
          ]
        ]
      },
      "properties": {
        "confidence": 0.8357,
        "length_m": 13,
        "width_m": 2.72,
        "heading_deg": 2,
        "aoi": "r1-ruskeasuo",
        "source_layer": "Ortoilmakuva_2025_5cm",
        "zoom": 16,
        "status": "confirmed",
        "class": "bus"
      }
    },
    {
      "type": "Feature",
      "geometry": {
        "type": "Polygon",
        "coordinates": [
          [
            [
              25494573.207,
              6677042.653
            ],
            [
              25494574.783,
              6677046.424
            ],
            [
              25494572.891,
              6677047.214
            ],
            [
              25494571.316,
              6677043.443
            ],
            [
              25494573.207,
              6677042.653
            ]
          ]
        ]
      },
      "properties": {
        "confidence": 0.8355,
        "length_m": 4.09,
        "width_m": 2.05,
        "heading_deg": 22.7,
        "aoi": "r1-ruskeasuo",
        "source_layer": "Ortoilmakuva_2025_5cm",
        "zoom": 16,
        "status": "confirmed",
        "class": "car"
      }
    },
    {
      "type": "Feature",
      "geometry": {
        "type": "Polygon",
        "coordinates": [
          [
            [
              25494645.725,
              6677210
            ],
            [
              25494647.357,
              6677212.538
            ],
            [
              25494635.083,
              6677220.431
            ],
            [
              25494633.451,
              6677217.894
            ],
            [
              25494645.725,
              6677210
            ]
          ]
        ]
      },
      "properties": {
        "confidence": 0.8354,
        "length_m": 14.59,
        "width_m": 3.02,
        "heading_deg": 122.7,
        "aoi": "r1-ruskeasuo",
        "source_layer": "Ortoilmakuva_2025_5cm",
        "zoom": 16,
        "status": "confirmed",
        "class": "bus"
      }
    },
    {
      "type": "Feature",
      "geometry": {
        "type": "Polygon",
        "coordinates": [
          [
            [
              25494597.613,
              6677076.171
            ],
            [
              25494598.539,
              6677078.166
            ],
            [
              25494594.136,
              6677080.211
            ],
            [
              25494593.209,
              6677078.216
            ],
            [
              25494597.613,
              6677076.171
            ]
          ]
        ]
      },
      "properties": {
        "confidence": 0.8353,
        "length_m": 4.85,
        "width_m": 2.2,
        "heading_deg": 114.9,
        "aoi": "r1-ruskeasuo",
        "source_layer": "Ortoilmakuva_2025_5cm",
        "zoom": 16,
        "status": "confirmed",
        "class": "car"
      }
    },
    {
      "type": "Feature",
      "geometry": {
        "type": "Polygon",
        "coordinates": [
          [
            [
              25494578.32,
              6677041.841
            ],
            [
              25494580.438,
              6677046.035
            ],
            [
              25494578.417,
              6677047.056
            ],
            [
              25494576.298,
              6677042.862
            ],
            [
              25494578.32,
              6677041.841
            ]
          ]
        ]
      },
      "properties": {
        "confidence": 0.8351,
        "length_m": 4.7,
        "width_m": 2.26,
        "heading_deg": 26.8,
        "aoi": "r1-ruskeasuo",
        "source_layer": "Ortoilmakuva_2025_5cm",
        "zoom": 16,
        "status": "confirmed",
        "class": "car"
      }
    },
    {
      "type": "Feature",
      "geometry": {
        "type": "Polygon",
        "coordinates": [
          [
            [
              25494529.095,
              6677077.858
            ],
            [
              25494533.509,
              6677079.656
            ],
            [
              25494532.679,
              6677081.692
            ],
            [
              25494528.265,
              6677079.894
            ],
            [
              25494529.095,
              6677077.858
            ]
          ]
        ]
      },
      "properties": {
        "confidence": 0.8351,
        "length_m": 4.77,
        "width_m": 2.2,
        "heading_deg": 67.8,
        "aoi": "r1-ruskeasuo",
        "source_layer": "Ortoilmakuva_2025_5cm",
        "zoom": 16,
        "status": "confirmed",
        "class": "car"
      }
    },
    {
      "type": "Feature",
      "geometry": {
        "type": "Polygon",
        "coordinates": [
          [
            [
              25494661.563,
              6677117.248
            ],
            [
              25494674.666,
              6677123.981
            ],
            [
              25494673.277,
              6677126.684
            ],
            [
              25494660.174,
              6677119.952
            ],
            [
              25494661.563,
              6677117.248
            ]
          ]
        ]
      },
      "properties": {
        "confidence": 0.8347,
        "length_m": 14.73,
        "width_m": 3.04,
        "heading_deg": 62.8,
        "aoi": "r1-ruskeasuo",
        "source_layer": "Ortoilmakuva_2025_5cm",
        "zoom": 16,
        "status": "confirmed",
        "class": "bus"
      }
    },
    {
      "type": "Feature",
      "geometry": {
        "type": "Polygon",
        "coordinates": [
          [
            [
              25494541.997,
              6677061.247
            ],
            [
              25494543.102,
              6677063.353
            ],
            [
              25494538.799,
              6677065.608
            ],
            [
              25494537.695,
              6677063.502
            ],
            [
              25494541.997,
              6677061.247
            ]
          ]
        ]
      },
      "properties": {
        "confidence": 0.8347,
        "length_m": 4.86,
        "width_m": 2.38,
        "heading_deg": 117.7,
        "aoi": "r1-ruskeasuo",
        "source_layer": "Ortoilmakuva_2025_5cm",
        "zoom": 16,
        "status": "confirmed",
        "class": "car"
      }
    },
    {
      "type": "Feature",
      "geometry": {
        "type": "Polygon",
        "coordinates": [
          [
            [
              25494597.008,
              6677073.549
            ],
            [
              25494597.988,
              6677075.43
            ],
            [
              25494594.175,
              6677077.416
            ],
            [
              25494593.196,
              6677075.535
            ],
            [
              25494597.008,
              6677073.549
            ]
          ]
        ]
      },
      "properties": {
        "confidence": 0.8343,
        "length_m": 4.3,
        "width_m": 2.12,
        "heading_deg": 117.5,
        "aoi": "r1-ruskeasuo",
        "source_layer": "Ortoilmakuva_2025_5cm",
        "zoom": 16,
        "status": "confirmed",
        "class": "car"
      }
    },
    {
      "type": "Feature",
      "geometry": {
        "type": "Polygon",
        "coordinates": [
          [
            [
              25494583.832,
              6677041.351
            ],
            [
              25494586.25,
              6677045.617
            ],
            [
              25494584.157,
              6677046.803
            ],
            [
              25494581.74,
              6677042.537
            ],
            [
              25494583.832,
              6677041.351
            ]
          ]
        ]
      },
      "properties": {
        "confidence": 0.8338,
        "length_m": 4.9,
        "width_m": 2.41,
        "heading_deg": 29.5,
        "aoi": "r1-ruskeasuo",
        "source_layer": "Ortoilmakuva_2025_5cm",
        "zoom": 16,
        "status": "confirmed",
        "class": "car"
      }
    },
    {
      "type": "Feature",
      "geometry": {
        "type": "Polygon",
        "coordinates": [
          [
            [
              25494576.57,
              6677031.636
            ],
            [
              25494578.469,
              6677032.608
            ],
            [
              25494576.299,
              6677036.849
            ],
            [
              25494574.4,
              6677035.877
            ],
            [
              25494576.57,
              6677031.636
            ]
          ]
        ]
      },
      "properties": {
        "confidence": 0.8336,
        "length_m": 4.76,
        "width_m": 2.13,
        "heading_deg": 152.9,
        "aoi": "r1-ruskeasuo",
        "source_layer": "Ortoilmakuva_2025_5cm",
        "zoom": 16,
        "status": "confirmed",
        "class": "car"
      }
    },
    {
      "type": "Feature",
      "geometry": {
        "type": "Polygon",
        "coordinates": [
          [
            [
              25494597.251,
              6677079.01
            ],
            [
              25494598.284,
              6677081.039
            ],
            [
              25494594.253,
              6677083.092
            ],
            [
              25494593.219,
              6677081.063
            ],
            [
              25494597.251,
              6677079.01
            ]
          ]
        ]
      },
      "properties": {
        "confidence": 0.8336,
        "length_m": 4.52,
        "width_m": 2.28,
        "heading_deg": 117,
        "aoi": "r1-ruskeasuo",
        "source_layer": "Ortoilmakuva_2025_5cm",
        "zoom": 16,
        "status": "confirmed",
        "class": "car"
      }
    },
    {
      "type": "Feature",
      "geometry": {
        "type": "Polygon",
        "coordinates": [
          [
            [
              25494640.399,
              6677052.407
            ],
            [
              25494642.069,
              6677055.047
            ],
            [
              25494629.762,
              6677062.834
            ],
            [
              25494628.092,
              6677060.194
            ],
            [
              25494640.399,
              6677052.407
            ]
          ]
        ]
      },
      "properties": {
        "confidence": 0.8335,
        "length_m": 14.56,
        "width_m": 3.12,
        "heading_deg": 122.3,
        "aoi": "r1-ruskeasuo",
        "source_layer": "Ortoilmakuva_2025_5cm",
        "zoom": 16,
        "status": "confirmed",
        "class": "bus"
      }
    },
    {
      "type": "Feature",
      "geometry": {
        "type": "Polygon",
        "coordinates": [
          [
            [
              25494564.619,
              6677006.639
            ],
            [
              25494566.143,
              6677008.133
            ],
            [
              25494562.939,
              6677011.401
            ],
            [
              25494561.415,
              6677009.907
            ],
            [
              25494564.619,
              6677006.639
            ]
          ]
        ]
      },
      "properties": {
        "confidence": 0.8335,
        "length_m": 4.58,
        "width_m": 2.13,
        "heading_deg": 135.6,
        "aoi": "r1-ruskeasuo",
        "source_layer": "Ortoilmakuva_2025_5cm",
        "zoom": 16,
        "status": "confirmed",
        "class": "car"
      }
    },
    {
      "type": "Feature",
      "geometry": {
        "type": "Polygon",
        "coordinates": [
          [
            [
              25494575.712,
              6677042.293
            ],
            [
              25494577.603,
              6677046.115
            ],
            [
              25494575.689,
              6677047.062
            ],
            [
              25494573.797,
              6677043.241
            ],
            [
              25494575.712,
              6677042.293
            ]
          ]
        ]
      },
      "properties": {
        "confidence": 0.8334,
        "length_m": 4.26,
        "width_m": 2.14,
        "heading_deg": 26.3,
        "aoi": "r1-ruskeasuo",
        "source_layer": "Ortoilmakuva_2025_5cm",
        "zoom": 16,
        "status": "confirmed",
        "class": "car"
      }
    },
    {
      "type": "Feature",
      "geometry": {
        "type": "Polygon",
        "coordinates": [
          [
            [
              25494662.855,
              6677085.804
            ],
            [
              25494674.084,
              6677091.878
            ],
            [
              25494672.627,
              6677094.572
            ],
            [
              25494661.397,
              6677088.499
            ],
            [
              25494662.855,
              6677085.804
            ]
          ]
        ]
      },
      "properties": {
        "confidence": 0.833,
        "length_m": 12.77,
        "width_m": 3.06,
        "heading_deg": 61.6,
        "aoi": "r1-ruskeasuo",
        "source_layer": "Ortoilmakuva_2025_5cm",
        "zoom": 16,
        "status": "confirmed",
        "class": "bus"
      }
    },
    {
      "type": "Feature",
      "geometry": {
        "type": "Polygon",
        "coordinates": [
          [
            [
              25494660.855,
              6677098.993
            ],
            [
              25494674.163,
              6677105.867
            ],
            [
              25494672.821,
              6677108.465
            ],
            [
              25494659.514,
              6677101.591
            ],
            [
              25494660.855,
              6677098.993
            ]
          ]
        ]
      },
      "properties": {
        "confidence": 0.8328,
        "length_m": 14.98,
        "width_m": 2.92,
        "heading_deg": 62.7,
        "aoi": "r1-ruskeasuo",
        "source_layer": "Ortoilmakuva_2025_5cm",
        "zoom": 16,
        "status": "confirmed",
        "class": "bus"
      }
    },
    {
      "type": "Feature",
      "geometry": {
        "type": "Polygon",
        "coordinates": [
          [
            [
              25494754.494,
              6677123.118
            ],
            [
              25494766.114,
              6677129.004
            ],
            [
              25494764.815,
              6677131.569
            ],
            [
              25494753.195,
              6677125.683
            ],
            [
              25494754.494,
              6677123.118
            ]
          ]
        ]
      },
      "properties": {
        "confidence": 0.8328,
        "length_m": 13.03,
        "width_m": 2.88,
        "heading_deg": 63.1,
        "aoi": "r1-ruskeasuo",
        "source_layer": "Ortoilmakuva_2025_5cm",
        "zoom": 16,
        "status": "confirmed",
        "class": "bus"
      }
    },
    {
      "type": "Feature",
      "geometry": {
        "type": "Polygon",
        "coordinates": [
          [
            [
              25494529.756,
              6677100.128
            ],
            [
              25494534.039,
              6677101.929
            ],
            [
              25494533.183,
              6677103.965
            ],
            [
              25494528.9,
              6677102.164
            ],
            [
              25494529.756,
              6677100.128
            ]
          ]
        ]
      },
      "properties": {
        "confidence": 0.8328,
        "length_m": 4.65,
        "width_m": 2.21,
        "heading_deg": 67.2,
        "aoi": "r1-ruskeasuo",
        "source_layer": "Ortoilmakuva_2025_5cm",
        "zoom": 16,
        "status": "confirmed",
        "class": "car"
      }
    },
    {
      "type": "Feature",
      "geometry": {
        "type": "Polygon",
        "coordinates": [
          [
            [
              25494561.747,
              6677042.54
            ],
            [
              25494563.867,
              6677046.924
            ],
            [
              25494561.782,
              6677047.932
            ],
            [
              25494559.662,
              6677043.549
            ],
            [
              25494561.747,
              6677042.54
            ]
          ]
        ]
      },
      "properties": {
        "confidence": 0.8325,
        "length_m": 4.87,
        "width_m": 2.32,
        "heading_deg": 25.8,
        "aoi": "r1-ruskeasuo",
        "source_layer": "Ortoilmakuva_2025_5cm",
        "zoom": 16,
        "status": "confirmed",
        "class": "car"
      }
    },
    {
      "type": "Feature",
      "geometry": {
        "type": "Polygon",
        "coordinates": [
          [
            [
              25494529.512,
              6677088.878
            ],
            [
              25494533.617,
              6677090.608
            ],
            [
              25494532.801,
              6677092.546
            ],
            [
              25494528.696,
              6677090.816
            ],
            [
              25494529.512,
              6677088.878
            ]
          ]
        ]
      },
      "properties": {
        "confidence": 0.8318,
        "length_m": 4.45,
        "width_m": 2.1,
        "heading_deg": 67.1,
        "aoi": "r1-ruskeasuo",
        "source_layer": "Ortoilmakuva_2025_5cm",
        "zoom": 16,
        "status": "confirmed",
        "class": "car"
      }
    },
    {
      "type": "Feature",
      "geometry": {
        "type": "Polygon",
        "coordinates": [
          [
            [
              25494732.705,
              6677105.762
            ],
            [
              25494734.324,
              6677108.211
            ],
            [
              25494722.132,
              6677116.274
            ],
            [
              25494720.513,
              6677113.825
            ],
            [
              25494732.705,
              6677105.762
            ]
          ]
        ]
      },
      "properties": {
        "confidence": 0.8309,
        "length_m": 14.62,
        "width_m": 2.94,
        "heading_deg": 123.5,
        "aoi": "r1-ruskeasuo",
        "source_layer": "Ortoilmakuva_2025_5cm",
        "zoom": 16,
        "status": "confirmed",
        "class": "bus"
      }
    },
    {
      "type": "Feature",
      "geometry": {
        "type": "Polygon",
        "coordinates": [
          [
            [
              25494553.477,
              6677043.308
            ],
            [
              25494555.34,
              6677046.897
            ],
            [
              25494553.449,
              6677047.878
            ],
            [
              25494551.586,
              6677044.289
            ],
            [
              25494553.477,
              6677043.308
            ]
          ]
        ]
      },
      "properties": {
        "confidence": 0.8296,
        "length_m": 4.04,
        "width_m": 2.13,
        "heading_deg": 27.4,
        "aoi": "r1-ruskeasuo",
        "source_layer": "Ortoilmakuva_2025_5cm",
        "zoom": 16,
        "status": "confirmed",
        "class": "car"
      }
    },
    {
      "type": "Feature",
      "geometry": {
        "type": "Polygon",
        "coordinates": [
          [
            [
              25494596.675,
              6677050.507
            ],
            [
              25494597.764,
              6677052.472
            ],
            [
              25494593.751,
              6677054.696
            ],
            [
              25494592.663,
              6677052.731
            ],
            [
              25494596.675,
              6677050.507
            ]
          ]
        ]
      },
      "properties": {
        "confidence": 0.8295,
        "length_m": 4.59,
        "width_m": 2.25,
        "heading_deg": 119,
        "aoi": "r1-ruskeasuo",
        "source_layer": "Ortoilmakuva_2025_5cm",
        "zoom": 16,
        "status": "confirmed",
        "class": "car"
      }
    },
    {
      "type": "Feature",
      "geometry": {
        "type": "Polygon",
        "coordinates": [
          [
            [
              25494756.304,
              6677151.2
            ],
            [
              25494768.08,
              6677157.375
            ],
            [
              25494766.66,
              6677160.084
            ],
            [
              25494754.883,
              6677153.909
            ],
            [
              25494756.304,
              6677151.2
            ]
          ]
        ]
      },
      "properties": {
        "confidence": 0.8295,
        "length_m": 13.3,
        "width_m": 3.06,
        "heading_deg": 62.3,
        "aoi": "r1-ruskeasuo",
        "source_layer": "Ortoilmakuva_2025_5cm",
        "zoom": 16,
        "status": "confirmed",
        "class": "bus"
      }
    },
    {
      "type": "Feature",
      "geometry": {
        "type": "Polygon",
        "coordinates": [
          [
            [
              25494731.782,
              6677064.027
            ],
            [
              25494733.38,
              6677066.582
            ],
            [
              25494720.943,
              6677074.359
            ],
            [
              25494719.345,
              6677071.804
            ],
            [
              25494731.782,
              6677064.027
            ]
          ]
        ]
      },
      "properties": {
        "confidence": 0.8293,
        "length_m": 14.67,
        "width_m": 3.01,
        "heading_deg": 122,
        "aoi": "r1-ruskeasuo",
        "source_layer": "Ortoilmakuva_2025_5cm",
        "zoom": 16,
        "status": "confirmed",
        "class": "bus"
      }
    },
    {
      "type": "Feature",
      "geometry": {
        "type": "Polygon",
        "coordinates": [
          [
            [
              25494661.057,
              6677107.717
            ],
            [
              25494674.331,
              6677114.664
            ],
            [
              25494672.879,
              6677117.438
            ],
            [
              25494659.606,
              6677110.491
            ],
            [
              25494661.057,
              6677107.717
            ]
          ]
        ]
      },
      "properties": {
        "confidence": 0.829,
        "length_m": 14.98,
        "width_m": 3.13,
        "heading_deg": 62.4,
        "aoi": "r1-ruskeasuo",
        "source_layer": "Ortoilmakuva_2025_5cm",
        "zoom": 16,
        "status": "confirmed",
        "class": "bus"
      }
    },
    {
      "type": "Feature",
      "geometry": {
        "type": "Polygon",
        "coordinates": [
          [
            [
              25494596.709,
              6677062.04
            ],
            [
              25494597.745,
              6677063.936
            ],
            [
              25494593.714,
              6677066.137
            ],
            [
              25494592.679,
              6677064.242
            ],
            [
              25494596.709,
              6677062.04
            ]
          ]
        ]
      },
      "properties": {
        "confidence": 0.8285,
        "length_m": 4.59,
        "width_m": 2.16,
        "heading_deg": 118.6,
        "aoi": "r1-ruskeasuo",
        "source_layer": "Ortoilmakuva_2025_5cm",
        "zoom": 16,
        "status": "confirmed",
        "class": "car"
      }
    },
    {
      "type": "Feature",
      "geometry": {
        "type": "Polygon",
        "coordinates": [
          [
            [
              25494599.703,
              6677148.37
            ],
            [
              25494600.752,
              6677150.258
            ],
            [
              25494597.037,
              6677152.321
            ],
            [
              25494595.988,
              6677150.433
            ],
            [
              25494599.703,
              6677148.37
            ]
          ]
        ]
      },
      "properties": {
        "confidence": 0.8283,
        "length_m": 4.25,
        "width_m": 2.16,
        "heading_deg": 119,
        "aoi": "r1-ruskeasuo",
        "source_layer": "Ortoilmakuva_2025_5cm",
        "zoom": 16,
        "status": "confirmed",
        "class": "car"
      }
    },
    {
      "type": "Feature",
      "geometry": {
        "type": "Polygon",
        "coordinates": [
          [
            [
              25494596.716,
              6677068.22
            ],
            [
              25494597.628,
              6677069.992
            ],
            [
              25494593.975,
              6677071.872
            ],
            [
              25494593.063,
              6677070.099
            ],
            [
              25494596.716,
              6677068.22
            ]
          ]
        ]
      },
      "properties": {
        "confidence": 0.8282,
        "length_m": 4.11,
        "width_m": 1.99,
        "heading_deg": 117.2,
        "aoi": "r1-ruskeasuo",
        "source_layer": "Ortoilmakuva_2025_5cm",
        "zoom": 16,
        "status": "confirmed",
        "class": "car"
      }
    },
    {
      "type": "Feature",
      "geometry": {
        "type": "Polygon",
        "coordinates": [
          [
            [
              25494566.426,
              6677008.671
            ],
            [
              25494567.868,
              6677010.097
            ],
            [
              25494564.73,
              6677013.271
            ],
            [
              25494563.288,
              6677011.845
            ],
            [
              25494566.426,
              6677008.671
            ]
          ]
        ]
      },
      "properties": {
        "confidence": 0.8282,
        "length_m": 4.46,
        "width_m": 2.03,
        "heading_deg": 135.3,
        "aoi": "r1-ruskeasuo",
        "source_layer": "Ortoilmakuva_2025_5cm",
        "zoom": 16,
        "status": "confirmed",
        "class": "car"
      }
    },
    {
      "type": "Feature",
      "geometry": {
        "type": "Polygon",
        "coordinates": [
          [
            [
              25494598.262,
              6677095.354
            ],
            [
              25494599.351,
              6677097.3
            ],
            [
              25494595.124,
              6677099.667
            ],
            [
              25494594.034,
              6677097.721
            ],
            [
              25494598.262,
              6677095.354
            ]
          ]
        ]
      },
      "properties": {
        "confidence": 0.8277,
        "length_m": 4.84,
        "width_m": 2.23,
        "heading_deg": 119.2,
        "aoi": "r1-ruskeasuo",
        "source_layer": "Ortoilmakuva_2025_5cm",
        "zoom": 16,
        "status": "confirmed",
        "class": "car"
      }
    },
    {
      "type": "Feature",
      "geometry": {
        "type": "Polygon",
        "coordinates": [
          [
            [
              25494610.785,
              6677215.862
            ],
            [
              25494610.926,
              6677229.438
            ],
            [
              25494608.086,
              6677229.468
            ],
            [
              25494607.945,
              6677215.892
            ],
            [
              25494610.785,
              6677215.862
            ]
          ]
        ]
      },
      "properties": {
        "confidence": 0.8274,
        "length_m": 13.58,
        "width_m": 2.84,
        "heading_deg": 0.6,
        "aoi": "r1-ruskeasuo",
        "source_layer": "Ortoilmakuva_2025_5cm",
        "zoom": 16,
        "status": "confirmed",
        "class": "bus"
      }
    },
    {
      "type": "Feature",
      "geometry": {
        "type": "Polygon",
        "coordinates": [
          [
            [
              25494567.271,
              6677042.435
            ],
            [
              25494569.548,
              6677046.663
            ],
            [
              25494567.564,
              6677047.731
            ],
            [
              25494565.287,
              6677043.503
            ],
            [
              25494567.271,
              6677042.435
            ]
          ]
        ]
      },
      "properties": {
        "confidence": 0.827,
        "length_m": 4.8,
        "width_m": 2.25,
        "heading_deg": 28.3,
        "aoi": "r1-ruskeasuo",
        "source_layer": "Ortoilmakuva_2025_5cm",
        "zoom": 16,
        "status": "confirmed",
        "class": "car"
      }
    },
    {
      "type": "Feature",
      "geometry": {
        "type": "Polygon",
        "coordinates": [
          [
            [
              25494550.196,
              6677042.662
            ],
            [
              25494552.781,
              6677046.975
            ],
            [
              25494550.684,
              6677048.232
            ],
            [
              25494548.099,
              6677043.919
            ],
            [
              25494550.196,
              6677042.662
            ]
          ]
        ]
      },
      "properties": {
        "confidence": 0.827,
        "length_m": 5.03,
        "width_m": 2.44,
        "heading_deg": 30.9,
        "aoi": "r1-ruskeasuo",
        "source_layer": "Ortoilmakuva_2025_5cm",
        "zoom": 16,
        "status": "confirmed",
        "class": "car"
      }
    },
    {
      "type": "Feature",
      "geometry": {
        "type": "Polygon",
        "coordinates": [
          [
            [
              25494498.492,
              6677053.014
            ],
            [
              25494498.587,
              6677057.932
            ],
            [
              25494496.415,
              6677057.974
            ],
            [
              25494496.32,
              6677053.055
            ],
            [
              25494498.492,
              6677053.014
            ]
          ]
        ]
      },
      "properties": {
        "confidence": 0.8269,
        "length_m": 4.92,
        "width_m": 2.17,
        "heading_deg": 1.1,
        "aoi": "r1-ruskeasuo",
        "source_layer": "Ortoilmakuva_2025_5cm",
        "zoom": 16,
        "status": "confirmed",
        "class": "car"
      }
    },
    {
      "type": "Feature",
      "geometry": {
        "type": "Polygon",
        "coordinates": [
          [
            [
              25494529.264,
              6677083.22
            ],
            [
              25494533.638,
              6677085.103
            ],
            [
              25494532.751,
              6677087.166
            ],
            [
              25494528.376,
              6677085.283
            ],
            [
              25494529.264,
              6677083.22
            ]
          ]
        ]
      },
      "properties": {
        "confidence": 0.8268,
        "length_m": 4.76,
        "width_m": 2.25,
        "heading_deg": 66.7,
        "aoi": "r1-ruskeasuo",
        "source_layer": "Ortoilmakuva_2025_5cm",
        "zoom": 16,
        "status": "confirmed",
        "class": "car"
      }
    },
    {
      "type": "Feature",
      "geometry": {
        "type": "Polygon",
        "coordinates": [
          [
            [
              25494604.873,
              6677082.18
            ],
            [
              25494608.906,
              6677083.96
            ],
            [
              25494608.038,
              6677085.928
            ],
            [
              25494604.004,
              6677084.148
            ],
            [
              25494604.873,
              6677082.18
            ]
          ]
        ]
      },
      "properties": {
        "confidence": 0.8264,
        "length_m": 4.41,
        "width_m": 2.15,
        "heading_deg": 66.2,
        "aoi": "r1-ruskeasuo",
        "source_layer": "Ortoilmakuva_2025_5cm",
        "zoom": 16,
        "status": "confirmed",
        "class": "car"
      }
    },
    {
      "type": "Feature",
      "geometry": {
        "type": "Polygon",
        "coordinates": [
          [
            [
              25494579.484,
              6677031.319
            ],
            [
              25494581.469,
              6677032.326
            ],
            [
              25494579.362,
              6677036.478
            ],
            [
              25494577.377,
              6677035.471
            ],
            [
              25494579.484,
              6677031.319
            ]
          ]
        ]
      },
      "properties": {
        "confidence": 0.8261,
        "length_m": 4.66,
        "width_m": 2.23,
        "heading_deg": 153.1,
        "aoi": "r1-ruskeasuo",
        "source_layer": "Ortoilmakuva_2025_5cm",
        "zoom": 16,
        "status": "confirmed",
        "class": "car"
      }
    },
    {
      "type": "Feature",
      "geometry": {
        "type": "Polygon",
        "coordinates": [
          [
            [
              25494826.455,
              6677091.107
            ],
            [
              25494826.684,
              6677093.217
            ],
            [
              25494821.92,
              6677093.735
            ],
            [
              25494821.691,
              6677091.624
            ],
            [
              25494826.455,
              6677091.107
            ]
          ]
        ]
      },
      "properties": {
        "confidence": 0.8261,
        "length_m": 4.79,
        "width_m": 2.12,
        "heading_deg": 96.2,
        "aoi": "r1-ruskeasuo",
        "source_layer": "Ortoilmakuva_2025_5cm",
        "zoom": 16,
        "status": "confirmed",
        "class": "car"
      }
    },
    {
      "type": "Feature",
      "geometry": {
        "type": "Polygon",
        "coordinates": [
          [
            [
              25494529.737,
              6677097.381
            ],
            [
              25494534.207,
              6677099.156
            ],
            [
              25494533.332,
              6677101.361
            ],
            [
              25494528.862,
              6677099.586
            ],
            [
              25494529.737,
              6677097.381
            ]
          ]
        ]
      },
      "properties": {
        "confidence": 0.8257,
        "length_m": 4.81,
        "width_m": 2.37,
        "heading_deg": 68.3,
        "aoi": "r1-ruskeasuo",
        "source_layer": "Ortoilmakuva_2025_5cm",
        "zoom": 16,
        "status": "confirmed",
        "class": "car"
      }
    },
    {
      "type": "Feature",
      "geometry": {
        "type": "Polygon",
        "coordinates": [
          [
            [
              25494605.838,
              6677109.901
            ],
            [
              25494610.306,
              6677112.222
            ],
            [
              25494609.215,
              6677114.321
            ],
            [
              25494604.747,
              6677111.999
            ],
            [
              25494605.838,
              6677109.901
            ]
          ]
        ]
      },
      "properties": {
        "confidence": 0.8251,
        "length_m": 5.03,
        "width_m": 2.37,
        "heading_deg": 62.5,
        "aoi": "r1-ruskeasuo",
        "source_layer": "Ortoilmakuva_2025_5cm",
        "zoom": 16,
        "status": "confirmed",
        "class": "car"
      }
    },
    {
      "type": "Feature",
      "geometry": {
        "type": "Polygon",
        "coordinates": [
          [
            [
              25494581.255,
              6677041.888
            ],
            [
              25494583.259,
              6677045.991
            ],
            [
              25494581.196,
              6677046.999
            ],
            [
              25494579.192,
              6677042.895
            ],
            [
              25494581.255,
              6677041.888
            ]
          ]
        ]
      },
      "properties": {
        "confidence": 0.825,
        "length_m": 4.57,
        "width_m": 2.3,
        "heading_deg": 26,
        "aoi": "r1-ruskeasuo",
        "source_layer": "Ortoilmakuva_2025_5cm",
        "zoom": 16,
        "status": "confirmed",
        "class": "car"
      }
    },
    {
      "type": "Feature",
      "geometry": {
        "type": "Polygon",
        "coordinates": [
          [
            [
              25494568.232,
              6677031.723
            ],
            [
              25494570.182,
              6677032.701
            ],
            [
              25494568.004,
              6677037.042
            ],
            [
              25494566.054,
              6677036.064
            ],
            [
              25494568.232,
              6677031.723
            ]
          ]
        ]
      },
      "properties": {
        "confidence": 0.8248,
        "length_m": 4.86,
        "width_m": 2.18,
        "heading_deg": 153.4,
        "aoi": "r1-ruskeasuo",
        "source_layer": "Ortoilmakuva_2025_5cm",
        "zoom": 16,
        "status": "confirmed",
        "class": "car"
      }
    },
    {
      "type": "Feature",
      "geometry": {
        "type": "Polygon",
        "coordinates": [
          [
            [
              25494528.265,
              6677056.668
            ],
            [
              25494532.049,
              6677058.217
            ],
            [
              25494531.252,
              6677060.163
            ],
            [
              25494527.468,
              6677058.613
            ],
            [
              25494528.265,
              6677056.668
            ]
          ]
        ]
      },
      "properties": {
        "confidence": 0.8246,
        "length_m": 4.09,
        "width_m": 2.1,
        "heading_deg": 67.7,
        "aoi": "r1-ruskeasuo",
        "source_layer": "Ortoilmakuva_2025_5cm",
        "zoom": 16,
        "status": "confirmed",
        "class": "car"
      }
    },
    {
      "type": "Feature",
      "geometry": {
        "type": "Polygon",
        "coordinates": [
          [
            [
              25494829.132,
              6677105.876
            ],
            [
              25494829.487,
              6677108.012
            ],
            [
              25494824.854,
              6677108.782
            ],
            [
              25494824.499,
              6677106.646
            ],
            [
              25494829.132,
              6677105.876
            ]
          ]
        ]
      },
      "properties": {
        "confidence": 0.8245,
        "length_m": 4.7,
        "width_m": 2.17,
        "heading_deg": 99.4,
        "aoi": "r1-ruskeasuo",
        "source_layer": "Ortoilmakuva_2025_5cm",
        "zoom": 16,
        "status": "confirmed",
        "class": "car"
      }
    },
    {
      "type": "Feature",
      "geometry": {
        "type": "Polygon",
        "coordinates": [
          [
            [
              25494676.222,
              6677115.574
            ],
            [
              25494689.238,
              6677122.853
            ],
            [
              25494687.756,
              6677125.502
            ],
            [
              25494674.74,
              6677118.223
            ],
            [
              25494676.222,
              6677115.574
            ]
          ]
        ]
      },
      "properties": {
        "confidence": 0.8242,
        "length_m": 14.91,
        "width_m": 3.04,
        "heading_deg": 60.8,
        "aoi": "r1-ruskeasuo",
        "source_layer": "Ortoilmakuva_2025_5cm",
        "zoom": 16,
        "status": "confirmed",
        "class": "bus"
      }
    },
    {
      "type": "Feature",
      "geometry": {
        "type": "Polygon",
        "coordinates": [
          [
            [
              25494560.798,
              6677002.674
            ],
            [
              25494562.35,
              6677004.221
            ],
            [
              25494559.162,
              6677007.419
            ],
            [
              25494557.611,
              6677005.872
            ],
            [
              25494560.798,
              6677002.674
            ]
          ]
        ]
      },
      "properties": {
        "confidence": 0.8242,
        "length_m": 4.52,
        "width_m": 2.19,
        "heading_deg": 135.1,
        "aoi": "r1-ruskeasuo",
        "source_layer": "Ortoilmakuva_2025_5cm",
        "zoom": 16,
        "status": "confirmed",
        "class": "car"
      }
    },
    {
      "type": "Feature",
      "geometry": {
        "type": "Polygon",
        "coordinates": [
          [
            [
              25494675.927,
              6677119.401
            ],
            [
              25494688.783,
              6677126.768
            ],
            [
              25494687.285,
              6677129.383
            ],
            [
              25494674.428,
              6677122.016
            ],
            [
              25494675.927,
              6677119.401
            ]
          ]
        ]
      },
      "properties": {
        "confidence": 0.8241,
        "length_m": 14.82,
        "width_m": 3.01,
        "heading_deg": 60.2,
        "aoi": "r1-ruskeasuo",
        "source_layer": "Ortoilmakuva_2025_5cm",
        "zoom": 16,
        "status": "confirmed",
        "class": "bus"
      }
    },
    {
      "type": "Feature",
      "geometry": {
        "type": "Polygon",
        "coordinates": [
          [
            [
              25494835.619,
              6677186.999
            ],
            [
              25494838.461,
              6677190.994
            ],
            [
              25494836.443,
              6677192.429
            ],
            [
              25494833.601,
              6677188.434
            ],
            [
              25494835.619,
              6677186.999
            ]
          ]
        ]
      },
      "properties": {
        "confidence": 0.8238,
        "length_m": 4.9,
        "width_m": 2.48,
        "heading_deg": 35.4,
        "aoi": "r1-ruskeasuo",
        "source_layer": "Ortoilmakuva_2025_5cm",
        "zoom": 16,
        "status": "confirmed",
        "class": "car"
      }
    },
    {
      "type": "Feature",
      "geometry": {
        "type": "Polygon",
        "coordinates": [
          [
            [
              25494598.975,
              6677118.057
            ],
            [
              25494600.038,
              6677119.931
            ],
            [
              25494596.079,
              6677122.176
            ],
            [
              25494595.016,
              6677120.302
            ],
            [
              25494598.975,
              6677118.057
            ]
          ]
        ]
      },
      "properties": {
        "confidence": 0.8228,
        "length_m": 4.55,
        "width_m": 2.15,
        "heading_deg": 119.6,
        "aoi": "r1-ruskeasuo",
        "source_layer": "Ortoilmakuva_2025_5cm",
        "zoom": 16,
        "status": "confirmed",
        "class": "car"
      }
    },
    {
      "type": "Feature",
      "geometry": {
        "type": "Polygon",
        "coordinates": [
          [
            [
              25494598.527,
              6677098.164
            ],
            [
              25494599.591,
              6677100.098
            ],
            [
              25494595.37,
              6677102.42
            ],
            [
              25494594.306,
              6677100.486
            ],
            [
              25494598.527,
              6677098.164
            ]
          ]
        ]
      },
      "properties": {
        "confidence": 0.8223,
        "length_m": 4.82,
        "width_m": 2.21,
        "heading_deg": 118.8,
        "aoi": "r1-ruskeasuo",
        "source_layer": "Ortoilmakuva_2025_5cm",
        "zoom": 16,
        "status": "confirmed",
        "class": "car"
      }
    },
    {
      "type": "Feature",
      "geometry": {
        "type": "Polygon",
        "coordinates": [
          [
            [
              25494830.187,
              6677110.895
            ],
            [
              25494830.489,
              6677112.856
            ],
            [
              25494826.269,
              6677113.506
            ],
            [
              25494825.967,
              6677111.545
            ],
            [
              25494830.187,
              6677110.895
            ]
          ]
        ]
      },
      "properties": {
        "confidence": 0.8223,
        "length_m": 4.27,
        "width_m": 1.98,
        "heading_deg": 98.8,
        "aoi": "r1-ruskeasuo",
        "source_layer": "Ortoilmakuva_2025_5cm",
        "zoom": 16,
        "status": "confirmed",
        "class": "car"
      }
    },
    {
      "type": "Feature",
      "geometry": {
        "type": "Polygon",
        "coordinates": [
          [
            [
              25494643.737,
              6677149.641
            ],
            [
              25494630.868,
              6677157.654
            ],
            [
              25494632.527,
              6677160.318
            ],
            [
              25494645.396,
              6677152.306
            ],
            [
              25494643.737,
              6677149.641
            ]
          ]
        ]
      },
      "properties": {
        "confidence": 0.8222,
        "length_m": 15.16,
        "width_m": 3.14,
        "heading_deg": 121.9,
        "aoi": "r1-ruskeasuo",
        "source_layer": "Ortoilmakuva_2025_5cm",
        "zoom": 16,
        "status": "confirmed",
        "class": "bus"
      }
    },
    {
      "type": "Feature",
      "geometry": {
        "type": "Polygon",
        "coordinates": [
          [
            [
              25494584.84,
              6677031.155
            ],
            [
              25494586.785,
              6677031.94
            ],
            [
              25494585.11,
              6677036.093
            ],
            [
              25494583.165,
              6677035.308
            ],
            [
              25494584.84,
              6677031.155
            ]
          ]
        ]
      },
      "properties": {
        "confidence": 0.822,
        "length_m": 4.48,
        "width_m": 2.1,
        "heading_deg": 158,
        "aoi": "r1-ruskeasuo",
        "source_layer": "Ortoilmakuva_2025_5cm",
        "zoom": 16,
        "status": "confirmed",
        "class": "car"
      }
    },
    {
      "type": "Feature",
      "geometry": {
        "type": "Polygon",
        "coordinates": [
          [
            [
              25494527.682,
              6677050.759
            ],
            [
              25494531.892,
              6677052.744
            ],
            [
              25494530.941,
              6677054.761
            ],
            [
              25494526.731,
              6677052.776
            ],
            [
              25494527.682,
              6677050.759
            ]
          ]
        ]
      },
      "properties": {
        "confidence": 0.8216,
        "length_m": 4.65,
        "width_m": 2.23,
        "heading_deg": 64.8,
        "aoi": "r1-ruskeasuo",
        "source_layer": "Ortoilmakuva_2025_5cm",
        "zoom": 16,
        "status": "confirmed",
        "class": "car"
      }
    },
    {
      "type": "Feature",
      "geometry": {
        "type": "Polygon",
        "coordinates": [
          [
            [
              25494598.295,
              6677101.015
            ],
            [
              25494599.474,
              6677102.947
            ],
            [
              25494595.287,
              6677105.501
            ],
            [
              25494594.109,
              6677103.57
            ],
            [
              25494598.295,
              6677101.015
            ]
          ]
        ]
      },
      "properties": {
        "confidence": 0.8214,
        "length_m": 4.9,
        "width_m": 2.26,
        "heading_deg": 121.4,
        "aoi": "r1-ruskeasuo",
        "source_layer": "Ortoilmakuva_2025_5cm",
        "zoom": 16,
        "status": "confirmed",
        "class": "car"
      }
    },
    {
      "type": "Feature",
      "geometry": {
        "type": "Polygon",
        "coordinates": [
          [
            [
              25494683.013,
              6677182.592
            ],
            [
              25494666.361,
              6677173.9
            ],
            [
              25494664.947,
              6677176.608
            ],
            [
              25494681.599,
              6677185.301
            ],
            [
              25494683.013,
              6677182.592
            ]
          ]
        ]
      },
      "properties": {
        "confidence": 0.8213,
        "length_m": 18.78,
        "width_m": 3.05,
        "heading_deg": 62.4,
        "aoi": "r1-ruskeasuo",
        "source_layer": "Ortoilmakuva_2025_5cm",
        "zoom": 16,
        "status": "confirmed",
        "class": "bus"
      }
    },
    {
      "type": "Feature",
      "geometry": {
        "type": "Polygon",
        "coordinates": [
          [
            [
              25494596.324,
              6677059.39
            ],
            [
              25494597.404,
              6677061.238
            ],
            [
              25494593.515,
              6677063.51
            ],
            [
              25494592.435,
              6677061.662
            ],
            [
              25494596.324,
              6677059.39
            ]
          ]
        ]
      },
      "properties": {
        "confidence": 0.8213,
        "length_m": 4.5,
        "width_m": 2.14,
        "heading_deg": 120.3,
        "aoi": "r1-ruskeasuo",
        "source_layer": "Ortoilmakuva_2025_5cm",
        "zoom": 16,
        "status": "confirmed",
        "class": "car"
      }
    },
    {
      "type": "Feature",
      "geometry": {
        "type": "Polygon",
        "coordinates": [
          [
            [
              25494555.969,
              6677042.423
            ],
            [
              25494558.233,
              6677046.78
            ],
            [
              25494556.161,
              6677047.857
            ],
            [
              25494553.897,
              6677043.5
            ],
            [
              25494555.969,
              6677042.423
            ]
          ]
        ]
      },
      "properties": {
        "confidence": 0.8206,
        "length_m": 4.91,
        "width_m": 2.34,
        "heading_deg": 27.5,
        "aoi": "r1-ruskeasuo",
        "source_layer": "Ortoilmakuva_2025_5cm",
        "zoom": 16,
        "status": "confirmed",
        "class": "car"
      }
    },
    {
      "type": "Feature",
      "geometry": {
        "type": "Polygon",
        "coordinates": [
          [
            [
              25494604.94,
              6677077.002
            ],
            [
              25494608.914,
              6677078.582
            ],
            [
              25494608.141,
              6677080.527
            ],
            [
              25494604.167,
              6677078.947
            ],
            [
              25494604.94,
              6677077.002
            ]
          ]
        ]
      },
      "properties": {
        "confidence": 0.8199,
        "length_m": 4.28,
        "width_m": 2.09,
        "heading_deg": 68.3,
        "aoi": "r1-ruskeasuo",
        "source_layer": "Ortoilmakuva_2025_5cm",
        "zoom": 16,
        "status": "confirmed",
        "class": "car"
      }
    },
    {
      "type": "Feature",
      "geometry": {
        "type": "Polygon",
        "coordinates": [
          [
            [
              25494604.91,
              6677079.393
            ],
            [
              25494609.091,
              6677081.349
            ],
            [
              25494608.166,
              6677083.327
            ],
            [
              25494603.985,
              6677081.371
            ],
            [
              25494604.91,
              6677079.393
            ]
          ]
        ]
      },
      "properties": {
        "confidence": 0.8198,
        "length_m": 4.62,
        "width_m": 2.18,
        "heading_deg": 64.9,
        "aoi": "r1-ruskeasuo",
        "source_layer": "Ortoilmakuva_2025_5cm",
        "zoom": 16,
        "status": "confirmed",
        "class": "car"
      }
    },
    {
      "type": "Feature",
      "geometry": {
        "type": "Polygon",
        "coordinates": [
          [
            [
              25494529.736,
              6677091.52
            ],
            [
              25494534.069,
              6677093.419
            ],
            [
              25494533.144,
              6677095.531
            ],
            [
              25494528.811,
              6677093.632
            ],
            [
              25494529.736,
              6677091.52
            ]
          ]
        ]
      },
      "properties": {
        "confidence": 0.8198,
        "length_m": 4.73,
        "width_m": 2.31,
        "heading_deg": 66.3,
        "aoi": "r1-ruskeasuo",
        "source_layer": "Ortoilmakuva_2025_5cm",
        "zoom": 16,
        "status": "confirmed",
        "class": "car"
      }
    },
    {
      "type": "Feature",
      "geometry": {
        "type": "Polygon",
        "coordinates": [
          [
            [
              25494565.713,
              6677031.631
            ],
            [
              25494567.532,
              6677032.583
            ],
            [
              25494565.431,
              6677036.594
            ],
            [
              25494563.612,
              6677035.641
            ],
            [
              25494565.713,
              6677031.631
            ]
          ]
        ]
      },
      "properties": {
        "confidence": 0.8197,
        "length_m": 4.53,
        "width_m": 2.05,
        "heading_deg": 152.4,
        "aoi": "r1-ruskeasuo",
        "source_layer": "Ortoilmakuva_2025_5cm",
        "zoom": 16,
        "status": "confirmed",
        "class": "car"
      }
    },
    {
      "type": "Feature",
      "geometry": {
        "type": "Polygon",
        "coordinates": [
          [
            [
              25494527.229,
              6677042.859
            ],
            [
              25494531.098,
              6677044.343
            ],
            [
              25494530.354,
              6677046.283
            ],
            [
              25494526.485,
              6677044.799
            ],
            [
              25494527.229,
              6677042.859
            ]
          ]
        ]
      },
      "properties": {
        "confidence": 0.8197,
        "length_m": 4.14,
        "width_m": 2.08,
        "heading_deg": 69,
        "aoi": "r1-ruskeasuo",
        "source_layer": "Ortoilmakuva_2025_5cm",
        "zoom": 16,
        "status": "confirmed",
        "class": "car"
      }
    },
    {
      "type": "Feature",
      "geometry": {
        "type": "Polygon",
        "coordinates": [
          [
            [
              25494542.148,
              6677055.15
            ],
            [
              25494543.333,
              6677057.345
            ],
            [
              25494538.799,
              6677059.792
            ],
            [
              25494537.614,
              6677057.597
            ],
            [
              25494542.148,
              6677055.15
            ]
          ]
        ]
      },
      "properties": {
        "confidence": 0.8195,
        "length_m": 5.15,
        "width_m": 2.49,
        "heading_deg": 118.4,
        "aoi": "r1-ruskeasuo",
        "source_layer": "Ortoilmakuva_2025_5cm",
        "zoom": 16,
        "status": "confirmed",
        "class": "car"
      }
    },
    {
      "type": "Feature",
      "geometry": {
        "type": "Polygon",
        "coordinates": [
          [
            [
              25494678.599,
              6677024.552
            ],
            [
              25494678.761,
              6677026.874
            ],
            [
              25494673.829,
              6677027.218
            ],
            [
              25494673.667,
              6677024.896
            ],
            [
              25494678.599,
              6677024.552
            ]
          ]
        ]
      },
      "properties": {
        "confidence": 0.8195,
        "length_m": 4.94,
        "width_m": 2.33,
        "heading_deg": 94,
        "aoi": "r1-ruskeasuo",
        "source_layer": "Ortoilmakuva_2025_5cm",
        "zoom": 16,
        "status": "confirmed",
        "class": "car"
      }
    },
    {
      "type": "Feature",
      "geometry": {
        "type": "Polygon",
        "coordinates": [
          [
            [
              25494529.775,
              6677102.725
            ],
            [
              25494534.338,
              6677104.658
            ],
            [
              25494533.428,
              6677106.805
            ],
            [
              25494528.865,
              6677104.871
            ],
            [
              25494529.775,
              6677102.725
            ]
          ]
        ]
      },
      "properties": {
        "confidence": 0.8194,
        "length_m": 4.96,
        "width_m": 2.33,
        "heading_deg": 67,
        "aoi": "r1-ruskeasuo",
        "source_layer": "Ortoilmakuva_2025_5cm",
        "zoom": 16,
        "status": "confirmed",
        "class": "car"
      }
    },
    {
      "type": "Feature",
      "geometry": {
        "type": "Polygon",
        "coordinates": [
          [
            [
              25494598.896,
              6677115.259
            ],
            [
              25494599.986,
              6677117.208
            ],
            [
              25494595.886,
              6677119.501
            ],
            [
              25494594.796,
              6677117.551
            ],
            [
              25494598.896,
              6677115.259
            ]
          ]
        ]
      },
      "properties": {
        "confidence": 0.8192,
        "length_m": 4.7,
        "width_m": 2.23,
        "heading_deg": 119.2,
        "aoi": "r1-ruskeasuo",
        "source_layer": "Ortoilmakuva_2025_5cm",
        "zoom": 16,
        "status": "confirmed",
        "class": "car"
      }
    },
    {
      "type": "Feature",
      "geometry": {
        "type": "Polygon",
        "coordinates": [
          [
            [
              25494529.283,
              6677085.902
            ],
            [
              25494533.795,
              6677087.768
            ],
            [
              25494532.904,
              6677089.923
            ],
            [
              25494528.392,
              6677088.056
            ],
            [
              25494529.283,
              6677085.902
            ]
          ]
        ]
      },
      "properties": {
        "confidence": 0.819,
        "length_m": 4.88,
        "width_m": 2.33,
        "heading_deg": 67.5,
        "aoi": "r1-ruskeasuo",
        "source_layer": "Ortoilmakuva_2025_5cm",
        "zoom": 16,
        "status": "confirmed",
        "class": "car"
      }
    },
    {
      "type": "Feature",
      "geometry": {
        "type": "Polygon",
        "coordinates": [
          [
            [
              25494788.95,
              6677224.975
            ],
            [
              25494790.424,
              6677226.776
            ],
            [
              25494786.583,
              6677229.92
            ],
            [
              25494785.108,
              6677228.118
            ],
            [
              25494788.95,
              6677224.975
            ]
          ]
        ]
      },
      "properties": {
        "confidence": 0.8184,
        "length_m": 4.96,
        "width_m": 2.33,
        "heading_deg": 129.3,
        "aoi": "r1-ruskeasuo",
        "source_layer": "Ortoilmakuva_2025_5cm",
        "zoom": 16,
        "status": "confirmed",
        "class": "car"
      }
    },
    {
      "type": "Feature",
      "geometry": {
        "type": "Polygon",
        "coordinates": [
          [
            [
              25494828.687,
              6677193.24
            ],
            [
              25494831.38,
              6677196.901
            ],
            [
              25494829.412,
              6677198.349
            ],
            [
              25494826.719,
              6677194.687
            ],
            [
              25494828.687,
              6677193.24
            ]
          ]
        ]
      },
      "properties": {
        "confidence": 0.8182,
        "length_m": 4.54,
        "width_m": 2.44,
        "heading_deg": 36.3,
        "aoi": "r1-ruskeasuo",
        "source_layer": "Ortoilmakuva_2025_5cm",
        "zoom": 16,
        "status": "confirmed",
        "class": "car"
      }
    },
    {
      "type": "Feature",
      "geometry": {
        "type": "Polygon",
        "coordinates": [
          [
            [
              25494794.654,
              6677231.148
            ],
            [
              25494796.384,
              6677232.948
            ],
            [
              25494792.46,
              6677236.72
            ],
            [
              25494790.73,
              6677234.92
            ],
            [
              25494794.654,
              6677231.148
            ]
          ]
        ]
      },
      "properties": {
        "confidence": 0.818,
        "length_m": 5.44,
        "width_m": 2.5,
        "heading_deg": 133.9,
        "aoi": "r1-ruskeasuo",
        "source_layer": "Ortoilmakuva_2025_5cm",
        "zoom": 16,
        "status": "confirmed",
        "class": "car"
      }
    },
    {
      "type": "Feature",
      "geometry": {
        "type": "Polygon",
        "coordinates": [
          [
            [
              25494605.825,
              6677118.627
            ],
            [
              25494610.292,
              6677120.326
            ],
            [
              25494609.456,
              6677122.522
            ],
            [
              25494604.99,
              6677120.824
            ],
            [
              25494605.825,
              6677118.627
            ]
          ]
        ]
      },
      "properties": {
        "confidence": 0.8179,
        "length_m": 4.78,
        "width_m": 2.35,
        "heading_deg": 69.2,
        "aoi": "r1-ruskeasuo",
        "source_layer": "Ortoilmakuva_2025_5cm",
        "zoom": 16,
        "status": "confirmed",
        "class": "car"
      }
    },
    {
      "type": "Feature",
      "geometry": {
        "type": "Polygon",
        "coordinates": [
          [
            [
              25494597.831,
              6677081.739
            ],
            [
              25494598.889,
              6677083.862
            ],
            [
              25494594.416,
              6677086.091
            ],
            [
              25494593.358,
              6677083.968
            ],
            [
              25494597.831,
              6677081.739
            ]
          ]
        ]
      },
      "properties": {
        "confidence": 0.8177,
        "length_m": 5,
        "width_m": 2.37,
        "heading_deg": 116.5,
        "aoi": "r1-ruskeasuo",
        "source_layer": "Ortoilmakuva_2025_5cm",
        "zoom": 16,
        "status": "confirmed",
        "class": "car"
      }
    },
    {
      "type": "Feature",
      "geometry": {
        "type": "Polygon",
        "coordinates": [
          [
            [
              25494663.738,
              6677127.44
            ],
            [
              25494680.012,
              6677135.837
            ],
            [
              25494678.645,
              6677138.485
            ],
            [
              25494662.372,
              6677130.088
            ],
            [
              25494663.738,
              6677127.44
            ]
          ]
        ]
      },
      "properties": {
        "confidence": 0.8172,
        "length_m": 18.31,
        "width_m": 2.98,
        "heading_deg": 62.7,
        "aoi": "r1-ruskeasuo",
        "source_layer": "Ortoilmakuva_2025_5cm",
        "zoom": 16,
        "status": "confirmed",
        "class": "bus"
      }
    },
    {
      "type": "Feature",
      "geometry": {
        "type": "Polygon",
        "coordinates": [
          [
            [
              25494513.751,
              6676987.174
            ],
            [
              25494516.508,
              6676987.435
            ],
            [
              25494515.316,
              6677000.06
            ],
            [
              25494512.559,
              6676999.8
            ],
            [
              25494513.751,
              6676987.174
            ]
          ]
        ]
      },
      "properties": {
        "confidence": 0.8172,
        "length_m": 12.68,
        "width_m": 2.77,
        "heading_deg": 174.6,
        "aoi": "r1-ruskeasuo",
        "source_layer": "Ortoilmakuva_2025_5cm",
        "zoom": 16,
        "status": "confirmed",
        "class": "bus"
      }
    },
    {
      "type": "Feature",
      "geometry": {
        "type": "Polygon",
        "coordinates": [
          [
            [
              25494820.131,
              6677086.665
            ],
            [
              25494820.54,
              6677088.71
            ],
            [
              25494815.886,
              6677089.641
            ],
            [
              25494815.477,
              6677087.596
            ],
            [
              25494820.131,
              6677086.665
            ]
          ]
        ]
      },
      "properties": {
        "confidence": 0.8162,
        "length_m": 4.75,
        "width_m": 2.09,
        "heading_deg": 101.3,
        "aoi": "r1-ruskeasuo",
        "source_layer": "Ortoilmakuva_2025_5cm",
        "zoom": 16,
        "status": "confirmed",
        "class": "car"
      }
    },
    {
      "type": "Feature",
      "geometry": {
        "type": "Polygon",
        "coordinates": [
          [
            [
              25494528.051,
              6677053.89
            ],
            [
              25494532.381,
              6677055.754
            ],
            [
              25494531.508,
              6677057.781
            ],
            [
              25494527.178,
              6677055.917
            ],
            [
              25494528.051,
              6677053.89
            ]
          ]
        ]
      },
      "properties": {
        "confidence": 0.8162,
        "length_m": 4.71,
        "width_m": 2.21,
        "heading_deg": 66.7,
        "aoi": "r1-ruskeasuo",
        "source_layer": "Ortoilmakuva_2025_5cm",
        "zoom": 16,
        "status": "confirmed",
        "class": "car"
      }
    },
    {
      "type": "Feature",
      "geometry": {
        "type": "Polygon",
        "coordinates": [
          [
            [
              25494559.348,
              6677043.112
            ],
            [
              25494561.189,
              6677047.241
            ],
            [
              25494559.228,
              6677048.116
            ],
            [
              25494557.387,
              6677043.986
            ],
            [
              25494559.348,
              6677043.112
            ]
          ]
        ]
      },
      "properties": {
        "confidence": 0.816,
        "length_m": 4.52,
        "width_m": 2.15,
        "heading_deg": 24,
        "aoi": "r1-ruskeasuo",
        "source_layer": "Ortoilmakuva_2025_5cm",
        "zoom": 16,
        "status": "confirmed",
        "class": "car"
      }
    },
    {
      "type": "Feature",
      "geometry": {
        "type": "Polygon",
        "coordinates": [
          [
            [
              25494604.759,
              6677031.685
            ],
            [
              25494606.628,
              6677032.647
            ],
            [
              25494604.531,
              6677036.721
            ],
            [
              25494602.662,
              6677035.76
            ],
            [
              25494604.759,
              6677031.685
            ]
          ]
        ]
      },
      "properties": {
        "confidence": 0.8159,
        "length_m": 4.58,
        "width_m": 2.1,
        "heading_deg": 152.8,
        "aoi": "r1-ruskeasuo",
        "source_layer": "Ortoilmakuva_2025_5cm",
        "zoom": 16,
        "status": "confirmed",
        "class": "car"
      }
    },
    {
      "type": "Feature",
      "geometry": {
        "type": "Polygon",
        "coordinates": [
          [
            [
              25494569.975,
              6677012.752
            ],
            [
              25494571.525,
              6677014.122
            ],
            [
              25494568.765,
              6677017.243
            ],
            [
              25494567.215,
              6677015.873
            ],
            [
              25494569.975,
              6677012.752
            ]
          ]
        ]
      },
      "properties": {
        "confidence": 0.8158,
        "length_m": 4.17,
        "width_m": 2.07,
        "heading_deg": 138.5,
        "aoi": "r1-ruskeasuo",
        "source_layer": "Ortoilmakuva_2025_5cm",
        "zoom": 16,
        "status": "confirmed",
        "class": "car"
      }
    },
    {
      "type": "Feature",
      "geometry": {
        "type": "Polygon",
        "coordinates": [
          [
            [
              25494606.847,
              6677132.625
            ],
            [
              25494611.413,
              6677134.652
            ],
            [
              25494610.426,
              6677136.875
            ],
            [
              25494605.86,
              6677134.848
            ],
            [
              25494606.847,
              6677132.625
            ]
          ]
        ]
      },
      "properties": {
        "confidence": 0.8155,
        "length_m": 5,
        "width_m": 2.43,
        "heading_deg": 66.1,
        "aoi": "r1-ruskeasuo",
        "source_layer": "Ortoilmakuva_2025_5cm",
        "zoom": 16,
        "status": "confirmed",
        "class": "car"
      }
    },
    {
      "type": "Feature",
      "geometry": {
        "type": "Polygon",
        "coordinates": [
          [
            [
              25494527.663,
              6677040.211
            ],
            [
              25494531.884,
              6677042.024
            ],
            [
              25494531.012,
              6677044.055
            ],
            [
              25494526.791,
              6677042.242
            ],
            [
              25494527.663,
              6677040.211
            ]
          ]
        ]
      },
      "properties": {
        "confidence": 0.815,
        "length_m": 4.59,
        "width_m": 2.21,
        "heading_deg": 66.8,
        "aoi": "r1-ruskeasuo",
        "source_layer": "Ortoilmakuva_2025_5cm",
        "zoom": 16,
        "status": "confirmed",
        "class": "car"
      }
    },
    {
      "type": "Feature",
      "geometry": {
        "type": "Polygon",
        "coordinates": [
          [
            [
              25494525.617,
              6676997.877
            ],
            [
              25494528.568,
              6676998.365
            ],
            [
              25494526.568,
              6677010.451
            ],
            [
              25494523.617,
              6677009.963
            ],
            [
              25494525.617,
              6676997.877
            ]
          ]
        ]
      },
      "properties": {
        "confidence": 0.8147,
        "length_m": 12.25,
        "width_m": 2.99,
        "heading_deg": 170.6,
        "aoi": "r1-ruskeasuo",
        "source_layer": "Ortoilmakuva_2025_5cm",
        "zoom": 16,
        "status": "confirmed",
        "class": "bus"
      }
    },
    {
      "type": "Feature",
      "geometry": {
        "type": "Polygon",
        "coordinates": [
          [
            [
              25494604.374,
              6677070.149
            ],
            [
              25494608.798,
              6677072.142
            ],
            [
              25494607.829,
              6677074.292
            ],
            [
              25494603.405,
              6677072.299
            ],
            [
              25494604.374,
              6677070.149
            ]
          ]
        ]
      },
      "properties": {
        "confidence": 0.8145,
        "length_m": 4.85,
        "width_m": 2.36,
        "heading_deg": 65.7,
        "aoi": "r1-ruskeasuo",
        "source_layer": "Ortoilmakuva_2025_5cm",
        "zoom": 16,
        "status": "confirmed",
        "class": "car"
      }
    },
    {
      "type": "Feature",
      "geometry": {
        "type": "Polygon",
        "coordinates": [
          [
            [
              25494598.018,
              6677087.191
            ],
            [
              25494599.126,
              6677089.298
            ],
            [
              25494594.716,
              6677091.618
            ],
            [
              25494593.608,
              6677089.511
            ],
            [
              25494598.018,
              6677087.191
            ]
          ]
        ]
      },
      "properties": {
        "confidence": 0.8141,
        "length_m": 4.98,
        "width_m": 2.38,
        "heading_deg": 117.7,
        "aoi": "r1-ruskeasuo",
        "source_layer": "Ortoilmakuva_2025_5cm",
        "zoom": 16,
        "status": "confirmed",
        "class": "car"
      }
    },
    {
      "type": "Feature",
      "geometry": {
        "type": "Polygon",
        "coordinates": [
          [
            [
              25494542.298,
              6677064.203
            ],
            [
              25494543.504,
              6677066.194
            ],
            [
              25494539.163,
              6677068.824
            ],
            [
              25494537.956,
              6677066.832
            ],
            [
              25494542.298,
              6677064.203
            ]
          ]
        ]
      },
      "properties": {
        "confidence": 0.8137,
        "length_m": 5.08,
        "width_m": 2.33,
        "heading_deg": 121.2,
        "aoi": "r1-ruskeasuo",
        "source_layer": "Ortoilmakuva_2025_5cm",
        "zoom": 16,
        "status": "confirmed",
        "class": "car"
      }
    },
    {
      "type": "Feature",
      "geometry": {
        "type": "Polygon",
        "coordinates": [
          [
            [
              25494823.648,
              6677104.286
            ],
            [
              25494824.095,
              6677106.388
            ],
            [
              25494819.352,
              6677107.396
            ],
            [
              25494818.906,
              6677105.294
            ],
            [
              25494823.648,
              6677104.286
            ]
          ]
        ]
      },
      "properties": {
        "confidence": 0.8136,
        "length_m": 4.85,
        "width_m": 2.15,
        "heading_deg": 102,
        "aoi": "r1-ruskeasuo",
        "source_layer": "Ortoilmakuva_2025_5cm",
        "zoom": 16,
        "status": "confirmed",
        "class": "car"
      }
    },
    {
      "type": "Feature",
      "geometry": {
        "type": "Polygon",
        "coordinates": [
          [
            [
              25494605.007,
              6677093.795
            ],
            [
              25494609.433,
              6677095.401
            ],
            [
              25494608.619,
              6677097.645
            ],
            [
              25494604.193,
              6677096.038
            ],
            [
              25494605.007,
              6677093.795
            ]
          ]
        ]
      },
      "properties": {
        "confidence": 0.8136,
        "length_m": 4.71,
        "width_m": 2.39,
        "heading_deg": 70.1,
        "aoi": "r1-ruskeasuo",
        "source_layer": "Ortoilmakuva_2025_5cm",
        "zoom": 16,
        "status": "confirmed",
        "class": "car"
      }
    },
    {
      "type": "Feature",
      "geometry": {
        "type": "Polygon",
        "coordinates": [
          [
            [
              25494529.816,
              6677094.409
            ],
            [
              25494534.528,
              6677096.429
            ],
            [
              25494533.568,
              6677098.669
            ],
            [
              25494528.856,
              6677096.649
            ],
            [
              25494529.816,
              6677094.409
            ]
          ]
        ]
      },
      "properties": {
        "confidence": 0.8135,
        "length_m": 5.13,
        "width_m": 2.44,
        "heading_deg": 66.8,
        "aoi": "r1-ruskeasuo",
        "source_layer": "Ortoilmakuva_2025_5cm",
        "zoom": 16,
        "status": "confirmed",
        "class": "car"
      }
    },
    {
      "type": "Feature",
      "geometry": {
        "type": "Polygon",
        "coordinates": [
          [
            [
              25494598.941,
              6677030.951
            ],
            [
              25494600.768,
              6677031.854
            ],
            [
              25494598.805,
              6677035.821
            ],
            [
              25494596.979,
              6677034.917
            ],
            [
              25494598.941,
              6677030.951
            ]
          ]
        ]
      },
      "properties": {
        "confidence": 0.8132,
        "length_m": 4.43,
        "width_m": 2.04,
        "heading_deg": 153.7,
        "aoi": "r1-ruskeasuo",
        "source_layer": "Ortoilmakuva_2025_5cm",
        "zoom": 16,
        "status": "confirmed",
        "class": "car"
      }
    },
    {
      "type": "Feature",
      "geometry": {
        "type": "Polygon",
        "coordinates": [
          [
            [
              25494599.99,
              6677145.058
            ],
            [
              25494601.142,
              6677147.117
            ],
            [
              25494596.909,
              6677149.485
            ],
            [
              25494595.757,
              6677147.425
            ],
            [
              25494599.99,
              6677145.058
            ]
          ]
        ]
      },
      "properties": {
        "confidence": 0.8132,
        "length_m": 4.85,
        "width_m": 2.36,
        "heading_deg": 119.2,
        "aoi": "r1-ruskeasuo",
        "source_layer": "Ortoilmakuva_2025_5cm",
        "zoom": 16,
        "status": "confirmed",
        "class": "car"
      }
    },
    {
      "type": "Feature",
      "geometry": {
        "type": "Polygon",
        "coordinates": [
          [
            [
              25494824.252,
              6677196.956
            ],
            [
              25494826.799,
              6677200.837
            ],
            [
              25494824.757,
              6677202.178
            ],
            [
              25494822.209,
              6677198.297
            ],
            [
              25494824.252,
              6677196.956
            ]
          ]
        ]
      },
      "properties": {
        "confidence": 0.8125,
        "length_m": 4.64,
        "width_m": 2.44,
        "heading_deg": 33.3,
        "aoi": "r1-ruskeasuo",
        "source_layer": "Ortoilmakuva_2025_5cm",
        "zoom": 16,
        "status": "confirmed",
        "class": "car"
      }
    },
    {
      "type": "Feature",
      "geometry": {
        "type": "Polygon",
        "coordinates": [
          [
            [
              25494573.443,
              6677032.125
            ],
            [
              25494575.226,
              6677032.99
            ],
            [
              25494573.443,
              6677036.663
            ],
            [
              25494571.66,
              6677035.798
            ],
            [
              25494573.443,
              6677032.125
            ]
          ]
        ]
      },
      "properties": {
        "confidence": 0.8123,
        "length_m": 4.08,
        "width_m": 1.98,
        "heading_deg": 154.1,
        "aoi": "r1-ruskeasuo",
        "source_layer": "Ortoilmakuva_2025_5cm",
        "zoom": 16,
        "status": "confirmed",
        "class": "car"
      }
    },
    {
      "type": "Feature",
      "geometry": {
        "type": "Polygon",
        "coordinates": [
          [
            [
              25494506.405,
              6677040.207
            ],
            [
              25494506.523,
              6677044.778
            ],
            [
              25494504.437,
              6677044.832
            ],
            [
              25494504.319,
              6677040.26
            ],
            [
              25494506.405,
              6677040.207
            ]
          ]
        ]
      },
      "properties": {
        "confidence": 0.8122,
        "length_m": 4.57,
        "width_m": 2.09,
        "heading_deg": 1.5,
        "aoi": "r1-ruskeasuo",
        "source_layer": "Ortoilmakuva_2025_5cm",
        "zoom": 16,
        "status": "confirmed",
        "class": "car"
      }
    },
    {
      "type": "Feature",
      "geometry": {
        "type": "Polygon",
        "coordinates": [
          [
            [
              25494527.865,
              6677045.575
            ],
            [
              25494531.853,
              6677047.479
            ],
            [
              25494530.901,
              6677049.474
            ],
            [
              25494526.913,
              6677047.57
            ],
            [
              25494527.865,
              6677045.575
            ]
          ]
        ]
      },
      "properties": {
        "confidence": 0.8119,
        "length_m": 4.42,
        "width_m": 2.21,
        "heading_deg": 64.5,
        "aoi": "r1-ruskeasuo",
        "source_layer": "Ortoilmakuva_2025_5cm",
        "zoom": 16,
        "status": "confirmed",
        "class": "car"
      }
    },
    {
      "type": "Feature",
      "geometry": {
        "type": "Polygon",
        "coordinates": [
          [
            [
              25494825.18,
              6677111.652
            ],
            [
              25494825.535,
              6677113.742
            ],
            [
              25494820.715,
              6677114.561
            ],
            [
              25494820.36,
              6677112.471
            ],
            [
              25494825.18,
              6677111.652
            ]
          ]
        ]
      },
      "properties": {
        "confidence": 0.8118,
        "length_m": 4.89,
        "width_m": 2.12,
        "heading_deg": 99.6,
        "aoi": "r1-ruskeasuo",
        "source_layer": "Ortoilmakuva_2025_5cm",
        "zoom": 16,
        "status": "confirmed",
        "class": "car"
      }
    },
    {
      "type": "Feature",
      "geometry": {
        "type": "Polygon",
        "coordinates": [
          [
            [
              25494604.694,
              6677073.449
            ],
            [
              25494608.69,
              6677075.517
            ],
            [
              25494607.665,
              6677077.496
            ],
            [
              25494603.669,
              6677075.427
            ],
            [
              25494604.694,
              6677073.449
            ]
          ]
        ]
      },
      "properties": {
        "confidence": 0.8115,
        "length_m": 4.5,
        "width_m": 2.23,
        "heading_deg": 62.6,
        "aoi": "r1-ruskeasuo",
        "source_layer": "Ortoilmakuva_2025_5cm",
        "zoom": 16,
        "status": "confirmed",
        "class": "car"
      }
    },
    {
      "type": "Feature",
      "geometry": {
        "type": "Polygon",
        "coordinates": [
          [
            [
              25494598.455,
              6677112.673
            ],
            [
              25494599.504,
              6677114.609
            ],
            [
              25494595.608,
              6677116.719
            ],
            [
              25494594.56,
              6677114.784
            ],
            [
              25494598.455,
              6677112.673
            ]
          ]
        ]
      },
      "properties": {
        "confidence": 0.8114,
        "length_m": 4.43,
        "width_m": 2.2,
        "heading_deg": 118.4,
        "aoi": "r1-ruskeasuo",
        "source_layer": "Ortoilmakuva_2025_5cm",
        "zoom": 16,
        "status": "confirmed",
        "class": "car"
      }
    },
    {
      "type": "Feature",
      "geometry": {
        "type": "Polygon",
        "coordinates": [
          [
            [
              25494570.5,
              6677042.742
            ],
            [
              25494572.392,
              6677046.739
            ],
            [
              25494570.415,
              6677047.675
            ],
            [
              25494568.522,
              6677043.678
            ],
            [
              25494570.5,
              6677042.742
            ]
          ]
        ]
      },
      "properties": {
        "confidence": 0.8114,
        "length_m": 4.42,
        "width_m": 2.19,
        "heading_deg": 25.3,
        "aoi": "r1-ruskeasuo",
        "source_layer": "Ortoilmakuva_2025_5cm",
        "zoom": 16,
        "status": "confirmed",
        "class": "car"
      }
    },
    {
      "type": "Feature",
      "geometry": {
        "type": "Polygon",
        "coordinates": [
          [
            [
              25494587.056,
              6677041.886
            ],
            [
              25494589.021,
              6677045.876
            ],
            [
              25494587.129,
              6677046.808
            ],
            [
              25494585.164,
              6677042.818
            ],
            [
              25494587.056,
              6677041.886
            ]
          ]
        ]
      },
      "properties": {
        "confidence": 0.8111,
        "length_m": 4.45,
        "width_m": 2.11,
        "heading_deg": 26.2,
        "aoi": "r1-ruskeasuo",
        "source_layer": "Ortoilmakuva_2025_5cm",
        "zoom": 16,
        "status": "confirmed",
        "class": "car"
      }
    },
    {
      "type": "Feature",
      "geometry": {
        "type": "Polygon",
        "coordinates": [
          [
            [
              25494503.145,
              6677194.124
            ],
            [
              25494503.54,
              6677199.26
            ],
            [
              25494501.211,
              6677199.439
            ],
            [
              25494500.817,
              6677194.303
            ],
            [
              25494503.145,
              6677194.124
            ]
          ]
        ]
      },
      "properties": {
        "confidence": 0.811,
        "length_m": 5.15,
        "width_m": 2.34,
        "heading_deg": 4.4,
        "aoi": "r1-ruskeasuo",
        "source_layer": "Ortoilmakuva_2025_5cm",
        "zoom": 16,
        "status": "confirmed",
        "class": "car"
      }
    },
    {
      "type": "Feature",
      "geometry": {
        "type": "Polygon",
        "coordinates": [
          [
            [
              25494690.645,
              6677024.016
            ],
            [
              25494690.679,
              6677026.597
            ],
            [
              25494685.286,
              6677026.667
            ],
            [
              25494685.252,
              6677024.087
            ],
            [
              25494690.645,
              6677024.016
            ]
          ]
        ]
      },
      "properties": {
        "confidence": 0.8107,
        "length_m": 5.39,
        "width_m": 2.58,
        "heading_deg": 90.7,
        "aoi": "r1-ruskeasuo",
        "source_layer": "Ortoilmakuva_2025_5cm",
        "zoom": 16,
        "status": "confirmed",
        "class": "car"
      }
    },
    {
      "type": "Feature",
      "geometry": {
        "type": "Polygon",
        "coordinates": [
          [
            [
              25494521.119,
              6676994.234
            ],
            [
              25494523.959,
              6676994.535
            ],
            [
              25494522.602,
              6677007.323
            ],
            [
              25494519.762,
              6677007.022
            ],
            [
              25494521.119,
              6676994.234
            ]
          ]
        ]
      },
      "properties": {
        "confidence": 0.8106,
        "length_m": 12.86,
        "width_m": 2.86,
        "heading_deg": 173.9,
        "aoi": "r1-ruskeasuo",
        "source_layer": "Ortoilmakuva_2025_5cm",
        "zoom": 16,
        "status": "confirmed",
        "class": "bus"
      }
    },
    {
      "type": "Feature",
      "geometry": {
        "type": "Polygon",
        "coordinates": [
          [
            [
              25494590.406,
              6677031.327
            ],
            [
              25494592.336,
              6677032.262
            ],
            [
              25494590.253,
              6677036.561
            ],
            [
              25494588.324,
              6677035.627
            ],
            [
              25494590.406,
              6677031.327
            ]
          ]
        ]
      },
      "properties": {
        "confidence": 0.8104,
        "length_m": 4.78,
        "width_m": 2.14,
        "heading_deg": 154.1,
        "aoi": "r1-ruskeasuo",
        "source_layer": "Ortoilmakuva_2025_5cm",
        "zoom": 16,
        "status": "confirmed",
        "class": "car"
      }
    },
    {
      "type": "Feature",
      "geometry": {
        "type": "Polygon",
        "coordinates": [
          [
            [
              25494598.557,
              6677106.502
            ],
            [
              25494599.739,
              6677108.448
            ],
            [
              25494595.406,
              6677111.079
            ],
            [
              25494594.225,
              6677109.133
            ],
            [
              25494598.557,
              6677106.502
            ]
          ]
        ]
      },
      "properties": {
        "confidence": 0.8104,
        "length_m": 5.07,
        "width_m": 2.28,
        "heading_deg": 121.3,
        "aoi": "r1-ruskeasuo",
        "source_layer": "Ortoilmakuva_2025_5cm",
        "zoom": 16,
        "status": "confirmed",
        "class": "car"
      }
    },
    {
      "type": "Feature",
      "geometry": {
        "type": "Polygon",
        "coordinates": [
          [
            [
              25494606.272,
              6677121.226
            ],
            [
              25494610.498,
              6677122.993
            ],
            [
              25494609.612,
              6677125.113
            ],
            [
              25494605.385,
              6677123.346
            ],
            [
              25494606.272,
              6677121.226
            ]
          ]
        ]
      },
      "properties": {
        "confidence": 0.8102,
        "length_m": 4.58,
        "width_m": 2.3,
        "heading_deg": 67.3,
        "aoi": "r1-ruskeasuo",
        "source_layer": "Ortoilmakuva_2025_5cm",
        "zoom": 16,
        "status": "confirmed",
        "class": "car"
      }
    },
    {
      "type": "Feature",
      "geometry": {
        "type": "Polygon",
        "coordinates": [
          [
            [
              25494804.221,
              6677166.617
            ],
            [
              25494806.278,
              6677169.486
            ],
            [
              25494798.769,
              6677174.87
            ],
            [
              25494796.711,
              6677172.001
            ],
            [
              25494804.221,
              6677166.617
            ]
          ]
        ]
      },
      "properties": {
        "confidence": 0.8101,
        "length_m": 9.24,
        "width_m": 3.53,
        "heading_deg": 125.6,
        "aoi": "r1-ruskeasuo",
        "source_layer": "Ortoilmakuva_2025_5cm",
        "zoom": 16,
        "status": "confirmed",
        "class": "truck"
      }
    },
    {
      "type": "Feature",
      "geometry": {
        "type": "Polygon",
        "coordinates": [
          [
            [
              25494543.596,
              6677102.164
            ],
            [
              25494544.757,
              6677104.309
            ],
            [
              25494540.35,
              6677106.693
            ],
            [
              25494539.189,
              6677104.548
            ],
            [
              25494543.596,
              6677102.164
            ]
          ]
        ]
      },
      "properties": {
        "confidence": 0.8101,
        "length_m": 5.01,
        "width_m": 2.44,
        "heading_deg": 118.4,
        "aoi": "r1-ruskeasuo",
        "source_layer": "Ortoilmakuva_2025_5cm",
        "zoom": 16,
        "status": "confirmed",
        "class": "car"
      }
    },
    {
      "type": "Feature",
      "geometry": {
        "type": "Polygon",
        "coordinates": [
          [
            [
              25494501.039,
              6677137.382
            ],
            [
              25494501.171,
              6677141.401
            ],
            [
              25494499.207,
              6677141.465
            ],
            [
              25494499.075,
              6677137.446
            ],
            [
              25494501.039,
              6677137.382
            ]
          ]
        ]
      },
      "properties": {
        "confidence": 0.8101,
        "length_m": 4.02,
        "width_m": 1.97,
        "heading_deg": 1.9,
        "aoi": "r1-ruskeasuo",
        "source_layer": "Ortoilmakuva_2025_5cm",
        "zoom": 16,
        "status": "confirmed",
        "class": "car"
      }
    },
    {
      "type": "Feature",
      "geometry": {
        "type": "Polygon",
        "coordinates": [
          [
            [
              25494606.141,
              6677105.15
            ],
            [
              25494610.221,
              6677106.896
            ],
            [
              25494609.358,
              6677108.913
            ],
            [
              25494605.278,
              6677107.168
            ],
            [
              25494606.141,
              6677105.15
            ]
          ]
        ]
      },
      "properties": {
        "confidence": 0.8094,
        "length_m": 4.44,
        "width_m": 2.19,
        "heading_deg": 66.8,
        "aoi": "r1-ruskeasuo",
        "source_layer": "Ortoilmakuva_2025_5cm",
        "zoom": 16,
        "status": "confirmed",
        "class": "car"
      }
    },
    {
      "type": "Feature",
      "geometry": {
        "type": "Polygon",
        "coordinates": [
          [
            [
              25494606.261,
              6677113.088
            ],
            [
              25494609.881,
              6677114.895
            ],
            [
              25494608.942,
              6677116.774
            ],
            [
              25494605.323,
              6677114.967
            ],
            [
              25494606.261,
              6677113.088
            ]
          ]
        ]
      },
      "properties": {
        "confidence": 0.8093,
        "length_m": 4.05,
        "width_m": 2.1,
        "heading_deg": 63.5,
        "aoi": "r1-ruskeasuo",
        "source_layer": "Ortoilmakuva_2025_5cm",
        "zoom": 16,
        "status": "confirmed",
        "class": "car"
      }
    },
    {
      "type": "Feature",
      "geometry": {
        "type": "Polygon",
        "coordinates": [
          [
            [
              25494605.89,
              6677115.793
            ],
            [
              25494610.584,
              6677117.552
            ],
            [
              25494609.711,
              6677119.882
            ],
            [
              25494605.017,
              6677118.123
            ],
            [
              25494605.89,
              6677115.793
            ]
          ]
        ]
      },
      "properties": {
        "confidence": 0.8085,
        "length_m": 5.01,
        "width_m": 2.49,
        "heading_deg": 69.5,
        "aoi": "r1-ruskeasuo",
        "source_layer": "Ortoilmakuva_2025_5cm",
        "zoom": 16,
        "status": "confirmed",
        "class": "car"
      }
    },
    {
      "type": "Feature",
      "geometry": {
        "type": "Polygon",
        "coordinates": [
          [
            [
              25494598.92,
              6677120.938
            ],
            [
              25494600.097,
              6677122.907
            ],
            [
              25494595.946,
              6677125.387
            ],
            [
              25494594.77,
              6677123.417
            ],
            [
              25494598.92,
              6677120.938
            ]
          ]
        ]
      },
      "properties": {
        "confidence": 0.808,
        "length_m": 4.84,
        "width_m": 2.29,
        "heading_deg": 120.9,
        "aoi": "r1-ruskeasuo",
        "source_layer": "Ortoilmakuva_2025_5cm",
        "zoom": 16,
        "status": "confirmed",
        "class": "car"
      }
    },
    {
      "type": "Feature",
      "geometry": {
        "type": "Polygon",
        "coordinates": [
          [
            [
              25494607.74,
              6677172.81
            ],
            [
              25494612.224,
              6677174.649
            ],
            [
              25494611.347,
              6677176.786
            ],
            [
              25494606.864,
              6677174.947
            ],
            [
              25494607.74,
              6677172.81
            ]
          ]
        ]
      },
      "properties": {
        "confidence": 0.807,
        "length_m": 4.85,
        "width_m": 2.31,
        "heading_deg": 67.7,
        "aoi": "r1-ruskeasuo",
        "source_layer": "Ortoilmakuva_2025_5cm",
        "zoom": 16,
        "status": "confirmed",
        "class": "car"
      }
    },
    {
      "type": "Feature",
      "geometry": {
        "type": "Polygon",
        "coordinates": [
          [
            [
              25494787.322,
              6677222.843
            ],
            [
              25494788.829,
              6677224.631
            ],
            [
              25494784.966,
              6677227.887
            ],
            [
              25494783.459,
              6677226.098
            ],
            [
              25494787.322,
              6677222.843
            ]
          ]
        ]
      },
      "properties": {
        "confidence": 0.8065,
        "length_m": 5.05,
        "width_m": 2.34,
        "heading_deg": 130.1,
        "aoi": "r1-ruskeasuo",
        "source_layer": "Ortoilmakuva_2025_5cm",
        "zoom": 16,
        "status": "confirmed",
        "class": "car"
      }
    },
    {
      "type": "Feature",
      "geometry": {
        "type": "Polygon",
        "coordinates": [
          [
            [
              25494728.275,
              6677022.437
            ],
            [
              25494728.437,
              6677024.737
            ],
            [
              25494723.512,
              6677025.082
            ],
            [
              25494723.35,
              6677022.782
            ],
            [
              25494728.275,
              6677022.437
            ]
          ]
        ]
      },
      "properties": {
        "confidence": 0.8063,
        "length_m": 4.94,
        "width_m": 2.31,
        "heading_deg": 94,
        "aoi": "r1-ruskeasuo",
        "source_layer": "Ortoilmakuva_2025_5cm",
        "zoom": 16,
        "status": "confirmed",
        "class": "car"
      }
    },
    {
      "type": "Feature",
      "geometry": {
        "type": "Polygon",
        "coordinates": [
          [
            [
              25494572.289,
              6677014.25
            ],
            [
              25494573.821,
              6677015.613
            ],
            [
              25494570.936,
              6677018.857
            ],
            [
              25494569.404,
              6677017.495
            ],
            [
              25494572.289,
              6677014.25
            ]
          ]
        ]
      },
      "properties": {
        "confidence": 0.8062,
        "length_m": 4.34,
        "width_m": 2.05,
        "heading_deg": 138.4,
        "aoi": "r1-ruskeasuo",
        "source_layer": "Ortoilmakuva_2025_5cm",
        "zoom": 16,
        "status": "confirmed",
        "class": "car"
      }
    },
    {
      "type": "Feature",
      "geometry": {
        "type": "Polygon",
        "coordinates": [
          [
            [
              25494528.228,
              6677048.498
            ],
            [
              25494532.571,
              6677050.396
            ],
            [
              25494531.707,
              6677052.371
            ],
            [
              25494527.365,
              6677050.473
            ],
            [
              25494528.228,
              6677048.498
            ]
          ]
        ]
      },
      "properties": {
        "confidence": 0.8061,
        "length_m": 4.74,
        "width_m": 2.16,
        "heading_deg": 66.4,
        "aoi": "r1-ruskeasuo",
        "source_layer": "Ortoilmakuva_2025_5cm",
        "zoom": 16,
        "status": "confirmed",
        "class": "car"
      }
    },
    {
      "type": "Feature",
      "geometry": {
        "type": "Polygon",
        "coordinates": [
          [
            [
              25494606.972,
              6677143.597
            ],
            [
              25494611.371,
              6677145.486
            ],
            [
              25494610.432,
              6677147.674
            ],
            [
              25494606.033,
              6677145.785
            ],
            [
              25494606.972,
              6677143.597
            ]
          ]
        ]
      },
      "properties": {
        "confidence": 0.8061,
        "length_m": 4.79,
        "width_m": 2.38,
        "heading_deg": 66.8,
        "aoi": "r1-ruskeasuo",
        "source_layer": "Ortoilmakuva_2025_5cm",
        "zoom": 16,
        "status": "confirmed",
        "class": "car"
      }
    },
    {
      "type": "Feature",
      "geometry": {
        "type": "Polygon",
        "coordinates": [
          [
            [
              25494528.416,
              6677059.797
            ],
            [
              25494532.696,
              6677061.511
            ],
            [
              25494531.895,
              6677063.513
            ],
            [
              25494527.614,
              6677061.8
            ],
            [
              25494528.416,
              6677059.797
            ]
          ]
        ]
      },
      "properties": {
        "confidence": 0.805,
        "length_m": 4.61,
        "width_m": 2.16,
        "heading_deg": 68.2,
        "aoi": "r1-ruskeasuo",
        "source_layer": "Ortoilmakuva_2025_5cm",
        "zoom": 16,
        "status": "confirmed",
        "class": "van"
      }
    },
    {
      "type": "Feature",
      "geometry": {
        "type": "Polygon",
        "coordinates": [
          [
            [
              25494587.806,
              6677031.183
            ],
            [
              25494589.693,
              6677032.065
            ],
            [
              25494587.614,
              6677036.514
            ],
            [
              25494585.727,
              6677035.633
            ],
            [
              25494587.806,
              6677031.183
            ]
          ]
        ]
      },
      "properties": {
        "confidence": 0.8034,
        "length_m": 4.91,
        "width_m": 2.08,
        "heading_deg": 155,
        "aoi": "r1-ruskeasuo",
        "source_layer": "Ortoilmakuva_2025_5cm",
        "zoom": 16,
        "status": "confirmed",
        "class": "car"
      }
    },
    {
      "type": "Feature",
      "geometry": {
        "type": "Polygon",
        "coordinates": [
          [
            [
              25494593.368,
              6677031.287
            ],
            [
              25494595.234,
              6677032.27
            ],
            [
              25494592.919,
              6677036.667
            ],
            [
              25494591.053,
              6677035.685
            ],
            [
              25494593.368,
              6677031.287
            ]
          ]
        ]
      },
      "properties": {
        "confidence": 0.8032,
        "length_m": 4.97,
        "width_m": 2.11,
        "heading_deg": 152.2,
        "aoi": "r1-ruskeasuo",
        "source_layer": "Ortoilmakuva_2025_5cm",
        "zoom": 16,
        "status": "confirmed",
        "class": "car"
      }
    },
    {
      "type": "Feature",
      "geometry": {
        "type": "Polygon",
        "coordinates": [
          [
            [
              25494582.129,
              6677031.407
            ],
            [
              25494584.096,
              6677032.184
            ],
            [
              25494582.463,
              6677036.319
            ],
            [
              25494580.496,
              6677035.542
            ],
            [
              25494582.129,
              6677031.407
            ]
          ]
        ]
      },
      "properties": {
        "confidence": 0.8026,
        "length_m": 4.45,
        "width_m": 2.11,
        "heading_deg": 158.4,
        "aoi": "r1-ruskeasuo",
        "source_layer": "Ortoilmakuva_2025_5cm",
        "zoom": 16,
        "status": "confirmed",
        "class": "car"
      }
    },
    {
      "type": "Feature",
      "geometry": {
        "type": "Polygon",
        "coordinates": [
          [
            [
              25494498.538,
              6677059.014
            ],
            [
              25494498.663,
              6677063.669
            ],
            [
              25494496.484,
              6677063.727
            ],
            [
              25494496.36,
              6677059.072
            ],
            [
              25494498.538,
              6677059.014
            ]
          ]
        ]
      },
      "properties": {
        "confidence": 0.8025,
        "length_m": 4.66,
        "width_m": 2.18,
        "heading_deg": 1.5,
        "aoi": "r1-ruskeasuo",
        "source_layer": "Ortoilmakuva_2025_5cm",
        "zoom": 16,
        "status": "confirmed",
        "class": "car"
      }
    },
    {
      "type": "Feature",
      "geometry": {
        "type": "Polygon",
        "coordinates": [
          [
            [
              25494598.147,
              6677103.873
            ],
            [
              25494599.333,
              6677105.694
            ],
            [
              25494595.483,
              6677108.204
            ],
            [
              25494594.296,
              6677106.383
            ],
            [
              25494598.147,
              6677103.873
            ]
          ]
        ]
      },
      "properties": {
        "confidence": 0.8025,
        "length_m": 4.6,
        "width_m": 2.17,
        "heading_deg": 123.1,
        "aoi": "r1-ruskeasuo",
        "source_layer": "Ortoilmakuva_2025_5cm",
        "zoom": 16,
        "status": "confirmed",
        "class": "car"
      }
    },
    {
      "type": "Feature",
      "geometry": {
        "type": "Polygon",
        "coordinates": [
          [
            [
              25494528.9,
              6677072.027
            ],
            [
              25494533.485,
              6677074.069
            ],
            [
              25494532.542,
              6677076.185
            ],
            [
              25494527.957,
              6677074.143
            ],
            [
              25494528.9,
              6677072.027
            ]
          ]
        ]
      },
      "properties": {
        "confidence": 0.8021,
        "length_m": 5.02,
        "width_m": 2.32,
        "heading_deg": 66,
        "aoi": "r1-ruskeasuo",
        "source_layer": "Ortoilmakuva_2025_5cm",
        "zoom": 16,
        "status": "confirmed",
        "class": "car"
      }
    },
    {
      "type": "Feature",
      "geometry": {
        "type": "Polygon",
        "coordinates": [
          [
            [
              25494509.934,
              6677154.65
            ],
            [
              25494510.211,
              6677159.754
            ],
            [
              25494507.984,
              6677159.875
            ],
            [
              25494507.707,
              6677154.771
            ],
            [
              25494509.934,
              6677154.65
            ]
          ]
        ]
      },
      "properties": {
        "confidence": 0.8012,
        "length_m": 5.11,
        "width_m": 2.23,
        "heading_deg": 3.1,
        "aoi": "r1-ruskeasuo",
        "source_layer": "Ortoilmakuva_2025_5cm",
        "zoom": 16,
        "status": "confirmed",
        "class": "car"
      }
    },
    {
      "type": "Feature",
      "geometry": {
        "type": "Polygon",
        "coordinates": [
          [
            [
              25494607.054,
              6677039.55
            ],
            [
              25494607.105,
              6677041.674
            ],
            [
              25494602.612,
              6677041.782
            ],
            [
              25494602.561,
              6677039.659
            ],
            [
              25494607.054,
              6677039.55
            ]
          ]
        ]
      },
      "properties": {
        "confidence": 0.8011,
        "length_m": 4.49,
        "width_m": 2.12,
        "heading_deg": 91.4,
        "aoi": "r1-ruskeasuo",
        "source_layer": "Ortoilmakuva_2025_5cm",
        "zoom": 16,
        "status": "confirmed",
        "class": "car"
      }
    },
    {
      "type": "Feature",
      "geometry": {
        "type": "Polygon",
        "coordinates": [
          [
            [
              25494752.509,
              6677040.782
            ],
            [
              25494763.99,
              6677046.86
            ],
            [
              25494762.649,
              6677049.392
            ],
            [
              25494751.168,
              6677043.314
            ],
            [
              25494752.509,
              6677040.782
            ]
          ]
        ]
      },
      "properties": {
        "confidence": 0.8007,
        "length_m": 12.99,
        "width_m": 2.87,
        "heading_deg": 62.1,
        "aoi": "r1-ruskeasuo",
        "source_layer": "Ortoilmakuva_2025_5cm",
        "zoom": 16,
        "status": "confirmed",
        "class": "bus"
      }
    },
    {
      "type": "Feature",
      "geometry": {
        "type": "Polygon",
        "coordinates": [
          [
            [
              25494500.814,
              6677125.404
            ],
            [
              25494501.062,
              6677130.007
            ],
            [
              25494498.938,
              6677130.122
            ],
            [
              25494498.689,
              6677125.519
            ],
            [
              25494500.814,
              6677125.404
            ]
          ]
        ]
      },
      "properties": {
        "confidence": 0.8005,
        "length_m": 4.61,
        "width_m": 2.13,
        "heading_deg": 3.1,
        "aoi": "r1-ruskeasuo",
        "source_layer": "Ortoilmakuva_2025_5cm",
        "zoom": 16,
        "status": "confirmed",
        "class": "car"
      }
    },
    {
      "type": "Feature",
      "geometry": {
        "type": "Polygon",
        "coordinates": [
          [
            [
              25494516.114,
              6677044.292
            ],
            [
              25494516.318,
              6677046.657
            ],
            [
              25494511.533,
              6677047.07
            ],
            [
              25494511.329,
              6677044.705
            ],
            [
              25494516.114,
              6677044.292
            ]
          ]
        ]
      },
      "properties": {
        "confidence": 0.8005,
        "length_m": 4.8,
        "width_m": 2.37,
        "heading_deg": 94.9,
        "aoi": "r1-ruskeasuo",
        "source_layer": "Ortoilmakuva_2025_5cm",
        "zoom": 16,
        "status": "confirmed",
        "class": "car"
      }
    },
    {
      "type": "Feature",
      "geometry": {
        "type": "Polygon",
        "coordinates": [
          [
            [
              25494601.028,
              6677162.046
            ],
            [
              25494602.273,
              6677164.185
            ],
            [
              25494597.846,
              6677166.762
            ],
            [
              25494596.601,
              6677164.623
            ],
            [
              25494601.028,
              6677162.046
            ]
          ]
        ]
      },
      "properties": {
        "confidence": 0.8004,
        "length_m": 5.12,
        "width_m": 2.47,
        "heading_deg": 120.2,
        "aoi": "r1-ruskeasuo",
        "source_layer": "Ortoilmakuva_2025_5cm",
        "zoom": 16,
        "status": "confirmed",
        "class": "car"
      }
    },
    {
      "type": "Feature",
      "geometry": {
        "type": "Polygon",
        "coordinates": [
          [
            [
              25494554.686,
              6677032.623
            ],
            [
              25494556.63,
              6677033.569
            ],
            [
              25494554.454,
              6677038.041
            ],
            [
              25494552.51,
              6677037.096
            ],
            [
              25494554.686,
              6677032.623
            ]
          ]
        ]
      },
      "properties": {
        "confidence": 0.8002,
        "length_m": 4.97,
        "width_m": 2.16,
        "heading_deg": 154.1,
        "aoi": "r1-ruskeasuo",
        "source_layer": "Ortoilmakuva_2025_5cm",
        "zoom": 16,
        "status": "confirmed",
        "class": "car"
      }
    },
    {
      "type": "Feature",
      "geometry": {
        "type": "Polygon",
        "coordinates": [
          [
            [
              25494527.727,
              6677034.395
            ],
            [
              25494532.075,
              6677036.239
            ],
            [
              25494531.181,
              6677038.346
            ],
            [
              25494526.833,
              6677036.502
            ],
            [
              25494527.727,
              6677034.395
            ]
          ]
        ]
      },
      "properties": {
        "confidence": 0.8001,
        "length_m": 4.72,
        "width_m": 2.29,
        "heading_deg": 67,
        "aoi": "r1-ruskeasuo",
        "source_layer": "Ortoilmakuva_2025_5cm",
        "zoom": 16,
        "status": "confirmed",
        "class": "car"
      }
    },
    {
      "type": "Feature",
      "geometry": {
        "type": "Polygon",
        "coordinates": [
          [
            [
              25494605.351,
              6677096.317
            ],
            [
              25494609.202,
              6677098.054
            ],
            [
              25494608.33,
              6677099.987
            ],
            [
              25494604.479,
              6677098.249
            ],
            [
              25494605.351,
              6677096.317
            ]
          ]
        ]
      },
      "properties": {
        "confidence": 0.8001,
        "length_m": 4.22,
        "width_m": 2.12,
        "heading_deg": 65.7,
        "aoi": "r1-ruskeasuo",
        "source_layer": "Ortoilmakuva_2025_5cm",
        "zoom": 16,
        "status": "confirmed",
        "class": "car"
      }
    },
    {
      "type": "Feature",
      "geometry": {
        "type": "Polygon",
        "coordinates": [
          [
            [
              25494827.668,
              6677095.82
            ],
            [
              25494828.039,
              6677097.924
            ],
            [
              25494823.387,
              6677098.743
            ],
            [
              25494823.017,
              6677096.639
            ],
            [
              25494827.668,
              6677095.82
            ]
          ]
        ]
      },
      "properties": {
        "confidence": 0.7987,
        "length_m": 4.72,
        "width_m": 2.14,
        "heading_deg": 100,
        "aoi": "r1-ruskeasuo",
        "source_layer": "Ortoilmakuva_2025_5cm",
        "zoom": 16,
        "status": "confirmed",
        "class": "car"
      }
    },
    {
      "type": "Feature",
      "geometry": {
        "type": "Polygon",
        "coordinates": [
          [
            [
              25494500.021,
              6677100.527
            ],
            [
              25494500.176,
              6677104.915
            ],
            [
              25494498.026,
              6677104.99
            ],
            [
              25494497.872,
              6677100.603
            ],
            [
              25494500.021,
              6677100.527
            ]
          ]
        ]
      },
      "properties": {
        "confidence": 0.797,
        "length_m": 4.39,
        "width_m": 2.15,
        "heading_deg": 2,
        "aoi": "r1-ruskeasuo",
        "source_layer": "Ortoilmakuva_2025_5cm",
        "zoom": 16,
        "status": "confirmed",
        "class": "car"
      }
    },
    {
      "type": "Feature",
      "geometry": {
        "type": "Polygon",
        "coordinates": [
          [
            [
              25494596.747,
              6677047.665
            ],
            [
              25494597.829,
              6677049.769
            ],
            [
              25494593.347,
              6677052.074
            ],
            [
              25494592.265,
              6677049.971
            ],
            [
              25494596.747,
              6677047.665
            ]
          ]
        ]
      },
      "properties": {
        "confidence": 0.7968,
        "length_m": 5.04,
        "width_m": 2.37,
        "heading_deg": 117.2,
        "aoi": "r1-ruskeasuo",
        "source_layer": "Ortoilmakuva_2025_5cm",
        "zoom": 16,
        "status": "confirmed",
        "class": "car"
      }
    },
    {
      "type": "Feature",
      "geometry": {
        "type": "Polygon",
        "coordinates": [
          [
            [
              25494605.798,
              6677102.165
            ],
            [
              25494609.885,
              6677103.934
            ],
            [
              25494609.031,
              6677105.908
            ],
            [
              25494604.944,
              6677104.139
            ],
            [
              25494605.798,
              6677102.165
            ]
          ]
        ]
      },
      "properties": {
        "confidence": 0.7966,
        "length_m": 4.45,
        "width_m": 2.15,
        "heading_deg": 66.6,
        "aoi": "r1-ruskeasuo",
        "source_layer": "Ortoilmakuva_2025_5cm",
        "zoom": 16,
        "status": "confirmed",
        "class": "car"
      }
    },
    {
      "type": "Feature",
      "geometry": {
        "type": "Polygon",
        "coordinates": [
          [
            [
              25494842.453,
              6677198.375
            ],
            [
              25494845.616,
              6677201.903
            ],
            [
              25494843.8,
              6677203.531
            ],
            [
              25494840.637,
              6677200.003
            ],
            [
              25494842.453,
              6677198.375
            ]
          ]
        ]
      },
      "properties": {
        "confidence": 0.7963,
        "length_m": 4.74,
        "width_m": 2.44,
        "heading_deg": 41.9,
        "aoi": "r1-ruskeasuo",
        "source_layer": "Ortoilmakuva_2025_5cm",
        "zoom": 16,
        "status": "confirmed",
        "class": "car"
      }
    },
    {
      "type": "Feature",
      "geometry": {
        "type": "Polygon",
        "coordinates": [
          [
            [
              25494835.805,
              6677131.984
            ],
            [
              25494838.904,
              6677135.256
            ],
            [
              25494837.26,
              6677136.814
            ],
            [
              25494834.16,
              6677133.542
            ],
            [
              25494835.805,
              6677131.984
            ]
          ]
        ]
      },
      "properties": {
        "confidence": 0.7956,
        "length_m": 4.51,
        "width_m": 2.26,
        "heading_deg": 43.4,
        "aoi": "r1-ruskeasuo",
        "source_layer": "Ortoilmakuva_2025_5cm",
        "zoom": 16,
        "status": "confirmed",
        "class": "car"
      }
    },
    {
      "type": "Feature",
      "geometry": {
        "type": "Polygon",
        "coordinates": [
          [
            [
              25494596.392,
              6677030.725
            ],
            [
              25494598.36,
              6677031.752
            ],
            [
              25494596.108,
              6677036.069
            ],
            [
              25494594.139,
              6677035.042
            ],
            [
              25494596.392,
              6677030.725
            ]
          ]
        ]
      },
      "properties": {
        "confidence": 0.7946,
        "length_m": 4.87,
        "width_m": 2.22,
        "heading_deg": 152.5,
        "aoi": "r1-ruskeasuo",
        "source_layer": "Ortoilmakuva_2025_5cm",
        "zoom": 16,
        "status": "confirmed",
        "class": "car"
      }
    },
    {
      "type": "Feature",
      "geometry": {
        "type": "Polygon",
        "coordinates": [
          [
            [
              25494873.337,
              6677274.332
            ],
            [
              25494877.941,
              6677275.116
            ],
            [
              25494877.555,
              6677277.382
            ],
            [
              25494872.951,
              6677276.598
            ],
            [
              25494873.337,
              6677274.332
            ]
          ]
        ]
      },
      "properties": {
        "confidence": 0.7942,
        "length_m": 4.67,
        "width_m": 2.3,
        "heading_deg": 80.3,
        "aoi": "r1-ruskeasuo",
        "source_layer": "Ortoilmakuva_2025_5cm",
        "zoom": 16,
        "status": "confirmed",
        "class": "car"
      }
    },
    {
      "type": "Feature",
      "geometry": {
        "type": "Polygon",
        "coordinates": [
          [
            [
              25494606.504,
              6677127.141
            ],
            [
              25494611.048,
              6677128.74
            ],
            [
              25494610.269,
              6677130.951
            ],
            [
              25494605.726,
              6677129.352
            ],
            [
              25494606.504,
              6677127.141
            ]
          ]
        ]
      },
      "properties": {
        "confidence": 0.7942,
        "length_m": 4.82,
        "width_m": 2.34,
        "heading_deg": 70.6,
        "aoi": "r1-ruskeasuo",
        "source_layer": "Ortoilmakuva_2025_5cm",
        "zoom": 16,
        "status": "confirmed",
        "class": "car"
      }
    },
    {
      "type": "Feature",
      "geometry": {
        "type": "Polygon",
        "coordinates": [
          [
            [
              25494497.993,
              6677039.716
            ],
            [
              25494497.975,
              6677044.609
            ],
            [
              25494495.7,
              6677044.601
            ],
            [
              25494495.719,
              6677039.707
            ],
            [
              25494497.993,
              6677039.716
            ]
          ]
        ]
      },
      "properties": {
        "confidence": 0.7936,
        "length_m": 4.89,
        "width_m": 2.28,
        "heading_deg": 179.8,
        "aoi": "r1-ruskeasuo",
        "source_layer": "Ortoilmakuva_2025_5cm",
        "zoom": 16,
        "status": "confirmed",
        "class": "car"
      }
    },
    {
      "type": "Feature",
      "geometry": {
        "type": "Polygon",
        "coordinates": [
          [
            [
              25494603.602,
              6677055.448
            ],
            [
              25494608,
              6677057.541
            ],
            [
              25494606.894,
              6677059.863
            ],
            [
              25494602.496,
              6677057.771
            ],
            [
              25494603.602,
              6677055.448
            ]
          ]
        ]
      },
      "properties": {
        "confidence": 0.7934,
        "length_m": 4.87,
        "width_m": 2.57,
        "heading_deg": 64.6,
        "aoi": "r1-ruskeasuo",
        "source_layer": "Ortoilmakuva_2025_5cm",
        "zoom": 16,
        "status": "confirmed",
        "class": "van"
      }
    },
    {
      "type": "Feature",
      "geometry": {
        "type": "Polygon",
        "coordinates": [
          [
            [
              25494606.456,
              6677129.783
            ],
            [
              25494610.892,
              6677131.535
            ],
            [
              25494610.003,
              6677133.788
            ],
            [
              25494605.567,
              6677132.036
            ],
            [
              25494606.456,
              6677129.783
            ]
          ]
        ]
      },
      "properties": {
        "confidence": 0.7924,
        "length_m": 4.77,
        "width_m": 2.42,
        "heading_deg": 68.4,
        "aoi": "r1-ruskeasuo",
        "source_layer": "Ortoilmakuva_2025_5cm",
        "zoom": 16,
        "status": "confirmed",
        "class": "car"
      }
    },
    {
      "type": "Feature",
      "geometry": {
        "type": "Polygon",
        "coordinates": [
          [
            [
              25494605.009,
              6677084.925
            ],
            [
              25494609.302,
              6677086.731
            ],
            [
              25494608.386,
              6677088.907
            ],
            [
              25494604.094,
              6677087.102
            ],
            [
              25494605.009,
              6677084.925
            ]
          ]
        ]
      },
      "properties": {
        "confidence": 0.7919,
        "length_m": 4.66,
        "width_m": 2.36,
        "heading_deg": 67.2,
        "aoi": "r1-ruskeasuo",
        "source_layer": "Ortoilmakuva_2025_5cm",
        "zoom": 16,
        "status": "confirmed",
        "class": "car"
      }
    },
    {
      "type": "Feature",
      "geometry": {
        "type": "Polygon",
        "coordinates": [
          [
            [
              25494543.001,
              6677089.04
            ],
            [
              25494544.006,
              6677091.04
            ],
            [
              25494539.594,
              6677093.259
            ],
            [
              25494538.588,
              6677091.259
            ],
            [
              25494543.001,
              6677089.04
            ]
          ]
        ]
      },
      "properties": {
        "confidence": 0.7916,
        "length_m": 4.94,
        "width_m": 2.24,
        "heading_deg": 116.7,
        "aoi": "r1-ruskeasuo",
        "source_layer": "Ortoilmakuva_2025_5cm",
        "zoom": 16,
        "status": "confirmed",
        "class": "car"
      }
    },
    {
      "type": "Feature",
      "geometry": {
        "type": "Polygon",
        "coordinates": [
          [
            [
              25494702.536,
              6677023.536
            ],
            [
              25494702.583,
              6677026.23
            ],
            [
              25494697.873,
              6677026.312
            ],
            [
              25494697.826,
              6677023.618
            ],
            [
              25494702.536,
              6677023.536
            ]
          ]
        ]
      },
      "properties": {
        "confidence": 0.7907,
        "length_m": 4.71,
        "width_m": 2.69,
        "heading_deg": 91,
        "aoi": "r1-ruskeasuo",
        "source_layer": "Ortoilmakuva_2025_5cm",
        "zoom": 16,
        "status": "confirmed",
        "class": "car"
      }
    },
    {
      "type": "Feature",
      "geometry": {
        "type": "Polygon",
        "coordinates": [
          [
            [
              25494502.996,
              6677187.932
            ],
            [
              25494503.172,
              6677193.217
            ],
            [
              25494500.884,
              6677193.293
            ],
            [
              25494500.708,
              6677188.008
            ],
            [
              25494502.996,
              6677187.932
            ]
          ]
        ]
      },
      "properties": {
        "confidence": 0.7904,
        "length_m": 5.29,
        "width_m": 2.29,
        "heading_deg": 1.9,
        "aoi": "r1-ruskeasuo",
        "source_layer": "Ortoilmakuva_2025_5cm",
        "zoom": 16,
        "status": "confirmed",
        "class": "car"
      }
    },
    {
      "type": "Feature",
      "geometry": {
        "type": "Polygon",
        "coordinates": [
          [
            [
              25494509.014,
              6677123.016
            ],
            [
              25494509.208,
              6677127.845
            ],
            [
              25494506.964,
              6677127.935
            ],
            [
              25494506.77,
              6677123.106
            ],
            [
              25494509.014,
              6677123.016
            ]
          ]
        ]
      },
      "properties": {
        "confidence": 0.7896,
        "length_m": 4.83,
        "width_m": 2.25,
        "heading_deg": 2.3,
        "aoi": "r1-ruskeasuo",
        "source_layer": "Ortoilmakuva_2025_5cm",
        "zoom": 16,
        "status": "confirmed",
        "class": "car"
      }
    },
    {
      "type": "Feature",
      "geometry": {
        "type": "Polygon",
        "coordinates": [
          [
            [
              25494605.248,
              6677099.042
            ],
            [
              25494609.756,
              6677100.823
            ],
            [
              25494608.885,
              6677103.028
            ],
            [
              25494604.377,
              6677101.247
            ],
            [
              25494605.248,
              6677099.042
            ]
          ]
        ]
      },
      "properties": {
        "confidence": 0.7888,
        "length_m": 4.85,
        "width_m": 2.37,
        "heading_deg": 68.4,
        "aoi": "r1-ruskeasuo",
        "source_layer": "Ortoilmakuva_2025_5cm",
        "zoom": 16,
        "status": "confirmed",
        "class": "car"
      }
    },
    {
      "type": "Feature",
      "geometry": {
        "type": "Polygon",
        "coordinates": [
          [
            [
              25494596.538,
              6677056.858
            ],
            [
              25494597.473,
              6677058.728
            ],
            [
              25494593.578,
              6677060.677
            ],
            [
              25494592.642,
              6677058.807
            ],
            [
              25494596.538,
              6677056.858
            ]
          ]
        ]
      },
      "properties": {
        "confidence": 0.7887,
        "length_m": 4.36,
        "width_m": 2.09,
        "heading_deg": 116.6,
        "aoi": "r1-ruskeasuo",
        "source_layer": "Ortoilmakuva_2025_5cm",
        "zoom": 16,
        "status": "confirmed",
        "class": "car"
      }
    },
    {
      "type": "Feature",
      "geometry": {
        "type": "Polygon",
        "coordinates": [
          [
            [
              25494501.22,
              6677131.094
            ],
            [
              25494501.255,
              6677136.309
            ],
            [
              25494498.853,
              6677136.325
            ],
            [
              25494498.818,
              6677131.11
            ],
            [
              25494501.22,
              6677131.094
            ]
          ]
        ]
      },
      "properties": {
        "confidence": 0.7885,
        "length_m": 5.22,
        "width_m": 2.4,
        "heading_deg": 0.4,
        "aoi": "r1-ruskeasuo",
        "source_layer": "Ortoilmakuva_2025_5cm",
        "zoom": 16,
        "status": "confirmed",
        "class": "car"
      }
    },
    {
      "type": "Feature",
      "geometry": {
        "type": "Polygon",
        "coordinates": [
          [
            [
              25494508.194,
              6677095.689
            ],
            [
              25494508.29,
              6677101.454
            ],
            [
              25494505.739,
              6677101.496
            ],
            [
              25494505.642,
              6677095.731
            ],
            [
              25494508.194,
              6677095.689
            ]
          ]
        ]
      },
      "properties": {
        "confidence": 0.7883,
        "length_m": 5.77,
        "width_m": 2.55,
        "heading_deg": 1,
        "aoi": "r1-ruskeasuo",
        "source_layer": "Ortoilmakuva_2025_5cm",
        "zoom": 16,
        "status": "confirmed",
        "class": "van"
      }
    },
    {
      "type": "Feature",
      "geometry": {
        "type": "Polygon",
        "coordinates": [
          [
            [
              25494530.059,
              6677105.635
            ],
            [
              25494534.66,
              6677107.53
            ],
            [
              25494533.735,
              6677109.778
            ],
            [
              25494529.133,
              6677107.883
            ],
            [
              25494530.059,
              6677105.635
            ]
          ]
        ]
      },
      "properties": {
        "confidence": 0.7879,
        "length_m": 4.98,
        "width_m": 2.43,
        "heading_deg": 67.6,
        "aoi": "r1-ruskeasuo",
        "source_layer": "Ortoilmakuva_2025_5cm",
        "zoom": 16,
        "status": "confirmed",
        "class": "car"
      }
    },
    {
      "type": "Feature",
      "geometry": {
        "type": "Polygon",
        "coordinates": [
          [
            [
              25494604.888,
              6677091.047
            ],
            [
              25494609.591,
              6677092.73
            ],
            [
              25494608.735,
              6677095.122
            ],
            [
              25494604.032,
              6677093.438
            ],
            [
              25494604.888,
              6677091.047
            ]
          ]
        ]
      },
      "properties": {
        "confidence": 0.7853,
        "length_m": 5,
        "width_m": 2.54,
        "heading_deg": 70.3,
        "aoi": "r1-ruskeasuo",
        "source_layer": "Ortoilmakuva_2025_5cm",
        "zoom": 16,
        "status": "confirmed",
        "class": "car"
      }
    },
    {
      "type": "Feature",
      "geometry": {
        "type": "Polygon",
        "coordinates": [
          [
            [
              25494502.919,
              6677259.573
            ],
            [
              25494502.912,
              6677261.767
            ],
            [
              25494498.085,
              6677261.752
            ],
            [
              25494498.091,
              6677259.558
            ],
            [
              25494502.919,
              6677259.573
            ]
          ]
        ]
      },
      "properties": {
        "confidence": 0.7849,
        "length_m": 4.83,
        "width_m": 2.19,
        "heading_deg": 89.8,
        "aoi": "r1-ruskeasuo",
        "source_layer": "Ortoilmakuva_2025_5cm",
        "zoom": 16,
        "status": "confirmed",
        "class": "car"
      }
    },
    {
      "type": "Feature",
      "geometry": {
        "type": "Polygon",
        "coordinates": [
          [
            [
              25494543.992,
              6677119.502
            ],
            [
              25494545.059,
              6677121.607
            ],
            [
              25494540.633,
              6677123.85
            ],
            [
              25494539.566,
              6677121.745
            ],
            [
              25494543.992,
              6677119.502
            ]
          ]
        ]
      },
      "properties": {
        "confidence": 0.7848,
        "length_m": 4.96,
        "width_m": 2.36,
        "heading_deg": 116.9,
        "aoi": "r1-ruskeasuo",
        "source_layer": "Ortoilmakuva_2025_5cm",
        "zoom": 16,
        "status": "confirmed",
        "class": "car"
      }
    },
    {
      "type": "Feature",
      "geometry": {
        "type": "Polygon",
        "coordinates": [
          [
            [
              25494557.226,
              6677032.333
            ],
            [
              25494559.109,
              6677033.149
            ],
            [
              25494557.375,
              6677037.149
            ],
            [
              25494555.493,
              6677036.334
            ],
            [
              25494557.226,
              6677032.333
            ]
          ]
        ]
      },
      "properties": {
        "confidence": 0.7847,
        "length_m": 4.36,
        "width_m": 2.05,
        "heading_deg": 156.6,
        "aoi": "r1-ruskeasuo",
        "source_layer": "Ortoilmakuva_2025_5cm",
        "zoom": 16,
        "status": "confirmed",
        "class": "car"
      }
    },
    {
      "type": "Feature",
      "geometry": {
        "type": "Polygon",
        "coordinates": [
          [
            [
              25494542.688,
              6677080.227
            ],
            [
              25494543.741,
              6677082.138
            ],
            [
              25494540.197,
              6677084.091
            ],
            [
              25494539.143,
              6677082.18
            ],
            [
              25494542.688,
              6677080.227
            ]
          ]
        ]
      },
      "properties": {
        "confidence": 0.7846,
        "length_m": 4.05,
        "width_m": 2.18,
        "heading_deg": 118.9,
        "aoi": "r1-ruskeasuo",
        "source_layer": "Ortoilmakuva_2025_5cm",
        "zoom": 16,
        "status": "confirmed",
        "class": "car"
      }
    },
    {
      "type": "Feature",
      "geometry": {
        "type": "Polygon",
        "coordinates": [
          [
            [
              25494603.94,
              6677052.327
            ],
            [
              25494607.689,
              6677054.505
            ],
            [
              25494606.575,
              6677056.422
            ],
            [
              25494602.826,
              6677054.244
            ],
            [
              25494603.94,
              6677052.327
            ]
          ]
        ]
      },
      "properties": {
        "confidence": 0.7843,
        "length_m": 4.34,
        "width_m": 2.22,
        "heading_deg": 59.8,
        "aoi": "r1-ruskeasuo",
        "source_layer": "Ortoilmakuva_2025_5cm",
        "zoom": 16,
        "status": "confirmed",
        "class": "car"
      }
    },
    {
      "type": "Feature",
      "geometry": {
        "type": "Polygon",
        "coordinates": [
          [
            [
              25494599.712,
              6677126.373
            ],
            [
              25494600.832,
              6677128.504
            ],
            [
              25494596.208,
              6677130.934
            ],
            [
              25494595.088,
              6677128.803
            ],
            [
              25494599.712,
              6677126.373
            ]
          ]
        ]
      },
      "properties": {
        "confidence": 0.7841,
        "length_m": 5.22,
        "width_m": 2.41,
        "heading_deg": 117.7,
        "aoi": "r1-ruskeasuo",
        "source_layer": "Ortoilmakuva_2025_5cm",
        "zoom": 16,
        "status": "confirmed",
        "class": "car"
      }
    },
    {
      "type": "Feature",
      "geometry": {
        "type": "Polygon",
        "coordinates": [
          [
            [
              25494603.266,
              6677058.898
            ],
            [
              25494607.912,
              6677060.964
            ],
            [
              25494606.934,
              6677063.163
            ],
            [
              25494602.288,
              6677061.097
            ],
            [
              25494603.266,
              6677058.898
            ]
          ]
        ]
      },
      "properties": {
        "confidence": 0.7839,
        "length_m": 5.08,
        "width_m": 2.41,
        "heading_deg": 66,
        "aoi": "r1-ruskeasuo",
        "source_layer": "Ortoilmakuva_2025_5cm",
        "zoom": 16,
        "status": "confirmed",
        "class": "van"
      }
    },
    {
      "type": "Feature",
      "geometry": {
        "type": "Polygon",
        "coordinates": [
          [
            [
              25494532.605,
              6677011.461
            ],
            [
              25494534.802,
              6677011.715
            ],
            [
              25494534.232,
              6677016.637
            ],
            [
              25494532.035,
              6677016.382
            ],
            [
              25494532.605,
              6677011.461
            ]
          ]
        ]
      },
      "properties": {
        "confidence": 0.7838,
        "length_m": 4.95,
        "width_m": 2.21,
        "heading_deg": 173.4,
        "aoi": "r1-ruskeasuo",
        "source_layer": "Ortoilmakuva_2025_5cm",
        "zoom": 16,
        "status": "confirmed",
        "class": "car"
      }
    },
    {
      "type": "Feature",
      "geometry": {
        "type": "Polygon",
        "coordinates": [
          [
            [
              25494601.134,
              6677176.689
            ],
            [
              25494602.227,
              6677178.666
            ],
            [
              25494598.328,
              6677180.823
            ],
            [
              25494597.235,
              6677178.846
            ],
            [
              25494601.134,
              6677176.689
            ]
          ]
        ]
      },
      "properties": {
        "confidence": 0.7838,
        "length_m": 4.46,
        "width_m": 2.26,
        "heading_deg": 119,
        "aoi": "r1-ruskeasuo",
        "source_layer": "Ortoilmakuva_2025_5cm",
        "zoom": 16,
        "status": "confirmed",
        "class": "car"
      }
    },
    {
      "type": "Feature",
      "geometry": {
        "type": "Polygon",
        "coordinates": [
          [
            [
              25494601.029,
              6677170.467
            ],
            [
              25494602.295,
              6677172.5
            ],
            [
              25494597.924,
              6677175.221
            ],
            [
              25494596.658,
              6677173.188
            ],
            [
              25494601.029,
              6677170.467
            ]
          ]
        ]
      },
      "properties": {
        "confidence": 0.7828,
        "length_m": 5.15,
        "width_m": 2.39,
        "heading_deg": 121.9,
        "aoi": "r1-ruskeasuo",
        "source_layer": "Ortoilmakuva_2025_5cm",
        "zoom": 16,
        "status": "confirmed",
        "class": "car"
      }
    },
    {
      "type": "Feature",
      "geometry": {
        "type": "Polygon",
        "coordinates": [
          [
            [
              25494544.038,
              6677105.179
            ],
            [
              25494545.227,
              6677107.297
            ],
            [
              25494540.54,
              6677109.928
            ],
            [
              25494539.351,
              6677107.809
            ],
            [
              25494544.038,
              6677105.179
            ]
          ]
        ]
      },
      "properties": {
        "confidence": 0.7827,
        "length_m": 5.37,
        "width_m": 2.43,
        "heading_deg": 119.3,
        "aoi": "r1-ruskeasuo",
        "source_layer": "Ortoilmakuva_2025_5cm",
        "zoom": 16,
        "status": "confirmed",
        "class": "car"
      }
    },
    {
      "type": "Feature",
      "geometry": {
        "type": "Polygon",
        "coordinates": [
          [
            [
              25494515.611,
              6677041.448
            ],
            [
              25494515.776,
              6677043.794
            ],
            [
              25494511.225,
              6677044.115
            ],
            [
              25494511.06,
              6677041.768
            ],
            [
              25494515.611,
              6677041.448
            ]
          ]
        ]
      },
      "properties": {
        "confidence": 0.7827,
        "length_m": 4.56,
        "width_m": 2.35,
        "heading_deg": 94,
        "aoi": "r1-ruskeasuo",
        "source_layer": "Ortoilmakuva_2025_5cm",
        "zoom": 16,
        "status": "confirmed",
        "class": "car"
      }
    },
    {
      "type": "Feature",
      "geometry": {
        "type": "Polygon",
        "coordinates": [
          [
            [
              25494845.013,
              6677196.962
            ],
            [
              25494848.161,
              6677200.885
            ],
            [
              25494846.224,
              6677202.439
            ],
            [
              25494843.075,
              6677198.516
            ],
            [
              25494845.013,
              6677196.962
            ]
          ]
        ]
      },
      "properties": {
        "confidence": 0.7822,
        "length_m": 5.03,
        "width_m": 2.48,
        "heading_deg": 38.7,
        "aoi": "r1-ruskeasuo",
        "source_layer": "Ortoilmakuva_2025_5cm",
        "zoom": 16,
        "status": "confirmed",
        "class": "car"
      }
    },
    {
      "type": "Feature",
      "geometry": {
        "type": "Polygon",
        "coordinates": [
          [
            [
              25494533.084,
              6677188.884
            ],
            [
              25494539.615,
              6677192.053
            ],
            [
              25494538.455,
              6677194.443
            ],
            [
              25494531.924,
              6677191.274
            ],
            [
              25494533.084,
              6677188.884
            ]
          ]
        ]
      },
      "properties": {
        "confidence": 0.7798,
        "length_m": 7.26,
        "width_m": 2.66,
        "heading_deg": 64.1,
        "aoi": "r1-ruskeasuo",
        "source_layer": "Ortoilmakuva_2025_5cm",
        "zoom": 16,
        "status": "confirmed",
        "class": "truck"
      }
    },
    {
      "type": "Feature",
      "geometry": {
        "type": "Polygon",
        "coordinates": [
          [
            [
              25494601.036,
              6677173.742
            ],
            [
              25494602.097,
              6677175.83
            ],
            [
              25494597.857,
              6677177.983
            ],
            [
              25494596.796,
              6677175.895
            ],
            [
              25494601.036,
              6677173.742
            ]
          ]
        ]
      },
      "properties": {
        "confidence": 0.7793,
        "length_m": 4.76,
        "width_m": 2.34,
        "heading_deg": 116.9,
        "aoi": "r1-ruskeasuo",
        "source_layer": "Ortoilmakuva_2025_5cm",
        "zoom": 16,
        "status": "confirmed",
        "class": "car"
      }
    },
    {
      "type": "Feature",
      "geometry": {
        "type": "Polygon",
        "coordinates": [
          [
            [
              25494499.933,
              6677088.234
            ],
            [
              25494500.013,
              6677092.668
            ],
            [
              25494497.907,
              6677092.706
            ],
            [
              25494497.828,
              6677088.272
            ],
            [
              25494499.933,
              6677088.234
            ]
          ]
        ]
      },
      "properties": {
        "confidence": 0.7778,
        "length_m": 4.43,
        "width_m": 2.11,
        "heading_deg": 1,
        "aoi": "r1-ruskeasuo",
        "source_layer": "Ortoilmakuva_2025_5cm",
        "zoom": 16,
        "status": "confirmed",
        "class": "car"
      }
    },
    {
      "type": "Feature",
      "geometry": {
        "type": "Polygon",
        "coordinates": [
          [
            [
              25494516.231,
              6677047.222
            ],
            [
              25494516.409,
              6677049.483
            ],
            [
              25494512.01,
              6677049.831
            ],
            [
              25494511.832,
              6677047.569
            ],
            [
              25494516.231,
              6677047.222
            ]
          ]
        ]
      },
      "properties": {
        "confidence": 0.7775,
        "length_m": 4.41,
        "width_m": 2.27,
        "heading_deg": 94.5,
        "aoi": "r1-ruskeasuo",
        "source_layer": "Ortoilmakuva_2025_5cm",
        "zoom": 16,
        "status": "confirmed",
        "class": "car"
      }
    },
    {
      "type": "Feature",
      "geometry": {
        "type": "Polygon",
        "coordinates": [
          [
            [
              25494501.331,
              6677142.528
            ],
            [
              25494501.688,
              6677146.799
            ],
            [
              25494499.59,
              6677146.974
            ],
            [
              25494499.233,
              6677142.703
            ],
            [
              25494501.331,
              6677142.528
            ]
          ]
        ]
      },
      "properties": {
        "confidence": 0.7761,
        "length_m": 4.29,
        "width_m": 2.11,
        "heading_deg": 4.8,
        "aoi": "r1-ruskeasuo",
        "source_layer": "Ortoilmakuva_2025_5cm",
        "zoom": 16,
        "status": "confirmed",
        "class": "car"
      }
    },
    {
      "type": "Feature",
      "geometry": {
        "type": "Polygon",
        "coordinates": [
          [
            [
              25494599.212,
              6677123.899
            ],
            [
              25494600.36,
              6677125.877
            ],
            [
              25494595.923,
              6677128.451
            ],
            [
              25494594.775,
              6677126.474
            ],
            [
              25494599.212,
              6677123.899
            ]
          ]
        ]
      },
      "properties": {
        "confidence": 0.7751,
        "length_m": 5.13,
        "width_m": 2.29,
        "heading_deg": 120.1,
        "aoi": "r1-ruskeasuo",
        "source_layer": "Ortoilmakuva_2025_5cm",
        "zoom": 16,
        "status": "confirmed",
        "class": "car"
      }
    },
    {
      "type": "Feature",
      "geometry": {
        "type": "Polygon",
        "coordinates": [
          [
            [
              25494790.4,
              6677227.629
            ],
            [
              25494792.039,
              6677229.213
            ],
            [
              25494788.786,
              6677232.58
            ],
            [
              25494787.146,
              6677230.996
            ],
            [
              25494790.4,
              6677227.629
            ]
          ]
        ]
      },
      "properties": {
        "confidence": 0.7746,
        "length_m": 4.68,
        "width_m": 2.28,
        "heading_deg": 136,
        "aoi": "r1-ruskeasuo",
        "source_layer": "Ortoilmakuva_2025_5cm",
        "zoom": 16,
        "status": "confirmed",
        "class": "car"
      }
    },
    {
      "type": "Feature",
      "geometry": {
        "type": "Polygon",
        "coordinates": [
          [
            [
              25494833.926,
              6677134.203
            ],
            [
              25494836.86,
              6677137.07
            ],
            [
              25494835.326,
              6677138.639
            ],
            [
              25494832.392,
              6677135.773
            ],
            [
              25494833.926,
              6677134.203
            ]
          ]
        ]
      },
      "properties": {
        "confidence": 0.7732,
        "length_m": 4.1,
        "width_m": 2.19,
        "heading_deg": 45.7,
        "aoi": "r1-ruskeasuo",
        "source_layer": "Ortoilmakuva_2025_5cm",
        "zoom": 16,
        "status": "confirmed",
        "class": "car"
      }
    },
    {
      "type": "Feature",
      "geometry": {
        "type": "Polygon",
        "coordinates": [
          [
            [
              25494600.899,
              6677158.866
            ],
            [
              25494602.079,
              6677160.998
            ],
            [
              25494597.397,
              6677163.588
            ],
            [
              25494596.217,
              6677161.455
            ],
            [
              25494600.899,
              6677158.866
            ]
          ]
        ]
      },
      "properties": {
        "confidence": 0.7689,
        "length_m": 5.35,
        "width_m": 2.44,
        "heading_deg": 119,
        "aoi": "r1-ruskeasuo",
        "source_layer": "Ortoilmakuva_2025_5cm",
        "zoom": 16,
        "status": "confirmed",
        "class": "car"
      }
    },
    {
      "type": "Feature",
      "geometry": {
        "type": "Polygon",
        "coordinates": [
          [
            [
              25494506.412,
              6677045.29
            ],
            [
              25494506.46,
              6677049.354
            ],
            [
              25494504.489,
              6677049.378
            ],
            [
              25494504.441,
              6677045.313
            ],
            [
              25494506.412,
              6677045.29
            ]
          ]
        ]
      },
      "properties": {
        "confidence": 0.7689,
        "length_m": 4.06,
        "width_m": 1.97,
        "heading_deg": 0.7,
        "aoi": "r1-ruskeasuo",
        "source_layer": "Ortoilmakuva_2025_5cm",
        "zoom": 16,
        "status": "confirmed",
        "class": "car"
      }
    },
    {
      "type": "Feature",
      "geometry": {
        "type": "Polygon",
        "coordinates": [
          [
            [
              25494501.506,
              6677149.2
            ],
            [
              25494501.727,
              6677154.18
            ],
            [
              25494499.398,
              6677154.283
            ],
            [
              25494499.177,
              6677149.303
            ],
            [
              25494501.506,
              6677149.2
            ]
          ]
        ]
      },
      "properties": {
        "confidence": 0.7668,
        "length_m": 4.98,
        "width_m": 2.33,
        "heading_deg": 2.5,
        "aoi": "r1-ruskeasuo",
        "source_layer": "Ortoilmakuva_2025_5cm",
        "zoom": 16,
        "status": "confirmed",
        "class": "car"
      }
    },
    {
      "type": "Feature",
      "geometry": {
        "type": "Polygon",
        "coordinates": [
          [
            [
              25494562.782,
              6677031.728
            ],
            [
              25494564.728,
              6677032.603
            ],
            [
              25494562.826,
              6677036.829
            ],
            [
              25494560.88,
              6677035.953
            ],
            [
              25494562.782,
              6677031.728
            ]
          ]
        ]
      },
      "properties": {
        "confidence": 0.7665,
        "length_m": 4.63,
        "width_m": 2.13,
        "heading_deg": 155.8,
        "aoi": "r1-ruskeasuo",
        "source_layer": "Ortoilmakuva_2025_5cm",
        "zoom": 16,
        "status": "confirmed",
        "class": "car"
      }
    },
    {
      "type": "Feature",
      "geometry": {
        "type": "Polygon",
        "coordinates": [
          [
            [
              25494821.695,
              6677201.624
            ],
            [
              25494824.411,
              6677205.557
            ],
            [
              25494822.419,
              6677206.933
            ],
            [
              25494819.703,
              6677202.999
            ],
            [
              25494821.695,
              6677201.624
            ]
          ]
        ]
      },
      "properties": {
        "confidence": 0.7664,
        "length_m": 4.78,
        "width_m": 2.42,
        "heading_deg": 34.6,
        "aoi": "r1-ruskeasuo",
        "source_layer": "Ortoilmakuva_2025_5cm",
        "zoom": 16,
        "status": "confirmed",
        "class": "car"
      }
    },
    {
      "type": "Feature",
      "geometry": {
        "type": "Polygon",
        "coordinates": [
          [
            [
              25494785.744,
              6677220.961
            ],
            [
              25494787.094,
              6677222.687
            ],
            [
              25494783.406,
              6677225.573
            ],
            [
              25494782.056,
              6677223.847
            ],
            [
              25494785.744,
              6677220.961
            ]
          ]
        ]
      },
      "properties": {
        "confidence": 0.7621,
        "length_m": 4.68,
        "width_m": 2.19,
        "heading_deg": 128,
        "aoi": "r1-ruskeasuo",
        "source_layer": "Ortoilmakuva_2025_5cm",
        "zoom": 16,
        "status": "confirmed",
        "class": "car"
      }
    },
    {
      "type": "Feature",
      "geometry": {
        "type": "Polygon",
        "coordinates": [
          [
            [
              25494601.747,
              6677030.717
            ],
            [
              25494603.624,
              6677031.686
            ],
            [
              25494601.416,
              6677035.966
            ],
            [
              25494599.539,
              6677034.997
            ],
            [
              25494601.747,
              6677030.717
            ]
          ]
        ]
      },
      "properties": {
        "confidence": 0.7603,
        "length_m": 4.82,
        "width_m": 2.11,
        "heading_deg": 152.7,
        "aoi": "r1-ruskeasuo",
        "source_layer": "Ortoilmakuva_2025_5cm",
        "zoom": 16,
        "status": "confirmed",
        "class": "car"
      }
    },
    {
      "type": "Feature",
      "geometry": {
        "type": "Polygon",
        "coordinates": [
          [
            [
              25494838.388,
              6677130.375
            ],
            [
              25494841.174,
              6677133.917
            ],
            [
              25494839.366,
              6677135.338
            ],
            [
              25494836.581,
              6677131.796
            ],
            [
              25494838.388,
              6677130.375
            ]
          ]
        ]
      },
      "properties": {
        "confidence": 0.7568,
        "length_m": 4.51,
        "width_m": 2.3,
        "heading_deg": 38.2,
        "aoi": "r1-ruskeasuo",
        "source_layer": "Ortoilmakuva_2025_5cm",
        "zoom": 16,
        "status": "confirmed",
        "class": "car"
      }
    },
    {
      "type": "Feature",
      "geometry": {
        "type": "Polygon",
        "coordinates": [
          [
            [
              25494821.995,
              6677096.95
            ],
            [
              25494822.41,
              6677099.047
            ],
            [
              25494817.959,
              6677099.929
            ],
            [
              25494817.544,
              6677097.832
            ],
            [
              25494821.995,
              6677096.95
            ]
          ]
        ]
      },
      "properties": {
        "confidence": 0.7568,
        "length_m": 4.54,
        "width_m": 2.14,
        "heading_deg": 101.2,
        "aoi": "r1-ruskeasuo",
        "source_layer": "Ortoilmakuva_2025_5cm",
        "zoom": 16,
        "status": "confirmed",
        "class": "car"
      }
    },
    {
      "type": "Feature",
      "geometry": {
        "type": "Polygon",
        "coordinates": [
          [
            [
              25494815.816,
              6677205.239
            ],
            [
              25494819.572,
              6677209.967
            ],
            [
              25494817.698,
              6677211.455
            ],
            [
              25494813.942,
              6677206.727
            ],
            [
              25494815.816,
              6677205.239
            ]
          ]
        ]
      },
      "properties": {
        "confidence": 0.7553,
        "length_m": 6.04,
        "width_m": 2.39,
        "heading_deg": 38.5,
        "aoi": "r1-ruskeasuo",
        "source_layer": "Ortoilmakuva_2025_5cm",
        "zoom": 16,
        "status": "confirmed",
        "class": "van"
      }
    },
    {
      "type": "Feature",
      "geometry": {
        "type": "Polygon",
        "coordinates": [
          [
            [
              25494542.534,
              6677068.365
            ],
            [
              25494543.851,
              6677070.497
            ],
            [
              25494539.053,
              6677073.461
            ],
            [
              25494537.736,
              6677071.329
            ],
            [
              25494542.534,
              6677068.365
            ]
          ]
        ]
      },
      "properties": {
        "confidence": 0.7531,
        "length_m": 5.64,
        "width_m": 2.51,
        "heading_deg": 121.7,
        "aoi": "r1-ruskeasuo",
        "source_layer": "Ortoilmakuva_2025_5cm",
        "zoom": 16,
        "status": "confirmed",
        "class": "car"
      }
    },
    {
      "type": "Feature",
      "geometry": {
        "type": "Polygon",
        "coordinates": [
          [
            [
              25494510.443,
              6677166.815
            ],
            [
              25494510.635,
              6677171.659
            ],
            [
              25494508.472,
              6677171.745
            ],
            [
              25494508.28,
              6677166.901
            ],
            [
              25494510.443,
              6677166.815
            ]
          ]
        ]
      },
      "properties": {
        "confidence": 0.7511,
        "length_m": 4.85,
        "width_m": 2.16,
        "heading_deg": 2.3,
        "aoi": "r1-ruskeasuo",
        "source_layer": "Ortoilmakuva_2025_5cm",
        "zoom": 16,
        "status": "confirmed",
        "class": "car"
      }
    },
    {
      "type": "Feature",
      "geometry": {
        "type": "Polygon",
        "coordinates": [
          [
            [
              25494856.685,
              6677272.029
            ],
            [
              25494861.505,
              6677272.726
            ],
            [
              25494861.187,
              6677274.925
            ],
            [
              25494856.367,
              6677274.227
            ],
            [
              25494856.685,
              6677272.029
            ]
          ]
        ]
      },
      "properties": {
        "confidence": 0.7502,
        "length_m": 4.87,
        "width_m": 2.22,
        "heading_deg": 81.8,
        "aoi": "r1-ruskeasuo",
        "source_layer": "Ortoilmakuva_2025_5cm",
        "zoom": 16,
        "status": "confirmed",
        "class": "car"
      }
    },
    {
      "type": "Feature",
      "geometry": {
        "type": "Polygon",
        "coordinates": [
          [
            [
              25494606.705,
              6677137.927
            ],
            [
              25494611.501,
              6677140.05
            ],
            [
              25494610.429,
              6677142.469
            ],
            [
              25494605.634,
              6677140.346
            ],
            [
              25494606.705,
              6677137.927
            ]
          ]
        ]
      },
      "properties": {
        "confidence": 0.7483,
        "length_m": 5.24,
        "width_m": 2.65,
        "heading_deg": 66.1,
        "aoi": "r1-ruskeasuo",
        "source_layer": "Ortoilmakuva_2025_5cm",
        "zoom": 16,
        "status": "confirmed",
        "class": "car"
      }
    },
    {
      "type": "Feature",
      "geometry": {
        "type": "Polygon",
        "coordinates": [
          [
            [
              25494825.562,
              6677117.036
            ],
            [
              25494825.742,
              6677119.085
            ],
            [
              25494821.145,
              6677119.488
            ],
            [
              25494820.965,
              6677117.44
            ],
            [
              25494825.562,
              6677117.036
            ]
          ]
        ]
      },
      "properties": {
        "confidence": 0.7476,
        "length_m": 4.61,
        "width_m": 2.06,
        "heading_deg": 95,
        "aoi": "r1-ruskeasuo",
        "source_layer": "Ortoilmakuva_2025_5cm",
        "zoom": 16,
        "status": "confirmed",
        "class": "car"
      }
    },
    {
      "type": "Feature",
      "geometry": {
        "type": "Polygon",
        "coordinates": [
          [
            [
              25494599.314,
              6677129.538
            ],
            [
              25494600.34,
              6677131.628
            ],
            [
              25494596.338,
              6677133.592
            ],
            [
              25494595.312,
              6677131.502
            ],
            [
              25494599.314,
              6677129.538
            ]
          ]
        ]
      },
      "properties": {
        "confidence": 0.7449,
        "length_m": 4.46,
        "width_m": 2.33,
        "heading_deg": 116.1,
        "aoi": "r1-ruskeasuo",
        "source_layer": "Ortoilmakuva_2025_5cm",
        "zoom": 16,
        "status": "confirmed",
        "class": "car"
      }
    },
    {
      "type": "Feature",
      "geometry": {
        "type": "Polygon",
        "coordinates": [
          [
            [
              25494527.936,
              6677037.806
            ],
            [
              25494531.966,
              6677039.442
            ],
            [
              25494531.155,
              6677041.44
            ],
            [
              25494527.125,
              6677039.804
            ],
            [
              25494527.936,
              6677037.806
            ]
          ]
        ]
      },
      "properties": {
        "confidence": 0.7432,
        "length_m": 4.35,
        "width_m": 2.16,
        "heading_deg": 67.9,
        "aoi": "r1-ruskeasuo",
        "source_layer": "Ortoilmakuva_2025_5cm",
        "zoom": 16,
        "status": "confirmed",
        "class": "car"
      }
    },
    {
      "type": "Feature",
      "geometry": {
        "type": "Polygon",
        "coordinates": [
          [
            [
              25494826.457,
              6677195.064
            ],
            [
              25494829.425,
              6677199.26
            ],
            [
              25494827.218,
              6677200.821
            ],
            [
              25494824.25,
              6677196.625
            ],
            [
              25494826.457,
              6677195.064
            ]
          ]
        ]
      },
      "properties": {
        "confidence": 0.7404,
        "length_m": 5.14,
        "width_m": 2.7,
        "heading_deg": 35.3,
        "aoi": "r1-ruskeasuo",
        "source_layer": "Ortoilmakuva_2025_5cm",
        "zoom": 16,
        "status": "confirmed",
        "class": "car"
      }
    },
    {
      "type": "Feature",
      "geometry": {
        "type": "Polygon",
        "coordinates": [
          [
            [
              25494495.38,
              6677163.896
            ],
            [
              25494495.75,
              6677168.709
            ],
            [
              25494493.336,
              6677168.895
            ],
            [
              25494492.966,
              6677164.082
            ],
            [
              25494495.38,
              6677163.896
            ]
          ]
        ]
      },
      "properties": {
        "confidence": 0.7354,
        "length_m": 4.83,
        "width_m": 2.42,
        "heading_deg": 4.4,
        "aoi": "r1-ruskeasuo",
        "source_layer": "Ortoilmakuva_2025_5cm",
        "zoom": 16,
        "status": "confirmed",
        "class": "car"
      }
    },
    {
      "type": "Feature",
      "geometry": {
        "type": "Polygon",
        "coordinates": [
          [
            [
              25494543.486,
              6677096.326
            ],
            [
              25494544.494,
              6677098.226
            ],
            [
              25494540.467,
              6677100.363
            ],
            [
              25494539.458,
              6677098.463
            ],
            [
              25494543.486,
              6677096.326
            ]
          ]
        ]
      },
      "properties": {
        "confidence": 0.7329,
        "length_m": 4.56,
        "width_m": 2.15,
        "heading_deg": 118,
        "aoi": "r1-ruskeasuo",
        "source_layer": "Ortoilmakuva_2025_5cm",
        "zoom": 16,
        "status": "confirmed",
        "class": "car"
      }
    },
    {
      "type": "Feature",
      "geometry": {
        "type": "Polygon",
        "coordinates": [
          [
            [
              25494544.214,
              6677014.497
            ],
            [
              25494546.771,
              6677014.924
            ],
            [
              25494545.541,
              6677022.282
            ],
            [
              25494542.984,
              6677021.855
            ],
            [
              25494544.214,
              6677014.497
            ]
          ]
        ]
      },
      "properties": {
        "confidence": 0.7329,
        "length_m": 7.46,
        "width_m": 2.59,
        "heading_deg": 170.5,
        "aoi": "r1-ruskeasuo",
        "source_layer": "Ortoilmakuva_2025_5cm",
        "zoom": 16,
        "status": "confirmed",
        "class": "van"
      }
    },
    {
      "type": "Feature",
      "geometry": {
        "type": "Polygon",
        "coordinates": [
          [
            [
              25494813.71,
              6677207.016
            ],
            [
              25494816.784,
              6677210.981
            ],
            [
              25494815.022,
              6677212.347
            ],
            [
              25494811.948,
              6677208.382
            ],
            [
              25494813.71,
              6677207.016
            ]
          ]
        ]
      },
      "properties": {
        "confidence": 0.7296,
        "length_m": 5.02,
        "width_m": 2.23,
        "heading_deg": 37.8,
        "aoi": "r1-ruskeasuo",
        "source_layer": "Ortoilmakuva_2025_5cm",
        "zoom": 16,
        "status": "confirmed",
        "class": "van"
      }
    },
    {
      "type": "Feature",
      "geometry": {
        "type": "Polygon",
        "coordinates": [
          [
            [
              25494580.366,
              6677263.427
            ],
            [
              25494595.28,
              6677264.09
            ],
            [
              25494595.158,
              6677266.837
            ],
            [
              25494580.244,
              6677266.174
            ],
            [
              25494580.366,
              6677263.427
            ]
          ]
        ]
      },
      "properties": {
        "confidence": 0.7279,
        "length_m": 14.93,
        "width_m": 2.75,
        "heading_deg": 87.5,
        "aoi": "r1-ruskeasuo",
        "source_layer": "Ortoilmakuva_2025_5cm",
        "zoom": 16,
        "status": "confirmed",
        "class": "bus"
      }
    },
    {
      "type": "Feature",
      "geometry": {
        "type": "Polygon",
        "coordinates": [
          [
            [
              25494607.736,
              6677153.514
            ],
            [
              25494611.745,
              6677155.282
            ],
            [
              25494610.815,
              6677157.392
            ],
            [
              25494606.806,
              6677155.625
            ],
            [
              25494607.736,
              6677153.514
            ]
          ]
        ]
      },
      "properties": {
        "confidence": 0.7276,
        "length_m": 4.38,
        "width_m": 2.31,
        "heading_deg": 66.2,
        "aoi": "r1-ruskeasuo",
        "source_layer": "Ortoilmakuva_2025_5cm",
        "zoom": 16,
        "status": "confirmed",
        "class": "car"
      }
    },
    {
      "type": "Feature",
      "geometry": {
        "type": "Polygon",
        "coordinates": [
          [
            [
              25494507.511,
              6677081.636
            ],
            [
              25494507.873,
              6677088.956
            ],
            [
              25494505.455,
              6677089.076
            ],
            [
              25494505.093,
              6677081.755
            ],
            [
              25494507.511,
              6677081.636
            ]
          ]
        ]
      },
      "properties": {
        "confidence": 0.7274,
        "length_m": 7.33,
        "width_m": 2.42,
        "heading_deg": 2.8,
        "aoi": "r1-ruskeasuo",
        "source_layer": "Ortoilmakuva_2025_5cm",
        "zoom": 16,
        "status": "confirmed",
        "class": "van"
      }
    },
    {
      "type": "Feature",
      "geometry": {
        "type": "Polygon",
        "coordinates": [
          [
            [
              25494823.762,
              6677106.786
            ],
            [
              25494824.158,
              6677108.976
            ],
            [
              25494819.553,
              6677109.809
            ],
            [
              25494819.157,
              6677107.619
            ],
            [
              25494823.762,
              6677106.786
            ]
          ]
        ]
      },
      "properties": {
        "confidence": 0.7263,
        "length_m": 4.68,
        "width_m": 2.23,
        "heading_deg": 100.3,
        "aoi": "r1-ruskeasuo",
        "source_layer": "Ortoilmakuva_2025_5cm",
        "zoom": 16,
        "status": "confirmed",
        "class": "car"
      }
    },
    {
      "type": "Feature",
      "geometry": {
        "type": "Polygon",
        "coordinates": [
          [
            [
              25494528.786,
              6677067.404
            ],
            [
              25494534.033,
              6677068.925
            ],
            [
              25494533.161,
              6677071.932
            ],
            [
              25494527.914,
              6677070.41
            ],
            [
              25494528.786,
              6677067.404
            ]
          ]
        ]
      },
      "properties": {
        "confidence": 0.7214,
        "length_m": 5.46,
        "width_m": 3.13,
        "heading_deg": 73.8,
        "aoi": "r1-ruskeasuo",
        "source_layer": "Ortoilmakuva_2025_5cm",
        "zoom": 16,
        "status": "rejected",
        "class": ""
      }
    },
    {
      "type": "Feature",
      "geometry": {
        "type": "Polygon",
        "coordinates": [
          [
            [
              25494495.667,
              6677259.279
            ],
            [
              25494495.692,
              6677261.5
            ],
            [
              25494491.327,
              6677261.549
            ],
            [
              25494491.302,
              6677259.328
            ],
            [
              25494495.667,
              6677259.279
            ]
          ]
        ]
      },
      "properties": {
        "confidence": 0.7187,
        "length_m": 4.37,
        "width_m": 2.22,
        "heading_deg": 90.6,
        "aoi": "r1-ruskeasuo",
        "source_layer": "Ortoilmakuva_2025_5cm",
        "zoom": 16,
        "status": "confirmed",
        "class": "car"
      }
    },
    {
      "type": "Feature",
      "geometry": {
        "type": "Polygon",
        "coordinates": [
          [
            [
              25494777.474,
              6677187.982
            ],
            [
              25494780.275,
              6677191.741
            ],
            [
              25494778.481,
              6677193.078
            ],
            [
              25494775.68,
              6677189.319
            ],
            [
              25494777.474,
              6677187.982
            ]
          ]
        ]
      },
      "properties": {
        "confidence": 0.7139,
        "length_m": 4.69,
        "width_m": 2.24,
        "heading_deg": 36.7,
        "aoi": "r1-ruskeasuo",
        "source_layer": "Ortoilmakuva_2025_5cm",
        "zoom": 16,
        "status": "confirmed",
        "class": "car"
      }
    },
    {
      "type": "Feature",
      "geometry": {
        "type": "Polygon",
        "coordinates": [
          [
            [
              25494833.277,
              6677189.801
            ],
            [
              25494836.241,
              6677193.271
            ],
            [
              25494834.496,
              6677194.762
            ],
            [
              25494831.531,
              6677191.292
            ],
            [
              25494833.277,
              6677189.801
            ]
          ]
        ]
      },
      "properties": {
        "confidence": 0.7134,
        "length_m": 4.56,
        "width_m": 2.3,
        "heading_deg": 40.5,
        "aoi": "r1-ruskeasuo",
        "source_layer": "Ortoilmakuva_2025_5cm",
        "zoom": 16,
        "status": "confirmed",
        "class": "van"
      }
    },
    {
      "type": "Feature",
      "geometry": {
        "type": "Polygon",
        "coordinates": [
          [
            [
              25494600.035,
              6677142.189
            ],
            [
              25494601.162,
              6677144.291
            ],
            [
              25494596.755,
              6677146.655
            ],
            [
              25494595.628,
              6677144.553
            ],
            [
              25494600.035,
              6677142.189
            ]
          ]
        ]
      },
      "properties": {
        "confidence": 0.7104,
        "length_m": 5,
        "width_m": 2.39,
        "heading_deg": 118.2,
        "aoi": "r1-ruskeasuo",
        "source_layer": "Ortoilmakuva_2025_5cm",
        "zoom": 16,
        "status": "confirmed",
        "class": "car"
      }
    },
    {
      "type": "Feature",
      "geometry": {
        "type": "Polygon",
        "coordinates": [
          [
            [
              25494825.119,
              6677085.795
            ],
            [
              25494825.474,
              6677087.95
            ],
            [
              25494821.103,
              6677088.669
            ],
            [
              25494820.748,
              6677086.514
            ],
            [
              25494825.119,
              6677085.795
            ]
          ]
        ]
      },
      "properties": {
        "confidence": 0.7085,
        "length_m": 4.43,
        "width_m": 2.18,
        "heading_deg": 99.3,
        "aoi": "r1-ruskeasuo",
        "source_layer": "Ortoilmakuva_2025_5cm",
        "zoom": 16,
        "status": "confirmed",
        "class": "car"
      }
    },
    {
      "type": "Feature",
      "geometry": {
        "type": "Polygon",
        "coordinates": [
          [
            [
              25494779.636,
              6677186.974
            ],
            [
              25494782.062,
              6677190.166
            ],
            [
              25494780.363,
              6677191.457
            ],
            [
              25494777.937,
              6677188.264
            ],
            [
              25494779.636,
              6677186.974
            ]
          ]
        ]
      },
      "properties": {
        "confidence": 0.706,
        "length_m": 4.01,
        "width_m": 2.13,
        "heading_deg": 37.2,
        "aoi": "r1-ruskeasuo",
        "source_layer": "Ortoilmakuva_2025_5cm",
        "zoom": 16,
        "status": "confirmed",
        "class": "car"
      }
    },
    {
      "type": "Feature",
      "geometry": {
        "type": "Polygon",
        "coordinates": [
          [
            [
              25494817.019,
              6677222.724
            ],
            [
              25494818.477,
              6677224.465
            ],
            [
              25494814.346,
              6677227.924
            ],
            [
              25494812.888,
              6677226.183
            ],
            [
              25494817.019,
              6677222.724
            ]
          ]
        ]
      },
      "properties": {
        "confidence": 0.7008,
        "length_m": 5.39,
        "width_m": 2.27,
        "heading_deg": 129.9,
        "aoi": "r1-ruskeasuo",
        "source_layer": "Ortoilmakuva_2025_5cm",
        "zoom": 16,
        "status": "confirmed",
        "class": "van"
      }
    },
    {
      "type": "Feature",
      "geometry": {
        "type": "Polygon",
        "coordinates": [
          [
            [
              25494794.235,
              6677219.237
            ],
            [
              25494797.414,
              6677223.016
            ],
            [
              25494795.566,
              6677224.571
            ],
            [
              25494792.387,
              6677220.791
            ],
            [
              25494794.235,
              6677219.237
            ]
          ]
        ]
      },
      "properties": {
        "confidence": 0.7,
        "length_m": 4.94,
        "width_m": 2.42,
        "heading_deg": 40.1,
        "aoi": "r1-ruskeasuo",
        "source_layer": "Ortoilmakuva_2025_5cm",
        "zoom": 16,
        "status": "confirmed",
        "class": "car"
      }
    },
    {
      "type": "Feature",
      "geometry": {
        "type": "Polygon",
        "coordinates": [
          [
            [
              25494578.117,
              6677246.331
            ],
            [
              25494584.473,
              6677246.993
            ],
            [
              25494584.186,
              6677249.746
            ],
            [
              25494577.83,
              6677249.083
            ],
            [
              25494578.117,
              6677246.331
            ]
          ]
        ]
      },
      "properties": {
        "confidence": 0.6937,
        "length_m": 6.39,
        "width_m": 2.77,
        "heading_deg": 84.1,
        "aoi": "r1-ruskeasuo",
        "source_layer": "Ortoilmakuva_2025_5cm",
        "zoom": 16,
        "status": "confirmed",
        "class": "van"
      }
    },
    {
      "type": "Feature",
      "geometry": {
        "type": "Polygon",
        "coordinates": [
          [
            [
              25494541.713,
              6677049.307
            ],
            [
              25494542.998,
              6677051.465
            ],
            [
              25494538.079,
              6677054.393
            ],
            [
              25494536.794,
              6677052.234
            ],
            [
              25494541.713,
              6677049.307
            ]
          ]
        ]
      },
      "properties": {
        "confidence": 0.6929,
        "length_m": 5.72,
        "width_m": 2.51,
        "heading_deg": 120.8,
        "aoi": "r1-ruskeasuo",
        "source_layer": "Ortoilmakuva_2025_5cm",
        "zoom": 16,
        "status": "confirmed",
        "class": "car"
      }
    },
    {
      "type": "Feature",
      "geometry": {
        "type": "Polygon",
        "coordinates": [
          [
            [
              25494606.962,
              6677042.047
            ],
            [
              25494607.063,
              6677044.028
            ],
            [
              25494602.91,
              6677044.24
            ],
            [
              25494602.809,
              6677042.259
            ],
            [
              25494606.962,
              6677042.047
            ]
          ]
        ]
      },
      "properties": {
        "confidence": 0.687,
        "length_m": 4.16,
        "width_m": 1.98,
        "heading_deg": 92.9,
        "aoi": "r1-ruskeasuo",
        "source_layer": "Ortoilmakuva_2025_5cm",
        "zoom": 16,
        "status": "confirmed",
        "class": "car"
      }
    },
    {
      "type": "Feature",
      "geometry": {
        "type": "Polygon",
        "coordinates": [
          [
            [
              25494541.552,
              6677052.512
            ],
            [
              25494542.753,
              6677054.477
            ],
            [
              25494538.892,
              6677056.835
            ],
            [
              25494537.692,
              6677054.87
            ],
            [
              25494541.552,
              6677052.512
            ]
          ]
        ]
      },
      "properties": {
        "confidence": 0.6869,
        "length_m": 4.52,
        "width_m": 2.3,
        "heading_deg": 121.4,
        "aoi": "r1-ruskeasuo",
        "source_layer": "Ortoilmakuva_2025_5cm",
        "zoom": 16,
        "status": "confirmed",
        "class": "car"
      }
    },
    {
      "type": "Feature",
      "geometry": {
        "type": "Polygon",
        "coordinates": [
          [
            [
              25494809.953,
              6677169.955
            ],
            [
              25494813.272,
              6677174.627
            ],
            [
              25494811.156,
              6677176.13
            ],
            [
              25494807.837,
              6677171.458
            ],
            [
              25494809.953,
              6677169.955
            ]
          ]
        ]
      },
      "properties": {
        "confidence": 0.6853,
        "length_m": 5.73,
        "width_m": 2.6,
        "heading_deg": 35.4,
        "aoi": "r1-ruskeasuo",
        "source_layer": "Ortoilmakuva_2025_5cm",
        "zoom": 16,
        "status": "confirmed",
        "class": "van"
      }
    },
    {
      "type": "Feature",
      "geometry": {
        "type": "Polygon",
        "coordinates": [
          [
            [
              25494542.675,
              6677074.694
            ],
            [
              25494543.642,
              6677076.819
            ],
            [
              25494539.041,
              6677078.913
            ],
            [
              25494538.073,
              6677076.788
            ],
            [
              25494542.675,
              6677074.694
            ]
          ]
        ]
      },
      "properties": {
        "confidence": 0.6842,
        "length_m": 5.06,
        "width_m": 2.33,
        "heading_deg": 114.5,
        "aoi": "r1-ruskeasuo",
        "source_layer": "Ortoilmakuva_2025_5cm",
        "zoom": 16,
        "status": "confirmed",
        "class": "car"
      }
    },
    {
      "type": "Feature",
      "geometry": {
        "type": "Polygon",
        "coordinates": [
          [
            [
              25494542.793,
              6677071.6
            ],
            [
              25494543.807,
              6677073.693
            ],
            [
              25494539.141,
              6677075.954
            ],
            [
              25494538.127,
              6677073.861
            ],
            [
              25494542.793,
              6677071.6
            ]
          ]
        ]
      },
      "properties": {
        "confidence": 0.6811,
        "length_m": 5.18,
        "width_m": 2.33,
        "heading_deg": 115.9,
        "aoi": "r1-ruskeasuo",
        "source_layer": "Ortoilmakuva_2025_5cm",
        "zoom": 16,
        "status": "confirmed",
        "class": "car"
      }
    },
    {
      "type": "Feature",
      "geometry": {
        "type": "Polygon",
        "coordinates": [
          [
            [
              25494590.264,
              6677216.554
            ],
            [
              25494590.322,
              6677221.064
            ],
            [
              25494589.28,
              6677221.078
            ],
            [
              25494589.222,
              6677216.567
            ],
            [
              25494590.264,
              6677216.554
            ]
          ]
        ]
      },
      "properties": {
        "confidence": 0.6734,
        "length_m": 4.51,
        "width_m": 1.04,
        "heading_deg": 0.7,
        "aoi": "r1-ruskeasuo",
        "source_layer": "Ortoilmakuva_2025_5cm",
        "zoom": 16,
        "status": "rejected",
        "class": ""
      }
    },
    {
      "type": "Feature",
      "geometry": {
        "type": "Polygon",
        "coordinates": [
          [
            [
              25494543.128,
              6677082.988
            ],
            [
              25494544.21,
              6677085.034
            ],
            [
              25494539.9,
              6677087.314
            ],
            [
              25494538.817,
              6677085.268
            ],
            [
              25494543.128,
              6677082.988
            ]
          ]
        ]
      },
      "properties": {
        "confidence": 0.6721,
        "length_m": 4.88,
        "width_m": 2.31,
        "heading_deg": 117.9,
        "aoi": "r1-ruskeasuo",
        "source_layer": "Ortoilmakuva_2025_5cm",
        "zoom": 16,
        "status": "confirmed",
        "class": "car"
      }
    },
    {
      "type": "Feature",
      "geometry": {
        "type": "Polygon",
        "coordinates": [
          [
            [
              25494842.371,
              6677127.36
            ],
            [
              25494844.753,
              6677130.707
            ],
            [
              25494843.014,
              6677131.945
            ],
            [
              25494840.631,
              6677128.598
            ],
            [
              25494842.371,
              6677127.36
            ]
          ]
        ]
      },
      "properties": {
        "confidence": 0.6686,
        "length_m": 4.11,
        "width_m": 2.13,
        "heading_deg": 35.4,
        "aoi": "r1-ruskeasuo",
        "source_layer": "Ortoilmakuva_2025_5cm",
        "zoom": 16,
        "status": "confirmed",
        "class": "car"
      }
    },
    {
      "type": "Feature",
      "geometry": {
        "type": "Polygon",
        "coordinates": [
          [
            [
              25494528.88,
              6677074.889
            ],
            [
              25494532.759,
              6677076.629
            ],
            [
              25494531.921,
              6677078.497
            ],
            [
              25494528.042,
              6677076.756
            ],
            [
              25494528.88,
              6677074.889
            ]
          ]
        ]
      },
      "properties": {
        "confidence": 0.6655,
        "length_m": 4.25,
        "width_m": 2.05,
        "heading_deg": 65.8,
        "aoi": "r1-ruskeasuo",
        "source_layer": "Ortoilmakuva_2025_5cm",
        "zoom": 16,
        "status": "confirmed",
        "class": "car"
      }
    },
    {
      "type": "Feature",
      "geometry": {
        "type": "Polygon",
        "coordinates": [
          [
            [
              25494820.634,
              6677092.2
            ],
            [
              25494821.041,
              6677094.092
            ],
            [
              25494817.046,
              6677094.951
            ],
            [
              25494816.639,
              6677093.059
            ],
            [
              25494820.634,
              6677092.2
            ]
          ]
        ]
      },
      "properties": {
        "confidence": 0.6633,
        "length_m": 4.09,
        "width_m": 1.94,
        "heading_deg": 102.1,
        "aoi": "r1-ruskeasuo",
        "source_layer": "Ortoilmakuva_2025_5cm",
        "zoom": 16,
        "status": "confirmed",
        "class": "car"
      }
    },
    {
      "type": "Feature",
      "geometry": {
        "type": "Polygon",
        "coordinates": [
          [
            [
              25494838.219,
              6677086.345
            ],
            [
              25494839.227,
              6677088.172
            ],
            [
              25494834.933,
              6677090.542
            ],
            [
              25494833.925,
              6677088.715
            ],
            [
              25494838.219,
              6677086.345
            ]
          ]
        ]
      },
      "properties": {
        "confidence": 0.6629,
        "length_m": 4.9,
        "width_m": 2.09,
        "heading_deg": 118.9,
        "aoi": "r1-ruskeasuo",
        "source_layer": "Ortoilmakuva_2025_5cm",
        "zoom": 16,
        "status": "confirmed",
        "class": "car"
      }
    },
    {
      "type": "Feature",
      "geometry": {
        "type": "Polygon",
        "coordinates": [
          [
            [
              25494531.583,
              6677145.44
            ],
            [
              25494535.979,
              6677147.203
            ],
            [
              25494535.132,
              6677149.315
            ],
            [
              25494530.736,
              6677147.552
            ],
            [
              25494531.583,
              6677145.44
            ]
          ]
        ]
      },
      "properties": {
        "confidence": 0.6609,
        "length_m": 4.74,
        "width_m": 2.28,
        "heading_deg": 68.1,
        "aoi": "r1-ruskeasuo",
        "source_layer": "Ortoilmakuva_2025_5cm",
        "zoom": 16,
        "status": "confirmed",
        "class": "car"
      }
    },
    {
      "type": "Feature",
      "geometry": {
        "type": "Polygon",
        "coordinates": [
          [
            [
              25494531.424,
              6677142.14
            ],
            [
              25494535.729,
              6677144.136
            ],
            [
              25494534.762,
              6677146.223
            ],
            [
              25494530.456,
              6677144.228
            ],
            [
              25494531.424,
              6677142.14
            ]
          ]
        ]
      },
      "properties": {
        "confidence": 0.6608,
        "length_m": 4.75,
        "width_m": 2.3,
        "heading_deg": 65.1,
        "aoi": "r1-ruskeasuo",
        "source_layer": "Ortoilmakuva_2025_5cm",
        "zoom": 16,
        "status": "confirmed",
        "class": "car"
      }
    },
    {
      "type": "Feature",
      "geometry": {
        "type": "Polygon",
        "coordinates": [
          [
            [
              25494530.696,
              6677127.955
            ],
            [
              25494535.091,
              6677129.715
            ],
            [
              25494534.248,
              6677131.82
            ],
            [
              25494529.853,
              6677130.059
            ],
            [
              25494530.696,
              6677127.955
            ]
          ]
        ]
      },
      "properties": {
        "confidence": 0.652,
        "length_m": 4.73,
        "width_m": 2.27,
        "heading_deg": 68.2,
        "aoi": "r1-ruskeasuo",
        "source_layer": "Ortoilmakuva_2025_5cm",
        "zoom": 16,
        "status": "confirmed",
        "class": "car"
      }
    },
    {
      "type": "Feature",
      "geometry": {
        "type": "Polygon",
        "coordinates": [
          [
            [
              25494649.179,
              6677025.065
            ],
            [
              25494649.41,
              6677027.813
            ],
            [
              25494643.211,
              6677028.334
            ],
            [
              25494642.981,
              6677025.586
            ],
            [
              25494649.179,
              6677025.065
            ]
          ]
        ]
      },
      "properties": {
        "confidence": 0.6296,
        "length_m": 6.22,
        "width_m": 2.76,
        "heading_deg": 94.8,
        "aoi": "r1-ruskeasuo",
        "source_layer": "Ortoilmakuva_2025_5cm",
        "zoom": 16,
        "status": "rejected",
        "class": ""
      }
    },
    {
      "type": "Feature",
      "geometry": {
        "type": "Polygon",
        "coordinates": [
          [
            [
              25494792.612,
              6677229.13
            ],
            [
              25494794.32,
              6677230.898
            ],
            [
              25494790.747,
              6677234.352
            ],
            [
              25494789.038,
              6677232.584
            ],
            [
              25494792.612,
              6677229.13
            ]
          ]
        ]
      },
      "properties": {
        "confidence": 0.628,
        "length_m": 4.97,
        "width_m": 2.46,
        "heading_deg": 134,
        "aoi": "r1-ruskeasuo",
        "source_layer": "Ortoilmakuva_2025_5cm",
        "zoom": 16,
        "status": "confirmed",
        "class": "car"
      }
    },
    {
      "type": "Feature",
      "geometry": {
        "type": "Polygon",
        "coordinates": [
          [
            [
              25494505.111,
              6677202.008
            ],
            [
              25494508.777,
              6677206.172
            ],
            [
              25494506.908,
              6677207.818
            ],
            [
              25494503.242,
              6677203.654
            ],
            [
              25494505.111,
              6677202.008
            ]
          ]
        ]
      },
      "properties": {
        "confidence": 0.6251,
        "length_m": 5.55,
        "width_m": 2.49,
        "heading_deg": 41.4,
        "aoi": "r1-ruskeasuo",
        "source_layer": "Ortoilmakuva_2025_5cm",
        "zoom": 16,
        "status": "confirmed",
        "class": "van"
      }
    },
    {
      "type": "Feature",
      "geometry": {
        "type": "Polygon",
        "coordinates": [
          [
            [
              25494544.747,
              6677124.511
            ],
            [
              25494545.983,
              6677126.654
            ],
            [
              25494541.364,
              6677129.317
            ],
            [
              25494540.128,
              6677127.174
            ],
            [
              25494544.747,
              6677124.511
            ]
          ]
        ]
      },
      "properties": {
        "confidence": 0.6168,
        "length_m": 5.33,
        "width_m": 2.47,
        "heading_deg": 120,
        "aoi": "r1-ruskeasuo",
        "source_layer": "Ortoilmakuva_2025_5cm",
        "zoom": 16,
        "status": "confirmed",
        "class": "car"
      }
    },
    {
      "type": "Feature",
      "geometry": {
        "type": "Polygon",
        "coordinates": [
          [
            [
              25494512.958,
              6676995.079
            ],
            [
              25494515.707,
              6676995.345
            ],
            [
              25494515.283,
              6676999.724
            ],
            [
              25494512.534,
              6676999.458
            ],
            [
              25494512.958,
              6676995.079
            ]
          ]
        ]
      },
      "properties": {
        "confidence": 0.6154,
        "length_m": 4.4,
        "width_m": 2.76,
        "heading_deg": 174.5,
        "aoi": "r1-ruskeasuo",
        "source_layer": "Ortoilmakuva_2025_5cm",
        "zoom": 16,
        "status": "rejected",
        "class": ""
      }
    },
    {
      "type": "Feature",
      "geometry": {
        "type": "Polygon",
        "coordinates": [
          [
            [
              25494532.346,
              6677156.317
            ],
            [
              25494536.767,
              6677158.382
            ],
            [
              25494535.845,
              6677160.356
            ],
            [
              25494531.424,
              6677158.291
            ],
            [
              25494532.346,
              6677156.317
            ]
          ]
        ]
      },
      "properties": {
        "confidence": 0.6148,
        "length_m": 4.88,
        "width_m": 2.18,
        "heading_deg": 65,
        "aoi": "r1-ruskeasuo",
        "source_layer": "Ortoilmakuva_2025_5cm",
        "zoom": 16,
        "status": "confirmed",
        "class": "car"
      }
    },
    {
      "type": "Feature",
      "geometry": {
        "type": "Polygon",
        "coordinates": [
          [
            [
              25494528.504,
              6677063.034
            ],
            [
              25494532.901,
              6677064.791
            ],
            [
              25494532.138,
              6677066.699
            ],
            [
              25494527.741,
              6677064.942
            ],
            [
              25494528.504,
              6677063.034
            ]
          ]
        ]
      },
      "properties": {
        "confidence": 0.612,
        "length_m": 4.74,
        "width_m": 2.05,
        "heading_deg": 68.2,
        "aoi": "r1-ruskeasuo",
        "source_layer": "Ortoilmakuva_2025_5cm",
        "zoom": 16,
        "status": "confirmed",
        "class": "car"
      }
    },
    {
      "type": "Feature",
      "geometry": {
        "type": "Polygon",
        "coordinates": [
          [
            [
              25494831.069,
              6677191.212
            ],
            [
              25494834.09,
              6677195.055
            ],
            [
              25494832.208,
              6677196.534
            ],
            [
              25494829.187,
              6677192.691
            ],
            [
              25494831.069,
              6677191.212
            ]
          ]
        ]
      },
      "properties": {
        "confidence": 0.6071,
        "length_m": 4.89,
        "width_m": 2.39,
        "heading_deg": 38.2,
        "aoi": "r1-ruskeasuo",
        "source_layer": "Ortoilmakuva_2025_5cm",
        "zoom": 16,
        "status": "confirmed",
        "class": "van"
      }
    },
    {
      "type": "Feature",
      "geometry": {
        "type": "Polygon",
        "coordinates": [
          [
            [
              25494533.096,
              6677183.78
            ],
            [
              25494539.394,
              6677186.93
            ],
            [
              25494538.311,
              6677189.096
            ],
            [
              25494532.013,
              6677185.946
            ],
            [
              25494533.096,
              6677183.78
            ]
          ]
        ]
      },
      "properties": {
        "confidence": 0.6036,
        "length_m": 7.04,
        "width_m": 2.42,
        "heading_deg": 63.4,
        "aoi": "r1-ruskeasuo",
        "source_layer": "Ortoilmakuva_2025_5cm",
        "zoom": 16,
        "status": "confirmed",
        "class": "van"
      }
    },
    {
      "type": "Feature",
      "geometry": {
        "type": "Polygon",
        "coordinates": [
          [
            [
              25494540.023,
              6676981.111
            ],
            [
              25494541.557,
              6676982.646
            ],
            [
              25494537.993,
              6676986.207
            ],
            [
              25494536.459,
              6676984.672
            ],
            [
              25494540.023,
              6676981.111
            ]
          ]
        ]
      },
      "properties": {
        "confidence": 0.602,
        "length_m": 5.04,
        "width_m": 2.17,
        "heading_deg": 135,
        "aoi": "r1-ruskeasuo",
        "source_layer": "Ortoilmakuva_2025_5cm",
        "zoom": 16,
        "status": "confirmed",
        "class": "van"
      }
    },
    {
      "type": "Feature",
      "geometry": {
        "type": "Polygon",
        "coordinates": [
          [
            [
              25494780.755,
              6677184.433
            ],
            [
              25494783.856,
              6677188.345
            ],
            [
              25494782.054,
              6677189.773
            ],
            [
              25494778.953,
              6677185.861
            ],
            [
              25494780.755,
              6677184.433
            ]
          ]
        ]
      },
      "properties": {
        "confidence": 0.5921,
        "length_m": 4.99,
        "width_m": 2.3,
        "heading_deg": 38.4,
        "aoi": "r1-ruskeasuo",
        "source_layer": "Ortoilmakuva_2025_5cm",
        "zoom": 16,
        "status": "confirmed",
        "class": "car"
      }
    },
    {
      "type": "Feature",
      "geometry": {
        "type": "Polygon",
        "coordinates": [
          [
            [
              25494575.6,
              6677182.242
            ],
            [
              25494578.283,
              6677186.472
            ],
            [
              25494576.367,
              6677187.687
            ],
            [
              25494573.684,
              6677183.458
            ],
            [
              25494575.6,
              6677182.242
            ]
          ]
        ]
      },
      "properties": {
        "confidence": 0.589,
        "length_m": 5.01,
        "width_m": 2.27,
        "heading_deg": 32.4,
        "aoi": "r1-ruskeasuo",
        "source_layer": "Ortoilmakuva_2025_5cm",
        "zoom": 16,
        "status": "confirmed",
        "class": "car"
      }
    },
    {
      "type": "Feature",
      "geometry": {
        "type": "Polygon",
        "coordinates": [
          [
            [
              25494783.141,
              6677182.494
            ],
            [
              25494786.455,
              6677186.648
            ],
            [
              25494784.55,
              6677188.168
            ],
            [
              25494781.236,
              6677184.014
            ],
            [
              25494783.141,
              6677182.494
            ]
          ]
        ]
      },
      "properties": {
        "confidence": 0.5866,
        "length_m": 5.31,
        "width_m": 2.44,
        "heading_deg": 38.6,
        "aoi": "r1-ruskeasuo",
        "source_layer": "Ortoilmakuva_2025_5cm",
        "zoom": 16,
        "status": "confirmed",
        "class": "car"
      }
    },
    {
      "type": "Feature",
      "geometry": {
        "type": "Polygon",
        "coordinates": [
          [
            [
              25494524.302,
              6677030.308
            ],
            [
              25494525.877,
              6677031.899
            ],
            [
              25494522.474,
              6677035.267
            ],
            [
              25494520.899,
              6677033.677
            ],
            [
              25494524.302,
              6677030.308
            ]
          ]
        ]
      },
      "properties": {
        "confidence": 0.5778,
        "length_m": 4.79,
        "width_m": 2.24,
        "heading_deg": 134.7,
        "aoi": "r1-ruskeasuo",
        "source_layer": "Ortoilmakuva_2025_5cm",
        "zoom": 16,
        "status": "confirmed",
        "class": "car"
      }
    },
    {
      "type": "Feature",
      "geometry": {
        "type": "Polygon",
        "coordinates": [
          [
            [
              25494792.611,
              6677175.591
            ],
            [
              25494795.402,
              6677179.732
            ],
            [
              25494793.303,
              6677181.146
            ],
            [
              25494790.513,
              6677177.005
            ],
            [
              25494792.611,
              6677175.591
            ]
          ]
        ]
      },
      "properties": {
        "confidence": 0.5775,
        "length_m": 4.99,
        "width_m": 2.53,
        "heading_deg": 34,
        "aoi": "r1-ruskeasuo",
        "source_layer": "Ortoilmakuva_2025_5cm",
        "zoom": 16,
        "status": "confirmed",
        "class": "car"
      }
    },
    {
      "type": "Feature",
      "geometry": {
        "type": "Polygon",
        "coordinates": [
          [
            [
              25494543.885,
              6677085.578
            ],
            [
              25494544.959,
              6677087.726
            ],
            [
              25494540.212,
              6677090.099
            ],
            [
              25494539.138,
              6677087.952
            ],
            [
              25494543.885,
              6677085.578
            ]
          ]
        ]
      },
      "properties": {
        "confidence": 0.5677,
        "length_m": 5.31,
        "width_m": 2.4,
        "heading_deg": 116.6,
        "aoi": "r1-ruskeasuo",
        "source_layer": "Ortoilmakuva_2025_5cm",
        "zoom": 16,
        "status": "confirmed",
        "class": "car"
      }
    },
    {
      "type": "Feature",
      "geometry": {
        "type": "Polygon",
        "coordinates": [
          [
            [
              25494824.716,
              6677114.946
            ],
            [
              25494824.961,
              6677116.969
            ],
            [
              25494820.399,
              6677117.521
            ],
            [
              25494820.154,
              6677115.498
            ],
            [
              25494824.716,
              6677114.946
            ]
          ]
        ]
      },
      "properties": {
        "confidence": 0.567,
        "length_m": 4.6,
        "width_m": 2.04,
        "heading_deg": 96.9,
        "aoi": "r1-ruskeasuo",
        "source_layer": "Ortoilmakuva_2025_5cm",
        "zoom": 16,
        "status": "rejected",
        "class": ""
      }
    },
    {
      "type": "Feature",
      "geometry": {
        "type": "Polygon",
        "coordinates": [
          [
            [
              25494544.247,
              6677116.22
            ],
            [
              25494545.263,
              6677118.391
            ],
            [
              25494540.707,
              6677120.526
            ],
            [
              25494539.69,
              6677118.356
            ],
            [
              25494544.247,
              6677116.22
            ]
          ]
        ]
      },
      "properties": {
        "confidence": 0.5666,
        "length_m": 5.03,
        "width_m": 2.4,
        "heading_deg": 115.1,
        "aoi": "r1-ruskeasuo",
        "source_layer": "Ortoilmakuva_2025_5cm",
        "zoom": 16,
        "status": "confirmed",
        "class": "car"
      }
    },
    {
      "type": "Feature",
      "geometry": {
        "type": "Polygon",
        "coordinates": [
          [
            [
              25494630.695,
              6677026.414
            ],
            [
              25494630.797,
              6677029.25
            ],
            [
              25494625.294,
              6677029.449
            ],
            [
              25494625.192,
              6677026.612
            ],
            [
              25494630.695,
              6677026.414
            ]
          ]
        ]
      },
      "properties": {
        "confidence": 0.5601,
        "length_m": 5.51,
        "width_m": 2.84,
        "heading_deg": 92.1,
        "aoi": "r1-ruskeasuo",
        "source_layer": "Ortoilmakuva_2025_5cm",
        "zoom": 16,
        "status": "confirmed",
        "class": "van"
      }
    },
    {
      "type": "Feature",
      "geometry": {
        "type": "Polygon",
        "coordinates": [
          [
            [
              25494510.026,
              6677147.756
            ],
            [
              25494509.986,
              6677152.639
            ],
            [
              25494507.677,
              6677152.621
            ],
            [
              25494507.716,
              6677147.738
            ],
            [
              25494510.026,
              6677147.756
            ]
          ]
        ]
      },
      "properties": {
        "confidence": 0.5589,
        "length_m": 4.88,
        "width_m": 2.31,
        "heading_deg": 179.5,
        "aoi": "r1-ruskeasuo",
        "source_layer": "Ortoilmakuva_2025_5cm",
        "zoom": 16,
        "status": "confirmed",
        "class": "van"
      }
    },
    {
      "type": "Feature",
      "geometry": {
        "type": "Polygon",
        "coordinates": [
          [
            [
              25494607.164,
              6677064.867
            ],
            [
              25494607.595,
              6677067.569
            ],
            [
              25494602.703,
              6677068.35
            ],
            [
              25494602.272,
              6677065.648
            ],
            [
              25494607.164,
              6677064.867
            ]
          ]
        ]
      },
      "properties": {
        "confidence": 0.5577,
        "length_m": 4.95,
        "width_m": 2.74,
        "heading_deg": 99.1,
        "aoi": "r1-ruskeasuo",
        "source_layer": "Ortoilmakuva_2025_5cm",
        "zoom": 16,
        "status": "rejected",
        "class": ""
      }
    },
    {
      "type": "Feature",
      "geometry": {
        "type": "Polygon",
        "coordinates": [
          [
            [
              25494826.096,
              6677093.01
            ],
            [
              25494826.131,
              6677094.035
            ],
            [
              25494821.759,
              6677094.186
            ],
            [
              25494821.723,
              6677093.161
            ],
            [
              25494826.096,
              6677093.01
            ]
          ]
        ]
      },
      "properties": {
        "confidence": 0.5576,
        "length_m": 4.37,
        "width_m": 1.03,
        "heading_deg": 92,
        "aoi": "r1-ruskeasuo",
        "source_layer": "Ortoilmakuva_2025_5cm",
        "zoom": 16,
        "status": "rejected",
        "class": ""
      }
    },
    {
      "type": "Feature",
      "geometry": {
        "type": "Polygon",
        "coordinates": [
          [
            [
              25494543.903,
              6677110.417
            ],
            [
              25494545.007,
              6677112.549
            ],
            [
              25494540.7,
              6677114.78
            ],
            [
              25494539.595,
              6677112.648
            ],
            [
              25494543.903,
              6677110.417
            ]
          ]
        ]
      },
      "properties": {
        "confidence": 0.551,
        "length_m": 4.85,
        "width_m": 2.4,
        "heading_deg": 117.4,
        "aoi": "r1-ruskeasuo",
        "source_layer": "Ortoilmakuva_2025_5cm",
        "zoom": 16,
        "status": "confirmed",
        "class": "car"
      }
    },
    {
      "type": "Feature",
      "geometry": {
        "type": "Polygon",
        "coordinates": [
          [
            [
              25494542.26,
              6677077.656
            ],
            [
              25494543.257,
              6677079.633
            ],
            [
              25494539.39,
              6677081.582
            ],
            [
              25494538.394,
              6677079.605
            ],
            [
              25494542.26,
              6677077.656
            ]
          ]
        ]
      },
      "properties": {
        "confidence": 0.548,
        "length_m": 4.33,
        "width_m": 2.21,
        "heading_deg": 116.7,
        "aoi": "r1-ruskeasuo",
        "source_layer": "Ortoilmakuva_2025_5cm",
        "zoom": 16,
        "status": "confirmed",
        "class": "car"
      }
    },
    {
      "type": "Feature",
      "geometry": {
        "type": "Polygon",
        "coordinates": [
          [
            [
              25494531.233,
              6677136.495
            ],
            [
              25494535.845,
              6677138.44
            ],
            [
              25494534.866,
              6677140.762
            ],
            [
              25494530.254,
              6677138.817
            ],
            [
              25494531.233,
              6677136.495
            ]
          ]
        ]
      },
      "properties": {
        "confidence": 0.544,
        "length_m": 5.01,
        "width_m": 2.52,
        "heading_deg": 67.1,
        "aoi": "r1-ruskeasuo",
        "source_layer": "Ortoilmakuva_2025_5cm",
        "zoom": 16,
        "status": "confirmed",
        "class": "car"
      }
    },
    {
      "type": "Feature",
      "geometry": {
        "type": "Polygon",
        "coordinates": [
          [
            [
              25494836.376,
              6677084.122
            ],
            [
              25494837.489,
              6677086.039
            ],
            [
              25494833.676,
              6677088.253
            ],
            [
              25494832.563,
              6677086.335
            ],
            [
              25494836.376,
              6677084.122
            ]
          ]
        ]
      },
      "properties": {
        "confidence": 0.5251,
        "length_m": 4.41,
        "width_m": 2.22,
        "heading_deg": 120.1,
        "aoi": "r1-ruskeasuo",
        "source_layer": "Ortoilmakuva_2025_5cm",
        "zoom": 16,
        "status": "confirmed",
        "class": "car"
      }
    },
    {
      "type": "Feature",
      "geometry": {
        "type": "Polygon",
        "coordinates": [
          [
            [
              25494832.374,
              6677208.648
            ],
            [
              25494833.813,
              6677210.24
            ],
            [
              25494829.857,
              6677213.815
            ],
            [
              25494828.418,
              6677212.222
            ],
            [
              25494832.374,
              6677208.648
            ]
          ]
        ]
      },
      "properties": {
        "confidence": 0.5246,
        "length_m": 5.33,
        "width_m": 2.15,
        "heading_deg": 132.1,
        "aoi": "r1-ruskeasuo",
        "source_layer": "Ortoilmakuva_2025_5cm",
        "zoom": 16,
        "status": "confirmed",
        "class": "van"
      }
    },
    {
      "type": "Feature",
      "geometry": {
        "type": "Polygon",
        "coordinates": [
          [
            [
              25494589.393,
              6677263.606
            ],
            [
              25494595.481,
              6677263.883
            ],
            [
              25494595.343,
              6677266.903
            ],
            [
              25494589.255,
              6677266.627
            ],
            [
              25494589.393,
              6677263.606
            ]
          ]
        ]
      },
      "properties": {
        "confidence": 0.508,
        "length_m": 6.09,
        "width_m": 3.02,
        "heading_deg": 87.4,
        "aoi": "r1-ruskeasuo",
        "source_layer": "Ortoilmakuva_2025_5cm",
        "zoom": 16,
        "status": "rejected",
        "class": ""
      }
    },
    {
      "type": "Feature",
      "geometry": {
        "type": "Polygon",
        "coordinates": [
          [
            [
              25494631.409,
              6677249.213
            ],
            [
              25494631.571,
              6677251.404
            ],
            [
              25494627.354,
              6677251.717
            ],
            [
              25494627.192,
              6677249.525
            ],
            [
              25494631.409,
              6677249.213
            ]
          ]
        ]
      },
      "properties": {
        "confidence": 0.5075,
        "length_m": 4.23,
        "width_m": 2.2,
        "heading_deg": 94.2,
        "aoi": "r1-ruskeasuo",
        "source_layer": "Ortoilmakuva_2025_5cm",
        "zoom": 16,
        "status": "confirmed",
        "class": "car"
      }
    },
    {
      "type": "Feature",
      "geometry": {
        "type": "Polygon",
        "coordinates": [
          [
            [
              25494600.574,
              6677138.442
            ],
            [
              25494601.814,
              6677140.494
            ],
            [
              25494597.035,
              6677143.38
            ],
            [
              25494595.796,
              6677141.329
            ],
            [
              25494600.574,
              6677138.442
            ]
          ]
        ]
      },
      "properties": {
        "confidence": 0.4974,
        "length_m": 5.58,
        "width_m": 2.4,
        "heading_deg": 121.1,
        "aoi": "r1-ruskeasuo",
        "source_layer": "Ortoilmakuva_2025_5cm",
        "zoom": 16,
        "status": "confirmed",
        "class": "van"
      }
    },
    {
      "type": "Feature",
      "geometry": {
        "type": "Polygon",
        "coordinates": [
          [
            [
              25494634.959,
              6677093.12
            ],
            [
              25494634.964,
              6677095.117
            ],
            [
              25494630.406,
              6677095.128
            ],
            [
              25494630.401,
              6677093.131
            ],
            [
              25494634.959,
              6677093.12
            ]
          ]
        ]
      },
      "properties": {
        "confidence": 0.481,
        "length_m": 4.56,
        "width_m": 2,
        "heading_deg": 90.1,
        "aoi": "r1-ruskeasuo",
        "source_layer": "Ortoilmakuva_2025_5cm",
        "zoom": 16,
        "status": "rejected",
        "class": ""
      }
    },
    {
      "type": "Feature",
      "geometry": {
        "type": "Polygon",
        "coordinates": [
          [
            [
              25494509.724,
              6677138.265
            ],
            [
              25494509.88,
              6677144.499
            ],
            [
              25494507.461,
              6677144.56
            ],
            [
              25494507.304,
              6677138.326
            ],
            [
              25494509.724,
              6677138.265
            ]
          ]
        ]
      },
      "properties": {
        "confidence": 0.4806,
        "length_m": 6.24,
        "width_m": 2.42,
        "heading_deg": 1.4,
        "aoi": "r1-ruskeasuo",
        "source_layer": "Ortoilmakuva_2025_5cm",
        "zoom": 16,
        "status": "rejected",
        "class": ""
      }
    },
    {
      "type": "Feature",
      "geometry": {
        "type": "Polygon",
        "coordinates": [
          [
            [
              25494600.561,
              6677138.47
            ],
            [
              25494601.823,
              6677140.657
            ],
            [
              25494596.938,
              6677143.477
            ],
            [
              25494595.675,
              6677141.29
            ],
            [
              25494600.561,
              6677138.47
            ]
          ]
        ]
      },
      "properties": {
        "confidence": 0.4783,
        "length_m": 5.64,
        "width_m": 2.52,
        "heading_deg": 120,
        "aoi": "r1-ruskeasuo",
        "source_layer": "Ortoilmakuva_2025_5cm",
        "zoom": 16,
        "status": "rejected",
        "class": ""
      }
    },
    {
      "type": "Feature",
      "geometry": {
        "type": "Polygon",
        "coordinates": [
          [
            [
              25494784.075,
              6676939.568
            ],
            [
              25494784.579,
              6676941.968
            ],
            [
              25494779.758,
              6676942.979
            ],
            [
              25494779.254,
              6676940.579
            ],
            [
              25494784.075,
              6676939.568
            ]
          ]
        ]
      },
      "properties": {
        "confidence": 0.474,
        "length_m": 4.93,
        "width_m": 2.45,
        "heading_deg": 101.8,
        "aoi": "r1-ruskeasuo",
        "source_layer": "Ortoilmakuva_2025_5cm",
        "zoom": 16,
        "status": "confirmed",
        "class": "car"
      }
    },
    {
      "type": "Feature",
      "geometry": {
        "type": "Polygon",
        "coordinates": [
          [
            [
              25494831.751,
              6677115.978
            ],
            [
              25494832.017,
              6677118.211
            ],
            [
              25494826.63,
              6677118.853
            ],
            [
              25494826.363,
              6677116.62
            ],
            [
              25494831.751,
              6677115.978
            ]
          ]
        ]
      },
      "properties": {
        "confidence": 0.4616,
        "length_m": 5.43,
        "width_m": 2.25,
        "heading_deg": 96.8,
        "aoi": "r1-ruskeasuo",
        "source_layer": "Ortoilmakuva_2025_5cm",
        "zoom": 16,
        "status": "confirmed",
        "class": "van"
      }
    },
    {
      "type": "Feature",
      "geometry": {
        "type": "Polygon",
        "coordinates": [
          [
            [
              25494519.089,
              6676960.475
            ],
            [
              25494520.655,
              6676962.139
            ],
            [
              25494517.307,
              6676965.288
            ],
            [
              25494515.742,
              6676963.624
            ],
            [
              25494519.089,
              6676960.475
            ]
          ]
        ]
      },
      "properties": {
        "confidence": 0.4462,
        "length_m": 4.6,
        "width_m": 2.29,
        "heading_deg": 133.2,
        "aoi": "r1-ruskeasuo",
        "source_layer": "Ortoilmakuva_2025_5cm",
        "zoom": 16,
        "status": "confirmed",
        "class": "car"
      }
    },
    {
      "type": "Feature",
      "geometry": {
        "type": "Polygon",
        "coordinates": [
          [
            [
              25494809.997,
              6677097.975
            ],
            [
              25494811.586,
              6677104.706
            ],
            [
              25494809.034,
              6677105.309
            ],
            [
              25494807.444,
              6677098.577
            ],
            [
              25494809.997,
              6677097.975
            ]
          ]
        ]
      },
      "properties": {
        "confidence": 0.4441,
        "length_m": 6.92,
        "width_m": 2.62,
        "heading_deg": 13.3,
        "aoi": "r1-ruskeasuo",
        "source_layer": "Ortoilmakuva_2025_5cm",
        "zoom": 16,
        "status": "confirmed",
        "class": "truck"
      }
    },
    {
      "type": "Feature",
      "geometry": {
        "type": "Polygon",
        "coordinates": [
          [
            [
              25494790.611,
              6677177.145
            ],
            [
              25494793.266,
              6677181.073
            ],
            [
              25494791.321,
              6677182.388
            ],
            [
              25494788.666,
              6677178.46
            ],
            [
              25494790.611,
              6677177.145
            ]
          ]
        ]
      },
      "properties": {
        "confidence": 0.4411,
        "length_m": 4.74,
        "width_m": 2.35,
        "heading_deg": 34.1,
        "aoi": "r1-ruskeasuo",
        "source_layer": "Ortoilmakuva_2025_5cm",
        "zoom": 16,
        "status": "confirmed",
        "class": "car"
      }
    },
    {
      "type": "Feature",
      "geometry": {
        "type": "Polygon",
        "coordinates": [
          [
            [
              25494648.586,
              6677217.584
            ],
            [
              25494648.767,
              6677220.215
            ],
            [
              25494639.87,
              6677220.827
            ],
            [
              25494639.689,
              6677218.195
            ],
            [
              25494648.586,
              6677217.584
            ]
          ]
        ]
      },
      "properties": {
        "confidence": 0.4311,
        "length_m": 8.92,
        "width_m": 2.64,
        "heading_deg": 93.9,
        "aoi": "r1-ruskeasuo",
        "source_layer": "Ortoilmakuva_2025_5cm",
        "zoom": 16,
        "status": "rejected",
        "class": ""
      }
    },
    {
      "type": "Feature",
      "geometry": {
        "type": "Polygon",
        "coordinates": [
          [
            [
              25494643.192,
              6677267.753
            ],
            [
              25494647.456,
              6677269.045
            ],
            [
              25494646.835,
              6677271.095
            ],
            [
              25494642.571,
              6677269.804
            ],
            [
              25494643.192,
              6677267.753
            ]
          ]
        ]
      },
      "properties": {
        "confidence": 0.41,
        "length_m": 4.46,
        "width_m": 2.14,
        "heading_deg": 73.1,
        "aoi": "r1-ruskeasuo",
        "source_layer": "Ortoilmakuva_2025_5cm",
        "zoom": 16,
        "status": "confirmed",
        "class": "car"
      }
    },
    {
      "type": "Feature",
      "geometry": {
        "type": "Polygon",
        "coordinates": [
          [
            [
              25494674.838,
              6677047.258
            ],
            [
              25494687.669,
              6677054.009
            ],
            [
              25494686.557,
              6677056.121
            ],
            [
              25494673.727,
              6677049.37
            ],
            [
              25494674.838,
              6677047.258
            ]
          ]
        ]
      },
      "properties": {
        "confidence": 0.4031,
        "length_m": 14.5,
        "width_m": 2.39,
        "heading_deg": 62.2,
        "aoi": "r1-ruskeasuo",
        "source_layer": "Ortoilmakuva_2025_5cm",
        "zoom": 16,
        "status": "confirmed",
        "class": "bus"
      }
    },
    {
      "type": "Feature",
      "geometry": {
        "type": "Polygon",
        "coordinates": [
          [
            [
              25494787.996,
              6677177.95
            ],
            [
              25494791.193,
              6677182.577
            ],
            [
              25494789.029,
              6677184.073
            ],
            [
              25494785.831,
              6677179.446
            ],
            [
              25494787.996,
              6677177.95
            ]
          ]
        ]
      },
      "properties": {
        "confidence": 0.3927,
        "length_m": 5.62,
        "width_m": 2.63,
        "heading_deg": 34.6,
        "aoi": "r1-ruskeasuo",
        "source_layer": "Ortoilmakuva_2025_5cm",
        "zoom": 16,
        "status": "confirmed",
        "class": "van"
      }
    },
    {
      "type": "Feature",
      "geometry": {
        "type": "Polygon",
        "coordinates": [
          [
            [
              25494587.4,
              6677181.969
            ],
            [
              25494589.939,
              6677186.557
            ],
            [
              25494587.707,
              6677187.793
            ],
            [
              25494585.168,
              6677183.204
            ],
            [
              25494587.4,
              6677181.969
            ]
          ]
        ]
      },
      "properties": {
        "confidence": 0.3868,
        "length_m": 5.24,
        "width_m": 2.55,
        "heading_deg": 29,
        "aoi": "r1-ruskeasuo",
        "source_layer": "Ortoilmakuva_2025_5cm",
        "zoom": 16,
        "status": "confirmed",
        "class": "van"
      }
    },
    {
      "type": "Feature",
      "geometry": {
        "type": "Polygon",
        "coordinates": [
          [
            [
              25494649.176,
              6677025.13
            ],
            [
              25494649.38,
              6677027.809
            ],
            [
              25494643.226,
              6677028.278
            ],
            [
              25494643.022,
              6677025.599
            ],
            [
              25494649.176,
              6677025.13
            ]
          ]
        ]
      },
      "properties": {
        "confidence": 0.3838,
        "length_m": 6.17,
        "width_m": 2.69,
        "heading_deg": 94.4,
        "aoi": "r1-ruskeasuo",
        "source_layer": "Ortoilmakuva_2025_5cm",
        "zoom": 16,
        "status": "confirmed",
        "class": "van"
      }
    },
    {
      "type": "Feature",
      "geometry": {
        "type": "Polygon",
        "coordinates": [
          [
            [
              25494581.627,
              6677181.876
            ],
            [
              25494583.876,
              6677186.257
            ],
            [
              25494581.678,
              6677187.385
            ],
            [
              25494579.429,
              6677183.005
            ],
            [
              25494581.627,
              6677181.876
            ]
          ]
        ]
      },
      "properties": {
        "confidence": 0.3714,
        "length_m": 4.92,
        "width_m": 2.47,
        "heading_deg": 27.2,
        "aoi": "r1-ruskeasuo",
        "source_layer": "Ortoilmakuva_2025_5cm",
        "zoom": 16,
        "status": "confirmed",
        "class": "car"
      }
    },
    {
      "type": "Feature",
      "geometry": {
        "type": "Polygon",
        "coordinates": [
          [
            [
              25494509.63,
              6677138.197
            ],
            [
              25494509.866,
              6677144.498
            ],
            [
              25494507.542,
              6677144.586
            ],
            [
              25494507.306,
              6677138.285
            ],
            [
              25494509.63,
              6677138.197
            ]
          ]
        ]
      },
      "properties": {
        "confidence": 0.3456,
        "length_m": 6.31,
        "width_m": 2.33,
        "heading_deg": 2.1,
        "aoi": "r1-ruskeasuo",
        "source_layer": "Ortoilmakuva_2025_5cm",
        "zoom": 16,
        "status": "confirmed",
        "class": "van"
      }
    },
    {
      "type": "Feature",
      "geometry": {
        "type": "Polygon",
        "coordinates": [
          [
            [
              25494785.409,
              6677179.97
            ],
            [
              25494788.74,
              6677184.58
            ],
            [
              25494786.62,
              6677186.111
            ],
            [
              25494783.29,
              6677181.502
            ],
            [
              25494785.409,
              6677179.97
            ]
          ]
        ]
      },
      "properties": {
        "confidence": 0.3306,
        "length_m": 5.69,
        "width_m": 2.62,
        "heading_deg": 35.9,
        "aoi": "r1-ruskeasuo",
        "source_layer": "Ortoilmakuva_2025_5cm",
        "zoom": 16,
        "status": "confirmed",
        "class": "van"
      }
    },
    {
      "type": "Feature",
      "geometry": {
        "type": "Polygon",
        "coordinates": [
          [
            [
              25494545.908,
              6677166.493
            ],
            [
              25494547.049,
              6677168.354
            ],
            [
              25494542.913,
              6677170.89
            ],
            [
              25494541.772,
              6677169.029
            ],
            [
              25494545.908,
              6677166.493
            ]
          ]
        ]
      },
      "properties": {
        "confidence": 0.3289,
        "length_m": 4.85,
        "width_m": 2.18,
        "heading_deg": 121.5,
        "aoi": "r1-ruskeasuo",
        "source_layer": "Ortoilmakuva_2025_5cm",
        "zoom": 16,
        "status": "confirmed",
        "class": "car"
      }
    },
    {
      "type": "Feature",
      "geometry": {
        "type": "Polygon",
        "coordinates": [
          [
            [
              25494570.787,
              6677181.831
            ],
            [
              25494572.677,
              6677186.536
            ],
            [
              25494570.259,
              6677187.507
            ],
            [
              25494568.369,
              6677182.803
            ],
            [
              25494570.787,
              6677181.831
            ]
          ]
        ]
      },
      "properties": {
        "confidence": 0.3247,
        "length_m": 5.07,
        "width_m": 2.61,
        "heading_deg": 21.9,
        "aoi": "r1-ruskeasuo",
        "source_layer": "Ortoilmakuva_2025_5cm",
        "zoom": 16,
        "status": "confirmed",
        "class": "car"
      }
    },
    {
      "type": "Feature",
      "geometry": {
        "type": "Polygon",
        "coordinates": [
          [
            [
              25494590.501,
              6677127.989
            ],
            [
              25494590.584,
              6677133.885
            ],
            [
              25494589.186,
              6677133.904
            ],
            [
              25494589.103,
              6677128.008
            ],
            [
              25494590.501,
              6677127.989
            ]
          ]
        ]
      },
      "properties": {
        "confidence": 0.3194,
        "length_m": 5.9,
        "width_m": 1.4,
        "heading_deg": 0.8,
        "aoi": "r1-ruskeasuo",
        "source_layer": "Ortoilmakuva_2025_5cm",
        "zoom": 16,
        "status": "rejected",
        "class": ""
      }
    },
    {
      "type": "Feature",
      "geometry": {
        "type": "Polygon",
        "coordinates": [
          [
            [
              25494772.214,
              6677192.392
            ],
            [
              25494774.874,
              6677196.153
            ],
            [
              25494773.009,
              6677197.473
            ],
            [
              25494770.348,
              6677193.712
            ],
            [
              25494772.214,
              6677192.392
            ]
          ]
        ]
      },
      "properties": {
        "confidence": 0.3111,
        "length_m": 4.61,
        "width_m": 2.28,
        "heading_deg": 35.3,
        "aoi": "r1-ruskeasuo",
        "source_layer": "Ortoilmakuva_2025_5cm",
        "zoom": 16,
        "status": "confirmed",
        "class": "car"
      }
    },
    {
      "type": "Feature",
      "geometry": {
        "type": "Polygon",
        "coordinates": [
          [
            [
              25494773.664,
              6677190.915
            ],
            [
              25494776.599,
              6677194.462
            ],
            [
              25494774.908,
              6677195.86
            ],
            [
              25494771.974,
              6677192.313
            ],
            [
              25494773.664,
              6677190.915
            ]
          ]
        ]
      },
      "properties": {
        "confidence": 0.309,
        "length_m": 4.6,
        "width_m": 2.19,
        "heading_deg": 39.6,
        "aoi": "r1-ruskeasuo",
        "source_layer": "Ortoilmakuva_2025_5cm",
        "zoom": 16,
        "status": "confirmed",
        "class": "car"
      }
    },
    {
      "type": "Feature",
      "geometry": {
        "type": "Polygon",
        "coordinates": [
          [
            [
              25494610.366,
              6677148.122
            ],
            [
              25494610.774,
              6677151.167
            ],
            [
              25494605.542,
              6677151.867
            ],
            [
              25494605.134,
              6677148.822
            ],
            [
              25494610.366,
              6677148.122
            ]
          ]
        ]
      },
      "properties": {
        "confidence": 0.2849,
        "length_m": 5.28,
        "width_m": 3.07,
        "heading_deg": 97.6,
        "aoi": "r1-ruskeasuo",
        "source_layer": "Ortoilmakuva_2025_5cm",
        "zoom": 16,
        "status": "rejected",
        "class": ""
      }
    }
  ]
}
