{
  "type": "FeatureCollection",
  "crs": {
    "type": "name",
    "properties": {
      "name": "urn:ogc:def:crs:EPSG::3879"
    }
  },
  "features": [
    {
      "type": "Feature",
      "geometry": {
        "type": "Polygon",
        "coordinates": [
          [
            [
              25502719.925,
              6681373.266
            ],
            [
              25502725.628,
              6681379.913
            ],
            [
              25502723.083,
              6681382.097
            ],
            [
              25502717.38,
              6681375.45
            ],
            [
              25502719.925,
              6681373.266
            ]
          ]
        ]
      },
      "properties": {
        "confidence": 0.8565,
        "length_m": 8.76,
        "width_m": 3.35,
        "heading_deg": 40.6,
        "aoi": "r1-tattariharjuntie",
        "source_layer": "Ortoilmakuva_2025_5cm",
        "zoom": 16,
        "status": "confirmed",
        "class": "truck"
      }
    },
    {
      "type": "Feature",
      "geometry": {
        "type": "Polygon",
        "coordinates": [
          [
            [
              25502711.2,
              6681247.553
            ],
            [
              25502713.303,
              6681249.033
            ],
            [
              25502709.006,
              6681255.138
            ],
            [
              25502706.903,
              6681253.658
            ],
            [
              25502711.2,
              6681247.553
            ]
          ]
        ]
      },
      "properties": {
        "confidence": 0.8531,
        "length_m": 7.47,
        "width_m": 2.57,
        "heading_deg": 144.9,
        "aoi": "r1-tattariharjuntie",
        "source_layer": "Ortoilmakuva_2025_5cm",
        "zoom": 16,
        "status": "confirmed",
        "class": "truck"
      }
    },
    {
      "type": "Feature",
      "geometry": {
        "type": "Polygon",
        "coordinates": [
          [
            [
              25502724.142,
              6681368.734
            ],
            [
              25502730.923,
              6681376.006
            ],
            [
              25502728.549,
              6681378.219
            ],
            [
              25502721.768,
              6681370.948
            ],
            [
              25502724.142,
              6681368.734
            ]
          ]
        ]
      },
      "properties": {
        "confidence": 0.8393,
        "length_m": 9.94,
        "width_m": 3.25,
        "heading_deg": 43,
        "aoi": "r1-tattariharjuntie",
        "source_layer": "Ortoilmakuva_2025_5cm",
        "zoom": 16,
        "status": "confirmed",
        "class": "truck"
      }
    },
    {
      "type": "Feature",
      "geometry": {
        "type": "Polygon",
        "coordinates": [
          [
            [
              25502685.563,
              6681403.485
            ],
            [
              25502690.52,
              6681408.948
            ],
            [
              25502688.315,
              6681410.949
            ],
            [
              25502683.357,
              6681405.486
            ],
            [
              25502685.563,
              6681403.485
            ]
          ]
        ]
      },
      "properties": {
        "confidence": 0.8323,
        "length_m": 7.38,
        "width_m": 2.98,
        "heading_deg": 42.2,
        "aoi": "r1-tattariharjuntie",
        "source_layer": "Ortoilmakuva_2025_5cm",
        "zoom": 16,
        "status": "confirmed",
        "class": "van"
      }
    },
    {
      "type": "Feature",
      "geometry": {
        "type": "Polygon",
        "coordinates": [
          [
            [
              25502608.236,
              6681336.636
            ],
            [
              25502609.921,
              6681337.806
            ],
            [
              25502607.357,
              6681341.502
            ],
            [
              25502605.671,
              6681340.332
            ],
            [
              25502608.236,
              6681336.636
            ]
          ]
        ]
      },
      "properties": {
        "confidence": 0.8319,
        "length_m": 4.5,
        "width_m": 2.05,
        "heading_deg": 145.3,
        "aoi": "r1-tattariharjuntie",
        "source_layer": "Ortoilmakuva_2025_5cm",
        "zoom": 16,
        "status": "confirmed",
        "class": "car"
      }
    },
    {
      "type": "Feature",
      "geometry": {
        "type": "Polygon",
        "coordinates": [
          [
            [
              25502598.913,
              6681330.611
            ],
            [
              25502601.005,
              6681331.585
            ],
            [
              25502598.906,
              6681336.097
            ],
            [
              25502596.814,
              6681335.124
            ],
            [
              25502598.913,
              6681330.611
            ]
          ]
        ]
      },
      "properties": {
        "confidence": 0.8303,
        "length_m": 4.98,
        "width_m": 2.31,
        "heading_deg": 155.1,
        "aoi": "r1-tattariharjuntie",
        "source_layer": "Ortoilmakuva_2025_5cm",
        "zoom": 16,
        "status": "confirmed",
        "class": "car"
      }
    },
    {
      "type": "Feature",
      "geometry": {
        "type": "Polygon",
        "coordinates": [
          [
            [
              25502729.246,
              6681364.788
            ],
            [
              25502736.817,
              6681372.712
            ],
            [
              25502734.443,
              6681374.981
            ],
            [
              25502726.871,
              6681367.057
            ],
            [
              25502729.246,
              6681364.788
            ]
          ]
        ]
      },
      "properties": {
        "confidence": 0.829,
        "length_m": 10.96,
        "width_m": 3.28,
        "heading_deg": 43.7,
        "aoi": "r1-tattariharjuntie",
        "source_layer": "Ortoilmakuva_2025_5cm",
        "zoom": 16,
        "status": "confirmed",
        "class": "truck"
      }
    },
    {
      "type": "Feature",
      "geometry": {
        "type": "Polygon",
        "coordinates": [
          [
            [
              25502750.474,
              6681345.33
            ],
            [
              25502756.713,
              6681354.319
            ],
            [
              25502753.951,
              6681356.236
            ],
            [
              25502747.712,
              6681347.247
            ],
            [
              25502750.474,
              6681345.33
            ]
          ]
        ]
      },
      "properties": {
        "confidence": 0.8263,
        "length_m": 10.94,
        "width_m": 3.36,
        "heading_deg": 34.8,
        "aoi": "r1-tattariharjuntie",
        "source_layer": "Ortoilmakuva_2025_5cm",
        "zoom": 16,
        "status": "confirmed",
        "class": "truck"
      }
    },
    {
      "type": "Feature",
      "geometry": {
        "type": "Polygon",
        "coordinates": [
          [
            [
              25502592.283,
              6681327.481
            ],
            [
              25502594.309,
              6681328.495
            ],
            [
              25502592.253,
              6681332.603
            ],
            [
              25502590.228,
              6681331.59
            ],
            [
              25502592.283,
              6681327.481
            ]
          ]
        ]
      },
      "properties": {
        "confidence": 0.8251,
        "length_m": 4.59,
        "width_m": 2.27,
        "heading_deg": 153.4,
        "aoi": "r1-tattariharjuntie",
        "source_layer": "Ortoilmakuva_2025_5cm",
        "zoom": 16,
        "status": "confirmed",
        "class": "car"
      }
    },
    {
      "type": "Feature",
      "geometry": {
        "type": "Polygon",
        "coordinates": [
          [
            [
              25502700.308,
              6681259.128
            ],
            [
              25502702.184,
              6681260.546
            ],
            [
              25502698.874,
              6681264.924
            ],
            [
              25502696.998,
              6681263.506
            ],
            [
              25502700.308,
              6681259.128
            ]
          ]
        ]
      },
      "properties": {
        "confidence": 0.8245,
        "length_m": 5.49,
        "width_m": 2.35,
        "heading_deg": 142.9,
        "aoi": "r1-tattariharjuntie",
        "source_layer": "Ortoilmakuva_2025_5cm",
        "zoom": 16,
        "status": "confirmed",
        "class": "van"
      }
    },
    {
      "type": "Feature",
      "geometry": {
        "type": "Polygon",
        "coordinates": [
          [
            [
              25502836.795,
              6681404.089
            ],
            [
              25502838.257,
              6681406.093
            ],
            [
              25502834.127,
              6681409.108
            ],
            [
              25502832.665,
              6681407.104
            ],
            [
              25502836.795,
              6681404.089
            ]
          ]
        ]
      },
      "properties": {
        "confidence": 0.8243,
        "length_m": 5.11,
        "width_m": 2.48,
        "heading_deg": 126.1,
        "aoi": "r1-tattariharjuntie",
        "source_layer": "Ortoilmakuva_2025_5cm",
        "zoom": 16,
        "status": "confirmed",
        "class": "car"
      }
    },
    {
      "type": "Feature",
      "geometry": {
        "type": "Polygon",
        "coordinates": [
          [
            [
              25502606.208,
              6681334.865
            ],
            [
              25502608.058,
              6681336.038
            ],
            [
              25502605.496,
              6681340.078
            ],
            [
              25502603.646,
              6681338.905
            ],
            [
              25502606.208,
              6681334.865
            ]
          ]
        ]
      },
      "properties": {
        "confidence": 0.8233,
        "length_m": 4.78,
        "width_m": 2.19,
        "heading_deg": 147.6,
        "aoi": "r1-tattariharjuntie",
        "source_layer": "Ortoilmakuva_2025_5cm",
        "zoom": 16,
        "status": "confirmed",
        "class": "car"
      }
    },
    {
      "type": "Feature",
      "geometry": {
        "type": "Polygon",
        "coordinates": [
          [
            [
              25502702.12,
              6681389.858
            ],
            [
              25502706.004,
              6681393.479
            ],
            [
              25502704.3,
              6681395.306
            ],
            [
              25502700.416,
              6681391.685
            ],
            [
              25502702.12,
              6681389.858
            ]
          ]
        ]
      },
      "properties": {
        "confidence": 0.8233,
        "length_m": 5.31,
        "width_m": 2.5,
        "heading_deg": 47,
        "aoi": "r1-tattariharjuntie",
        "source_layer": "Ortoilmakuva_2025_5cm",
        "zoom": 16,
        "status": "confirmed",
        "class": "car"
      }
    },
    {
      "type": "Feature",
      "geometry": {
        "type": "Polygon",
        "coordinates": [
          [
            [
              25502774.495,
              6681382.385
            ],
            [
              25502775.474,
              6681385.05
            ],
            [
              25502769.403,
              6681387.281
            ],
            [
              25502768.424,
              6681384.616
            ],
            [
              25502774.495,
              6681382.385
            ]
          ]
        ]
      },
      "properties": {
        "confidence": 0.8226,
        "length_m": 6.47,
        "width_m": 2.84,
        "heading_deg": 110.2,
        "aoi": "r1-tattariharjuntie",
        "source_layer": "Ortoilmakuva_2025_5cm",
        "zoom": 16,
        "status": "confirmed",
        "class": "van"
      }
    },
    {
      "type": "Feature",
      "geometry": {
        "type": "Polygon",
        "coordinates": [
          [
            [
              25502610.281,
              6681337.679
            ],
            [
              25502612.089,
              6681338.868
            ],
            [
              25502609.359,
              6681343.017
            ],
            [
              25502607.551,
              6681341.828
            ],
            [
              25502610.281,
              6681337.679
            ]
          ]
        ]
      },
      "properties": {
        "confidence": 0.8225,
        "length_m": 4.97,
        "width_m": 2.16,
        "heading_deg": 146.7,
        "aoi": "r1-tattariharjuntie",
        "source_layer": "Ortoilmakuva_2025_5cm",
        "zoom": 16,
        "status": "confirmed",
        "class": "car"
      }
    },
    {
      "type": "Feature",
      "geometry": {
        "type": "Polygon",
        "coordinates": [
          [
            [
              25502785.192,
              6681431.337
            ],
            [
              25502790.398,
              6681435.983
            ],
            [
              25502788.682,
              6681437.905
            ],
            [
              25502783.477,
              6681433.259
            ],
            [
              25502785.192,
              6681431.337
            ]
          ]
        ]
      },
      "properties": {
        "confidence": 0.8213,
        "length_m": 6.98,
        "width_m": 2.58,
        "heading_deg": 48.3,
        "aoi": "r1-tattariharjuntie",
        "source_layer": "Ortoilmakuva_2025_5cm",
        "zoom": 16,
        "status": "confirmed",
        "class": "van"
      }
    },
    {
      "type": "Feature",
      "geometry": {
        "type": "Polygon",
        "coordinates": [
          [
            [
              25502712.539,
              6681236.041
            ],
            [
              25502714.556,
              6681237.412
            ],
            [
              25502711.619,
              6681241.732
            ],
            [
              25502709.602,
              6681240.361
            ],
            [
              25502712.539,
              6681236.041
            ]
          ]
        ]
      },
      "properties": {
        "confidence": 0.8209,
        "length_m": 5.22,
        "width_m": 2.44,
        "heading_deg": 145.8,
        "aoi": "r1-tattariharjuntie",
        "source_layer": "Ortoilmakuva_2025_5cm",
        "zoom": 16,
        "status": "confirmed",
        "class": "car"
      }
    },
    {
      "type": "Feature",
      "geometry": {
        "type": "Polygon",
        "coordinates": [
          [
            [
              25502584.609,
              6681324.938
            ],
            [
              25502586.505,
              6681326.033
            ],
            [
              25502584.014,
              6681330.346
            ],
            [
              25502582.118,
              6681329.251
            ],
            [
              25502584.609,
              6681324.938
            ]
          ]
        ]
      },
      "properties": {
        "confidence": 0.8207,
        "length_m": 4.98,
        "width_m": 2.19,
        "heading_deg": 150,
        "aoi": "r1-tattariharjuntie",
        "source_layer": "Ortoilmakuva_2025_5cm",
        "zoom": 16,
        "status": "confirmed",
        "class": "car"
      }
    },
    {
      "type": "Feature",
      "geometry": {
        "type": "Polygon",
        "coordinates": [
          [
            [
              25502794.575,
              6681380.588
            ],
            [
              25502794.479,
              6681383.095
            ],
            [
              25502789.45,
              6681382.902
            ],
            [
              25502789.546,
              6681380.396
            ],
            [
              25502794.575,
              6681380.588
            ]
          ]
        ]
      },
      "properties": {
        "confidence": 0.8201,
        "length_m": 5.03,
        "width_m": 2.51,
        "heading_deg": 87.8,
        "aoi": "r1-tattariharjuntie",
        "source_layer": "Ortoilmakuva_2025_5cm",
        "zoom": 16,
        "status": "confirmed",
        "class": "car"
      }
    },
    {
      "type": "Feature",
      "geometry": {
        "type": "Polygon",
        "coordinates": [
          [
            [
              25502718.08,
              6681270.404
            ],
            [
              25502714.406,
              6681267.591
            ],
            [
              25502713.025,
              6681269.395
            ],
            [
              25502716.7,
              6681272.208
            ],
            [
              25502718.08,
              6681270.404
            ]
          ]
        ]
      },
      "properties": {
        "confidence": 0.8188,
        "length_m": 4.63,
        "width_m": 2.27,
        "heading_deg": 52.6,
        "aoi": "r1-tattariharjuntie",
        "source_layer": "Ortoilmakuva_2025_5cm",
        "zoom": 16,
        "status": "confirmed",
        "class": "car"
      }
    },
    {
      "type": "Feature",
      "geometry": {
        "type": "Polygon",
        "coordinates": [
          [
            [
              25502787.018,
              6681461.49
            ],
            [
              25502791.099,
              6681464.651
            ],
            [
              25502789.588,
              6681466.603
            ],
            [
              25502785.506,
              6681463.442
            ],
            [
              25502787.018,
              6681461.49
            ]
          ]
        ]
      },
      "properties": {
        "confidence": 0.8163,
        "length_m": 5.16,
        "width_m": 2.47,
        "heading_deg": 52.2,
        "aoi": "r1-tattariharjuntie",
        "source_layer": "Ortoilmakuva_2025_5cm",
        "zoom": 16,
        "status": "confirmed",
        "class": "car"
      }
    },
    {
      "type": "Feature",
      "geometry": {
        "type": "Polygon",
        "coordinates": [
          [
            [
              25502715.274,
              6681238.546
            ],
            [
              25502717.245,
              6681240.034
            ],
            [
              25502714.024,
              6681244.303
            ],
            [
              25502712.053,
              6681242.816
            ],
            [
              25502715.274,
              6681238.546
            ]
          ]
        ]
      },
      "properties": {
        "confidence": 0.8158,
        "length_m": 5.35,
        "width_m": 2.47,
        "heading_deg": 143,
        "aoi": "r1-tattariharjuntie",
        "source_layer": "Ortoilmakuva_2025_5cm",
        "zoom": 16,
        "status": "confirmed",
        "class": "car"
      }
    },
    {
      "type": "Feature",
      "geometry": {
        "type": "Polygon",
        "coordinates": [
          [
            [
              25502735.365,
              6681383.098
            ],
            [
              25502738,
              6681384.98
            ],
            [
              25502728.506,
              6681398.273
            ],
            [
              25502725.871,
              6681396.391
            ],
            [
              25502735.365,
              6681383.098
            ]
          ]
        ]
      },
      "properties": {
        "confidence": 0.8158,
        "length_m": 16.34,
        "width_m": 3.24,
        "heading_deg": 144.5,
        "aoi": "r1-tattariharjuntie",
        "source_layer": "Ortoilmakuva_2025_5cm",
        "zoom": 16,
        "status": "confirmed",
        "class": "truck"
      }
    },
    {
      "type": "Feature",
      "geometry": {
        "type": "Polygon",
        "coordinates": [
          [
            [
              25502580.902,
              6681320.089
            ],
            [
              25502582.887,
              6681321.296
            ],
            [
              25502580.214,
              6681325.689
            ],
            [
              25502578.23,
              6681324.482
            ],
            [
              25502580.902,
              6681320.089
            ]
          ]
        ]
      },
      "properties": {
        "confidence": 0.8158,
        "length_m": 5.14,
        "width_m": 2.32,
        "heading_deg": 148.7,
        "aoi": "r1-tattariharjuntie",
        "source_layer": "Ortoilmakuva_2025_5cm",
        "zoom": 16,
        "status": "confirmed",
        "class": "car"
      }
    },
    {
      "type": "Feature",
      "geometry": {
        "type": "Polygon",
        "coordinates": [
          [
            [
              25502862.741,
              6681368.57
            ],
            [
              25502865.926,
              6681372.468
            ],
            [
              25502864.033,
              6681374.014
            ],
            [
              25502860.849,
              6681370.115
            ],
            [
              25502862.741,
              6681368.57
            ]
          ]
        ]
      },
      "properties": {
        "confidence": 0.815,
        "length_m": 5.03,
        "width_m": 2.44,
        "heading_deg": 39.3,
        "aoi": "r1-tattariharjuntie",
        "source_layer": "Ortoilmakuva_2025_5cm",
        "zoom": 16,
        "status": "confirmed",
        "class": "car"
      }
    },
    {
      "type": "Feature",
      "geometry": {
        "type": "Polygon",
        "coordinates": [
          [
            [
              25502745.19,
              6681256.198
            ],
            [
              25502749.865,
              6681257.746
            ],
            [
              25502749.109,
              6681260.03
            ],
            [
              25502744.433,
              6681258.482
            ],
            [
              25502745.19,
              6681256.198
            ]
          ]
        ]
      },
      "properties": {
        "confidence": 0.8146,
        "length_m": 4.92,
        "width_m": 2.41,
        "heading_deg": 71.7,
        "aoi": "r1-tattariharjuntie",
        "source_layer": "Ortoilmakuva_2025_5cm",
        "zoom": 16,
        "status": "confirmed",
        "class": "car"
      }
    },
    {
      "type": "Feature",
      "geometry": {
        "type": "Polygon",
        "coordinates": [
          [
            [
              25502851.364,
              6681379.057
            ],
            [
              25502854.429,
              6681383.068
            ],
            [
              25502852.558,
              6681384.497
            ],
            [
              25502849.493,
              6681380.486
            ],
            [
              25502851.364,
              6681379.057
            ]
          ]
        ]
      },
      "properties": {
        "confidence": 0.8142,
        "length_m": 5.05,
        "width_m": 2.35,
        "heading_deg": 37.4,
        "aoi": "r1-tattariharjuntie",
        "source_layer": "Ortoilmakuva_2025_5cm",
        "zoom": 16,
        "status": "confirmed",
        "class": "car"
      }
    },
    {
      "type": "Feature",
      "geometry": {
        "type": "Polygon",
        "coordinates": [
          [
            [
              25502699.524,
              6681419.26
            ],
            [
              25502703.668,
              6681422.526
            ],
            [
              25502702.054,
              6681424.573
            ],
            [
              25502697.91,
              6681421.307
            ],
            [
              25502699.524,
              6681419.26
            ]
          ]
        ]
      },
      "properties": {
        "confidence": 0.8139,
        "length_m": 5.28,
        "width_m": 2.61,
        "heading_deg": 51.8,
        "aoi": "r1-tattariharjuntie",
        "source_layer": "Ortoilmakuva_2025_5cm",
        "zoom": 16,
        "status": "confirmed",
        "class": "car"
      }
    },
    {
      "type": "Feature",
      "geometry": {
        "type": "Polygon",
        "coordinates": [
          [
            [
              25502604.066,
              6681333.34
            ],
            [
              25502605.868,
              6681334.387
            ],
            [
              25502603.443,
              6681338.561
            ],
            [
              25502601.641,
              6681337.514
            ],
            [
              25502604.066,
              6681333.34
            ]
          ]
        ]
      },
      "properties": {
        "confidence": 0.8138,
        "length_m": 4.83,
        "width_m": 2.08,
        "heading_deg": 149.8,
        "aoi": "r1-tattariharjuntie",
        "source_layer": "Ortoilmakuva_2025_5cm",
        "zoom": 16,
        "status": "confirmed",
        "class": "car"
      }
    },
    {
      "type": "Feature",
      "geometry": {
        "type": "Polygon",
        "coordinates": [
          [
            [
              25502798.185,
              6681390.685
            ],
            [
              25502798.158,
              6681393.191
            ],
            [
              25502793.263,
              6681393.138
            ],
            [
              25502793.29,
              6681390.632
            ],
            [
              25502798.185,
              6681390.685
            ]
          ]
        ]
      },
      "properties": {
        "confidence": 0.8129,
        "length_m": 4.9,
        "width_m": 2.51,
        "heading_deg": 89.4,
        "aoi": "r1-tattariharjuntie",
        "source_layer": "Ortoilmakuva_2025_5cm",
        "zoom": 16,
        "status": "confirmed",
        "class": "car"
      }
    },
    {
      "type": "Feature",
      "geometry": {
        "type": "Polygon",
        "coordinates": [
          [
            [
              25502857.914,
              6681373.838
            ],
            [
              25502860.966,
              6681377.537
            ],
            [
              25502859.153,
              6681379.034
            ],
            [
              25502856.1,
              6681375.336
            ],
            [
              25502857.914,
              6681373.838
            ]
          ]
        ]
      },
      "properties": {
        "confidence": 0.8121,
        "length_m": 4.8,
        "width_m": 2.35,
        "heading_deg": 39.5,
        "aoi": "r1-tattariharjuntie",
        "source_layer": "Ortoilmakuva_2025_5cm",
        "zoom": 16,
        "status": "confirmed",
        "class": "car"
      }
    },
    {
      "type": "Feature",
      "geometry": {
        "type": "Polygon",
        "coordinates": [
          [
            [
              25502743.286,
              6681355.918
            ],
            [
              25502747.094,
              6681359.71
            ],
            [
              25502745.317,
              6681361.495
            ],
            [
              25502741.509,
              6681357.703
            ],
            [
              25502743.286,
              6681355.918
            ]
          ]
        ]
      },
      "properties": {
        "confidence": 0.812,
        "length_m": 5.37,
        "width_m": 2.52,
        "heading_deg": 45.1,
        "aoi": "r1-tattariharjuntie",
        "source_layer": "Ortoilmakuva_2025_5cm",
        "zoom": 16,
        "status": "confirmed",
        "class": "car"
      }
    },
    {
      "type": "Feature",
      "geometry": {
        "type": "Polygon",
        "coordinates": [
          [
            [
              25502711.375,
              6681403.792
            ],
            [
              25502715.353,
              6681406.85
            ],
            [
              25502713.76,
              6681408.924
            ],
            [
              25502709.781,
              6681405.865
            ],
            [
              25502711.375,
              6681403.792
            ]
          ]
        ]
      },
      "properties": {
        "confidence": 0.8117,
        "length_m": 5.02,
        "width_m": 2.62,
        "heading_deg": 52.4,
        "aoi": "r1-tattariharjuntie",
        "source_layer": "Ortoilmakuva_2025_5cm",
        "zoom": 16,
        "status": "confirmed",
        "class": "car"
      }
    },
    {
      "type": "Feature",
      "geometry": {
        "type": "Polygon",
        "coordinates": [
          [
            [
              25502709.338,
              6681406.457
            ],
            [
              25502713.144,
              6681409.737
            ],
            [
              25502711.557,
              6681411.577
            ],
            [
              25502707.751,
              6681408.297
            ],
            [
              25502709.338,
              6681406.457
            ]
          ]
        ]
      },
      "properties": {
        "confidence": 0.8105,
        "length_m": 5.02,
        "width_m": 2.43,
        "heading_deg": 49.2,
        "aoi": "r1-tattariharjuntie",
        "source_layer": "Ortoilmakuva_2025_5cm",
        "zoom": 16,
        "status": "confirmed",
        "class": "car"
      }
    },
    {
      "type": "Feature",
      "geometry": {
        "type": "Polygon",
        "coordinates": [
          [
            [
              25502745.163,
              6681477.901
            ],
            [
              25502746.608,
              6681480.145
            ],
            [
              25502741.321,
              6681483.549
            ],
            [
              25502739.876,
              6681481.305
            ],
            [
              25502745.163,
              6681477.901
            ]
          ]
        ]
      },
      "properties": {
        "confidence": 0.8092,
        "length_m": 6.29,
        "width_m": 2.67,
        "heading_deg": 122.8,
        "aoi": "r1-tattariharjuntie",
        "source_layer": "Ortoilmakuva_2025_5cm",
        "zoom": 16,
        "status": "confirmed",
        "class": "van"
      }
    },
    {
      "type": "Feature",
      "geometry": {
        "type": "Polygon",
        "coordinates": [
          [
            [
              25502868.664,
              6681363.547
            ],
            [
              25502871.418,
              6681367.055
            ],
            [
              25502869.626,
              6681368.462
            ],
            [
              25502866.871,
              6681364.954
            ],
            [
              25502868.664,
              6681363.547
            ]
          ]
        ]
      },
      "properties": {
        "confidence": 0.8092,
        "length_m": 4.46,
        "width_m": 2.28,
        "heading_deg": 38.1,
        "aoi": "r1-tattariharjuntie",
        "source_layer": "Ortoilmakuva_2025_5cm",
        "zoom": 16,
        "status": "confirmed",
        "class": "car"
      }
    },
    {
      "type": "Feature",
      "geometry": {
        "type": "Polygon",
        "coordinates": [
          [
            [
              25502866.735,
              6681379.796
            ],
            [
              25502868.228,
              6681381.735
            ],
            [
              25502864.389,
              6681384.692
            ],
            [
              25502862.896,
              6681382.754
            ],
            [
              25502866.735,
              6681379.796
            ]
          ]
        ]
      },
      "properties": {
        "confidence": 0.808,
        "length_m": 4.85,
        "width_m": 2.45,
        "heading_deg": 127.6,
        "aoi": "r1-tattariharjuntie",
        "source_layer": "Ortoilmakuva_2025_5cm",
        "zoom": 16,
        "status": "confirmed",
        "class": "car"
      }
    },
    {
      "type": "Feature",
      "geometry": {
        "type": "Polygon",
        "coordinates": [
          [
            [
              25502590.175,
              6681325.768
            ],
            [
              25502592.045,
              6681326.815
            ],
            [
              25502589.621,
              6681331.148
            ],
            [
              25502587.75,
              6681330.101
            ],
            [
              25502590.175,
              6681325.768
            ]
          ]
        ]
      },
      "properties": {
        "confidence": 0.8079,
        "length_m": 4.96,
        "width_m": 2.14,
        "heading_deg": 150.8,
        "aoi": "r1-tattariharjuntie",
        "source_layer": "Ortoilmakuva_2025_5cm",
        "zoom": 16,
        "status": "confirmed",
        "class": "car"
      }
    },
    {
      "type": "Feature",
      "geometry": {
        "type": "Polygon",
        "coordinates": [
          [
            [
              25502783.056,
              6681467.552
            ],
            [
              25502786.634,
              6681470.672
            ],
            [
              25502784.987,
              6681472.561
            ],
            [
              25502781.408,
              6681469.442
            ],
            [
              25502783.056,
              6681467.552
            ]
          ]
        ]
      },
      "properties": {
        "confidence": 0.8071,
        "length_m": 4.75,
        "width_m": 2.51,
        "heading_deg": 48.9,
        "aoi": "r1-tattariharjuntie",
        "source_layer": "Ortoilmakuva_2025_5cm",
        "zoom": 16,
        "status": "confirmed",
        "class": "car"
      }
    },
    {
      "type": "Feature",
      "geometry": {
        "type": "Polygon",
        "coordinates": [
          [
            [
              25502732.216,
              6681499.66
            ],
            [
              25502738.006,
              6681510.874
            ],
            [
              25502735.366,
              6681512.237
            ],
            [
              25502729.576,
              6681501.024
            ],
            [
              25502732.216,
              6681499.66
            ]
          ]
        ]
      },
      "properties": {
        "confidence": 0.8069,
        "length_m": 12.62,
        "width_m": 2.97,
        "heading_deg": 27.3,
        "aoi": "r1-tattariharjuntie",
        "source_layer": "Ortoilmakuva_2025_5cm",
        "zoom": 16,
        "status": "confirmed",
        "class": "bus"
      }
    },
    {
      "type": "Feature",
      "geometry": {
        "type": "Polygon",
        "coordinates": [
          [
            [
              25502672.2,
              6681224.704
            ],
            [
              25502676.133,
              6681227.529
            ],
            [
              25502674.779,
              6681229.415
            ],
            [
              25502670.845,
              6681226.591
            ],
            [
              25502672.2,
              6681224.704
            ]
          ]
        ]
      },
      "properties": {
        "confidence": 0.8069,
        "length_m": 4.84,
        "width_m": 2.32,
        "heading_deg": 54.3,
        "aoi": "r1-tattariharjuntie",
        "source_layer": "Ortoilmakuva_2025_5cm",
        "zoom": 16,
        "status": "confirmed",
        "class": "car"
      }
    },
    {
      "type": "Feature",
      "geometry": {
        "type": "Polygon",
        "coordinates": [
          [
            [
              25502576.26,
              6681341.616
            ],
            [
              25502578.133,
              6681342.375
            ],
            [
              25502576.361,
              6681346.749
            ],
            [
              25502574.488,
              6681345.991
            ],
            [
              25502576.26,
              6681341.616
            ]
          ]
        ]
      },
      "properties": {
        "confidence": 0.8068,
        "length_m": 4.72,
        "width_m": 2.02,
        "heading_deg": 157.9,
        "aoi": "r1-tattariharjuntie",
        "source_layer": "Ortoilmakuva_2025_5cm",
        "zoom": 16,
        "status": "confirmed",
        "class": "car"
      }
    },
    {
      "type": "Feature",
      "geometry": {
        "type": "Polygon",
        "coordinates": [
          [
            [
              25502869.549,
              6681515.269
            ],
            [
              25502872.258,
              6681519.121
            ],
            [
              25502870.345,
              6681520.466
            ],
            [
              25502867.637,
              6681516.613
            ],
            [
              25502869.549,
              6681515.269
            ]
          ]
        ]
      },
      "properties": {
        "confidence": 0.8056,
        "length_m": 4.71,
        "width_m": 2.34,
        "heading_deg": 35.1,
        "aoi": "r1-tattariharjuntie",
        "source_layer": "Ortoilmakuva_2025_5cm",
        "zoom": 16,
        "status": "confirmed",
        "class": "car"
      }
    },
    {
      "type": "Feature",
      "geometry": {
        "type": "Polygon",
        "coordinates": [
          [
            [
              25502702.834,
              6681261.256
            ],
            [
              25502704.832,
              6681262.584
            ],
            [
              25502701.879,
              6681267.026
            ],
            [
              25502699.881,
              6681265.698
            ],
            [
              25502702.834,
              6681261.256
            ]
          ]
        ]
      },
      "properties": {
        "confidence": 0.8032,
        "length_m": 5.33,
        "width_m": 2.4,
        "heading_deg": 146.4,
        "aoi": "r1-tattariharjuntie",
        "source_layer": "Ortoilmakuva_2025_5cm",
        "zoom": 16,
        "status": "confirmed",
        "class": "van"
      }
    },
    {
      "type": "Feature",
      "geometry": {
        "type": "Polygon",
        "coordinates": [
          [
            [
              25502847.092,
              6681382.285
            ],
            [
              25502850.086,
              6681385.691
            ],
            [
              25502848.399,
              6681387.174
            ],
            [
              25502845.405,
              6681383.768
            ],
            [
              25502847.092,
              6681382.285
            ]
          ]
        ]
      },
      "properties": {
        "confidence": 0.803,
        "length_m": 4.53,
        "width_m": 2.25,
        "heading_deg": 41.3,
        "aoi": "r1-tattariharjuntie",
        "source_layer": "Ortoilmakuva_2025_5cm",
        "zoom": 16,
        "status": "confirmed",
        "class": "car"
      }
    },
    {
      "type": "Feature",
      "geometry": {
        "type": "Polygon",
        "coordinates": [
          [
            [
              25502785.976,
              6681464.185
            ],
            [
              25502789.319,
              6681466.945
            ],
            [
              25502787.791,
              6681468.795
            ],
            [
              25502784.448,
              6681466.035
            ],
            [
              25502785.976,
              6681464.185
            ]
          ]
        ]
      },
      "properties": {
        "confidence": 0.8029,
        "length_m": 4.34,
        "width_m": 2.4,
        "heading_deg": 50.5,
        "aoi": "r1-tattariharjuntie",
        "source_layer": "Ortoilmakuva_2025_5cm",
        "zoom": 16,
        "status": "confirmed",
        "class": "car"
      }
    },
    {
      "type": "Feature",
      "geometry": {
        "type": "Polygon",
        "coordinates": [
          [
            [
              25502694.497,
              6681419.478
            ],
            [
              25502698.318,
              6681422.21
            ],
            [
              25502696.875,
              6681424.227
            ],
            [
              25502693.055,
              6681421.496
            ],
            [
              25502694.497,
              6681419.478
            ]
          ]
        ]
      },
      "properties": {
        "confidence": 0.8028,
        "length_m": 4.7,
        "width_m": 2.48,
        "heading_deg": 54.4,
        "aoi": "r1-tattariharjuntie",
        "source_layer": "Ortoilmakuva_2025_5cm",
        "zoom": 16,
        "status": "confirmed",
        "class": "car"
      }
    },
    {
      "type": "Feature",
      "geometry": {
        "type": "Polygon",
        "coordinates": [
          [
            [
              25502849.358,
              6681380.818
            ],
            [
              25502852.016,
              6681383.95
            ],
            [
              25502850.319,
              6681385.389
            ],
            [
              25502847.662,
              6681382.258
            ],
            [
              25502849.358,
              6681380.818
            ]
          ]
        ]
      },
      "properties": {
        "confidence": 0.8026,
        "length_m": 4.11,
        "width_m": 2.22,
        "heading_deg": 40.3,
        "aoi": "r1-tattariharjuntie",
        "source_layer": "Ortoilmakuva_2025_5cm",
        "zoom": 16,
        "status": "confirmed",
        "class": "car"
      }
    },
    {
      "type": "Feature",
      "geometry": {
        "type": "Polygon",
        "coordinates": [
          [
            [
              25502587.905,
              6681324.408
            ],
            [
              25502589.759,
              6681325.396
            ],
            [
              25502587.501,
              6681329.631
            ],
            [
              25502585.647,
              6681328.643
            ],
            [
              25502587.905,
              6681324.408
            ]
          ]
        ]
      },
      "properties": {
        "confidence": 0.8019,
        "length_m": 4.8,
        "width_m": 2.1,
        "heading_deg": 151.9,
        "aoi": "r1-tattariharjuntie",
        "source_layer": "Ortoilmakuva_2025_5cm",
        "zoom": 16,
        "status": "confirmed",
        "class": "car"
      }
    },
    {
      "type": "Feature",
      "geometry": {
        "type": "Polygon",
        "coordinates": [
          [
            [
              25502734.039,
              6681413.376
            ],
            [
              25502735.96,
              6681414.762
            ],
            [
              25502732.899,
              6681419.005
            ],
            [
              25502730.978,
              6681417.619
            ],
            [
              25502734.039,
              6681413.376
            ]
          ]
        ]
      },
      "properties": {
        "confidence": 0.8018,
        "length_m": 5.23,
        "width_m": 2.37,
        "heading_deg": 144.2,
        "aoi": "r1-tattariharjuntie",
        "source_layer": "Ortoilmakuva_2025_5cm",
        "zoom": 16,
        "status": "confirmed",
        "class": "car"
      }
    },
    {
      "type": "Feature",
      "geometry": {
        "type": "Polygon",
        "coordinates": [
          [
            [
              25502715.764,
              6681250.574
            ],
            [
              25502717.769,
              6681252.043
            ],
            [
              25502714.671,
              6681256.271
            ],
            [
              25502712.666,
              6681254.802
            ],
            [
              25502715.764,
              6681250.574
            ]
          ]
        ]
      },
      "properties": {
        "confidence": 0.7998,
        "length_m": 5.24,
        "width_m": 2.49,
        "heading_deg": 143.8,
        "aoi": "r1-tattariharjuntie",
        "source_layer": "Ortoilmakuva_2025_5cm",
        "zoom": 16,
        "status": "confirmed",
        "class": "car"
      }
    },
    {
      "type": "Feature",
      "geometry": {
        "type": "Polygon",
        "coordinates": [
          [
            [
              25502583.052,
              6681321.598
            ],
            [
              25502584.932,
              6681322.601
            ],
            [
              25502582.713,
              6681326.76
            ],
            [
              25502580.833,
              6681325.757
            ],
            [
              25502583.052,
              6681321.598
            ]
          ]
        ]
      },
      "properties": {
        "confidence": 0.7995,
        "length_m": 4.71,
        "width_m": 2.13,
        "heading_deg": 151.9,
        "aoi": "r1-tattariharjuntie",
        "source_layer": "Ortoilmakuva_2025_5cm",
        "zoom": 16,
        "status": "confirmed",
        "class": "car"
      }
    },
    {
      "type": "Feature",
      "geometry": {
        "type": "Polygon",
        "coordinates": [
          [
            [
              25502704.738,
              6681242.756
            ],
            [
              25502706.5,
              6681244.126
            ],
            [
              25502703.617,
              6681247.836
            ],
            [
              25502701.855,
              6681246.467
            ],
            [
              25502704.738,
              6681242.756
            ]
          ]
        ]
      },
      "properties": {
        "confidence": 0.7989,
        "length_m": 4.7,
        "width_m": 2.23,
        "heading_deg": 142.1,
        "aoi": "r1-tattariharjuntie",
        "source_layer": "Ortoilmakuva_2025_5cm",
        "zoom": 16,
        "status": "confirmed",
        "class": "car"
      }
    },
    {
      "type": "Feature",
      "geometry": {
        "type": "Polygon",
        "coordinates": [
          [
            [
              25502853.383,
              6681377.468
            ],
            [
              25502856.266,
              6681380.884
            ],
            [
              25502854.477,
              6681382.393
            ],
            [
              25502851.595,
              6681378.978
            ],
            [
              25502853.383,
              6681377.468
            ]
          ]
        ]
      },
      "properties": {
        "confidence": 0.798,
        "length_m": 4.47,
        "width_m": 2.34,
        "heading_deg": 40.2,
        "aoi": "r1-tattariharjuntie",
        "source_layer": "Ortoilmakuva_2025_5cm",
        "zoom": 16,
        "status": "confirmed",
        "class": "car"
      }
    },
    {
      "type": "Feature",
      "geometry": {
        "type": "Polygon",
        "coordinates": [
          [
            [
              25502693.8,
              6681255.143
            ],
            [
              25502695.726,
              6681256.496
            ],
            [
              25502692.671,
              6681260.848
            ],
            [
              25502690.744,
              6681259.495
            ],
            [
              25502693.8,
              6681255.143
            ]
          ]
        ]
      },
      "properties": {
        "confidence": 0.7971,
        "length_m": 5.32,
        "width_m": 2.35,
        "heading_deg": 144.9,
        "aoi": "r1-tattariharjuntie",
        "source_layer": "Ortoilmakuva_2025_5cm",
        "zoom": 16,
        "status": "confirmed",
        "class": "van"
      }
    },
    {
      "type": "Feature",
      "geometry": {
        "type": "Polygon",
        "coordinates": [
          [
            [
              25502713.089,
              6681249.715
            ],
            [
              25502714.946,
              6681251.021
            ],
            [
              25502712.316,
              6681254.758
            ],
            [
              25502710.459,
              6681253.451
            ],
            [
              25502713.089,
              6681249.715
            ]
          ]
        ]
      },
      "properties": {
        "confidence": 0.7969,
        "length_m": 4.57,
        "width_m": 2.27,
        "heading_deg": 144.9,
        "aoi": "r1-tattariharjuntie",
        "source_layer": "Ortoilmakuva_2025_5cm",
        "zoom": 16,
        "status": "confirmed",
        "class": "car"
      }
    },
    {
      "type": "Feature",
      "geometry": {
        "type": "Polygon",
        "coordinates": [
          [
            [
              25502731.255,
              6681362.282
            ],
            [
              25502737.092,
              6681368.531
            ],
            [
              25502734.911,
              6681370.569
            ],
            [
              25502729.073,
              6681364.319
            ],
            [
              25502731.255,
              6681362.282
            ]
          ]
        ]
      },
      "properties": {
        "confidence": 0.7968,
        "length_m": 8.55,
        "width_m": 2.98,
        "heading_deg": 43,
        "aoi": "r1-tattariharjuntie",
        "source_layer": "Ortoilmakuva_2025_5cm",
        "zoom": 16,
        "status": "confirmed",
        "class": "truck"
      }
    },
    {
      "type": "Feature",
      "geometry": {
        "type": "Polygon",
        "coordinates": [
          [
            [
              25502858.606,
              6681367.979
            ],
            [
              25502861.679,
              6681372.028
            ],
            [
              25502859.766,
              6681373.479
            ],
            [
              25502856.693,
              6681369.43
            ],
            [
              25502858.606,
              6681367.979
            ]
          ]
        ]
      },
      "properties": {
        "confidence": 0.7966,
        "length_m": 5.08,
        "width_m": 2.4,
        "heading_deg": 37.2,
        "aoi": "r1-tattariharjuntie",
        "source_layer": "Ortoilmakuva_2025_5cm",
        "zoom": 16,
        "status": "confirmed",
        "class": "car"
      }
    },
    {
      "type": "Feature",
      "geometry": {
        "type": "Polygon",
        "coordinates": [
          [
            [
              25502872.127,
              6681360.201
            ],
            [
              25502875.211,
              6681363.651
            ],
            [
              25502873.439,
              6681365.235
            ],
            [
              25502870.355,
              6681361.786
            ],
            [
              25502872.127,
              6681360.201
            ]
          ]
        ]
      },
      "properties": {
        "confidence": 0.7964,
        "length_m": 4.63,
        "width_m": 2.38,
        "heading_deg": 41.8,
        "aoi": "r1-tattariharjuntie",
        "source_layer": "Ortoilmakuva_2025_5cm",
        "zoom": 16,
        "status": "confirmed",
        "class": "car"
      }
    },
    {
      "type": "Feature",
      "geometry": {
        "type": "Polygon",
        "coordinates": [
          [
            [
              25502736.823,
              6681359.183
            ],
            [
              25502742.958,
              6681365.458
            ],
            [
              25502740.683,
              6681367.682
            ],
            [
              25502734.548,
              6681361.407
            ],
            [
              25502736.823,
              6681359.183
            ]
          ]
        ]
      },
      "properties": {
        "confidence": 0.7963,
        "length_m": 8.78,
        "width_m": 3.18,
        "heading_deg": 44.4,
        "aoi": "r1-tattariharjuntie",
        "source_layer": "Ortoilmakuva_2025_5cm",
        "zoom": 16,
        "status": "confirmed",
        "class": "truck"
      }
    },
    {
      "type": "Feature",
      "geometry": {
        "type": "Polygon",
        "coordinates": [
          [
            [
              25502706.518,
              6681244.327
            ],
            [
              25502708.423,
              6681245.701
            ],
            [
              25502705.411,
              6681249.877
            ],
            [
              25502703.506,
              6681248.502
            ],
            [
              25502706.518,
              6681244.327
            ]
          ]
        ]
      },
      "properties": {
        "confidence": 0.7949,
        "length_m": 5.15,
        "width_m": 2.35,
        "heading_deg": 144.2,
        "aoi": "r1-tattariharjuntie",
        "source_layer": "Ortoilmakuva_2025_5cm",
        "zoom": 16,
        "status": "confirmed",
        "class": "car"
      }
    },
    {
      "type": "Feature",
      "geometry": {
        "type": "Polygon",
        "coordinates": [
          [
            [
              25502861.897,
              6681383.776
            ],
            [
              25502863.36,
              6681385.611
            ],
            [
              25502859.611,
              6681388.602
            ],
            [
              25502858.148,
              6681386.767
            ],
            [
              25502861.897,
              6681383.776
            ]
          ]
        ]
      },
      "properties": {
        "confidence": 0.7949,
        "length_m": 4.8,
        "width_m": 2.35,
        "heading_deg": 128.6,
        "aoi": "r1-tattariharjuntie",
        "source_layer": "Ortoilmakuva_2025_5cm",
        "zoom": 16,
        "status": "confirmed",
        "class": "car"
      }
    },
    {
      "type": "Feature",
      "geometry": {
        "type": "Polygon",
        "coordinates": [
          [
            [
              25502795.224,
              6681383.406
            ],
            [
              25502795.2,
              6681385.868
            ],
            [
              25502790.434,
              6681385.822
            ],
            [
              25502790.459,
              6681383.36
            ],
            [
              25502795.224,
              6681383.406
            ]
          ]
        ]
      },
      "properties": {
        "confidence": 0.7946,
        "length_m": 4.77,
        "width_m": 2.46,
        "heading_deg": 89.4,
        "aoi": "r1-tattariharjuntie",
        "source_layer": "Ortoilmakuva_2025_5cm",
        "zoom": 16,
        "status": "confirmed",
        "class": "car"
      }
    },
    {
      "type": "Feature",
      "geometry": {
        "type": "Polygon",
        "coordinates": [
          [
            [
              25502779.371,
              6681473.184
            ],
            [
              25502782.864,
              6681476.107
            ],
            [
              25502781.339,
              6681477.929
            ],
            [
              25502777.846,
              6681475.006
            ],
            [
              25502779.371,
              6681473.184
            ]
          ]
        ]
      },
      "properties": {
        "confidence": 0.7924,
        "length_m": 4.55,
        "width_m": 2.38,
        "heading_deg": 50.1,
        "aoi": "r1-tattariharjuntie",
        "source_layer": "Ortoilmakuva_2025_5cm",
        "zoom": 16,
        "status": "confirmed",
        "class": "car"
      }
    },
    {
      "type": "Feature",
      "geometry": {
        "type": "Polygon",
        "coordinates": [
          [
            [
              25502692.361,
              6681397.949
            ],
            [
              25502695.895,
              6681400.841
            ],
            [
              25502694.488,
              6681402.561
            ],
            [
              25502690.954,
              6681399.669
            ],
            [
              25502692.361,
              6681397.949
            ]
          ]
        ]
      },
      "properties": {
        "confidence": 0.7919,
        "length_m": 4.57,
        "width_m": 2.22,
        "heading_deg": 50.7,
        "aoi": "r1-tattariharjuntie",
        "source_layer": "Ortoilmakuva_2025_5cm",
        "zoom": 16,
        "status": "confirmed",
        "class": "car"
      }
    },
    {
      "type": "Feature",
      "geometry": {
        "type": "Polygon",
        "coordinates": [
          [
            [
              25502864.655,
              6681366.845
            ],
            [
              25502868.003,
              6681370.552
            ],
            [
              25502866.214,
              6681372.167
            ],
            [
              25502862.866,
              6681368.461
            ],
            [
              25502864.655,
              6681366.845
            ]
          ]
        ]
      },
      "properties": {
        "confidence": 0.7905,
        "length_m": 5,
        "width_m": 2.41,
        "heading_deg": 42.1,
        "aoi": "r1-tattariharjuntie",
        "source_layer": "Ortoilmakuva_2025_5cm",
        "zoom": 16,
        "status": "confirmed",
        "class": "car"
      }
    },
    {
      "type": "Feature",
      "geometry": {
        "type": "Polygon",
        "coordinates": [
          [
            [
              25502874.944,
              6681354.836
            ],
            [
              25502878.993,
              6681359.574
            ],
            [
              25502876.957,
              6681361.315
            ],
            [
              25502872.908,
              6681356.576
            ],
            [
              25502874.944,
              6681354.836
            ]
          ]
        ]
      },
      "properties": {
        "confidence": 0.7867,
        "length_m": 6.23,
        "width_m": 2.68,
        "heading_deg": 40.5,
        "aoi": "r1-tattariharjuntie",
        "source_layer": "Ortoilmakuva_2025_5cm",
        "zoom": 16,
        "status": "confirmed",
        "class": "van"
      }
    },
    {
      "type": "Feature",
      "geometry": {
        "type": "Polygon",
        "coordinates": [
          [
            [
              25502601.803,
              6681332.202
            ],
            [
              25502603.693,
              6681333.093
            ],
            [
              25502601.708,
              6681337.303
            ],
            [
              25502599.818,
              6681336.411
            ],
            [
              25502601.803,
              6681332.202
            ]
          ]
        ]
      },
      "properties": {
        "confidence": 0.786,
        "length_m": 4.65,
        "width_m": 2.09,
        "heading_deg": 154.8,
        "aoi": "r1-tattariharjuntie",
        "source_layer": "Ortoilmakuva_2025_5cm",
        "zoom": 16,
        "status": "confirmed",
        "class": "car"
      }
    },
    {
      "type": "Feature",
      "geometry": {
        "type": "Polygon",
        "coordinates": [
          [
            [
              25502725.653,
              6681407.825
            ],
            [
              25502727.323,
              6681408.902
            ],
            [
              25502725.116,
              6681412.324
            ],
            [
              25502723.446,
              6681411.247
            ],
            [
              25502725.653,
              6681407.825
            ]
          ]
        ]
      },
      "properties": {
        "confidence": 0.786,
        "length_m": 4.07,
        "width_m": 1.99,
        "heading_deg": 147.2,
        "aoi": "r1-tattariharjuntie",
        "source_layer": "Ortoilmakuva_2025_5cm",
        "zoom": 16,
        "status": "confirmed",
        "class": "car"
      }
    },
    {
      "type": "Feature",
      "geometry": {
        "type": "Polygon",
        "coordinates": [
          [
            [
              25502578.257,
              6681318.591
            ],
            [
              25502580.173,
              6681319.692
            ],
            [
              25502577.739,
              6681323.928
            ],
            [
              25502575.823,
              6681322.827
            ],
            [
              25502578.257,
              6681318.591
            ]
          ]
        ]
      },
      "properties": {
        "confidence": 0.7854,
        "length_m": 4.89,
        "width_m": 2.21,
        "heading_deg": 150.1,
        "aoi": "r1-tattariharjuntie",
        "source_layer": "Ortoilmakuva_2025_5cm",
        "zoom": 16,
        "status": "confirmed",
        "class": "car"
      }
    },
    {
      "type": "Feature",
      "geometry": {
        "type": "Polygon",
        "coordinates": [
          [
            [
              25502733.124,
              6681400.142
            ],
            [
              25502737.044,
              6681403.232
            ],
            [
              25502735.627,
              6681405.03
            ],
            [
              25502731.707,
              6681401.941
            ],
            [
              25502733.124,
              6681400.142
            ]
          ]
        ]
      },
      "properties": {
        "confidence": 0.7849,
        "length_m": 4.99,
        "width_m": 2.29,
        "heading_deg": 51.8,
        "aoi": "r1-tattariharjuntie",
        "source_layer": "Ortoilmakuva_2025_5cm",
        "zoom": 16,
        "status": "confirmed",
        "class": "car"
      }
    },
    {
      "type": "Feature",
      "geometry": {
        "type": "Polygon",
        "coordinates": [
          [
            [
              25502705.888,
              6681411.467
            ],
            [
              25502709.907,
              6681414.815
            ],
            [
              25502708.186,
              6681416.881
            ],
            [
              25502704.167,
              6681413.533
            ],
            [
              25502705.888,
              6681411.467
            ]
          ]
        ]
      },
      "properties": {
        "confidence": 0.7836,
        "length_m": 5.23,
        "width_m": 2.69,
        "heading_deg": 50.2,
        "aoi": "r1-tattariharjuntie",
        "source_layer": "Ortoilmakuva_2025_5cm",
        "zoom": 16,
        "status": "confirmed",
        "class": "car"
      }
    },
    {
      "type": "Feature",
      "geometry": {
        "type": "Polygon",
        "coordinates": [
          [
            [
              25502871.315,
              6681376.64
            ],
            [
              25502872.652,
              6681378.394
            ],
            [
              25502869.022,
              6681381.162
            ],
            [
              25502867.685,
              6681379.408
            ],
            [
              25502871.315,
              6681376.64
            ]
          ]
        ]
      },
      "properties": {
        "confidence": 0.7796,
        "length_m": 4.56,
        "width_m": 2.21,
        "heading_deg": 127.3,
        "aoi": "r1-tattariharjuntie",
        "source_layer": "Ortoilmakuva_2025_5cm",
        "zoom": 16,
        "status": "confirmed",
        "class": "car"
      }
    },
    {
      "type": "Feature",
      "geometry": {
        "type": "Polygon",
        "coordinates": [
          [
            [
              25502696.601,
              6681392.657
            ],
            [
              25502700.935,
              6681396.014
            ],
            [
              25502699.306,
              6681398.115
            ],
            [
              25502694.973,
              6681394.759
            ],
            [
              25502696.601,
              6681392.657
            ]
          ]
        ]
      },
      "properties": {
        "confidence": 0.7794,
        "length_m": 5.48,
        "width_m": 2.66,
        "heading_deg": 52.2,
        "aoi": "r1-tattariharjuntie",
        "source_layer": "Ortoilmakuva_2025_5cm",
        "zoom": 16,
        "status": "confirmed",
        "class": "car"
      }
    },
    {
      "type": "Feature",
      "geometry": {
        "type": "Polygon",
        "coordinates": [
          [
            [
              25502732.021,
              6681411.666
            ],
            [
              25502733.904,
              6681413.022
            ],
            [
              25502730.775,
              6681417.366
            ],
            [
              25502728.892,
              6681416.01
            ],
            [
              25502732.021,
              6681411.666
            ]
          ]
        ]
      },
      "properties": {
        "confidence": 0.7761,
        "length_m": 5.35,
        "width_m": 2.32,
        "heading_deg": 144.2,
        "aoi": "r1-tattariharjuntie",
        "source_layer": "Ortoilmakuva_2025_5cm",
        "zoom": 16,
        "status": "confirmed",
        "class": "car"
      }
    },
    {
      "type": "Feature",
      "geometry": {
        "type": "Polygon",
        "coordinates": [
          [
            [
              25502576.967,
              6681357.349
            ],
            [
              25502578.861,
              6681358.246
            ],
            [
              25502576.765,
              6681362.67
            ],
            [
              25502574.871,
              6681361.772
            ],
            [
              25502576.967,
              6681357.349
            ]
          ]
        ]
      },
      "properties": {
        "confidence": 0.7761,
        "length_m": 4.9,
        "width_m": 2.1,
        "heading_deg": 154.6,
        "aoi": "r1-tattariharjuntie",
        "source_layer": "Ortoilmakuva_2025_5cm",
        "zoom": 16,
        "status": "confirmed",
        "class": "car"
      }
    },
    {
      "type": "Feature",
      "geometry": {
        "type": "Polygon",
        "coordinates": [
          [
            [
              25502727.644,
              6681408.977
            ],
            [
              25502729.486,
              6681410.16
            ],
            [
              25502726.723,
              6681414.46
            ],
            [
              25502724.881,
              6681413.277
            ],
            [
              25502727.644,
              6681408.977
            ]
          ]
        ]
      },
      "properties": {
        "confidence": 0.7757,
        "length_m": 5.11,
        "width_m": 2.19,
        "heading_deg": 147.3,
        "aoi": "r1-tattariharjuntie",
        "source_layer": "Ortoilmakuva_2025_5cm",
        "zoom": 16,
        "status": "confirmed",
        "class": "van"
      }
    },
    {
      "type": "Feature",
      "geometry": {
        "type": "Polygon",
        "coordinates": [
          [
            [
              25502578.384,
              6681336.744
            ],
            [
              25502580.264,
              6681337.525
            ],
            [
              25502578.588,
              6681341.561
            ],
            [
              25502576.708,
              6681340.781
            ],
            [
              25502578.384,
              6681336.744
            ]
          ]
        ]
      },
      "properties": {
        "confidence": 0.7745,
        "length_m": 4.37,
        "width_m": 2.04,
        "heading_deg": 157.4,
        "aoi": "r1-tattariharjuntie",
        "source_layer": "Ortoilmakuva_2025_5cm",
        "zoom": 16,
        "status": "confirmed",
        "class": "car"
      }
    },
    {
      "type": "Feature",
      "geometry": {
        "type": "Polygon",
        "coordinates": [
          [
            [
              25502855.549,
              6681375.536
            ],
            [
              25502858.537,
              6681379.282
            ],
            [
              25502856.665,
              6681380.776
            ],
            [
              25502853.677,
              6681377.029
            ],
            [
              25502855.549,
              6681375.536
            ]
          ]
        ]
      },
      "properties": {
        "confidence": 0.7741,
        "length_m": 4.79,
        "width_m": 2.4,
        "heading_deg": 38.6,
        "aoi": "r1-tattariharjuntie",
        "source_layer": "Ortoilmakuva_2025_5cm",
        "zoom": 16,
        "status": "confirmed",
        "class": "car"
      }
    },
    {
      "type": "Feature",
      "geometry": {
        "type": "Polygon",
        "coordinates": [
          [
            [
              25502870.361,
              6681361.642
            ],
            [
              25502873.473,
              6681365.329
            ],
            [
              25502871.64,
              6681366.876
            ],
            [
              25502868.528,
              6681363.189
            ],
            [
              25502870.361,
              6681361.642
            ]
          ]
        ]
      },
      "properties": {
        "confidence": 0.774,
        "length_m": 4.82,
        "width_m": 2.4,
        "heading_deg": 40.2,
        "aoi": "r1-tattariharjuntie",
        "source_layer": "Ortoilmakuva_2025_5cm",
        "zoom": 16,
        "status": "confirmed",
        "class": "car"
      }
    },
    {
      "type": "Feature",
      "geometry": {
        "type": "Polygon",
        "coordinates": [
          [
            [
              25502873.235,
              6681357.273
            ],
            [
              25502876.334,
              6681361.098
            ],
            [
              25502874.466,
              6681362.612
            ],
            [
              25502871.367,
              6681358.787
            ],
            [
              25502873.235,
              6681357.273
            ]
          ]
        ]
      },
      "properties": {
        "confidence": 0.7732,
        "length_m": 4.92,
        "width_m": 2.4,
        "heading_deg": 39,
        "aoi": "r1-tattariharjuntie",
        "source_layer": "Ortoilmakuva_2025_5cm",
        "zoom": 16,
        "status": "confirmed",
        "class": "car"
      }
    },
    {
      "type": "Feature",
      "geometry": {
        "type": "Polygon",
        "coordinates": [
          [
            [
              25502718.013,
              6681377.262
            ],
            [
              25502721.514,
              6681381.429
            ],
            [
              25502719.439,
              6681383.173
            ],
            [
              25502715.938,
              6681379.005
            ],
            [
              25502718.013,
              6681377.262
            ]
          ]
        ]
      },
      "properties": {
        "confidence": 0.773,
        "length_m": 5.44,
        "width_m": 2.71,
        "heading_deg": 40,
        "aoi": "r1-tattariharjuntie",
        "source_layer": "Ortoilmakuva_2025_5cm",
        "zoom": 16,
        "status": "confirmed",
        "class": "car"
      }
    },
    {
      "type": "Feature",
      "geometry": {
        "type": "Polygon",
        "coordinates": [
          [
            [
              25502802.652,
              6681402.61
            ],
            [
              25502802.813,
              6681404.984
            ],
            [
              25502797.82,
              6681405.323
            ],
            [
              25502797.659,
              6681402.949
            ],
            [
              25502802.652,
              6681402.61
            ]
          ]
        ]
      },
      "properties": {
        "confidence": 0.7727,
        "length_m": 5,
        "width_m": 2.38,
        "heading_deg": 93.9,
        "aoi": "r1-tattariharjuntie",
        "source_layer": "Ortoilmakuva_2025_5cm",
        "zoom": 16,
        "status": "confirmed",
        "class": "car"
      }
    },
    {
      "type": "Feature",
      "geometry": {
        "type": "Polygon",
        "coordinates": [
          [
            [
              25502866.019,
              6681364.305
            ],
            [
              25502869.436,
              6681368.336
            ],
            [
              25502867.586,
              6681369.904
            ],
            [
              25502864.169,
              6681365.873
            ],
            [
              25502866.019,
              6681364.305
            ]
          ]
        ]
      },
      "properties": {
        "confidence": 0.7725,
        "length_m": 5.28,
        "width_m": 2.43,
        "heading_deg": 40.3,
        "aoi": "r1-tattariharjuntie",
        "source_layer": "Ortoilmakuva_2025_5cm",
        "zoom": 16,
        "status": "confirmed",
        "class": "car"
      }
    },
    {
      "type": "Feature",
      "geometry": {
        "type": "Polygon",
        "coordinates": [
          [
            [
              25502846.998,
              6681396.241
            ],
            [
              25502848.38,
              6681397.936
            ],
            [
              25502844.648,
              6681400.98
            ],
            [
              25502843.266,
              6681399.285
            ],
            [
              25502846.998,
              6681396.241
            ]
          ]
        ]
      },
      "properties": {
        "confidence": 0.7714,
        "length_m": 4.82,
        "width_m": 2.19,
        "heading_deg": 129.2,
        "aoi": "r1-tattariharjuntie",
        "source_layer": "Ortoilmakuva_2025_5cm",
        "zoom": 16,
        "status": "confirmed",
        "class": "car"
      }
    },
    {
      "type": "Feature",
      "geometry": {
        "type": "Polygon",
        "coordinates": [
          [
            [
              25502585.29,
              6681339.964
            ],
            [
              25502587.806,
              6681341.22
            ],
            [
              25502584.316,
              6681348.21
            ],
            [
              25502581.8,
              6681346.954
            ],
            [
              25502585.29,
              6681339.964
            ]
          ]
        ]
      },
      "properties": {
        "confidence": 0.7703,
        "length_m": 7.81,
        "width_m": 2.81,
        "heading_deg": 153.5,
        "aoi": "r1-tattariharjuntie",
        "source_layer": "Ortoilmakuva_2025_5cm",
        "zoom": 16,
        "status": "rejected",
        "class": ""
      }
    },
    {
      "type": "Feature",
      "geometry": {
        "type": "Polygon",
        "coordinates": [
          [
            [
              25502580.646,
              6681338.13
            ],
            [
              25502582.545,
              6681338.926
            ],
            [
              25502580.744,
              6681343.225
            ],
            [
              25502578.845,
              6681342.43
            ],
            [
              25502580.646,
              6681338.13
            ]
          ]
        ]
      },
      "properties": {
        "confidence": 0.7693,
        "length_m": 4.66,
        "width_m": 2.06,
        "heading_deg": 157.3,
        "aoi": "r1-tattariharjuntie",
        "source_layer": "Ortoilmakuva_2025_5cm",
        "zoom": 16,
        "status": "confirmed",
        "class": "car"
      }
    },
    {
      "type": "Feature",
      "geometry": {
        "type": "Polygon",
        "coordinates": [
          [
            [
              25502691.039,
              6681399.973
            ],
            [
              25502693.983,
              6681402.837
            ],
            [
              25502692.57,
              6681404.29
            ],
            [
              25502689.626,
              6681401.426
            ],
            [
              25502691.039,
              6681399.973
            ]
          ]
        ]
      },
      "properties": {
        "confidence": 0.769,
        "length_m": 4.11,
        "width_m": 2.03,
        "heading_deg": 45.8,
        "aoi": "r1-tattariharjuntie",
        "source_layer": "Ortoilmakuva_2025_5cm",
        "zoom": 16,
        "status": "confirmed",
        "class": "car"
      }
    },
    {
      "type": "Feature",
      "geometry": {
        "type": "Polygon",
        "coordinates": [
          [
            [
              25502768.329,
              6681361.129
            ],
            [
              25502769.981,
              6681364.029
            ],
            [
              25502762.231,
              6681368.444
            ],
            [
              25502760.579,
              6681365.543
            ],
            [
              25502768.329,
              6681361.129
            ]
          ]
        ]
      },
      "properties": {
        "confidence": 0.7674,
        "length_m": 8.92,
        "width_m": 3.34,
        "heading_deg": 119.7,
        "aoi": "r1-tattariharjuntie",
        "source_layer": "Ortoilmakuva_2025_5cm",
        "zoom": 16,
        "status": "confirmed",
        "class": "truck"
      }
    },
    {
      "type": "Feature",
      "geometry": {
        "type": "Polygon",
        "coordinates": [
          [
            [
              25502792.758,
              6681453.713
            ],
            [
              25502796.609,
              6681456.952
            ],
            [
              25502794.944,
              6681458.932
            ],
            [
              25502791.093,
              6681455.692
            ],
            [
              25502792.758,
              6681453.713
            ]
          ]
        ]
      },
      "properties": {
        "confidence": 0.7637,
        "length_m": 5.03,
        "width_m": 2.59,
        "heading_deg": 49.9,
        "aoi": "r1-tattariharjuntie",
        "source_layer": "Ortoilmakuva_2025_5cm",
        "zoom": 16,
        "status": "confirmed",
        "class": "car"
      }
    },
    {
      "type": "Feature",
      "geometry": {
        "type": "Polygon",
        "coordinates": [
          [
            [
              25502803.218,
              6681451.439
            ],
            [
              25502807.731,
              6681453.161
            ],
            [
              25502806.863,
              6681455.436
            ],
            [
              25502802.35,
              6681453.715
            ],
            [
              25502803.218,
              6681451.439
            ]
          ]
        ]
      },
      "properties": {
        "confidence": 0.7591,
        "length_m": 4.83,
        "width_m": 2.43,
        "heading_deg": 69.1,
        "aoi": "r1-tattariharjuntie",
        "source_layer": "Ortoilmakuva_2025_5cm",
        "zoom": 16,
        "status": "confirmed",
        "class": "car"
      }
    },
    {
      "type": "Feature",
      "geometry": {
        "type": "Polygon",
        "coordinates": [
          [
            [
              25502732.507,
              6681466.78
            ],
            [
              25502736.826,
              6681469.8
            ],
            [
              25502735.366,
              6681471.887
            ],
            [
              25502731.047,
              6681468.868
            ],
            [
              25502732.507,
              6681466.78
            ]
          ]
        ]
      },
      "properties": {
        "confidence": 0.759,
        "length_m": 5.27,
        "width_m": 2.55,
        "heading_deg": 55,
        "aoi": "r1-tattariharjuntie",
        "source_layer": "Ortoilmakuva_2025_5cm",
        "zoom": 16,
        "status": "confirmed",
        "class": "van"
      }
    },
    {
      "type": "Feature",
      "geometry": {
        "type": "Polygon",
        "coordinates": [
          [
            [
              25502574.454,
              6681355.978
            ],
            [
              25502576.414,
              6681356.86
            ],
            [
              25502574.336,
              6681361.482
            ],
            [
              25502572.376,
              6681360.6
            ],
            [
              25502574.454,
              6681355.978
            ]
          ]
        ]
      },
      "properties": {
        "confidence": 0.7569,
        "length_m": 5.07,
        "width_m": 2.15,
        "heading_deg": 155.8,
        "aoi": "r1-tattariharjuntie",
        "source_layer": "Ortoilmakuva_2025_5cm",
        "zoom": 16,
        "status": "confirmed",
        "class": "car"
      }
    },
    {
      "type": "Feature",
      "geometry": {
        "type": "Polygon",
        "coordinates": [
          [
            [
              25502809.532,
              6681407.71
            ],
            [
              25502810.865,
              6681409.656
            ],
            [
              25502806.598,
              6681412.578
            ],
            [
              25502805.265,
              6681410.632
            ],
            [
              25502809.532,
              6681407.71
            ]
          ]
        ]
      },
      "properties": {
        "confidence": 0.7556,
        "length_m": 5.17,
        "width_m": 2.36,
        "heading_deg": 124.4,
        "aoi": "r1-tattariharjuntie",
        "source_layer": "Ortoilmakuva_2025_5cm",
        "zoom": 16,
        "status": "confirmed",
        "class": "car"
      }
    },
    {
      "type": "Feature",
      "geometry": {
        "type": "Polygon",
        "coordinates": [
          [
            [
              25502599.539,
              6681350.938
            ],
            [
              25502601.493,
              6681351.865
            ],
            [
              25502599.36,
              6681356.359
            ],
            [
              25502597.406,
              6681355.431
            ],
            [
              25502599.539,
              6681350.938
            ]
          ]
        ]
      },
      "properties": {
        "confidence": 0.7526,
        "length_m": 4.97,
        "width_m": 2.16,
        "heading_deg": 154.6,
        "aoi": "r1-tattariharjuntie",
        "source_layer": "Ortoilmakuva_2025_5cm",
        "zoom": 16,
        "status": "confirmed",
        "class": "car"
      }
    },
    {
      "type": "Feature",
      "geometry": {
        "type": "Polygon",
        "coordinates": [
          [
            [
              25502743.755,
              6681388.329
            ],
            [
              25502747.745,
              6681391.242
            ],
            [
              25502746.308,
              6681393.211
            ],
            [
              25502742.317,
              6681390.297
            ],
            [
              25502743.755,
              6681388.329
            ]
          ]
        ]
      },
      "properties": {
        "confidence": 0.7517,
        "length_m": 4.94,
        "width_m": 2.44,
        "heading_deg": 53.9,
        "aoi": "r1-tattariharjuntie",
        "source_layer": "Ortoilmakuva_2025_5cm",
        "zoom": 16,
        "status": "confirmed",
        "class": "car"
      }
    },
    {
      "type": "Feature",
      "geometry": {
        "type": "Polygon",
        "coordinates": [
          [
            [
              25502730.966,
              6681249.011
            ],
            [
              25502732.584,
              6681250.715
            ],
            [
              25502728.49,
              6681254.603
            ],
            [
              25502726.872,
              6681252.9
            ],
            [
              25502730.966,
              6681249.011
            ]
          ]
        ]
      },
      "properties": {
        "confidence": 0.7508,
        "length_m": 5.65,
        "width_m": 2.35,
        "heading_deg": 133.5,
        "aoi": "r1-tattariharjuntie",
        "source_layer": "Ortoilmakuva_2025_5cm",
        "zoom": 16,
        "status": "confirmed",
        "class": "van"
      }
    },
    {
      "type": "Feature",
      "geometry": {
        "type": "Polygon",
        "coordinates": [
          [
            [
              25502712.717,
              6681381.742
            ],
            [
              25502716.468,
              6681385.725
            ],
            [
              25502714.478,
              6681387.6
            ],
            [
              25502710.726,
              6681383.617
            ],
            [
              25502712.717,
              6681381.742
            ]
          ]
        ]
      },
      "properties": {
        "confidence": 0.7447,
        "length_m": 5.47,
        "width_m": 2.73,
        "heading_deg": 43.3,
        "aoi": "r1-tattariharjuntie",
        "source_layer": "Ortoilmakuva_2025_5cm",
        "zoom": 16,
        "status": "confirmed",
        "class": "car"
      }
    },
    {
      "type": "Feature",
      "geometry": {
        "type": "Polygon",
        "coordinates": [
          [
            [
              25502728.149,
              6681247.133
            ],
            [
              25502730,
              6681248.79
            ],
            [
              25502726.327,
              6681252.894
            ],
            [
              25502724.476,
              6681251.237
            ],
            [
              25502728.149,
              6681247.133
            ]
          ]
        ]
      },
      "properties": {
        "confidence": 0.7444,
        "length_m": 5.51,
        "width_m": 2.48,
        "heading_deg": 138.2,
        "aoi": "r1-tattariharjuntie",
        "source_layer": "Ortoilmakuva_2025_5cm",
        "zoom": 16,
        "status": "confirmed",
        "class": "van"
      }
    },
    {
      "type": "Feature",
      "geometry": {
        "type": "Polygon",
        "coordinates": [
          [
            [
              25502736.701,
              6681390.228
            ],
            [
              25502745.107,
              6681396.528
            ],
            [
              25502743.272,
              6681398.976
            ],
            [
              25502734.866,
              6681392.676
            ],
            [
              25502736.701,
              6681390.228
            ]
          ]
        ]
      },
      "properties": {
        "confidence": 0.7396,
        "length_m": 10.5,
        "width_m": 3.06,
        "heading_deg": 53.1,
        "aoi": "r1-tattariharjuntie",
        "source_layer": "Ortoilmakuva_2025_5cm",
        "zoom": 16,
        "status": "confirmed",
        "class": "truck"
      }
    },
    {
      "type": "Feature",
      "geometry": {
        "type": "Polygon",
        "coordinates": [
          [
            [
              25502733.615,
              6681251.167
            ],
            [
              25502735.162,
              6681255.355
            ],
            [
              25502732.953,
              6681256.172
            ],
            [
              25502731.405,
              6681251.983
            ],
            [
              25502733.615,
              6681251.167
            ]
          ]
        ]
      },
      "properties": {
        "confidence": 0.739,
        "length_m": 4.46,
        "width_m": 2.36,
        "heading_deg": 20.3,
        "aoi": "r1-tattariharjuntie",
        "source_layer": "Ortoilmakuva_2025_5cm",
        "zoom": 16,
        "status": "confirmed",
        "class": "van"
      }
    },
    {
      "type": "Feature",
      "geometry": {
        "type": "Polygon",
        "coordinates": [
          [
            [
              25502584.151,
              6681372.747
            ],
            [
              25502586.175,
              6681373.627
            ],
            [
              25502584.106,
              6681378.385
            ],
            [
              25502582.082,
              6681377.505
            ],
            [
              25502584.151,
              6681372.747
            ]
          ]
        ]
      },
      "properties": {
        "confidence": 0.7368,
        "length_m": 5.19,
        "width_m": 2.21,
        "heading_deg": 156.5,
        "aoi": "r1-tattariharjuntie",
        "source_layer": "Ortoilmakuva_2025_5cm",
        "zoom": 16,
        "status": "confirmed",
        "class": "car"
      }
    },
    {
      "type": "Feature",
      "geometry": {
        "type": "Polygon",
        "coordinates": [
          [
            [
              25502578.435,
              6681405.629
            ],
            [
              25502582.458,
              6681408.764
            ],
            [
              25502580.991,
              6681410.646
            ],
            [
              25502576.968,
              6681407.512
            ],
            [
              25502578.435,
              6681405.629
            ]
          ]
        ]
      },
      "properties": {
        "confidence": 0.7361,
        "length_m": 5.1,
        "width_m": 2.39,
        "heading_deg": 52.1,
        "aoi": "r1-tattariharjuntie",
        "source_layer": "Ortoilmakuva_2025_5cm",
        "zoom": 16,
        "status": "confirmed",
        "class": "van"
      }
    },
    {
      "type": "Feature",
      "geometry": {
        "type": "Polygon",
        "coordinates": [
          [
            [
              25502575.661,
              6681316.684
            ],
            [
              25502577.672,
              6681317.87
            ],
            [
              25502575.095,
              6681322.241
            ],
            [
              25502573.084,
              6681321.056
            ],
            [
              25502575.661,
              6681316.684
            ]
          ]
        ]
      },
      "properties": {
        "confidence": 0.736,
        "length_m": 5.07,
        "width_m": 2.33,
        "heading_deg": 149.5,
        "aoi": "r1-tattariharjuntie",
        "source_layer": "Ortoilmakuva_2025_5cm",
        "zoom": 16,
        "status": "confirmed",
        "class": "car"
      }
    },
    {
      "type": "Feature",
      "geometry": {
        "type": "Polygon",
        "coordinates": [
          [
            [
              25502857.453,
              6681387.575
            ],
            [
              25502858.894,
              6681389.335
            ],
            [
              25502855.066,
              6681392.469
            ],
            [
              25502853.625,
              6681390.71
            ],
            [
              25502857.453,
              6681387.575
            ]
          ]
        ]
      },
      "properties": {
        "confidence": 0.7326,
        "length_m": 4.95,
        "width_m": 2.27,
        "heading_deg": 129.3,
        "aoi": "r1-tattariharjuntie",
        "source_layer": "Ortoilmakuva_2025_5cm",
        "zoom": 16,
        "status": "confirmed",
        "class": "car"
      }
    },
    {
      "type": "Feature",
      "geometry": {
        "type": "Polygon",
        "coordinates": [
          [
            [
              25502573.22,
              6681315.464
            ],
            [
              25502574.987,
              6681316.477
            ],
            [
              25502572.671,
              6681320.515
            ],
            [
              25502570.904,
              6681319.502
            ],
            [
              25502573.22,
              6681315.464
            ]
          ]
        ]
      },
      "properties": {
        "confidence": 0.7313,
        "length_m": 4.66,
        "width_m": 2.04,
        "heading_deg": 150.2,
        "aoi": "r1-tattariharjuntie",
        "source_layer": "Ortoilmakuva_2025_5cm",
        "zoom": 16,
        "status": "confirmed",
        "class": "car"
      }
    },
    {
      "type": "Feature",
      "geometry": {
        "type": "Polygon",
        "coordinates": [
          [
            [
              25502853.523,
              6681419.516
            ],
            [
              25502853.817,
              6681421.941
            ],
            [
              25502848.893,
              6681422.537
            ],
            [
              25502848.599,
              6681420.112
            ],
            [
              25502853.523,
              6681419.516
            ]
          ]
        ]
      },
      "properties": {
        "confidence": 0.7312,
        "length_m": 4.96,
        "width_m": 2.44,
        "heading_deg": 96.9,
        "aoi": "r1-tattariharjuntie",
        "source_layer": "Ortoilmakuva_2025_5cm",
        "zoom": 16,
        "status": "confirmed",
        "class": "car"
      }
    },
    {
      "type": "Feature",
      "geometry": {
        "type": "Polygon",
        "coordinates": [
          [
            [
              25502845.311,
              6681383.894
            ],
            [
              25502848.339,
              6681387.419
            ],
            [
              25502846.696,
              6681388.83
            ],
            [
              25502843.669,
              6681385.305
            ],
            [
              25502845.311,
              6681383.894
            ]
          ]
        ]
      },
      "properties": {
        "confidence": 0.7307,
        "length_m": 4.65,
        "width_m": 2.17,
        "heading_deg": 40.7,
        "aoi": "r1-tattariharjuntie",
        "source_layer": "Ortoilmakuva_2025_5cm",
        "zoom": 16,
        "status": "confirmed",
        "class": "car"
      }
    },
    {
      "type": "Feature",
      "geometry": {
        "type": "Polygon",
        "coordinates": [
          [
            [
              25502676.866,
              6681218.403
            ],
            [
              25502681.219,
              6681221.613
            ],
            [
              25502679.741,
              6681223.618
            ],
            [
              25502675.387,
              6681220.408
            ],
            [
              25502676.866,
              6681218.403
            ]
          ]
        ]
      },
      "properties": {
        "confidence": 0.7288,
        "length_m": 5.41,
        "width_m": 2.49,
        "heading_deg": 53.6,
        "aoi": "r1-tattariharjuntie",
        "source_layer": "Ortoilmakuva_2025_5cm",
        "zoom": 16,
        "status": "confirmed",
        "class": "van"
      }
    },
    {
      "type": "Feature",
      "geometry": {
        "type": "Polygon",
        "coordinates": [
          [
            [
              25502867.64,
              6681517.558
            ],
            [
              25502870.285,
              6681521.458
            ],
            [
              25502868.478,
              6681522.683
            ],
            [
              25502865.833,
              6681518.783
            ],
            [
              25502867.64,
              6681517.558
            ]
          ]
        ]
      },
      "properties": {
        "confidence": 0.7277,
        "length_m": 4.71,
        "width_m": 2.18,
        "heading_deg": 34.1,
        "aoi": "r1-tattariharjuntie",
        "source_layer": "Ortoilmakuva_2025_5cm",
        "zoom": 16,
        "status": "confirmed",
        "class": "car"
      }
    },
    {
      "type": "Feature",
      "geometry": {
        "type": "Polygon",
        "coordinates": [
          [
            [
              25502789.974,
              6681459.533
            ],
            [
              25502793.194,
              6681462.278
            ],
            [
              25502791.695,
              6681464.037
            ],
            [
              25502788.475,
              6681461.292
            ],
            [
              25502789.974,
              6681459.533
            ]
          ]
        ]
      },
      "properties": {
        "confidence": 0.7266,
        "length_m": 4.23,
        "width_m": 2.31,
        "heading_deg": 49.6,
        "aoi": "r1-tattariharjuntie",
        "source_layer": "Ortoilmakuva_2025_5cm",
        "zoom": 16,
        "status": "confirmed",
        "class": "car"
      }
    },
    {
      "type": "Feature",
      "geometry": {
        "type": "Polygon",
        "coordinates": [
          [
            [
              25502582.704,
              6681360.055
            ],
            [
              25502584.736,
              6681360.921
            ],
            [
              25502582.798,
              6681365.473
            ],
            [
              25502580.766,
              6681364.607
            ],
            [
              25502582.704,
              6681360.055
            ]
          ]
        ]
      },
      "properties": {
        "confidence": 0.7162,
        "length_m": 4.95,
        "width_m": 2.21,
        "heading_deg": 156.9,
        "aoi": "r1-tattariharjuntie",
        "source_layer": "Ortoilmakuva_2025_5cm",
        "zoom": 16,
        "status": "confirmed",
        "class": "car"
      }
    },
    {
      "type": "Feature",
      "geometry": {
        "type": "Polygon",
        "coordinates": [
          [
            [
              25502581.809,
              6681369.241
            ],
            [
              25502584.351,
              6681370.564
            ],
            [
              25502580.941,
              6681377.118
            ],
            [
              25502578.399,
              6681375.795
            ],
            [
              25502581.809,
              6681369.241
            ]
          ]
        ]
      },
      "properties": {
        "confidence": 0.7144,
        "length_m": 7.39,
        "width_m": 2.87,
        "heading_deg": 152.5,
        "aoi": "r1-tattariharjuntie",
        "source_layer": "Ortoilmakuva_2025_5cm",
        "zoom": 16,
        "status": "rejected",
        "class": ""
      }
    },
    {
      "type": "Feature",
      "geometry": {
        "type": "Polygon",
        "coordinates": [
          [
            [
              25502756.233,
              6681442.214
            ],
            [
              25502760.44,
              6681445.547
            ],
            [
              25502758.808,
              6681447.606
            ],
            [
              25502754.602,
              6681444.273
            ],
            [
              25502756.233,
              6681442.214
            ]
          ]
        ]
      },
      "properties": {
        "confidence": 0.7136,
        "length_m": 5.37,
        "width_m": 2.63,
        "heading_deg": 51.6,
        "aoi": "r1-tattariharjuntie",
        "source_layer": "Ortoilmakuva_2025_5cm",
        "zoom": 16,
        "status": "confirmed",
        "class": "car"
      }
    },
    {
      "type": "Feature",
      "geometry": {
        "type": "Polygon",
        "coordinates": [
          [
            [
              25502852.023,
              6681493.11
            ],
            [
              25502854.318,
              6681493.781
            ],
            [
              25502852.708,
              6681499.283
            ],
            [
              25502850.413,
              6681498.611
            ],
            [
              25502852.023,
              6681493.11
            ]
          ]
        ]
      },
      "properties": {
        "confidence": 0.7117,
        "length_m": 5.73,
        "width_m": 2.39,
        "heading_deg": 163.7,
        "aoi": "r1-tattariharjuntie",
        "source_layer": "Ortoilmakuva_2025_5cm",
        "zoom": 16,
        "status": "confirmed",
        "class": "van"
      }
    },
    {
      "type": "Feature",
      "geometry": {
        "type": "Polygon",
        "coordinates": [
          [
            [
              25502650.311,
              6681246.928
            ],
            [
              25502652.18,
              6681248.136
            ],
            [
              25502649.654,
              6681252.046
            ],
            [
              25502647.784,
              6681250.838
            ],
            [
              25502650.311,
              6681246.928
            ]
          ]
        ]
      },
      "properties": {
        "confidence": 0.7114,
        "length_m": 4.65,
        "width_m": 2.23,
        "heading_deg": 147.1,
        "aoi": "r1-tattariharjuntie",
        "source_layer": "Ortoilmakuva_2025_5cm",
        "zoom": 16,
        "status": "confirmed",
        "class": "car"
      }
    },
    {
      "type": "Feature",
      "geometry": {
        "type": "Polygon",
        "coordinates": [
          [
            [
              25502815.238,
              6681435.775
            ],
            [
              25502819.62,
              6681438.327
            ],
            [
              25502818.433,
              6681440.366
            ],
            [
              25502814.051,
              6681437.814
            ],
            [
              25502815.238,
              6681435.775
            ]
          ]
        ]
      },
      "properties": {
        "confidence": 0.7106,
        "length_m": 5.07,
        "width_m": 2.36,
        "heading_deg": 59.8,
        "aoi": "r1-tattariharjuntie",
        "source_layer": "Ortoilmakuva_2025_5cm",
        "zoom": 16,
        "status": "confirmed",
        "class": "car"
      }
    },
    {
      "type": "Feature",
      "geometry": {
        "type": "Polygon",
        "coordinates": [
          [
            [
              25502845.057,
              6681484.774
            ],
            [
              25502848.577,
              6681488.408
            ],
            [
              25502846.78,
              6681490.149
            ],
            [
              25502843.26,
              6681486.514
            ],
            [
              25502845.057,
              6681484.774
            ]
          ]
        ]
      },
      "properties": {
        "confidence": 0.708,
        "length_m": 5.06,
        "width_m": 2.5,
        "heading_deg": 44.1,
        "aoi": "r1-tattariharjuntie",
        "source_layer": "Ortoilmakuva_2025_5cm",
        "zoom": 16,
        "status": "confirmed",
        "class": "car"
      }
    },
    {
      "type": "Feature",
      "geometry": {
        "type": "Polygon",
        "coordinates": [
          [
            [
              25502595.408,
              6681328.557
            ],
            [
              25502597.36,
              6681329.514
            ],
            [
              25502595.274,
              6681333.77
            ],
            [
              25502593.322,
              6681332.812
            ],
            [
              25502595.408,
              6681328.557
            ]
          ]
        ]
      },
      "properties": {
        "confidence": 0.708,
        "length_m": 4.74,
        "width_m": 2.17,
        "heading_deg": 153.9,
        "aoi": "r1-tattariharjuntie",
        "source_layer": "Ortoilmakuva_2025_5cm",
        "zoom": 16,
        "status": "confirmed",
        "class": "car"
      }
    },
    {
      "type": "Feature",
      "geometry": {
        "type": "Polygon",
        "coordinates": [
          [
            [
              25502685.357,
              6681250.101
            ],
            [
              25502687.185,
              6681251.242
            ],
            [
              25502684.573,
              6681255.425
            ],
            [
              25502682.745,
              6681254.284
            ],
            [
              25502685.357,
              6681250.101
            ]
          ]
        ]
      },
      "properties": {
        "confidence": 0.7006,
        "length_m": 4.93,
        "width_m": 2.15,
        "heading_deg": 148,
        "aoi": "r1-tattariharjuntie",
        "source_layer": "Ortoilmakuva_2025_5cm",
        "zoom": 16,
        "status": "confirmed",
        "class": "van"
      }
    },
    {
      "type": "Feature",
      "geometry": {
        "type": "Polygon",
        "coordinates": [
          [
            [
              25502824.924,
              6681397.438
            ],
            [
              25502828.402,
              6681401.835
            ],
            [
              25502826.525,
              6681403.32
            ],
            [
              25502823.046,
              6681398.923
            ],
            [
              25502824.924,
              6681397.438
            ]
          ]
        ]
      },
      "properties": {
        "confidence": 0.6925,
        "length_m": 5.61,
        "width_m": 2.39,
        "heading_deg": 38.3,
        "aoi": "r1-tattariharjuntie",
        "source_layer": "Ortoilmakuva_2025_5cm",
        "zoom": 16,
        "status": "confirmed",
        "class": "van"
      }
    },
    {
      "type": "Feature",
      "geometry": {
        "type": "Polygon",
        "coordinates": [
          [
            [
              25502665.276,
              6681224.771
            ],
            [
              25502667.185,
              6681226.09
            ],
            [
              25502664.262,
              6681230.321
            ],
            [
              25502662.353,
              6681229.002
            ],
            [
              25502665.276,
              6681224.771
            ]
          ]
        ]
      },
      "properties": {
        "confidence": 0.6912,
        "length_m": 5.14,
        "width_m": 2.32,
        "heading_deg": 145.4,
        "aoi": "r1-tattariharjuntie",
        "source_layer": "Ortoilmakuva_2025_5cm",
        "zoom": 16,
        "status": "confirmed",
        "class": "car"
      }
    },
    {
      "type": "Feature",
      "geometry": {
        "type": "Polygon",
        "coordinates": [
          [
            [
              25502812.078,
              6681457.658
            ],
            [
              25502813.965,
              6681458.932
            ],
            [
              25502811.259,
              6681462.936
            ],
            [
              25502809.373,
              6681461.661
            ],
            [
              25502812.078,
              6681457.658
            ]
          ]
        ]
      },
      "properties": {
        "confidence": 0.6902,
        "length_m": 4.83,
        "width_m": 2.28,
        "heading_deg": 145.9,
        "aoi": "r1-tattariharjuntie",
        "source_layer": "Ortoilmakuva_2025_5cm",
        "zoom": 16,
        "status": "confirmed",
        "class": "car"
      }
    },
    {
      "type": "Feature",
      "geometry": {
        "type": "Polygon",
        "coordinates": [
          [
            [
              25502849.947,
              6681422.543
            ],
            [
              25502849.892,
              6681424.697
            ],
            [
              25502845.08,
              6681424.574
            ],
            [
              25502845.135,
              6681422.42
            ],
            [
              25502849.947,
              6681422.543
            ]
          ]
        ]
      },
      "properties": {
        "confidence": 0.6868,
        "length_m": 4.81,
        "width_m": 2.15,
        "heading_deg": 88.5,
        "aoi": "r1-tattariharjuntie",
        "source_layer": "Ortoilmakuva_2025_5cm",
        "zoom": 16,
        "status": "confirmed",
        "class": "car"
      }
    },
    {
      "type": "Feature",
      "geometry": {
        "type": "Polygon",
        "coordinates": [
          [
            [
              25502604.599,
              6681381.345
            ],
            [
              25502608.545,
              6681384.306
            ],
            [
              25502607.096,
              6681386.236
            ],
            [
              25502603.15,
              6681383.276
            ],
            [
              25502604.599,
              6681381.345
            ]
          ]
        ]
      },
      "properties": {
        "confidence": 0.6863,
        "length_m": 4.93,
        "width_m": 2.41,
        "heading_deg": 53.1,
        "aoi": "r1-tattariharjuntie",
        "source_layer": "Ortoilmakuva_2025_5cm",
        "zoom": 16,
        "status": "confirmed",
        "class": "car"
      }
    },
    {
      "type": "Feature",
      "geometry": {
        "type": "Polygon",
        "coordinates": [
          [
            [
              25502729.757,
              6681410.165
            ],
            [
              25502731.707,
              6681411.418
            ],
            [
              25502728.731,
              6681416.049
            ],
            [
              25502726.781,
              6681414.795
            ],
            [
              25502729.757,
              6681410.165
            ]
          ]
        ]
      },
      "properties": {
        "confidence": 0.6862,
        "length_m": 5.5,
        "width_m": 2.32,
        "heading_deg": 147.3,
        "aoi": "r1-tattariharjuntie",
        "source_layer": "Ortoilmakuva_2025_5cm",
        "zoom": 16,
        "status": "confirmed",
        "class": "van"
      }
    },
    {
      "type": "Feature",
      "geometry": {
        "type": "Polygon",
        "coordinates": [
          [
            [
              25502578.233,
              6681384.036
            ],
            [
              25502580.452,
              6681384.88
            ],
            [
              25502578.509,
              6681389.991
            ],
            [
              25502576.289,
              6681389.147
            ],
            [
              25502578.233,
              6681384.036
            ]
          ]
        ]
      },
      "properties": {
        "confidence": 0.686,
        "length_m": 5.47,
        "width_m": 2.37,
        "heading_deg": 159.2,
        "aoi": "r1-tattariharjuntie",
        "source_layer": "Ortoilmakuva_2025_5cm",
        "zoom": 16,
        "status": "confirmed",
        "class": "car"
      }
    },
    {
      "type": "Feature",
      "geometry": {
        "type": "Polygon",
        "coordinates": [
          [
            [
              25502727.706,
              6681230.563
            ],
            [
              25502729.434,
              6681232.256
            ],
            [
              25502726.32,
              6681235.434
            ],
            [
              25502724.592,
              6681233.741
            ],
            [
              25502727.706,
              6681230.563
            ]
          ]
        ]
      },
      "properties": {
        "confidence": 0.6791,
        "length_m": 4.45,
        "width_m": 2.42,
        "heading_deg": 135.6,
        "aoi": "r1-tattariharjuntie",
        "source_layer": "Ortoilmakuva_2025_5cm",
        "zoom": 16,
        "status": "confirmed",
        "class": "car"
      }
    },
    {
      "type": "Feature",
      "geometry": {
        "type": "Polygon",
        "coordinates": [
          [
            [
              25502742.175,
              6681391.095
            ],
            [
              25502745.754,
              6681393.667
            ],
            [
              25502744.501,
              6681395.411
            ],
            [
              25502740.922,
              6681392.838
            ],
            [
              25502742.175,
              6681391.095
            ]
          ]
        ]
      },
      "properties": {
        "confidence": 0.6722,
        "length_m": 4.41,
        "width_m": 2.15,
        "heading_deg": 54.3,
        "aoi": "r1-tattariharjuntie",
        "source_layer": "Ortoilmakuva_2025_5cm",
        "zoom": 16,
        "status": "confirmed",
        "class": "car"
      }
    },
    {
      "type": "Feature",
      "geometry": {
        "type": "Polygon",
        "coordinates": [
          [
            [
              25502728.596,
              6681369.689
            ],
            [
              25502732.277,
              6681373.33
            ],
            [
              25502730.499,
              6681375.128
            ],
            [
              25502726.817,
              6681371.488
            ],
            [
              25502728.596,
              6681369.689
            ]
          ]
        ]
      },
      "properties": {
        "confidence": 0.6716,
        "length_m": 5.18,
        "width_m": 2.53,
        "heading_deg": 45.3,
        "aoi": "r1-tattariharjuntie",
        "source_layer": "Ortoilmakuva_2025_5cm",
        "zoom": 16,
        "status": "confirmed",
        "class": "car"
      }
    },
    {
      "type": "Feature",
      "geometry": {
        "type": "Polygon",
        "coordinates": [
          [
            [
              25502842.108,
              6681400.403
            ],
            [
              25502843.536,
              6681402.335
            ],
            [
              25502839.313,
              6681405.457
            ],
            [
              25502837.885,
              6681403.524
            ],
            [
              25502842.108,
              6681400.403
            ]
          ]
        ]
      },
      "properties": {
        "confidence": 0.643,
        "length_m": 5.25,
        "width_m": 2.4,
        "heading_deg": 126.5,
        "aoi": "r1-tattariharjuntie",
        "source_layer": "Ortoilmakuva_2025_5cm",
        "zoom": 16,
        "status": "confirmed",
        "class": "car"
      }
    },
    {
      "type": "Feature",
      "geometry": {
        "type": "Polygon",
        "coordinates": [
          [
            [
              25502805.755,
              6681405.025
            ],
            [
              25502806.677,
              6681407.021
            ],
            [
              25502802.758,
              6681408.83
            ],
            [
              25502801.837,
              6681406.835
            ],
            [
              25502805.755,
              6681405.025
            ]
          ]
        ]
      },
      "properties": {
        "confidence": 0.6428,
        "length_m": 4.32,
        "width_m": 2.2,
        "heading_deg": 114.8,
        "aoi": "r1-tattariharjuntie",
        "source_layer": "Ortoilmakuva_2025_5cm",
        "zoom": 16,
        "status": "confirmed",
        "class": "car"
      }
    },
    {
      "type": "Feature",
      "geometry": {
        "type": "Polygon",
        "coordinates": [
          [
            [
              25502814.02,
              6681382.532
            ],
            [
              25502817.689,
              6681386.533
            ],
            [
              25502815.985,
              6681388.096
            ],
            [
              25502812.316,
              6681384.095
            ],
            [
              25502814.02,
              6681382.532
            ]
          ]
        ]
      },
      "properties": {
        "confidence": 0.6417,
        "length_m": 5.43,
        "width_m": 2.31,
        "heading_deg": 42.5,
        "aoi": "r1-tattariharjuntie",
        "source_layer": "Ortoilmakuva_2025_5cm",
        "zoom": 16,
        "status": "confirmed",
        "class": "van"
      }
    },
    {
      "type": "Feature",
      "geometry": {
        "type": "Polygon",
        "coordinates": [
          [
            [
              25502740.158,
              6681358.997
            ],
            [
              25502743.405,
              6681362.439
            ],
            [
              25502741.724,
              6681364.025
            ],
            [
              25502738.476,
              6681360.583
            ],
            [
              25502740.158,
              6681358.997
            ]
          ]
        ]
      },
      "properties": {
        "confidence": 0.632,
        "length_m": 4.73,
        "width_m": 2.31,
        "heading_deg": 43.3,
        "aoi": "r1-tattariharjuntie",
        "source_layer": "Ortoilmakuva_2025_5cm",
        "zoom": 16,
        "status": "confirmed",
        "class": "car"
      }
    },
    {
      "type": "Feature",
      "geometry": {
        "type": "Polygon",
        "coordinates": [
          [
            [
              25502821.348,
              6681376.934
            ],
            [
              25502824.142,
              6681380.488
            ],
            [
              25502822.415,
              6681381.846
            ],
            [
              25502819.621,
              6681378.292
            ],
            [
              25502821.348,
              6681376.934
            ]
          ]
        ]
      },
      "properties": {
        "confidence": 0.6297,
        "length_m": 4.52,
        "width_m": 2.2,
        "heading_deg": 38.2,
        "aoi": "r1-tattariharjuntie",
        "source_layer": "Ortoilmakuva_2025_5cm",
        "zoom": 16,
        "status": "confirmed",
        "class": "car"
      }
    },
    {
      "type": "Feature",
      "geometry": {
        "type": "Polygon",
        "coordinates": [
          [
            [
              25502656.655,
              6681216.707
            ],
            [
              25502658.545,
              6681218.003
            ],
            [
              25502655.426,
              6681222.553
            ],
            [
              25502653.536,
              6681221.258
            ],
            [
              25502656.655,
              6681216.707
            ]
          ]
        ]
      },
      "properties": {
        "confidence": 0.6192,
        "length_m": 5.52,
        "width_m": 2.29,
        "heading_deg": 145.6,
        "aoi": "r1-tattariharjuntie",
        "source_layer": "Ortoilmakuva_2025_5cm",
        "zoom": 16,
        "status": "confirmed",
        "class": "van"
      }
    },
    {
      "type": "Feature",
      "geometry": {
        "type": "Polygon",
        "coordinates": [
          [
            [
              25502761.907,
              6681435.105
            ],
            [
              25502764.161,
              6681435.695
            ],
            [
              25502762.863,
              6681440.652
            ],
            [
              25502760.609,
              6681440.062
            ],
            [
              25502761.907,
              6681435.105
            ]
          ]
        ]
      },
      "properties": {
        "confidence": 0.618,
        "length_m": 5.12,
        "width_m": 2.33,
        "heading_deg": 165.3,
        "aoi": "r1-tattariharjuntie",
        "source_layer": "Ortoilmakuva_2025_5cm",
        "zoom": 16,
        "status": "confirmed",
        "class": "car"
      }
    },
    {
      "type": "Feature",
      "geometry": {
        "type": "Polygon",
        "coordinates": [
          [
            [
              25502807.675,
              6681379.31
            ],
            [
              25502811.089,
              6681383.759
            ],
            [
              25502809.135,
              6681385.259
            ],
            [
              25502805.721,
              6681380.809
            ],
            [
              25502807.675,
              6681379.31
            ]
          ]
        ]
      },
      "properties": {
        "confidence": 0.613,
        "length_m": 5.61,
        "width_m": 2.46,
        "heading_deg": 37.5,
        "aoi": "r1-tattariharjuntie",
        "source_layer": "Ortoilmakuva_2025_5cm",
        "zoom": 16,
        "status": "confirmed",
        "class": "van"
      }
    },
    {
      "type": "Feature",
      "geometry": {
        "type": "Polygon",
        "coordinates": [
          [
            [
              25502791.512,
              6681455.791
            ],
            [
              25502795.416,
              6681458.813
            ],
            [
              25502793.904,
              6681460.765
            ],
            [
              25502790,
              6681457.744
            ],
            [
              25502791.512,
              6681455.791
            ]
          ]
        ]
      },
      "properties": {
        "confidence": 0.6079,
        "length_m": 4.94,
        "width_m": 2.47,
        "heading_deg": 52.3,
        "aoi": "r1-tattariharjuntie",
        "source_layer": "Ortoilmakuva_2025_5cm",
        "zoom": 16,
        "status": "confirmed",
        "class": "car"
      }
    },
    {
      "type": "Feature",
      "geometry": {
        "type": "Polygon",
        "coordinates": [
          [
            [
              25502753.36,
              6681443.888
            ],
            [
              25502757.229,
              6681446.864
            ],
            [
              25502755.786,
              6681448.74
            ],
            [
              25502751.917,
              6681445.764
            ],
            [
              25502753.36,
              6681443.888
            ]
          ]
        ]
      },
      "properties": {
        "confidence": 0.6037,
        "length_m": 4.88,
        "width_m": 2.37,
        "heading_deg": 52.4,
        "aoi": "r1-tattariharjuntie",
        "source_layer": "Ortoilmakuva_2025_5cm",
        "zoom": 16,
        "status": "confirmed",
        "class": "car"
      }
    },
    {
      "type": "Feature",
      "geometry": {
        "type": "Polygon",
        "coordinates": [
          [
            [
              25502600.922,
              6681491.048
            ],
            [
              25502607.411,
              6681491.341
            ],
            [
              25502607.286,
              6681494.093
            ],
            [
              25502600.797,
              6681493.799
            ],
            [
              25502600.922,
              6681491.048
            ]
          ]
        ]
      },
      "properties": {
        "confidence": 0.595,
        "length_m": 6.5,
        "width_m": 2.75,
        "heading_deg": 87.4,
        "aoi": "r1-tattariharjuntie",
        "source_layer": "Ortoilmakuva_2025_5cm",
        "zoom": 16,
        "status": "confirmed",
        "class": "van"
      }
    },
    {
      "type": "Feature",
      "geometry": {
        "type": "Polygon",
        "coordinates": [
          [
            [
              25502694.489,
              6681422.654
            ],
            [
              25502700.34,
              6681427.109
            ],
            [
              25502698.368,
              6681429.699
            ],
            [
              25502692.517,
              6681425.243
            ],
            [
              25502694.489,
              6681422.654
            ]
          ]
        ]
      },
      "properties": {
        "confidence": 0.5897,
        "length_m": 7.35,
        "width_m": 3.26,
        "heading_deg": 52.7,
        "aoi": "r1-tattariharjuntie",
        "source_layer": "Ortoilmakuva_2025_5cm",
        "zoom": 16,
        "status": "confirmed",
        "class": "truck"
      }
    },
    {
      "type": "Feature",
      "geometry": {
        "type": "Polygon",
        "coordinates": [
          [
            [
              25502572.991,
              6681397.64
            ],
            [
              25502574.936,
              6681398.398
            ],
            [
              25502573.294,
              6681402.608
            ],
            [
              25502571.349,
              6681401.849
            ],
            [
              25502572.991,
              6681397.64
            ]
          ]
        ]
      },
      "properties": {
        "confidence": 0.5881,
        "length_m": 4.52,
        "width_m": 2.09,
        "heading_deg": 158.7,
        "aoi": "r1-tattariharjuntie",
        "source_layer": "Ortoilmakuva_2025_5cm",
        "zoom": 16,
        "status": "confirmed",
        "class": "car"
      }
    },
    {
      "type": "Feature",
      "geometry": {
        "type": "Polygon",
        "coordinates": [
          [
            [
              25502811.681,
              6681442.413
            ],
            [
              25502815.716,
              6681444.732
            ],
            [
              25502814.578,
              6681446.712
            ],
            [
              25502810.543,
              6681444.393
            ],
            [
              25502811.681,
              6681442.413
            ]
          ]
        ]
      },
      "properties": {
        "confidence": 0.5795,
        "length_m": 4.65,
        "width_m": 2.28,
        "heading_deg": 60.1,
        "aoi": "r1-tattariharjuntie",
        "source_layer": "Ortoilmakuva_2025_5cm",
        "zoom": 16,
        "status": "confirmed",
        "class": "car"
      }
    },
    {
      "type": "Feature",
      "geometry": {
        "type": "Polygon",
        "coordinates": [
          [
            [
              25502597.349,
              6681389.649
            ],
            [
              25502600.97,
              6681393.177
            ],
            [
              25502599.329,
              6681394.862
            ],
            [
              25502595.708,
              6681391.334
            ],
            [
              25502597.349,
              6681389.649
            ]
          ]
        ]
      },
      "properties": {
        "confidence": 0.5687,
        "length_m": 5.06,
        "width_m": 2.35,
        "heading_deg": 45.7,
        "aoi": "r1-tattariharjuntie",
        "source_layer": "Ortoilmakuva_2025_5cm",
        "zoom": 16,
        "status": "confirmed",
        "class": "car"
      }
    },
    {
      "type": "Feature",
      "geometry": {
        "type": "Polygon",
        "coordinates": [
          [
            [
              25502578.665,
              6681342.548
            ],
            [
              25502580.694,
              6681343.418
            ],
            [
              25502578.546,
              6681348.423
            ],
            [
              25502576.517,
              6681347.553
            ],
            [
              25502578.665,
              6681342.548
            ]
          ]
        ]
      },
      "properties": {
        "confidence": 0.5682,
        "length_m": 5.45,
        "width_m": 2.21,
        "heading_deg": 156.8,
        "aoi": "r1-tattariharjuntie",
        "source_layer": "Ortoilmakuva_2025_5cm",
        "zoom": 16,
        "status": "rejected",
        "class": ""
      }
    },
    {
      "type": "Feature",
      "geometry": {
        "type": "Polygon",
        "coordinates": [
          [
            [
              25502716.818,
              6681241.792
            ],
            [
              25502718.597,
              6681243.034
            ],
            [
              25502716.27,
              6681246.369
            ],
            [
              25502714.49,
              6681245.127
            ],
            [
              25502716.818,
              6681241.792
            ]
          ]
        ]
      },
      "properties": {
        "confidence": 0.5642,
        "length_m": 4.07,
        "width_m": 2.17,
        "heading_deg": 145.1,
        "aoi": "r1-tattariharjuntie",
        "source_layer": "Ortoilmakuva_2025_5cm",
        "zoom": 16,
        "status": "rejected",
        "class": ""
      }
    },
    {
      "type": "Feature",
      "geometry": {
        "type": "Polygon",
        "coordinates": [
          [
            [
              25502851.985,
              6681392.095
            ],
            [
              25502853.519,
              6681393.88
            ],
            [
              25502849.617,
              6681397.235
            ],
            [
              25502848.083,
              6681395.45
            ],
            [
              25502851.985,
              6681392.095
            ]
          ]
        ]
      },
      "properties": {
        "confidence": 0.5623,
        "length_m": 5.15,
        "width_m": 2.35,
        "heading_deg": 130.7,
        "aoi": "r1-tattariharjuntie",
        "source_layer": "Ortoilmakuva_2025_5cm",
        "zoom": 16,
        "status": "confirmed",
        "class": "car"
      }
    },
    {
      "type": "Feature",
      "geometry": {
        "type": "Polygon",
        "coordinates": [
          [
            [
              25502674.082,
              6681413.69
            ],
            [
              25502677.319,
              6681417.443
            ],
            [
              25502675.457,
              6681419.049
            ],
            [
              25502672.22,
              6681415.296
            ],
            [
              25502674.082,
              6681413.69
            ]
          ]
        ]
      },
      "properties": {
        "confidence": 0.5602,
        "length_m": 4.96,
        "width_m": 2.46,
        "heading_deg": 40.8,
        "aoi": "r1-tattariharjuntie",
        "source_layer": "Ortoilmakuva_2025_5cm",
        "zoom": 16,
        "status": "rejected",
        "class": ""
      }
    },
    {
      "type": "Feature",
      "geometry": {
        "type": "Polygon",
        "coordinates": [
          [
            [
              25502708.832,
              6681246.189
            ],
            [
              25502710.919,
              6681247.657
            ],
            [
              25502707.738,
              6681252.18
            ],
            [
              25502705.651,
              6681250.712
            ],
            [
              25502708.832,
              6681246.189
            ]
          ]
        ]
      },
      "properties": {
        "confidence": 0.558,
        "length_m": 5.53,
        "width_m": 2.55,
        "heading_deg": 144.9,
        "aoi": "r1-tattariharjuntie",
        "source_layer": "Ortoilmakuva_2025_5cm",
        "zoom": 16,
        "status": "confirmed",
        "class": "van"
      }
    },
    {
      "type": "Feature",
      "geometry": {
        "type": "Polygon",
        "coordinates": [
          [
            [
              25502683.567,
              6681247.334
            ],
            [
              25502685.594,
              6681248.689
            ],
            [
              25502682.515,
              6681253.298
            ],
            [
              25502680.487,
              6681251.943
            ],
            [
              25502683.567,
              6681247.334
            ]
          ]
        ]
      },
      "properties": {
        "confidence": 0.5505,
        "length_m": 5.54,
        "width_m": 2.44,
        "heading_deg": 146.3,
        "aoi": "r1-tattariharjuntie",
        "source_layer": "Ortoilmakuva_2025_5cm",
        "zoom": 16,
        "status": "confirmed",
        "class": "van"
      }
    },
    {
      "type": "Feature",
      "geometry": {
        "type": "Polygon",
        "coordinates": [
          [
            [
              25502680.861,
              6681246.459
            ],
            [
              25502682.567,
              6681247.602
            ],
            [
              25502680.074,
              6681251.321
            ],
            [
              25502678.369,
              6681250.177
            ],
            [
              25502680.861,
              6681246.459
            ]
          ]
        ]
      },
      "properties": {
        "confidence": 0.5439,
        "length_m": 4.48,
        "width_m": 2.05,
        "heading_deg": 146.2,
        "aoi": "r1-tattariharjuntie",
        "source_layer": "Ortoilmakuva_2025_5cm",
        "zoom": 16,
        "status": "confirmed",
        "class": "car"
      }
    },
    {
      "type": "Feature",
      "geometry": {
        "type": "Polygon",
        "coordinates": [
          [
            [
              25502785.653,
              6681436.102
            ],
            [
              25502788.997,
              6681439.395
            ],
            [
              25502787.326,
              6681441.091
            ],
            [
              25502783.983,
              6681437.798
            ],
            [
              25502785.653,
              6681436.102
            ]
          ]
        ]
      },
      "properties": {
        "confidence": 0.5417,
        "length_m": 4.69,
        "width_m": 2.38,
        "heading_deg": 45.4,
        "aoi": "r1-tattariharjuntie",
        "source_layer": "Ortoilmakuva_2025_5cm",
        "zoom": 16,
        "status": "confirmed",
        "class": "car"
      }
    },
    {
      "type": "Feature",
      "geometry": {
        "type": "Polygon",
        "coordinates": [
          [
            [
              25502733.604,
              6681464.507
            ],
            [
              25502737.246,
              6681466.956
            ],
            [
              25502736.081,
              6681468.687
            ],
            [
              25502732.44,
              6681466.238
            ],
            [
              25502733.604,
              6681464.507
            ]
          ]
        ]
      },
      "properties": {
        "confidence": 0.5416,
        "length_m": 4.39,
        "width_m": 2.09,
        "heading_deg": 56.1,
        "aoi": "r1-tattariharjuntie",
        "source_layer": "Ortoilmakuva_2025_5cm",
        "zoom": 16,
        "status": "confirmed",
        "class": "car"
      }
    },
    {
      "type": "Feature",
      "geometry": {
        "type": "Polygon",
        "coordinates": [
          [
            [
              25502683.519,
              6681405.721
            ],
            [
              25502686.962,
              6681409.305
            ],
            [
              25502685.248,
              6681410.95
            ],
            [
              25502681.806,
              6681407.367
            ],
            [
              25502683.519,
              6681405.721
            ]
          ]
        ]
      },
      "properties": {
        "confidence": 0.5288,
        "length_m": 4.97,
        "width_m": 2.38,
        "heading_deg": 43.9,
        "aoi": "r1-tattariharjuntie",
        "source_layer": "Ortoilmakuva_2025_5cm",
        "zoom": 16,
        "status": "confirmed",
        "class": "car"
      }
    },
    {
      "type": "Feature",
      "geometry": {
        "type": "Polygon",
        "coordinates": [
          [
            [
              25502798.428,
              6681393.399
            ],
            [
              25502798.449,
              6681395.799
            ],
            [
              25502794.291,
              6681395.837
            ],
            [
              25502794.269,
              6681393.436
            ],
            [
              25502798.428,
              6681393.399
            ]
          ]
        ]
      },
      "properties": {
        "confidence": 0.5279,
        "length_m": 4.16,
        "width_m": 2.4,
        "heading_deg": 90.5,
        "aoi": "r1-tattariharjuntie",
        "source_layer": "Ortoilmakuva_2025_5cm",
        "zoom": 16,
        "status": "confirmed",
        "class": "car"
      }
    },
    {
      "type": "Feature",
      "geometry": {
        "type": "Polygon",
        "coordinates": [
          [
            [
              25502600.843,
              6681385.718
            ],
            [
              25502604.615,
              6681389.117
            ],
            [
              25502603.034,
              6681390.871
            ],
            [
              25502599.262,
              6681387.473
            ],
            [
              25502600.843,
              6681385.718
            ]
          ]
        ]
      },
      "properties": {
        "confidence": 0.5255,
        "length_m": 5.08,
        "width_m": 2.36,
        "heading_deg": 48,
        "aoi": "r1-tattariharjuntie",
        "source_layer": "Ortoilmakuva_2025_5cm",
        "zoom": 16,
        "status": "confirmed",
        "class": "car"
      }
    },
    {
      "type": "Feature",
      "geometry": {
        "type": "Polygon",
        "coordinates": [
          [
            [
              25502764.333,
              6681436.537
            ],
            [
              25502766.664,
              6681437.31
            ],
            [
              25502765.042,
              6681442.195
            ],
            [
              25502762.711,
              6681441.421
            ],
            [
              25502764.333,
              6681436.537
            ]
          ]
        ]
      },
      "properties": {
        "confidence": 0.5232,
        "length_m": 5.15,
        "width_m": 2.46,
        "heading_deg": 161.6,
        "aoi": "r1-tattariharjuntie",
        "source_layer": "Ortoilmakuva_2025_5cm",
        "zoom": 16,
        "status": "confirmed",
        "class": "van"
      }
    },
    {
      "type": "Feature",
      "geometry": {
        "type": "Polygon",
        "coordinates": [
          [
            [
              25502655.665,
              6681238.642
            ],
            [
              25502657.461,
              6681239.869
            ],
            [
              25502654.738,
              6681243.852
            ],
            [
              25502652.943,
              6681242.624
            ],
            [
              25502655.665,
              6681238.642
            ]
          ]
        ]
      },
      "properties": {
        "confidence": 0.5098,
        "length_m": 4.82,
        "width_m": 2.18,
        "heading_deg": 145.6,
        "aoi": "r1-tattariharjuntie",
        "source_layer": "Ortoilmakuva_2025_5cm",
        "zoom": 16,
        "status": "confirmed",
        "class": "car"
      }
    },
    {
      "type": "Feature",
      "geometry": {
        "type": "Polygon",
        "coordinates": [
          [
            [
              25502689.089,
              6681400.661
            ],
            [
              25502692.116,
              6681403.968
            ],
            [
              25502690.441,
              6681405.5
            ],
            [
              25502687.414,
              6681402.193
            ],
            [
              25502689.089,
              6681400.661
            ]
          ]
        ]
      },
      "properties": {
        "confidence": 0.5017,
        "length_m": 4.48,
        "width_m": 2.27,
        "heading_deg": 42.5,
        "aoi": "r1-tattariharjuntie",
        "source_layer": "Ortoilmakuva_2025_5cm",
        "zoom": 16,
        "status": "confirmed",
        "class": "car"
      }
    },
    {
      "type": "Feature",
      "geometry": {
        "type": "Polygon",
        "coordinates": [
          [
            [
              25502816.347,
              6681372.094
            ],
            [
              25502819.973,
              6681375.731
            ],
            [
              25502818.386,
              6681377.312
            ],
            [
              25502814.76,
              6681373.675
            ],
            [
              25502816.347,
              6681372.094
            ]
          ]
        ]
      },
      "properties": {
        "confidence": 0.4833,
        "length_m": 5.14,
        "width_m": 2.24,
        "heading_deg": 44.9,
        "aoi": "r1-tattariharjuntie",
        "source_layer": "Ortoilmakuva_2025_5cm",
        "zoom": 16,
        "status": "confirmed",
        "class": "van"
      }
    },
    {
      "type": "Feature",
      "geometry": {
        "type": "Polygon",
        "coordinates": [
          [
            [
              25502647.58,
              6681251.045
            ],
            [
              25502649.577,
              6681252.358
            ],
            [
              25502646.758,
              6681256.643
            ],
            [
              25502644.762,
              6681255.331
            ],
            [
              25502647.58,
              6681251.045
            ]
          ]
        ]
      },
      "properties": {
        "confidence": 0.4792,
        "length_m": 5.13,
        "width_m": 2.39,
        "heading_deg": 146.7,
        "aoi": "r1-tattariharjuntie",
        "source_layer": "Ortoilmakuva_2025_5cm",
        "zoom": 16,
        "status": "confirmed",
        "class": "van"
      }
    },
    {
      "type": "Feature",
      "geometry": {
        "type": "Polygon",
        "coordinates": [
          [
            [
              25502736.73,
              6681255.169
            ],
            [
              25502742.277,
              6681256.436
            ],
            [
              25502741.704,
              6681258.942
            ],
            [
              25502736.157,
              6681257.675
            ],
            [
              25502736.73,
              6681255.169
            ]
          ]
        ]
      },
      "properties": {
        "confidence": 0.4765,
        "length_m": 5.69,
        "width_m": 2.57,
        "heading_deg": 77.1,
        "aoi": "r1-tattariharjuntie",
        "source_layer": "Ortoilmakuva_2025_5cm",
        "zoom": 16,
        "status": "rejected",
        "class": ""
      }
    },
    {
      "type": "Feature",
      "geometry": {
        "type": "Polygon",
        "coordinates": [
          [
            [
              25502704.416,
              6681386.756
            ],
            [
              25502707.561,
              6681391.289
            ],
            [
              25502705.512,
              6681392.71
            ],
            [
              25502702.367,
              6681388.177
            ],
            [
              25502704.416,
              6681386.756
            ]
          ]
        ]
      },
      "properties": {
        "confidence": 0.4759,
        "length_m": 5.52,
        "width_m": 2.49,
        "heading_deg": 34.8,
        "aoi": "r1-tattariharjuntie",
        "source_layer": "Ortoilmakuva_2025_5cm",
        "zoom": 16,
        "status": "confirmed",
        "class": "car"
      }
    },
    {
      "type": "Feature",
      "geometry": {
        "type": "Polygon",
        "coordinates": [
          [
            [
              25502683.585,
              6681247.426
            ],
            [
              25502685.472,
              6681248.722
            ],
            [
              25502682.283,
              6681253.365
            ],
            [
              25502680.396,
              6681252.068
            ],
            [
              25502683.585,
              6681247.426
            ]
          ]
        ]
      },
      "properties": {
        "confidence": 0.4749,
        "length_m": 5.63,
        "width_m": 2.29,
        "heading_deg": 145.5,
        "aoi": "r1-tattariharjuntie",
        "source_layer": "Ortoilmakuva_2025_5cm",
        "zoom": 16,
        "status": "rejected",
        "class": ""
      }
    },
    {
      "type": "Feature",
      "geometry": {
        "type": "Polygon",
        "coordinates": [
          [
            [
              25502736.816,
              6681255.216
            ],
            [
              25502742.428,
              6681256.532
            ],
            [
              25502741.835,
              6681259.062
            ],
            [
              25502736.223,
              6681257.746
            ],
            [
              25502736.816,
              6681255.216
            ]
          ]
        ]
      },
      "properties": {
        "confidence": 0.4645,
        "length_m": 5.76,
        "width_m": 2.6,
        "heading_deg": 76.8,
        "aoi": "r1-tattariharjuntie",
        "source_layer": "Ortoilmakuva_2025_5cm",
        "zoom": 16,
        "status": "confirmed",
        "class": "car"
      }
    },
    {
      "type": "Feature",
      "geometry": {
        "type": "Polygon",
        "coordinates": [
          [
            [
              25502723.767,
              6681373.839
            ],
            [
              25502726.611,
              6681377.095
            ],
            [
              25502724.823,
              6681378.657
            ],
            [
              25502721.979,
              6681375.401
            ],
            [
              25502723.767,
              6681373.839
            ]
          ]
        ]
      },
      "properties": {
        "confidence": 0.4644,
        "length_m": 4.32,
        "width_m": 2.37,
        "heading_deg": 41.1,
        "aoi": "r1-tattariharjuntie",
        "source_layer": "Ortoilmakuva_2025_5cm",
        "zoom": 16,
        "status": "confirmed",
        "class": "car"
      }
    },
    {
      "type": "Feature",
      "geometry": {
        "type": "Polygon",
        "coordinates": [
          [
            [
              25502738.624,
              6681396.378
            ],
            [
              25502742.328,
              6681399.237
            ],
            [
              25502741.007,
              6681400.949
            ],
            [
              25502737.303,
              6681398.089
            ],
            [
              25502738.624,
              6681396.378
            ]
          ]
        ]
      },
      "properties": {
        "confidence": 0.4551,
        "length_m": 4.68,
        "width_m": 2.16,
        "heading_deg": 52.3,
        "aoi": "r1-tattariharjuntie",
        "source_layer": "Ortoilmakuva_2025_5cm",
        "zoom": 16,
        "status": "confirmed",
        "class": "car"
      }
    },
    {
      "type": "Feature",
      "geometry": {
        "type": "Polygon",
        "coordinates": [
          [
            [
              25502694.137,
              6681427.563
            ],
            [
              25502698.148,
              6681430.665
            ],
            [
              25502696.629,
              6681432.63
            ],
            [
              25502692.618,
              6681429.529
            ],
            [
              25502694.137,
              6681427.563
            ]
          ]
        ]
      },
      "properties": {
        "confidence": 0.4477,
        "length_m": 5.07,
        "width_m": 2.48,
        "heading_deg": 52.3,
        "aoi": "r1-tattariharjuntie",
        "source_layer": "Ortoilmakuva_2025_5cm",
        "zoom": 16,
        "status": "confirmed",
        "class": "car"
      }
    },
    {
      "type": "Feature",
      "geometry": {
        "type": "Polygon",
        "coordinates": [
          [
            [
              25502875.441,
              6681511.199
            ],
            [
              25502878.471,
              6681515.488
            ],
            [
              25502876.379,
              6681516.966
            ],
            [
              25502873.35,
              6681512.677
            ],
            [
              25502875.441,
              6681511.199
            ]
          ]
        ]
      },
      "properties": {
        "confidence": 0.4379,
        "length_m": 5.25,
        "width_m": 2.56,
        "heading_deg": 35.2,
        "aoi": "r1-tattariharjuntie",
        "source_layer": "Ortoilmakuva_2025_5cm",
        "zoom": 16,
        "status": "confirmed",
        "class": "van"
      }
    },
    {
      "type": "Feature",
      "geometry": {
        "type": "Polygon",
        "coordinates": [
          [
            [
              25502714.507,
              6681378.192
            ],
            [
              25502719.051,
              6681383.654
            ],
            [
              25502716.384,
              6681385.873
            ],
            [
              25502711.841,
              6681380.411
            ],
            [
              25502714.507,
              6681378.192
            ]
          ]
        ]
      },
      "properties": {
        "confidence": 0.4252,
        "length_m": 7.11,
        "width_m": 3.47,
        "heading_deg": 39.8,
        "aoi": "r1-tattariharjuntie",
        "source_layer": "Ortoilmakuva_2025_5cm",
        "zoom": 16,
        "status": "rejected",
        "class": ""
      }
    },
    {
      "type": "Feature",
      "geometry": {
        "type": "Polygon",
        "coordinates": [
          [
            [
              25502590.699,
              6681345.78
            ],
            [
              25502592.887,
              6681346.706
            ],
            [
              25502590.075,
              6681353.347
            ],
            [
              25502587.887,
              6681352.421
            ],
            [
              25502590.699,
              6681345.78
            ]
          ]
        ]
      },
      "properties": {
        "confidence": 0.425,
        "length_m": 7.21,
        "width_m": 2.38,
        "heading_deg": 157.1,
        "aoi": "r1-tattariharjuntie",
        "source_layer": "Ortoilmakuva_2025_5cm",
        "zoom": 16,
        "status": "rejected",
        "class": ""
      }
    },
    {
      "type": "Feature",
      "geometry": {
        "type": "Polygon",
        "coordinates": [
          [
            [
              25502818.142,
              6681430.67
            ],
            [
              25502822.122,
              6681433.208
            ],
            [
              25502820.853,
              6681435.197
            ],
            [
              25502816.874,
              6681432.658
            ],
            [
              25502818.142,
              6681430.67
            ]
          ]
        ]
      },
      "properties": {
        "confidence": 0.4183,
        "length_m": 4.72,
        "width_m": 2.36,
        "heading_deg": 57.5,
        "aoi": "r1-tattariharjuntie",
        "source_layer": "Ortoilmakuva_2025_5cm",
        "zoom": 16,
        "status": "confirmed",
        "class": "car"
      }
    },
    {
      "type": "Feature",
      "geometry": {
        "type": "Polygon",
        "coordinates": [
          [
            [
              25502689.09,
              6681400.611
            ],
            [
              25502692.202,
              6681404.072
            ],
            [
              25502690.491,
              6681405.611
            ],
            [
              25502687.379,
              6681402.151
            ],
            [
              25502689.09,
              6681400.611
            ]
          ]
        ]
      },
      "properties": {
        "confidence": 0.4178,
        "length_m": 4.65,
        "width_m": 2.3,
        "heading_deg": 42,
        "aoi": "r1-tattariharjuntie",
        "source_layer": "Ortoilmakuva_2025_5cm",
        "zoom": 16,
        "status": "rejected",
        "class": ""
      }
    },
    {
      "type": "Feature",
      "geometry": {
        "type": "Polygon",
        "coordinates": [
          [
            [
              25502770.34,
              6681371.492
            ],
            [
              25502771.258,
              6681373.465
            ],
            [
              25502767.164,
              6681375.371
            ],
            [
              25502766.245,
              6681373.398
            ],
            [
              25502770.34,
              6681371.492
            ]
          ]
        ]
      },
      "properties": {
        "confidence": 0.3923,
        "length_m": 4.52,
        "width_m": 2.18,
        "heading_deg": 115,
        "aoi": "r1-tattariharjuntie",
        "source_layer": "Ortoilmakuva_2025_5cm",
        "zoom": 16,
        "status": "confirmed",
        "class": "car"
      }
    },
    {
      "type": "Feature",
      "geometry": {
        "type": "Polygon",
        "coordinates": [
          [
            [
              25502675.711,
              6681412.097
            ],
            [
              25502678.655,
              6681415.557
            ],
            [
              25502676.942,
              6681417.014
            ],
            [
              25502673.998,
              6681413.554
            ],
            [
              25502675.711,
              6681412.097
            ]
          ]
        ]
      },
      "properties": {
        "confidence": 0.3847,
        "length_m": 4.54,
        "width_m": 2.25,
        "heading_deg": 40.4,
        "aoi": "r1-tattariharjuntie",
        "source_layer": "Ortoilmakuva_2025_5cm",
        "zoom": 16,
        "status": "rejected",
        "class": ""
      }
    },
    {
      "type": "Feature",
      "geometry": {
        "type": "Polygon",
        "coordinates": [
          [
            [
              25502578.655,
              6681342.618
            ],
            [
              25502580.6,
              6681343.469
            ],
            [
              25502578.407,
              6681348.474
            ],
            [
              25502576.463,
              6681347.623
            ],
            [
              25502578.655,
              6681342.618
            ]
          ]
        ]
      },
      "properties": {
        "confidence": 0.3645,
        "length_m": 5.46,
        "width_m": 2.12,
        "heading_deg": 156.3,
        "aoi": "r1-tattariharjuntie",
        "source_layer": "Ortoilmakuva_2025_5cm",
        "zoom": 16,
        "status": "confirmed",
        "class": "car"
      }
    },
    {
      "type": "Feature",
      "geometry": {
        "type": "Polygon",
        "coordinates": [
          [
            [
              25502574.072,
              6681382.255
            ],
            [
              25502576.144,
              6681383.122
            ],
            [
              25502574.182,
              6681387.808
            ],
            [
              25502572.11,
              6681386.94
            ],
            [
              25502574.072,
              6681382.255
            ]
          ]
        ]
      },
      "properties": {
        "confidence": 0.3634,
        "length_m": 5.08,
        "width_m": 2.25,
        "heading_deg": 157.3,
        "aoi": "r1-tattariharjuntie",
        "source_layer": "Ortoilmakuva_2025_5cm",
        "zoom": 16,
        "status": "confirmed",
        "class": "car"
      }
    },
    {
      "type": "Feature",
      "geometry": {
        "type": "Polygon",
        "coordinates": [
          [
            [
              25502679.73,
              6681408.434
            ],
            [
              25502683.608,
              6681412.687
            ],
            [
              25502681.731,
              6681414.398
            ],
            [
              25502677.853,
              6681410.145
            ],
            [
              25502679.73,
              6681408.434
            ]
          ]
        ]
      },
      "properties": {
        "confidence": 0.3535,
        "length_m": 5.76,
        "width_m": 2.54,
        "heading_deg": 42.4,
        "aoi": "r1-tattariharjuntie",
        "source_layer": "Ortoilmakuva_2025_5cm",
        "zoom": 16,
        "status": "rejected",
        "class": ""
      }
    },
    {
      "type": "Feature",
      "geometry": {
        "type": "Polygon",
        "coordinates": [
          [
            [
              25502770.997,
              6681373.776
            ],
            [
              25502771.851,
              6681376.047
            ],
            [
              25502767.242,
              6681377.78
            ],
            [
              25502766.388,
              6681375.51
            ],
            [
              25502770.997,
              6681373.776
            ]
          ]
        ]
      },
      "properties": {
        "confidence": 0.3386,
        "length_m": 4.92,
        "width_m": 2.43,
        "heading_deg": 110.6,
        "aoi": "r1-tattariharjuntie",
        "source_layer": "Ortoilmakuva_2025_5cm",
        "zoom": 16,
        "status": "confirmed",
        "class": "car"
      }
    },
    {
      "type": "Feature",
      "geometry": {
        "type": "Polygon",
        "coordinates": [
          [
            [
              25502810.375,
              6681444.32
            ],
            [
              25502814.78,
              6681447.167
            ],
            [
              25502813.452,
              6681449.221
            ],
            [
              25502809.047,
              6681446.374
            ],
            [
              25502810.375,
              6681444.32
            ]
          ]
        ]
      },
      "properties": {
        "confidence": 0.3275,
        "length_m": 5.24,
        "width_m": 2.45,
        "heading_deg": 57.1,
        "aoi": "r1-tattariharjuntie",
        "source_layer": "Ortoilmakuva_2025_5cm",
        "zoom": 16,
        "status": "confirmed",
        "class": "van"
      }
    },
    {
      "type": "Feature",
      "geometry": {
        "type": "Polygon",
        "coordinates": [
          [
            [
              25502581.658,
              6681405.333
            ],
            [
              25502585.228,
              6681408.42
            ],
            [
              25502583.753,
              6681410.126
            ],
            [
              25502580.183,
              6681407.038
            ],
            [
              25502581.658,
              6681405.333
            ]
          ]
        ]
      },
      "properties": {
        "confidence": 0.323,
        "length_m": 4.72,
        "width_m": 2.26,
        "heading_deg": 49.1,
        "aoi": "r1-tattariharjuntie",
        "source_layer": "Ortoilmakuva_2025_5cm",
        "zoom": 16,
        "status": "confirmed",
        "class": "van"
      }
    },
    {
      "type": "Feature",
      "geometry": {
        "type": "Polygon",
        "coordinates": [
          [
            [
              25502583.517,
              6681403.756
            ],
            [
              25502586.536,
              6681406.823
            ],
            [
              25502585.061,
              6681408.275
            ],
            [
              25502582.042,
              6681405.208
            ],
            [
              25502583.517,
              6681403.756
            ]
          ]
        ]
      },
      "properties": {
        "confidence": 0.3169,
        "length_m": 4.3,
        "width_m": 2.07,
        "heading_deg": 44.5,
        "aoi": "r1-tattariharjuntie",
        "source_layer": "Ortoilmakuva_2025_5cm",
        "zoom": 16,
        "status": "confirmed",
        "class": "car"
      }
    },
    {
      "type": "Feature",
      "geometry": {
        "type": "Polygon",
        "coordinates": [
          [
            [
              25502599.634,
              6681388.36
            ],
            [
              25502602.79,
              6681391.505
            ],
            [
              25502601.24,
              6681393.06
            ],
            [
              25502598.084,
              6681389.916
            ],
            [
              25502599.634,
              6681388.36
            ]
          ]
        ]
      },
      "properties": {
        "confidence": 0.3017,
        "length_m": 4.46,
        "width_m": 2.2,
        "heading_deg": 45.1,
        "aoi": "r1-tattariharjuntie",
        "source_layer": "Ortoilmakuva_2025_5cm",
        "zoom": 16,
        "status": "confirmed",
        "class": "car"
      }
    },
    {
      "type": "Feature",
      "geometry": {
        "type": "Polygon",
        "coordinates": [
          [
            [
              25502679.562,
              6681408.463
            ],
            [
              25502683.448,
              6681412.683
            ],
            [
              25502681.689,
              6681414.303
            ],
            [
              25502677.803,
              6681410.083
            ],
            [
              25502679.562,
              6681408.463
            ]
          ]
        ]
      },
      "properties": {
        "confidence": 0.3011,
        "length_m": 5.74,
        "width_m": 2.39,
        "heading_deg": 42.6,
        "aoi": "r1-tattariharjuntie",
        "source_layer": "Ortoilmakuva_2025_5cm",
        "zoom": 16,
        "status": "confirmed",
        "class": "car"
      }
    },
    {
      "type": "Feature",
      "geometry": {
        "type": "Polygon",
        "coordinates": [
          [
            [
              25502590.668,
              6681345.689
            ],
            [
              25502592.841,
              6681346.592
            ],
            [
              25502590.036,
              6681353.344
            ],
            [
              25502587.863,
              6681352.441
            ],
            [
              25502590.668,
              6681345.689
            ]
          ]
        ]
      },
      "properties": {
        "confidence": 0.2924,
        "length_m": 7.31,
        "width_m": 2.35,
        "heading_deg": 157.4,
        "aoi": "r1-tattariharjuntie",
        "source_layer": "Ortoilmakuva_2025_5cm",
        "zoom": 16,
        "status": "confirmed",
        "class": "van"
      }
    },
    {
      "type": "Feature",
      "geometry": {
        "type": "Polygon",
        "coordinates": [
          [
            [
              25502843.064,
              6681426.731
            ],
            [
              25502843.188,
              6681428.89
            ],
            [
              25502839.107,
              6681429.125
            ],
            [
              25502838.983,
              6681426.966
            ],
            [
              25502843.064,
              6681426.731
            ]
          ]
        ]
      },
      "properties": {
        "confidence": 0.277,
        "length_m": 4.09,
        "width_m": 2.16,
        "heading_deg": 93.3,
        "aoi": "r1-tattariharjuntie",
        "source_layer": "Ortoilmakuva_2025_5cm",
        "zoom": 16,
        "status": "confirmed",
        "class": "car"
      }
    },
    {
      "type": "Feature",
      "geometry": {
        "type": "Polygon",
        "coordinates": [
          [
            [
              25502574.088,
              6681382.236
            ],
            [
              25502576.188,
              6681383.144
            ],
            [
              25502574.176,
              6681387.798
            ],
            [
              25502572.075,
              6681386.89
            ],
            [
              25502574.088,
              6681382.236
            ]
          ]
        ]
      },
      "properties": {
        "confidence": 0.2765,
        "length_m": 5.07,
        "width_m": 2.29,
        "heading_deg": 156.6,
        "aoi": "r1-tattariharjuntie",
        "source_layer": "Ortoilmakuva_2025_5cm",
        "zoom": 16,
        "status": "rejected",
        "class": ""
      }
    },
    {
      "type": "Feature",
      "geometry": {
        "type": "Polygon",
        "coordinates": [
          [
            [
              25502645.363,
              6681250.116
            ],
            [
              25502647.098,
              6681251.319
            ],
            [
              25502644.61,
              6681254.908
            ],
            [
              25502642.875,
              6681253.705
            ],
            [
              25502645.363,
              6681250.116
            ]
          ]
        ]
      },
      "properties": {
        "confidence": 0.273,
        "length_m": 4.37,
        "width_m": 2.11,
        "heading_deg": 145.3,
        "aoi": "r1-tattariharjuntie",
        "source_layer": "Ortoilmakuva_2025_5cm",
        "zoom": 16,
        "status": "confirmed",
        "class": "car"
      }
    },
    {
      "type": "Feature",
      "geometry": {
        "type": "Polygon",
        "coordinates": [
          [
            [
              25502681.52,
              6681407.106
            ],
            [
              25502684.48,
              6681410.408
            ],
            [
              25502682.895,
              6681411.829
            ],
            [
              25502679.934,
              6681408.527
            ],
            [
              25502681.52,
              6681407.106
            ]
          ]
        ]
      },
      "properties": {
        "confidence": 0.2656,
        "length_m": 4.43,
        "width_m": 2.13,
        "heading_deg": 41.9,
        "aoi": "r1-tattariharjuntie",
        "source_layer": "Ortoilmakuva_2025_5cm",
        "zoom": 16,
        "status": "rejected",
        "class": ""
      }
    },
    {
      "type": "Feature",
      "geometry": {
        "type": "Polygon",
        "coordinates": [
          [
            [
              25502675.892,
              6681214.781
            ],
            [
              25502670.854,
              6681211.243
            ],
            [
              25502669.422,
              6681213.281
            ],
            [
              25502674.461,
              6681216.819
            ],
            [
              25502675.892,
              6681214.781
            ]
          ]
        ]
      },
      "properties": {
        "confidence": 0.2607,
        "length_m": 6.16,
        "width_m": 2.49,
        "heading_deg": 54.9,
        "aoi": "r1-tattariharjuntie",
        "source_layer": "Ortoilmakuva_2025_5cm",
        "zoom": 16,
        "status": "confirmed",
        "class": "van"
      }
    },
    {
      "type": "Feature",
      "geometry": {
        "type": "Polygon",
        "coordinates": [
          [
            [
              25502768.284,
              6681366.518
            ],
            [
              25502769.262,
              6681368.869
            ],
            [
              25502764.598,
              6681370.807
            ],
            [
              25502763.621,
              6681368.456
            ],
            [
              25502768.284,
              6681366.518
            ]
          ]
        ]
      },
      "properties": {
        "confidence": 0.2572,
        "length_m": 5.05,
        "width_m": 2.55,
        "heading_deg": 112.6,
        "aoi": "r1-tattariharjuntie",
        "source_layer": "Ortoilmakuva_2025_5cm",
        "zoom": 16,
        "status": "confirmed",
        "class": "car"
      }
    },
    {
      "type": "Feature",
      "geometry": {
        "type": "Polygon",
        "coordinates": [
          [
            [
              25502830.217,
              6681393.549
            ],
            [
              25502833.739,
              6681398.192
            ],
            [
              25502831.683,
              6681399.751
            ],
            [
              25502828.161,
              6681395.108
            ],
            [
              25502830.217,
              6681393.549
            ]
          ]
        ]
      },
      "properties": {
        "confidence": 0.2567,
        "length_m": 5.83,
        "width_m": 2.58,
        "heading_deg": 37.2,
        "aoi": "r1-tattariharjuntie",
        "source_layer": "Ortoilmakuva_2025_5cm",
        "zoom": 16,
        "status": "confirmed",
        "class": "truck"
      }
    },
    {
      "type": "Feature",
      "geometry": {
        "type": "Polygon",
        "coordinates": [
          [
            [
              25502674.03,
              6681413.628
            ],
            [
              25502677.148,
              6681417.187
            ],
            [
              25502675.426,
              6681418.696
            ],
            [
              25502672.308,
              6681415.138
            ],
            [
              25502674.03,
              6681413.628
            ]
          ]
        ]
      },
      "properties": {
        "confidence": 0.2515,
        "length_m": 4.73,
        "width_m": 2.29,
        "heading_deg": 41.2,
        "aoi": "r1-tattariharjuntie",
        "source_layer": "Ortoilmakuva_2025_5cm",
        "zoom": 16,
        "status": "confirmed",
        "class": "car"
      }
    },
    {
      "type": "Feature",
      "geometry": {
        "type": "Polygon",
        "coordinates": [
          [
            [
              25502712.166,
              6681272.17
            ],
            [
              25502710.499,
              6681268.538
            ],
            [
              25502708.682,
              6681269.372
            ],
            [
              25502710.348,
              6681273.004
            ],
            [
              25502712.166,
              6681272.17
            ]
          ]
        ]
      },
      "properties": {
        "class": "car",
        "status": "added",
        "confidence": null,
        "aoi": "r1-tattariharjuntie",
        "source_layer": "Ortoilmakuva_2025_5cm",
        "zoom": 16,
        "length_m": 4,
        "width_m": 2,
        "heading_deg": 24.6
      }
    },
    {
      "type": "Feature",
      "geometry": {
        "type": "Polygon",
        "coordinates": [
          [
            [
              25502650.275,
              6681244.101
            ],
            [
              25502653.648,
              6681240.409
            ],
            [
              25502651.972,
              6681238.877
            ],
            [
              25502648.599,
              6681242.569
            ],
            [
              25502650.275,
              6681244.101
            ]
          ]
        ]
      },
      "properties": {
        "class": "car",
        "status": "added",
        "confidence": null,
        "aoi": "r1-tattariharjuntie",
        "source_layer": "Ortoilmakuva_2025_5cm",
        "zoom": 16,
        "length_m": 5,
        "width_m": 2.27,
        "heading_deg": 137.6
      }
    },
    {
      "type": "Feature",
      "geometry": {
        "type": "Polygon",
        "coordinates": [
          [
            [
              25502668.077,
              6681230.688
            ],
            [
              25502672.005,
              6681233.566
            ],
            [
              25502673.347,
              6681231.734
            ],
            [
              25502669.419,
              6681228.856
            ],
            [
              25502668.077,
              6681230.688
            ]
          ]
        ]
      },
      "properties": {
        "class": "car",
        "status": "added",
        "confidence": null,
        "aoi": "r1-tattariharjuntie",
        "source_layer": "Ortoilmakuva_2025_5cm",
        "zoom": 16,
        "length_m": 4.87,
        "width_m": 2.27,
        "heading_deg": 53.8
      }
    }
  ]
}
