{
  "type": "FeatureCollection",
  "crs": {
    "type": "name",
    "properties": {
      "name": "urn:ogc:def:crs:EPSG::3879"
    }
  },
  "features": [
    {
      "type": "Feature",
      "geometry": {
        "type": "Polygon",
        "coordinates": [
          [
            [
              25496214.401,
              6677546.34
            ],
            [
              25496215.252,
              6677549.088
            ],
            [
              25496203.834,
              6677552.623
            ],
            [
              25496202.984,
              6677549.874
            ],
            [
              25496214.401,
              6677546.34
            ]
          ]
        ]
      },
      "properties": {
        "confidence": 0.8699,
        "length_m": 11.95,
        "width_m": 2.88,
        "heading_deg": 107.2,
        "aoi": "r1-veturitie",
        "source_layer": "Ortoilmakuva_2025_5cm",
        "zoom": 16,
        "status": "confirmed",
        "class": "bus"
      }
    },
    {
      "type": "Feature",
      "geometry": {
        "type": "Polygon",
        "coordinates": [
          [
            [
              25496216.604,
              6677553.702
            ],
            [
              25496217.403,
              6677556.554
            ],
            [
              25496205.947,
              6677559.762
            ],
            [
              25496205.148,
              6677556.909
            ],
            [
              25496216.604,
              6677553.702
            ]
          ]
        ]
      },
      "properties": {
        "confidence": 0.8695,
        "length_m": 11.9,
        "width_m": 2.96,
        "heading_deg": 105.6,
        "aoi": "r1-veturitie",
        "source_layer": "Ortoilmakuva_2025_5cm",
        "zoom": 16,
        "status": "confirmed",
        "class": "bus"
      }
    },
    {
      "type": "Feature",
      "geometry": {
        "type": "Polygon",
        "coordinates": [
          [
            [
              25496309.182,
              6677555.078
            ],
            [
              25496294.817,
              6677559.444
            ],
            [
              25496295.689,
              6677562.311
            ],
            [
              25496310.054,
              6677557.946
            ],
            [
              25496309.182,
              6677555.078
            ]
          ]
        ]
      },
      "properties": {
        "confidence": 0.869,
        "length_m": 15.01,
        "width_m": 3,
        "heading_deg": 106.9,
        "aoi": "r1-veturitie",
        "source_layer": "Ortoilmakuva_2025_5cm",
        "zoom": 16,
        "status": "confirmed",
        "class": "bus"
      }
    },
    {
      "type": "Feature",
      "geometry": {
        "type": "Polygon",
        "coordinates": [
          [
            [
              25496212.518,
              6677539.594
            ],
            [
              25496213.185,
              6677542.379
            ],
            [
              25496201.589,
              6677545.156
            ],
            [
              25496200.922,
              6677542.37
            ],
            [
              25496212.518,
              6677539.594
            ]
          ]
        ]
      },
      "properties": {
        "confidence": 0.8686,
        "length_m": 11.92,
        "width_m": 2.86,
        "heading_deg": 103.5,
        "aoi": "r1-veturitie",
        "source_layer": "Ortoilmakuva_2025_5cm",
        "zoom": 16,
        "status": "confirmed",
        "class": "bus"
      }
    },
    {
      "type": "Feature",
      "geometry": {
        "type": "Polygon",
        "coordinates": [
          [
            [
              25496228.839,
              6677593.792
            ],
            [
              25496229.584,
              6677596.733
            ],
            [
              25496217.131,
              6677599.889
            ],
            [
              25496216.386,
              6677596.949
            ],
            [
              25496228.839,
              6677593.792
            ]
          ]
        ]
      },
      "properties": {
        "confidence": 0.8678,
        "length_m": 12.85,
        "width_m": 3.03,
        "heading_deg": 104.2,
        "aoi": "r1-veturitie",
        "source_layer": "Ortoilmakuva_2025_5cm",
        "zoom": 16,
        "status": "confirmed",
        "class": "bus"
      }
    },
    {
      "type": "Feature",
      "geometry": {
        "type": "Polygon",
        "coordinates": [
          [
            [
              25496224.046,
              6677579.29
            ],
            [
              25496224.847,
              6677582.105
            ],
            [
              25496213.279,
              6677585.399
            ],
            [
              25496212.477,
              6677582.584
            ],
            [
              25496224.046,
              6677579.29
            ]
          ]
        ]
      },
      "properties": {
        "confidence": 0.8673,
        "length_m": 12.03,
        "width_m": 2.93,
        "heading_deg": 105.9,
        "aoi": "r1-veturitie",
        "source_layer": "Ortoilmakuva_2025_5cm",
        "zoom": 16,
        "status": "confirmed",
        "class": "bus"
      }
    },
    {
      "type": "Feature",
      "geometry": {
        "type": "Polygon",
        "coordinates": [
          [
            [
              25496265.167,
              6677520.04
            ],
            [
              25496250.6,
              6677524.115
            ],
            [
              25496251.395,
              6677526.955
            ],
            [
              25496265.962,
              6677522.88
            ],
            [
              25496265.167,
              6677520.04
            ]
          ]
        ]
      },
      "properties": {
        "confidence": 0.8669,
        "length_m": 15.13,
        "width_m": 2.95,
        "heading_deg": 105.6,
        "aoi": "r1-veturitie",
        "source_layer": "Ortoilmakuva_2025_5cm",
        "zoom": 16,
        "status": "confirmed",
        "class": "bus"
      }
    },
    {
      "type": "Feature",
      "geometry": {
        "type": "Polygon",
        "coordinates": [
          [
            [
              25496220.625,
              6677564.325
            ],
            [
              25496221.455,
              6677567.134
            ],
            [
              25496209.332,
              6677570.717
            ],
            [
              25496208.502,
              6677567.908
            ],
            [
              25496220.625,
              6677564.325
            ]
          ]
        ]
      },
      "properties": {
        "confidence": 0.8665,
        "length_m": 12.64,
        "width_m": 2.93,
        "heading_deg": 106.5,
        "aoi": "r1-veturitie",
        "source_layer": "Ortoilmakuva_2025_5cm",
        "zoom": 16,
        "status": "confirmed",
        "class": "bus"
      }
    },
    {
      "type": "Feature",
      "geometry": {
        "type": "Polygon",
        "coordinates": [
          [
            [
              25496277.017,
              6677564.141
            ],
            [
              25496277.906,
              6677567.17
            ],
            [
              25496263.896,
              6677571.282
            ],
            [
              25496263.007,
              6677568.253
            ],
            [
              25496277.017,
              6677564.141
            ]
          ]
        ]
      },
      "properties": {
        "confidence": 0.8662,
        "length_m": 14.6,
        "width_m": 3.16,
        "heading_deg": 106.4,
        "aoi": "r1-veturitie",
        "source_layer": "Ortoilmakuva_2025_5cm",
        "zoom": 16,
        "status": "confirmed",
        "class": "bus"
      }
    },
    {
      "type": "Feature",
      "geometry": {
        "type": "Polygon",
        "coordinates": [
          [
            [
              25496274.5,
              6677557.428
            ],
            [
              25496275.247,
              6677560.482
            ],
            [
              25496261.187,
              6677563.922
            ],
            [
              25496260.44,
              6677560.868
            ],
            [
              25496274.5,
              6677557.428
            ]
          ]
        ]
      },
      "properties": {
        "confidence": 0.8658,
        "length_m": 14.47,
        "width_m": 3.14,
        "heading_deg": 103.7,
        "aoi": "r1-veturitie",
        "source_layer": "Ortoilmakuva_2025_5cm",
        "zoom": 16,
        "status": "confirmed",
        "class": "bus"
      }
    },
    {
      "type": "Feature",
      "geometry": {
        "type": "Polygon",
        "coordinates": [
          [
            [
              25496234.986,
              6677489.213
            ],
            [
              25496235.902,
              6677492.11
            ],
            [
              25496221.56,
              6677496.645
            ],
            [
              25496220.643,
              6677493.749
            ],
            [
              25496234.986,
              6677489.213
            ]
          ]
        ]
      },
      "properties": {
        "confidence": 0.8651,
        "length_m": 15.04,
        "width_m": 3.04,
        "heading_deg": 107.5,
        "aoi": "r1-veturitie",
        "source_layer": "Ortoilmakuva_2025_5cm",
        "zoom": 16,
        "status": "confirmed",
        "class": "bus"
      }
    },
    {
      "type": "Feature",
      "geometry": {
        "type": "Polygon",
        "coordinates": [
          [
            [
              25496222.192,
              6677628.066
            ],
            [
              25496222.63,
              6677630.297
            ],
            [
              25496217.565,
              6677631.291
            ],
            [
              25496217.128,
              6677629.059
            ],
            [
              25496222.192,
              6677628.066
            ]
          ]
        ]
      },
      "properties": {
        "confidence": 0.8642,
        "length_m": 5.16,
        "width_m": 2.27,
        "heading_deg": 101.1,
        "aoi": "r1-veturitie",
        "source_layer": "Ortoilmakuva_2025_5cm",
        "zoom": 16,
        "status": "confirmed",
        "class": "car"
      }
    },
    {
      "type": "Feature",
      "geometry": {
        "type": "Polygon",
        "coordinates": [
          [
            [
              25496245.813,
              6677462.261
            ],
            [
              25496246.746,
              6677465.292
            ],
            [
              25496234.396,
              6677469.095
            ],
            [
              25496233.462,
              6677466.063
            ],
            [
              25496245.813,
              6677462.261
            ]
          ]
        ]
      },
      "properties": {
        "confidence": 0.8641,
        "length_m": 12.92,
        "width_m": 3.17,
        "heading_deg": 107.1,
        "aoi": "r1-veturitie",
        "source_layer": "Ortoilmakuva_2025_5cm",
        "zoom": 16,
        "status": "confirmed",
        "class": "bus"
      }
    },
    {
      "type": "Feature",
      "geometry": {
        "type": "Polygon",
        "coordinates": [
          [
            [
              25496196.882,
              6677592.983
            ],
            [
              25496197.469,
              6677595.139
            ],
            [
              25496192.726,
              6677596.429
            ],
            [
              25496192.14,
              6677594.272
            ],
            [
              25496196.882,
              6677592.983
            ]
          ]
        ]
      },
      "properties": {
        "confidence": 0.864,
        "length_m": 4.92,
        "width_m": 2.23,
        "heading_deg": 105.2,
        "aoi": "r1-veturitie",
        "source_layer": "Ortoilmakuva_2025_5cm",
        "zoom": 16,
        "status": "confirmed",
        "class": "car"
      }
    },
    {
      "type": "Feature",
      "geometry": {
        "type": "Polygon",
        "coordinates": [
          [
            [
              25496213.619,
              6677600.669
            ],
            [
              25496214.057,
              6677602.839
            ],
            [
              25496209.591,
              6677603.74
            ],
            [
              25496209.153,
              6677601.571
            ],
            [
              25496213.619,
              6677600.669
            ]
          ]
        ]
      },
      "properties": {
        "confidence": 0.8639,
        "length_m": 4.56,
        "width_m": 2.21,
        "heading_deg": 101.4,
        "aoi": "r1-veturitie",
        "source_layer": "Ortoilmakuva_2025_5cm",
        "zoom": 16,
        "status": "confirmed",
        "class": "car"
      }
    },
    {
      "type": "Feature",
      "geometry": {
        "type": "Polygon",
        "coordinates": [
          [
            [
              25496197.95,
              6677595.255
            ],
            [
              25496198.585,
              6677597.453
            ],
            [
              25496193.701,
              6677598.864
            ],
            [
              25496193.066,
              6677596.666
            ],
            [
              25496197.95,
              6677595.255
            ]
          ]
        ]
      },
      "properties": {
        "confidence": 0.8638,
        "length_m": 5.08,
        "width_m": 2.29,
        "heading_deg": 106.1,
        "aoi": "r1-veturitie",
        "source_layer": "Ortoilmakuva_2025_5cm",
        "zoom": 16,
        "status": "confirmed",
        "class": "car"
      }
    },
    {
      "type": "Feature",
      "geometry": {
        "type": "Polygon",
        "coordinates": [
          [
            [
              25496261.009,
              6677509.293
            ],
            [
              25496261.822,
              6677512.19
            ],
            [
              25496247.666,
              6677516.16
            ],
            [
              25496246.854,
              6677513.263
            ],
            [
              25496261.009,
              6677509.293
            ]
          ]
        ]
      },
      "properties": {
        "confidence": 0.8631,
        "length_m": 14.7,
        "width_m": 3.01,
        "heading_deg": 105.7,
        "aoi": "r1-veturitie",
        "source_layer": "Ortoilmakuva_2025_5cm",
        "zoom": 16,
        "status": "confirmed",
        "class": "bus"
      }
    },
    {
      "type": "Feature",
      "geometry": {
        "type": "Polygon",
        "coordinates": [
          [
            [
              25496306.967,
              6677547.825
            ],
            [
              25496307.866,
              6677550.75
            ],
            [
              25496293.686,
              6677555.108
            ],
            [
              25496292.787,
              6677552.184
            ],
            [
              25496306.967,
              6677547.825
            ]
          ]
        ]
      },
      "properties": {
        "confidence": 0.863,
        "length_m": 14.83,
        "width_m": 3.06,
        "heading_deg": 107.1,
        "aoi": "r1-veturitie",
        "source_layer": "Ortoilmakuva_2025_5cm",
        "zoom": 16,
        "status": "confirmed",
        "class": "bus"
      }
    },
    {
      "type": "Feature",
      "geometry": {
        "type": "Polygon",
        "coordinates": [
          [
            [
              25496188.959,
              6677564.024
            ],
            [
              25496189.601,
              6677566.283
            ],
            [
              25496184.734,
              6677567.667
            ],
            [
              25496184.091,
              6677565.408
            ],
            [
              25496188.959,
              6677564.024
            ]
          ]
        ]
      },
      "properties": {
        "confidence": 0.8623,
        "length_m": 5.06,
        "width_m": 2.35,
        "heading_deg": 105.9,
        "aoi": "r1-veturitie",
        "source_layer": "Ortoilmakuva_2025_5cm",
        "zoom": 16,
        "status": "confirmed",
        "class": "car"
      }
    },
    {
      "type": "Feature",
      "geometry": {
        "type": "Polygon",
        "coordinates": [
          [
            [
              25496247.076,
              6677529.176
            ],
            [
              25496247.84,
              6677532.156
            ],
            [
              25496233.349,
              6677535.873
            ],
            [
              25496232.585,
              6677532.893
            ],
            [
              25496247.076,
              6677529.176
            ]
          ]
        ]
      },
      "properties": {
        "confidence": 0.8621,
        "length_m": 14.96,
        "width_m": 3.08,
        "heading_deg": 104.4,
        "aoi": "r1-veturitie",
        "source_layer": "Ortoilmakuva_2025_5cm",
        "zoom": 16,
        "status": "confirmed",
        "class": "bus"
      }
    },
    {
      "type": "Feature",
      "geometry": {
        "type": "Polygon",
        "coordinates": [
          [
            [
              25496233.119,
              6677608.119
            ],
            [
              25496233.922,
              6677610.9
            ],
            [
              25496221.5,
              6677614.489
            ],
            [
              25496220.697,
              6677611.709
            ],
            [
              25496233.119,
              6677608.119
            ]
          ]
        ]
      },
      "properties": {
        "confidence": 0.862,
        "length_m": 12.93,
        "width_m": 2.89,
        "heading_deg": 106.1,
        "aoi": "r1-veturitie",
        "source_layer": "Ortoilmakuva_2025_5cm",
        "zoom": 16,
        "status": "confirmed",
        "class": "bus"
      }
    },
    {
      "type": "Feature",
      "geometry": {
        "type": "Polygon",
        "coordinates": [
          [
            [
              25496200.715,
              6677606.404
            ],
            [
              25496201.244,
              6677608.646
            ],
            [
              25496196.504,
              6677609.764
            ],
            [
              25496195.975,
              6677607.521
            ],
            [
              25496200.715,
              6677606.404
            ]
          ]
        ]
      },
      "properties": {
        "confidence": 0.8612,
        "length_m": 4.87,
        "width_m": 2.3,
        "heading_deg": 103.3,
        "aoi": "r1-veturitie",
        "source_layer": "Ortoilmakuva_2025_5cm",
        "zoom": 16,
        "status": "confirmed",
        "class": "car"
      }
    },
    {
      "type": "Feature",
      "geometry": {
        "type": "Polygon",
        "coordinates": [
          [
            [
              25496198.606,
              6677598.447
            ],
            [
              25496199.164,
              6677600.556
            ],
            [
              25496194.611,
              6677601.762
            ],
            [
              25496194.052,
              6677599.653
            ],
            [
              25496198.606,
              6677598.447
            ]
          ]
        ]
      },
      "properties": {
        "confidence": 0.8611,
        "length_m": 4.71,
        "width_m": 2.18,
        "heading_deg": 104.8,
        "aoi": "r1-veturitie",
        "source_layer": "Ortoilmakuva_2025_5cm",
        "zoom": 16,
        "status": "confirmed",
        "class": "car"
      }
    },
    {
      "type": "Feature",
      "geometry": {
        "type": "Polygon",
        "coordinates": [
          [
            [
              25496188.618,
              6677561.276
            ],
            [
              25496189.223,
              6677563.545
            ],
            [
              25496184.143,
              6677564.899
            ],
            [
              25496183.538,
              6677562.631
            ],
            [
              25496188.618,
              6677561.276
            ]
          ]
        ]
      },
      "properties": {
        "confidence": 0.8604,
        "length_m": 5.26,
        "width_m": 2.35,
        "heading_deg": 104.9,
        "aoi": "r1-veturitie",
        "source_layer": "Ortoilmakuva_2025_5cm",
        "zoom": 16,
        "status": "confirmed",
        "class": "car"
      }
    },
    {
      "type": "Feature",
      "geometry": {
        "type": "Polygon",
        "coordinates": [
          [
            [
              25496238.661,
              6677630.491
            ],
            [
              25496239.542,
              6677633.285
            ],
            [
              25496228.128,
              6677636.883
            ],
            [
              25496227.247,
              6677634.089
            ],
            [
              25496238.661,
              6677630.491
            ]
          ]
        ]
      },
      "properties": {
        "confidence": 0.86,
        "length_m": 11.97,
        "width_m": 2.93,
        "heading_deg": 107.5,
        "aoi": "r1-veturitie",
        "source_layer": "Ortoilmakuva_2025_5cm",
        "zoom": 16,
        "status": "confirmed",
        "class": "bus"
      }
    },
    {
      "type": "Feature",
      "geometry": {
        "type": "Polygon",
        "coordinates": [
          [
            [
              25496231.028,
              6677470.26
            ],
            [
              25496231.925,
              6677473.098
            ],
            [
              25496217.799,
              6677477.566
            ],
            [
              25496216.901,
              6677474.727
            ],
            [
              25496231.028,
              6677470.26
            ]
          ]
        ]
      },
      "properties": {
        "confidence": 0.8595,
        "length_m": 14.82,
        "width_m": 2.98,
        "heading_deg": 107.6,
        "aoi": "r1-veturitie",
        "source_layer": "Ortoilmakuva_2025_5cm",
        "zoom": 16,
        "status": "confirmed",
        "class": "bus"
      }
    },
    {
      "type": "Feature",
      "geometry": {
        "type": "Polygon",
        "coordinates": [
          [
            [
              25496218.6,
              6677430.451
            ],
            [
              25496219.404,
              6677433.333
            ],
            [
              25496205.141,
              6677437.313
            ],
            [
              25496204.336,
              6677434.43
            ],
            [
              25496218.6,
              6677430.451
            ]
          ]
        ]
      },
      "properties": {
        "confidence": 0.8593,
        "length_m": 14.81,
        "width_m": 2.99,
        "heading_deg": 105.6,
        "aoi": "r1-veturitie",
        "source_layer": "Ortoilmakuva_2025_5cm",
        "zoom": 16,
        "status": "confirmed",
        "class": "bus"
      }
    },
    {
      "type": "Feature",
      "geometry": {
        "type": "Polygon",
        "coordinates": [
          [
            [
              25496199.395,
              6677600.78
            ],
            [
              25496200.122,
              6677602.957
            ],
            [
              25496195.252,
              6677604.584
            ],
            [
              25496194.524,
              6677602.407
            ],
            [
              25496199.395,
              6677600.78
            ]
          ]
        ]
      },
      "properties": {
        "confidence": 0.8593,
        "length_m": 5.13,
        "width_m": 2.3,
        "heading_deg": 108.5,
        "aoi": "r1-veturitie",
        "source_layer": "Ortoilmakuva_2025_5cm",
        "zoom": 16,
        "status": "confirmed",
        "class": "car"
      }
    },
    {
      "type": "Feature",
      "geometry": {
        "type": "Polygon",
        "coordinates": [
          [
            [
              25496263.04,
              6677516.637
            ],
            [
              25496263.861,
              6677519.456
            ],
            [
              25496258.723,
              6677520.954
            ],
            [
              25496257.901,
              6677518.135
            ],
            [
              25496263.04,
              6677516.637
            ]
          ]
        ]
      },
      "properties": {
        "confidence": 0.8591,
        "length_m": 5.35,
        "width_m": 2.94,
        "heading_deg": 106.3,
        "aoi": "r1-veturitie",
        "source_layer": "Ortoilmakuva_2025_5cm",
        "zoom": 16,
        "status": "rejected",
        "class": ""
      }
    },
    {
      "type": "Feature",
      "geometry": {
        "type": "Polygon",
        "coordinates": [
          [
            [
              25496271.218,
              6677546.012
            ],
            [
              25496272.056,
              6677548.919
            ],
            [
              25496258.105,
              6677552.94
            ],
            [
              25496257.267,
              6677550.034
            ],
            [
              25496271.218,
              6677546.012
            ]
          ]
        ]
      },
      "properties": {
        "confidence": 0.8586,
        "length_m": 14.52,
        "width_m": 3.03,
        "heading_deg": 106.1,
        "aoi": "r1-veturitie",
        "source_layer": "Ortoilmakuva_2025_5cm",
        "zoom": 16,
        "status": "confirmed",
        "class": "bus"
      }
    },
    {
      "type": "Feature",
      "geometry": {
        "type": "Polygon",
        "coordinates": [
          [
            [
              25496215.281,
              6677419.567
            ],
            [
              25496216.147,
              6677422.431
            ],
            [
              25496204.398,
              6677425.982
            ],
            [
              25496203.533,
              6677423.119
            ],
            [
              25496215.281,
              6677419.567
            ]
          ]
        ]
      },
      "properties": {
        "confidence": 0.8583,
        "length_m": 12.27,
        "width_m": 2.99,
        "heading_deg": 106.8,
        "aoi": "r1-veturitie",
        "source_layer": "Ortoilmakuva_2025_5cm",
        "zoom": 16,
        "status": "confirmed",
        "class": "bus"
      }
    },
    {
      "type": "Feature",
      "geometry": {
        "type": "Polygon",
        "coordinates": [
          [
            [
              25496220.575,
              6677437.671
            ],
            [
              25496221.426,
              6677440.597
            ],
            [
              25496209.577,
              6677444.042
            ],
            [
              25496208.726,
              6677441.116
            ],
            [
              25496220.575,
              6677437.671
            ]
          ]
        ]
      },
      "properties": {
        "confidence": 0.8579,
        "length_m": 12.34,
        "width_m": 3.05,
        "heading_deg": 106.2,
        "aoi": "r1-veturitie",
        "source_layer": "Ortoilmakuva_2025_5cm",
        "zoom": 16,
        "status": "confirmed",
        "class": "bus"
      }
    },
    {
      "type": "Feature",
      "geometry": {
        "type": "Polygon",
        "coordinates": [
          [
            [
              25496192.847,
              6677527.19
            ],
            [
              25496193.443,
              6677529.236
            ],
            [
              25496188.742,
              6677530.604
            ],
            [
              25496188.147,
              6677528.558
            ],
            [
              25496192.847,
              6677527.19
            ]
          ]
        ]
      },
      "properties": {
        "confidence": 0.8577,
        "length_m": 4.9,
        "width_m": 2.13,
        "heading_deg": 106.2,
        "aoi": "r1-veturitie",
        "source_layer": "Ortoilmakuva_2025_5cm",
        "zoom": 16,
        "status": "confirmed",
        "class": "car"
      }
    },
    {
      "type": "Feature",
      "geometry": {
        "type": "Polygon",
        "coordinates": [
          [
            [
              25496182.657,
              6677656.651
            ],
            [
              25496183.118,
              6677658.877
            ],
            [
              25496178.372,
              6677659.859
            ],
            [
              25496177.911,
              6677657.633
            ],
            [
              25496182.657,
              6677656.651
            ]
          ]
        ]
      },
      "properties": {
        "confidence": 0.8575,
        "length_m": 4.85,
        "width_m": 2.27,
        "heading_deg": 101.7,
        "aoi": "r1-veturitie",
        "source_layer": "Ortoilmakuva_2025_5cm",
        "zoom": 16,
        "status": "confirmed",
        "class": "car"
      }
    },
    {
      "type": "Feature",
      "geometry": {
        "type": "Polygon",
        "coordinates": [
          [
            [
              25496206.584,
              6677627.309
            ],
            [
              25496207.248,
              6677629.387
            ],
            [
              25496202.905,
              6677630.774
            ],
            [
              25496202.242,
              6677628.695
            ],
            [
              25496206.584,
              6677627.309
            ]
          ]
        ]
      },
      "properties": {
        "confidence": 0.8574,
        "length_m": 4.56,
        "width_m": 2.18,
        "heading_deg": 107.7,
        "aoi": "r1-veturitie",
        "source_layer": "Ortoilmakuva_2025_5cm",
        "zoom": 16,
        "status": "confirmed",
        "class": "car"
      }
    },
    {
      "type": "Feature",
      "geometry": {
        "type": "Polygon",
        "coordinates": [
          [
            [
              25496197.352,
              6677543.16
            ],
            [
              25496198.004,
              6677545.21
            ],
            [
              25496193.707,
              6677546.577
            ],
            [
              25496193.055,
              6677544.527
            ],
            [
              25496197.352,
              6677543.16
            ]
          ]
        ]
      },
      "properties": {
        "confidence": 0.8573,
        "length_m": 4.51,
        "width_m": 2.15,
        "heading_deg": 107.6,
        "aoi": "r1-veturitie",
        "source_layer": "Ortoilmakuva_2025_5cm",
        "zoom": 16,
        "status": "confirmed",
        "class": "car"
      }
    },
    {
      "type": "Feature",
      "geometry": {
        "type": "Polygon",
        "coordinates": [
          [
            [
              25496246.154,
              6677454.267
            ],
            [
              25496247.032,
              6677457.28
            ],
            [
              25496233.248,
              6677461.297
            ],
            [
              25496232.37,
              6677458.284
            ],
            [
              25496246.154,
              6677454.267
            ]
          ]
        ]
      },
      "properties": {
        "confidence": 0.8573,
        "length_m": 14.36,
        "width_m": 3.14,
        "heading_deg": 106.2,
        "aoi": "r1-veturitie",
        "source_layer": "Ortoilmakuva_2025_5cm",
        "zoom": 16,
        "status": "confirmed",
        "class": "bus"
      }
    },
    {
      "type": "Feature",
      "geometry": {
        "type": "Polygon",
        "coordinates": [
          [
            [
              25496195.998,
              6677538.209
            ],
            [
              25496196.553,
              6677540.355
            ],
            [
              25496191.462,
              6677541.67
            ],
            [
              25496190.908,
              6677539.525
            ],
            [
              25496195.998,
              6677538.209
            ]
          ]
        ]
      },
      "properties": {
        "confidence": 0.8573,
        "length_m": 5.26,
        "width_m": 2.22,
        "heading_deg": 104.5,
        "aoi": "r1-veturitie",
        "source_layer": "Ortoilmakuva_2025_5cm",
        "zoom": 16,
        "status": "confirmed",
        "class": "car"
      }
    },
    {
      "type": "Feature",
      "geometry": {
        "type": "Polygon",
        "coordinates": [
          [
            [
              25496182.127,
              6677654.234
            ],
            [
              25496182.543,
              6677656.362
            ],
            [
              25496177.783,
              6677657.294
            ],
            [
              25496177.367,
              6677655.165
            ],
            [
              25496182.127,
              6677654.234
            ]
          ]
        ]
      },
      "properties": {
        "confidence": 0.8572,
        "length_m": 4.85,
        "width_m": 2.17,
        "heading_deg": 101.1,
        "aoi": "r1-veturitie",
        "source_layer": "Ortoilmakuva_2025_5cm",
        "zoom": 16,
        "status": "confirmed",
        "class": "car"
      }
    },
    {
      "type": "Feature",
      "geometry": {
        "type": "Polygon",
        "coordinates": [
          [
            [
              25496181.046,
              6677649.229
            ],
            [
              25496181.55,
              6677651.503
            ],
            [
              25496176.728,
              6677652.57
            ],
            [
              25496176.225,
              6677650.296
            ],
            [
              25496181.046,
              6677649.229
            ]
          ]
        ]
      },
      "properties": {
        "confidence": 0.857,
        "length_m": 4.94,
        "width_m": 2.33,
        "heading_deg": 102.5,
        "aoi": "r1-veturitie",
        "source_layer": "Ortoilmakuva_2025_5cm",
        "zoom": 16,
        "status": "confirmed",
        "class": "car"
      }
    },
    {
      "type": "Feature",
      "geometry": {
        "type": "Polygon",
        "coordinates": [
          [
            [
              25496189.936,
              6677516.102
            ],
            [
              25496190.546,
              6677518.4
            ],
            [
              25496185.331,
              6677519.785
            ],
            [
              25496184.721,
              6677517.488
            ],
            [
              25496189.936,
              6677516.102
            ]
          ]
        ]
      },
      "properties": {
        "confidence": 0.8569,
        "length_m": 5.4,
        "width_m": 2.38,
        "heading_deg": 104.9,
        "aoi": "r1-veturitie",
        "source_layer": "Ortoilmakuva_2025_5cm",
        "zoom": 16,
        "status": "confirmed",
        "class": "car"
      }
    },
    {
      "type": "Feature",
      "geometry": {
        "type": "Polygon",
        "coordinates": [
          [
            [
              25496202.069,
              6677612.282
            ],
            [
              25496202.769,
              6677614.244
            ],
            [
              25496198.845,
              6677615.645
            ],
            [
              25496198.144,
              6677613.683
            ],
            [
              25496202.069,
              6677612.282
            ]
          ]
        ]
      },
      "properties": {
        "confidence": 0.8566,
        "length_m": 4.17,
        "width_m": 2.08,
        "heading_deg": 109.6,
        "aoi": "r1-veturitie",
        "source_layer": "Ortoilmakuva_2025_5cm",
        "zoom": 16,
        "status": "confirmed",
        "class": "car"
      }
    },
    {
      "type": "Feature",
      "geometry": {
        "type": "Polygon",
        "coordinates": [
          [
            [
              25496201.231,
              6677556.572
            ],
            [
              25496201.892,
              6677558.936
            ],
            [
              25496196.855,
              6677560.345
            ],
            [
              25496196.193,
              6677557.981
            ],
            [
              25496201.231,
              6677556.572
            ]
          ]
        ]
      },
      "properties": {
        "confidence": 0.856,
        "length_m": 5.23,
        "width_m": 2.45,
        "heading_deg": 105.6,
        "aoi": "r1-veturitie",
        "source_layer": "Ortoilmakuva_2025_5cm",
        "zoom": 16,
        "status": "confirmed",
        "class": "car"
      }
    },
    {
      "type": "Feature",
      "geometry": {
        "type": "Polygon",
        "coordinates": [
          [
            [
              25496201.774,
              6677490.853
            ],
            [
              25496202.526,
              6677493.793
            ],
            [
              25496187.925,
              6677497.528
            ],
            [
              25496187.173,
              6677494.588
            ],
            [
              25496201.774,
              6677490.853
            ]
          ]
        ]
      },
      "properties": {
        "confidence": 0.856,
        "length_m": 15.07,
        "width_m": 3.03,
        "heading_deg": 104.3,
        "aoi": "r1-veturitie",
        "source_layer": "Ortoilmakuva_2025_5cm",
        "zoom": 16,
        "status": "confirmed",
        "class": "bus"
      }
    },
    {
      "type": "Feature",
      "geometry": {
        "type": "Polygon",
        "coordinates": [
          [
            [
              25496217.657,
              6677427.038
            ],
            [
              25496218.423,
              6677429.755
            ],
            [
              25496206.678,
              6677433.067
            ],
            [
              25496205.911,
              6677430.349
            ],
            [
              25496217.657,
              6677427.038
            ]
          ]
        ]
      },
      "properties": {
        "confidence": 0.8559,
        "length_m": 12.2,
        "width_m": 2.82,
        "heading_deg": 105.7,
        "aoi": "r1-veturitie",
        "source_layer": "Ortoilmakuva_2025_5cm",
        "zoom": 16,
        "status": "confirmed",
        "class": "bus"
      }
    },
    {
      "type": "Feature",
      "geometry": {
        "type": "Polygon",
        "coordinates": [
          [
            [
              25496181.357,
              6677651.762
            ],
            [
              25496181.835,
              6677653.79
            ],
            [
              25496177.501,
              6677654.812
            ],
            [
              25496177.022,
              6677652.785
            ],
            [
              25496181.357,
              6677651.762
            ]
          ]
        ]
      },
      "properties": {
        "confidence": 0.8557,
        "length_m": 4.45,
        "width_m": 2.08,
        "heading_deg": 103.3,
        "aoi": "r1-veturitie",
        "source_layer": "Ortoilmakuva_2025_5cm",
        "zoom": 16,
        "status": "confirmed",
        "class": "car"
      }
    },
    {
      "type": "Feature",
      "geometry": {
        "type": "Polygon",
        "coordinates": [
          [
            [
              25496191.262,
              6677573.1
            ],
            [
              25496191.937,
              6677575.279
            ],
            [
              25496187.274,
              6677576.724
            ],
            [
              25496186.599,
              6677574.545
            ],
            [
              25496191.262,
              6677573.1
            ]
          ]
        ]
      },
      "properties": {
        "confidence": 0.8556,
        "length_m": 4.88,
        "width_m": 2.28,
        "heading_deg": 107.2,
        "aoi": "r1-veturitie",
        "source_layer": "Ortoilmakuva_2025_5cm",
        "zoom": 16,
        "status": "confirmed",
        "class": "car"
      }
    },
    {
      "type": "Feature",
      "geometry": {
        "type": "Polygon",
        "coordinates": [
          [
            [
              25496179.859,
              6677644.367
            ],
            [
              25496180.232,
              6677646.742
            ],
            [
              25496175.458,
              6677647.49
            ],
            [
              25496175.086,
              6677645.115
            ],
            [
              25496179.859,
              6677644.367
            ]
          ]
        ]
      },
      "properties": {
        "confidence": 0.8555,
        "length_m": 4.83,
        "width_m": 2.4,
        "heading_deg": 98.9,
        "aoi": "r1-veturitie",
        "source_layer": "Ortoilmakuva_2025_5cm",
        "zoom": 16,
        "status": "confirmed",
        "class": "car"
      }
    },
    {
      "type": "Feature",
      "geometry": {
        "type": "Polygon",
        "coordinates": [
          [
            [
              25496195.923,
              6677590.457
            ],
            [
              25496196.429,
              6677592.514
            ],
            [
              25496192.145,
              6677593.567
            ],
            [
              25496191.64,
              6677591.51
            ],
            [
              25496195.923,
              6677590.457
            ]
          ]
        ]
      },
      "properties": {
        "confidence": 0.8554,
        "length_m": 4.41,
        "width_m": 2.12,
        "heading_deg": 103.8,
        "aoi": "r1-veturitie",
        "source_layer": "Ortoilmakuva_2025_5cm",
        "zoom": 16,
        "status": "confirmed",
        "class": "car"
      }
    },
    {
      "type": "Feature",
      "geometry": {
        "type": "Polygon",
        "coordinates": [
          [
            [
              25496202.737,
              6677562.347
            ],
            [
              25496203.358,
              6677564.457
            ],
            [
              25496198.851,
              6677565.783
            ],
            [
              25496198.23,
              6677563.673
            ],
            [
              25496202.737,
              6677562.347
            ]
          ]
        ]
      },
      "properties": {
        "confidence": 0.8551,
        "length_m": 4.7,
        "width_m": 2.2,
        "heading_deg": 106.4,
        "aoi": "r1-veturitie",
        "source_layer": "Ortoilmakuva_2025_5cm",
        "zoom": 16,
        "status": "confirmed",
        "class": "car"
      }
    },
    {
      "type": "Feature",
      "geometry": {
        "type": "Polygon",
        "coordinates": [
          [
            [
              25496273.775,
              6677553.441
            ],
            [
              25496274.583,
              6677556.368
            ],
            [
              25496260.343,
              6677560.298
            ],
            [
              25496259.535,
              6677557.371
            ],
            [
              25496273.775,
              6677553.441
            ]
          ]
        ]
      },
      "properties": {
        "confidence": 0.8551,
        "length_m": 14.77,
        "width_m": 3.04,
        "heading_deg": 105.4,
        "aoi": "r1-veturitie",
        "source_layer": "Ortoilmakuva_2025_5cm",
        "zoom": 16,
        "status": "confirmed",
        "class": "bus"
      }
    },
    {
      "type": "Feature",
      "geometry": {
        "type": "Polygon",
        "coordinates": [
          [
            [
              25496205.945,
              6677575.999
            ],
            [
              25496206.716,
              6677578.16
            ],
            [
              25496201.991,
              6677579.846
            ],
            [
              25496201.22,
              6677577.685
            ],
            [
              25496205.945,
              6677575.999
            ]
          ]
        ]
      },
      "properties": {
        "confidence": 0.855,
        "length_m": 5.02,
        "width_m": 2.29,
        "heading_deg": 109.6,
        "aoi": "r1-veturitie",
        "source_layer": "Ortoilmakuva_2025_5cm",
        "zoom": 16,
        "status": "confirmed",
        "class": "car"
      }
    },
    {
      "type": "Feature",
      "geometry": {
        "type": "Polygon",
        "coordinates": [
          [
            [
              25496183.55,
              6677661.5
            ],
            [
              25496183.996,
              6677663.612
            ],
            [
              25496179.609,
              6677664.539
            ],
            [
              25496179.163,
              6677662.427
            ],
            [
              25496183.55,
              6677661.5
            ]
          ]
        ]
      },
      "properties": {
        "confidence": 0.855,
        "length_m": 4.48,
        "width_m": 2.16,
        "heading_deg": 101.9,
        "aoi": "r1-veturitie",
        "source_layer": "Ortoilmakuva_2025_5cm",
        "zoom": 16,
        "status": "confirmed",
        "class": "car"
      }
    },
    {
      "type": "Feature",
      "geometry": {
        "type": "Polygon",
        "coordinates": [
          [
            [
              25496200.124,
              6677603.684
            ],
            [
              25496200.749,
              6677605.861
            ],
            [
              25496195.885,
              6677607.256
            ],
            [
              25496195.26,
              6677605.079
            ],
            [
              25496200.124,
              6677603.684
            ]
          ]
        ]
      },
      "properties": {
        "confidence": 0.855,
        "length_m": 5.06,
        "width_m": 2.26,
        "heading_deg": 106,
        "aoi": "r1-veturitie",
        "source_layer": "Ortoilmakuva_2025_5cm",
        "zoom": 16,
        "status": "confirmed",
        "class": "car"
      }
    },
    {
      "type": "Feature",
      "geometry": {
        "type": "Polygon",
        "coordinates": [
          [
            [
              25496269.749,
              6677609.363
            ],
            [
              25496270.703,
              6677612.3
            ],
            [
              25496256.621,
              6677616.875
            ],
            [
              25496255.667,
              6677613.938
            ],
            [
              25496269.749,
              6677609.363
            ]
          ]
        ]
      },
      "properties": {
        "confidence": 0.8546,
        "length_m": 14.81,
        "width_m": 3.09,
        "heading_deg": 108,
        "aoi": "r1-veturitie",
        "source_layer": "Ortoilmakuva_2025_5cm",
        "zoom": 16,
        "status": "confirmed",
        "class": "bus"
      }
    },
    {
      "type": "Feature",
      "geometry": {
        "type": "Polygon",
        "coordinates": [
          [
            [
              25496202.86,
              6677614.62
            ],
            [
              25496203.411,
              6677616.675
            ],
            [
              25496199.132,
              6677617.822
            ],
            [
              25496198.581,
              6677615.767
            ],
            [
              25496202.86,
              6677614.62
            ]
          ]
        ]
      },
      "properties": {
        "confidence": 0.8545,
        "length_m": 4.43,
        "width_m": 2.13,
        "heading_deg": 105,
        "aoi": "r1-veturitie",
        "source_layer": "Ortoilmakuva_2025_5cm",
        "zoom": 16,
        "status": "confirmed",
        "class": "car"
      }
    },
    {
      "type": "Feature",
      "geometry": {
        "type": "Polygon",
        "coordinates": [
          [
            [
              25496270.68,
              6677542.503
            ],
            [
              25496256.363,
              6677546.457
            ],
            [
              25496257.14,
              6677549.267
            ],
            [
              25496271.456,
              6677545.314
            ],
            [
              25496270.68,
              6677542.503
            ]
          ]
        ]
      },
      "properties": {
        "confidence": 0.8545,
        "length_m": 14.85,
        "width_m": 2.92,
        "heading_deg": 105.4,
        "aoi": "r1-veturitie",
        "source_layer": "Ortoilmakuva_2025_5cm",
        "zoom": 16,
        "status": "confirmed",
        "class": "bus"
      }
    },
    {
      "type": "Feature",
      "geometry": {
        "type": "Polygon",
        "coordinates": [
          [
            [
              25496222.057,
              6677630.684
            ],
            [
              25496222.622,
              6677632.829
            ],
            [
              25496217.978,
              6677634.052
            ],
            [
              25496217.413,
              6677631.907
            ],
            [
              25496222.057,
              6677630.684
            ]
          ]
        ]
      },
      "properties": {
        "confidence": 0.8544,
        "length_m": 4.8,
        "width_m": 2.22,
        "heading_deg": 104.8,
        "aoi": "r1-veturitie",
        "source_layer": "Ortoilmakuva_2025_5cm",
        "zoom": 16,
        "status": "confirmed",
        "class": "car"
      }
    },
    {
      "type": "Feature",
      "geometry": {
        "type": "Polygon",
        "coordinates": [
          [
            [
              25496187.179,
              6677558.995
            ],
            [
              25496187.792,
              6677561.06
            ],
            [
              25496183.454,
              6677562.348
            ],
            [
              25496182.84,
              6677560.282
            ],
            [
              25496187.179,
              6677558.995
            ]
          ]
        ]
      },
      "properties": {
        "confidence": 0.8542,
        "length_m": 4.53,
        "width_m": 2.15,
        "heading_deg": 106.5,
        "aoi": "r1-veturitie",
        "source_layer": "Ortoilmakuva_2025_5cm",
        "zoom": 16,
        "status": "confirmed",
        "class": "car"
      }
    },
    {
      "type": "Feature",
      "geometry": {
        "type": "Polygon",
        "coordinates": [
          [
            [
              25496285.739,
              6677470.921
            ],
            [
              25496286.612,
              6677473.755
            ],
            [
              25496274.826,
              6677477.387
            ],
            [
              25496273.952,
              6677474.554
            ],
            [
              25496285.739,
              6677470.921
            ]
          ]
        ]
      },
      "properties": {
        "confidence": 0.8542,
        "length_m": 12.33,
        "width_m": 2.97,
        "heading_deg": 107.1,
        "aoi": "r1-veturitie",
        "source_layer": "Ortoilmakuva_2025_5cm",
        "zoom": 16,
        "status": "confirmed",
        "class": "bus"
      }
    },
    {
      "type": "Feature",
      "geometry": {
        "type": "Polygon",
        "coordinates": [
          [
            [
              25496196.628,
              6677540.795
            ],
            [
              25496197.222,
              6677542.966
            ],
            [
              25496192.191,
              6677544.343
            ],
            [
              25496191.597,
              6677542.172
            ],
            [
              25496196.628,
              6677540.795
            ]
          ]
        ]
      },
      "properties": {
        "confidence": 0.8539,
        "length_m": 5.22,
        "width_m": 2.25,
        "heading_deg": 105.3,
        "aoi": "r1-veturitie",
        "source_layer": "Ortoilmakuva_2025_5cm",
        "zoom": 16,
        "status": "confirmed",
        "class": "car"
      }
    },
    {
      "type": "Feature",
      "geometry": {
        "type": "Polygon",
        "coordinates": [
          [
            [
              25496213.384,
              6677597.344
            ],
            [
              25496213.938,
              6677599.594
            ],
            [
              25496209.119,
              6677600.779
            ],
            [
              25496208.565,
              6677598.529
            ],
            [
              25496213.384,
              6677597.344
            ]
          ]
        ]
      },
      "properties": {
        "confidence": 0.8539,
        "length_m": 4.96,
        "width_m": 2.32,
        "heading_deg": 103.8,
        "aoi": "r1-veturitie",
        "source_layer": "Ortoilmakuva_2025_5cm",
        "zoom": 16,
        "status": "confirmed",
        "class": "car"
      }
    },
    {
      "type": "Feature",
      "geometry": {
        "type": "Polygon",
        "coordinates": [
          [
            [
              25496186.032,
              6677553.684
            ],
            [
              25496186.67,
              6677555.944
            ],
            [
              25496181.698,
              6677557.346
            ],
            [
              25496181.061,
              6677555.086
            ],
            [
              25496186.032,
              6677553.684
            ]
          ]
        ]
      },
      "properties": {
        "confidence": 0.8538,
        "length_m": 5.17,
        "width_m": 2.35,
        "heading_deg": 105.7,
        "aoi": "r1-veturitie",
        "source_layer": "Ortoilmakuva_2025_5cm",
        "zoom": 16,
        "status": "confirmed",
        "class": "car"
      }
    },
    {
      "type": "Feature",
      "geometry": {
        "type": "Polygon",
        "coordinates": [
          [
            [
              25496214.216,
              6677416.01
            ],
            [
              25496215.045,
              6677418.687
            ],
            [
              25496203.212,
              6677422.353
            ],
            [
              25496202.383,
              6677419.677
            ],
            [
              25496214.216,
              6677416.01
            ]
          ]
        ]
      },
      "properties": {
        "confidence": 0.8538,
        "length_m": 12.39,
        "width_m": 2.8,
        "heading_deg": 107.2,
        "aoi": "r1-veturitie",
        "source_layer": "Ortoilmakuva_2025_5cm",
        "zoom": 16,
        "status": "confirmed",
        "class": "bus"
      }
    },
    {
      "type": "Feature",
      "geometry": {
        "type": "Polygon",
        "coordinates": [
          [
            [
              25496243.108,
              6677514.443
            ],
            [
              25496243.962,
              6677517.305
            ],
            [
              25496229.678,
              6677521.566
            ],
            [
              25496228.824,
              6677518.704
            ],
            [
              25496243.108,
              6677514.443
            ]
          ]
        ]
      },
      "properties": {
        "confidence": 0.8536,
        "length_m": 14.91,
        "width_m": 2.99,
        "heading_deg": 106.6,
        "aoi": "r1-veturitie",
        "source_layer": "Ortoilmakuva_2025_5cm",
        "zoom": 16,
        "status": "confirmed",
        "class": "bus"
      }
    },
    {
      "type": "Feature",
      "geometry": {
        "type": "Polygon",
        "coordinates": [
          [
            [
              25496187.427,
              6677508.022
            ],
            [
              25496188.133,
              6677510.254
            ],
            [
              25496183.433,
              6677511.741
            ],
            [
              25496182.727,
              6677509.509
            ],
            [
              25496187.427,
              6677508.022
            ]
          ]
        ]
      },
      "properties": {
        "confidence": 0.8536,
        "length_m": 4.93,
        "width_m": 2.34,
        "heading_deg": 107.6,
        "aoi": "r1-veturitie",
        "source_layer": "Ortoilmakuva_2025_5cm",
        "zoom": 16,
        "status": "confirmed",
        "class": "car"
      }
    },
    {
      "type": "Feature",
      "geometry": {
        "type": "Polygon",
        "coordinates": [
          [
            [
              25496192.27,
              6677576.161
            ],
            [
              25496192.912,
              6677578.275
            ],
            [
              25496188.269,
              6677579.686
            ],
            [
              25496187.626,
              6677577.572
            ],
            [
              25496192.27,
              6677576.161
            ]
          ]
        ]
      },
      "properties": {
        "confidence": 0.8535,
        "length_m": 4.85,
        "width_m": 2.21,
        "heading_deg": 106.9,
        "aoi": "r1-veturitie",
        "source_layer": "Ortoilmakuva_2025_5cm",
        "zoom": 16,
        "status": "confirmed",
        "class": "car"
      }
    },
    {
      "type": "Feature",
      "geometry": {
        "type": "Polygon",
        "coordinates": [
          [
            [
              25496207.877,
              6677629.725
            ],
            [
              25496208.475,
              6677632.014
            ],
            [
              25496203.305,
              6677633.365
            ],
            [
              25496202.707,
              6677631.076
            ],
            [
              25496207.877,
              6677629.725
            ]
          ]
        ]
      },
      "properties": {
        "confidence": 0.8534,
        "length_m": 5.34,
        "width_m": 2.37,
        "heading_deg": 104.6,
        "aoi": "r1-veturitie",
        "source_layer": "Ortoilmakuva_2025_5cm",
        "zoom": 16,
        "status": "confirmed",
        "class": "car"
      }
    },
    {
      "type": "Feature",
      "geometry": {
        "type": "Polygon",
        "coordinates": [
          [
            [
              25496263.109,
              6677516.468
            ],
            [
              25496263.982,
              6677519.372
            ],
            [
              25496249.781,
              6677523.639
            ],
            [
              25496248.908,
              6677520.734
            ],
            [
              25496263.109,
              6677516.468
            ]
          ]
        ]
      },
      "properties": {
        "confidence": 0.8533,
        "length_m": 14.83,
        "width_m": 3.03,
        "heading_deg": 106.7,
        "aoi": "r1-veturitie",
        "source_layer": "Ortoilmakuva_2025_5cm",
        "zoom": 16,
        "status": "confirmed",
        "class": "bus"
      }
    },
    {
      "type": "Feature",
      "geometry": {
        "type": "Polygon",
        "coordinates": [
          [
            [
              25496193.058,
              6677529.772
            ],
            [
              25496193.618,
              6677531.758
            ],
            [
              25496189.497,
              6677532.92
            ],
            [
              25496188.938,
              6677530.934
            ],
            [
              25496193.058,
              6677529.772
            ]
          ]
        ]
      },
      "properties": {
        "confidence": 0.8532,
        "length_m": 4.28,
        "width_m": 2.06,
        "heading_deg": 105.7,
        "aoi": "r1-veturitie",
        "source_layer": "Ortoilmakuva_2025_5cm",
        "zoom": 16,
        "status": "confirmed",
        "class": "car"
      }
    },
    {
      "type": "Feature",
      "geometry": {
        "type": "Polygon",
        "coordinates": [
          [
            [
              25496222.641,
              6677444.752
            ],
            [
              25496223.506,
              6677447.651
            ],
            [
              25496209.197,
              6677451.92
            ],
            [
              25496208.332,
              6677449.021
            ],
            [
              25496222.641,
              6677444.752
            ]
          ]
        ]
      },
      "properties": {
        "confidence": 0.8531,
        "length_m": 14.93,
        "width_m": 3.03,
        "heading_deg": 106.6,
        "aoi": "r1-veturitie",
        "source_layer": "Ortoilmakuva_2025_5cm",
        "zoom": 16,
        "status": "confirmed",
        "class": "bus"
      }
    },
    {
      "type": "Feature",
      "geometry": {
        "type": "Polygon",
        "coordinates": [
          [
            [
              25496204.945,
              6677570.831
            ],
            [
              25496205.587,
              6677572.978
            ],
            [
              25496201.138,
              6677574.31
            ],
            [
              25496200.496,
              6677572.162
            ],
            [
              25496204.945,
              6677570.831
            ]
          ]
        ]
      },
      "properties": {
        "confidence": 0.8527,
        "length_m": 4.64,
        "width_m": 2.24,
        "heading_deg": 106.7,
        "aoi": "r1-veturitie",
        "source_layer": "Ortoilmakuva_2025_5cm",
        "zoom": 16,
        "status": "confirmed",
        "class": "car"
      }
    },
    {
      "type": "Feature",
      "geometry": {
        "type": "Polygon",
        "coordinates": [
          [
            [
              25496203.429,
              6677617.076
            ],
            [
              25496203.85,
              6677619.172
            ],
            [
              25496199.797,
              6677619.987
            ],
            [
              25496199.375,
              6677617.891
            ],
            [
              25496203.429,
              6677617.076
            ]
          ]
        ]
      },
      "properties": {
        "confidence": 0.8526,
        "length_m": 4.13,
        "width_m": 2.14,
        "heading_deg": 101.4,
        "aoi": "r1-veturitie",
        "source_layer": "Ortoilmakuva_2025_5cm",
        "zoom": 16,
        "status": "confirmed",
        "class": "car"
      }
    },
    {
      "type": "Feature",
      "geometry": {
        "type": "Polygon",
        "coordinates": [
          [
            [
              25496198.111,
              6677545.438
            ],
            [
              25496198.851,
              6677547.843
            ],
            [
              25496193.432,
              6677549.512
            ],
            [
              25496192.692,
              6677547.107
            ],
            [
              25496198.111,
              6677545.438
            ]
          ]
        ]
      },
      "properties": {
        "confidence": 0.8524,
        "length_m": 5.67,
        "width_m": 2.52,
        "heading_deg": 107.1,
        "aoi": "r1-veturitie",
        "source_layer": "Ortoilmakuva_2025_5cm",
        "zoom": 16,
        "status": "confirmed",
        "class": "van"
      }
    },
    {
      "type": "Feature",
      "geometry": {
        "type": "Polygon",
        "coordinates": [
          [
            [
              25496235.39,
              6677417.998
            ],
            [
              25496236.278,
              6677420.993
            ],
            [
              25496222.164,
              6677425.177
            ],
            [
              25496221.276,
              6677422.183
            ],
            [
              25496235.39,
              6677417.998
            ]
          ]
        ]
      },
      "properties": {
        "confidence": 0.8523,
        "length_m": 14.72,
        "width_m": 3.12,
        "heading_deg": 106.5,
        "aoi": "r1-veturitie",
        "source_layer": "Ortoilmakuva_2025_5cm",
        "zoom": 16,
        "status": "confirmed",
        "class": "bus"
      }
    },
    {
      "type": "Feature",
      "geometry": {
        "type": "Polygon",
        "coordinates": [
          [
            [
              25496190.38,
              6677518.878
            ],
            [
              25496191.049,
              6677521.05
            ],
            [
              25496186.247,
              6677522.529
            ],
            [
              25496185.578,
              6677520.358
            ],
            [
              25496190.38,
              6677518.878
            ]
          ]
        ]
      },
      "properties": {
        "confidence": 0.8523,
        "length_m": 5.02,
        "width_m": 2.27,
        "heading_deg": 107.1,
        "aoi": "r1-veturitie",
        "source_layer": "Ortoilmakuva_2025_5cm",
        "zoom": 16,
        "status": "confirmed",
        "class": "car"
      }
    },
    {
      "type": "Feature",
      "geometry": {
        "type": "Polygon",
        "coordinates": [
          [
            [
              25496211.165,
              6677591.816
            ],
            [
              25496211.666,
              6677594.036
            ],
            [
              25496207.048,
              6677595.077
            ],
            [
              25496206.548,
              6677592.858
            ],
            [
              25496211.165,
              6677591.816
            ]
          ]
        ]
      },
      "properties": {
        "confidence": 0.8522,
        "length_m": 4.73,
        "width_m": 2.28,
        "heading_deg": 102.7,
        "aoi": "r1-veturitie",
        "source_layer": "Ortoilmakuva_2025_5cm",
        "zoom": 16,
        "status": "confirmed",
        "class": "car"
      }
    },
    {
      "type": "Feature",
      "geometry": {
        "type": "Polygon",
        "coordinates": [
          [
            [
              25496167.951,
              6677488.325
            ],
            [
              25496168.75,
              6677490.676
            ],
            [
              25496163.723,
              6677492.383
            ],
            [
              25496162.925,
              6677490.033
            ],
            [
              25496167.951,
              6677488.325
            ]
          ]
        ]
      },
      "properties": {
        "confidence": 0.852,
        "length_m": 5.31,
        "width_m": 2.48,
        "heading_deg": 108.8,
        "aoi": "r1-veturitie",
        "source_layer": "Ortoilmakuva_2025_5cm",
        "zoom": 16,
        "status": "confirmed",
        "class": "car"
      }
    },
    {
      "type": "Feature",
      "geometry": {
        "type": "Polygon",
        "coordinates": [
          [
            [
              25496256.783,
              6677494.992
            ],
            [
              25496257.546,
              6677497.951
            ],
            [
              25496243.327,
              6677501.622
            ],
            [
              25496242.563,
              6677498.662
            ],
            [
              25496256.783,
              6677494.992
            ]
          ]
        ]
      },
      "properties": {
        "confidence": 0.8515,
        "length_m": 14.69,
        "width_m": 3.06,
        "heading_deg": 104.5,
        "aoi": "r1-veturitie",
        "source_layer": "Ortoilmakuva_2025_5cm",
        "zoom": 16,
        "status": "confirmed",
        "class": "bus"
      }
    },
    {
      "type": "Feature",
      "geometry": {
        "type": "Polygon",
        "coordinates": [
          [
            [
              25496195.359,
              6677587.505
            ],
            [
              25496195.966,
              6677589.631
            ],
            [
              25496191.505,
              6677590.905
            ],
            [
              25496190.898,
              6677588.779
            ],
            [
              25496195.359,
              6677587.505
            ]
          ]
        ]
      },
      "properties": {
        "confidence": 0.8515,
        "length_m": 4.64,
        "width_m": 2.21,
        "heading_deg": 105.9,
        "aoi": "r1-veturitie",
        "source_layer": "Ortoilmakuva_2025_5cm",
        "zoom": 16,
        "status": "confirmed",
        "class": "car"
      }
    },
    {
      "type": "Feature",
      "geometry": {
        "type": "Polygon",
        "coordinates": [
          [
            [
              25496185.944,
              6677503.034
            ],
            [
              25496186.442,
              6677505.251
            ],
            [
              25496181.803,
              6677506.295
            ],
            [
              25496181.304,
              6677504.078
            ],
            [
              25496185.944,
              6677503.034
            ]
          ]
        ]
      },
      "properties": {
        "confidence": 0.8513,
        "length_m": 4.76,
        "width_m": 2.27,
        "heading_deg": 102.7,
        "aoi": "r1-veturitie",
        "source_layer": "Ortoilmakuva_2025_5cm",
        "zoom": 16,
        "status": "confirmed",
        "class": "car"
      }
    },
    {
      "type": "Feature",
      "geometry": {
        "type": "Polygon",
        "coordinates": [
          [
            [
              25496186.559,
              6677556.688
            ],
            [
              25496187.083,
              6677558.724
            ],
            [
              25496182.643,
              6677559.867
            ],
            [
              25496182.119,
              6677557.832
            ],
            [
              25496186.559,
              6677556.688
            ]
          ]
        ]
      },
      "properties": {
        "confidence": 0.8512,
        "length_m": 4.58,
        "width_m": 2.1,
        "heading_deg": 104.4,
        "aoi": "r1-veturitie",
        "source_layer": "Ortoilmakuva_2025_5cm",
        "zoom": 16,
        "status": "confirmed",
        "class": "car"
      }
    },
    {
      "type": "Feature",
      "geometry": {
        "type": "Polygon",
        "coordinates": [
          [
            [
              25496231.76,
              6677604.986
            ],
            [
              25496232.557,
              6677607.682
            ],
            [
              25496220.36,
              6677611.289
            ],
            [
              25496219.563,
              6677608.594
            ],
            [
              25496231.76,
              6677604.986
            ]
          ]
        ]
      },
      "properties": {
        "confidence": 0.8512,
        "length_m": 12.72,
        "width_m": 2.81,
        "heading_deg": 106.5,
        "aoi": "r1-veturitie",
        "source_layer": "Ortoilmakuva_2025_5cm",
        "zoom": 16,
        "status": "confirmed",
        "class": "bus"
      }
    },
    {
      "type": "Feature",
      "geometry": {
        "type": "Polygon",
        "coordinates": [
          [
            [
              25496189.729,
              6677567.297
            ],
            [
              25496190.281,
              6677569.573
            ],
            [
              25496185.438,
              6677570.745
            ],
            [
              25496184.887,
              6677568.47
            ],
            [
              25496189.729,
              6677567.297
            ]
          ]
        ]
      },
      "properties": {
        "confidence": 0.8511,
        "length_m": 4.98,
        "width_m": 2.34,
        "heading_deg": 103.6,
        "aoi": "r1-veturitie",
        "source_layer": "Ortoilmakuva_2025_5cm",
        "zoom": 16,
        "status": "confirmed",
        "class": "car"
      }
    },
    {
      "type": "Feature",
      "geometry": {
        "type": "Polygon",
        "coordinates": [
          [
            [
              25496205.181,
              6677573.403
            ],
            [
              25496205.887,
              6677575.458
            ],
            [
              25496201.672,
              6677576.905
            ],
            [
              25496200.966,
              6677574.85
            ],
            [
              25496205.181,
              6677573.403
            ]
          ]
        ]
      },
      "properties": {
        "confidence": 0.851,
        "length_m": 4.46,
        "width_m": 2.17,
        "heading_deg": 108.9,
        "aoi": "r1-veturitie",
        "source_layer": "Ortoilmakuva_2025_5cm",
        "zoom": 16,
        "status": "confirmed",
        "class": "car"
      }
    },
    {
      "type": "Feature",
      "geometry": {
        "type": "Polygon",
        "coordinates": [
          [
            [
              25496251.913,
              6677476.605
            ],
            [
              25496252.739,
              6677479.678
            ],
            [
              25496238.633,
              6677483.47
            ],
            [
              25496237.807,
              6677480.397
            ],
            [
              25496251.913,
              6677476.605
            ]
          ]
        ]
      },
      "properties": {
        "confidence": 0.851,
        "length_m": 14.61,
        "width_m": 3.18,
        "heading_deg": 105,
        "aoi": "r1-veturitie",
        "source_layer": "Ortoilmakuva_2025_5cm",
        "zoom": 16,
        "status": "confirmed",
        "class": "bus"
      }
    },
    {
      "type": "Feature",
      "geometry": {
        "type": "Polygon",
        "coordinates": [
          [
            [
              25496254.937,
              6677554.57
            ],
            [
              25496255.836,
              6677557.435
            ],
            [
              25496241.723,
              6677561.866
            ],
            [
              25496240.824,
              6677559.001
            ],
            [
              25496254.937,
              6677554.57
            ]
          ]
        ]
      },
      "properties": {
        "confidence": 0.8506,
        "length_m": 14.79,
        "width_m": 3,
        "heading_deg": 107.4,
        "aoi": "r1-veturitie",
        "source_layer": "Ortoilmakuva_2025_5cm",
        "zoom": 16,
        "status": "confirmed",
        "class": "bus"
      }
    },
    {
      "type": "Feature",
      "geometry": {
        "type": "Polygon",
        "coordinates": [
          [
            [
              25496204.123,
              6677620.039
            ],
            [
              25496204.616,
              6677622.088
            ],
            [
              25496200.338,
              6677623.118
            ],
            [
              25496199.845,
              6677621.069
            ],
            [
              25496204.123,
              6677620.039
            ]
          ]
        ]
      },
      "properties": {
        "confidence": 0.8502,
        "length_m": 4.4,
        "width_m": 2.11,
        "heading_deg": 103.5,
        "aoi": "r1-veturitie",
        "source_layer": "Ortoilmakuva_2025_5cm",
        "zoom": 16,
        "status": "confirmed",
        "class": "car"
      }
    },
    {
      "type": "Feature",
      "geometry": {
        "type": "Polygon",
        "coordinates": [
          [
            [
              25496201.851,
              6677559.68
            ],
            [
              25496202.54,
              6677561.849
            ],
            [
              25496197.787,
              6677563.359
            ],
            [
              25496197.098,
              6677561.19
            ],
            [
              25496201.851,
              6677559.68
            ]
          ]
        ]
      },
      "properties": {
        "confidence": 0.8501,
        "length_m": 4.99,
        "width_m": 2.28,
        "heading_deg": 107.6,
        "aoi": "r1-veturitie",
        "source_layer": "Ortoilmakuva_2025_5cm",
        "zoom": 16,
        "status": "confirmed",
        "class": "car"
      }
    },
    {
      "type": "Feature",
      "geometry": {
        "type": "Polygon",
        "coordinates": [
          [
            [
              25496328.293,
              6677620.605
            ],
            [
              25496329.258,
              6677623.507
            ],
            [
              25496314.931,
              6677628.272
            ],
            [
              25496313.966,
              6677625.37
            ],
            [
              25496328.293,
              6677620.605
            ]
          ]
        ]
      },
      "properties": {
        "confidence": 0.8499,
        "length_m": 15.1,
        "width_m": 3.06,
        "heading_deg": 108.4,
        "aoi": "r1-veturitie",
        "source_layer": "Ortoilmakuva_2025_5cm",
        "zoom": 16,
        "status": "confirmed",
        "class": "bus"
      }
    },
    {
      "type": "Feature",
      "geometry": {
        "type": "Polygon",
        "coordinates": [
          [
            [
              25496315.99,
              6677573.125
            ],
            [
              25496316.826,
              6677575.999
            ],
            [
              25496302.494,
              6677580.169
            ],
            [
              25496301.658,
              6677577.295
            ],
            [
              25496315.99,
              6677573.125
            ]
          ]
        ]
      },
      "properties": {
        "confidence": 0.8498,
        "length_m": 14.93,
        "width_m": 2.99,
        "heading_deg": 106.2,
        "aoi": "r1-veturitie",
        "source_layer": "Ortoilmakuva_2025_5cm",
        "zoom": 16,
        "status": "confirmed",
        "class": "bus"
      }
    },
    {
      "type": "Feature",
      "geometry": {
        "type": "Polygon",
        "coordinates": [
          [
            [
              25496238.781,
              6677626.912
            ],
            [
              25496239.494,
              6677629.666
            ],
            [
              25496227.328,
              6677632.818
            ],
            [
              25496226.614,
              6677630.065
            ],
            [
              25496238.781,
              6677626.912
            ]
          ]
        ]
      },
      "properties": {
        "confidence": 0.8497,
        "length_m": 12.57,
        "width_m": 2.84,
        "heading_deg": 104.5,
        "aoi": "r1-veturitie",
        "source_layer": "Ortoilmakuva_2025_5cm",
        "zoom": 16,
        "status": "confirmed",
        "class": "bus"
      }
    },
    {
      "type": "Feature",
      "geometry": {
        "type": "Polygon",
        "coordinates": [
          [
            [
              25496219.805,
              6677623.247
            ],
            [
              25496220.418,
              6677625.453
            ],
            [
              25496215.847,
              6677626.722
            ],
            [
              25496215.235,
              6677624.515
            ],
            [
              25496219.805,
              6677623.247
            ]
          ]
        ]
      },
      "properties": {
        "confidence": 0.8496,
        "length_m": 4.74,
        "width_m": 2.29,
        "heading_deg": 105.5,
        "aoi": "r1-veturitie",
        "source_layer": "Ortoilmakuva_2025_5cm",
        "zoom": 16,
        "status": "confirmed",
        "class": "car"
      }
    },
    {
      "type": "Feature",
      "geometry": {
        "type": "Polygon",
        "coordinates": [
          [
            [
              25496320.404,
              6677591.111
            ],
            [
              25496321.35,
              6677594.094
            ],
            [
              25496307.101,
              6677598.612
            ],
            [
              25496306.155,
              6677595.629
            ],
            [
              25496320.404,
              6677591.111
            ]
          ]
        ]
      },
      "properties": {
        "confidence": 0.8495,
        "length_m": 14.95,
        "width_m": 3.13,
        "heading_deg": 107.6,
        "aoi": "r1-veturitie",
        "source_layer": "Ortoilmakuva_2025_5cm",
        "zoom": 16,
        "status": "confirmed",
        "class": "bus"
      }
    },
    {
      "type": "Feature",
      "geometry": {
        "type": "Polygon",
        "coordinates": [
          [
            [
              25496230.662,
              6677601.167
            ],
            [
              25496231.42,
              6677603.931
            ],
            [
              25496219.2,
              6677607.286
            ],
            [
              25496218.441,
              6677604.522
            ],
            [
              25496230.662,
              6677601.167
            ]
          ]
        ]
      },
      "properties": {
        "confidence": 0.8494,
        "length_m": 12.67,
        "width_m": 2.87,
        "heading_deg": 105.4,
        "aoi": "r1-veturitie",
        "source_layer": "Ortoilmakuva_2025_5cm",
        "zoom": 16,
        "status": "confirmed",
        "class": "bus"
      }
    },
    {
      "type": "Feature",
      "geometry": {
        "type": "Polygon",
        "coordinates": [
          [
            [
              25496194.127,
              6677585.073
            ],
            [
              25496194.721,
              6677587.152
            ],
            [
              25496190.525,
              6677588.35
            ],
            [
              25496189.932,
              6677586.272
            ],
            [
              25496194.127,
              6677585.073
            ]
          ]
        ]
      },
      "properties": {
        "confidence": 0.8491,
        "length_m": 4.36,
        "width_m": 2.16,
        "heading_deg": 105.9,
        "aoi": "r1-veturitie",
        "source_layer": "Ortoilmakuva_2025_5cm",
        "zoom": 16,
        "status": "confirmed",
        "class": "car"
      }
    },
    {
      "type": "Feature",
      "geometry": {
        "type": "Polygon",
        "coordinates": [
          [
            [
              25496202.337,
              6677608.984
            ],
            [
              25496203.055,
              6677611
            ],
            [
              25496198.569,
              6677612.596
            ],
            [
              25496197.852,
              6677610.581
            ],
            [
              25496202.337,
              6677608.984
            ]
          ]
        ]
      },
      "properties": {
        "confidence": 0.8485,
        "length_m": 4.76,
        "width_m": 2.14,
        "heading_deg": 109.6,
        "aoi": "r1-veturitie",
        "source_layer": "Ortoilmakuva_2025_5cm",
        "zoom": 16,
        "status": "confirmed",
        "class": "car"
      }
    },
    {
      "type": "Feature",
      "geometry": {
        "type": "Polygon",
        "coordinates": [
          [
            [
              25496193.712,
              6677582.294
            ],
            [
              25496194.379,
              6677584.578
            ],
            [
              25496189.565,
              6677585.986
            ],
            [
              25496188.897,
              6677583.702
            ],
            [
              25496193.712,
              6677582.294
            ]
          ]
        ]
      },
      "properties": {
        "confidence": 0.8484,
        "length_m": 5.02,
        "width_m": 2.38,
        "heading_deg": 106.3,
        "aoi": "r1-veturitie",
        "source_layer": "Ortoilmakuva_2025_5cm",
        "zoom": 16,
        "status": "confirmed",
        "class": "car"
      }
    },
    {
      "type": "Feature",
      "geometry": {
        "type": "Polygon",
        "coordinates": [
          [
            [
              25496183.491,
              6677664.037
            ],
            [
              25496184.022,
              6677666.097
            ],
            [
              25496179.769,
              6677667.193
            ],
            [
              25496179.238,
              6677665.133
            ],
            [
              25496183.491,
              6677664.037
            ]
          ]
        ]
      },
      "properties": {
        "confidence": 0.8484,
        "length_m": 4.39,
        "width_m": 2.13,
        "heading_deg": 104.5,
        "aoi": "r1-veturitie",
        "source_layer": "Ortoilmakuva_2025_5cm",
        "zoom": 16,
        "status": "confirmed",
        "class": "car"
      }
    },
    {
      "type": "Feature",
      "geometry": {
        "type": "Polygon",
        "coordinates": [
          [
            [
              25496203.648,
              6677568.22
            ],
            [
              25496204.298,
              6677570.427
            ],
            [
              25496199.516,
              6677571.836
            ],
            [
              25496198.865,
              6677569.629
            ],
            [
              25496203.648,
              6677568.22
            ]
          ]
        ]
      },
      "properties": {
        "confidence": 0.8483,
        "length_m": 4.99,
        "width_m": 2.3,
        "heading_deg": 106.4,
        "aoi": "r1-veturitie",
        "source_layer": "Ortoilmakuva_2025_5cm",
        "zoom": 16,
        "status": "confirmed",
        "class": "car"
      }
    },
    {
      "type": "Feature",
      "geometry": {
        "type": "Polygon",
        "coordinates": [
          [
            [
              25496259.255,
              6677502.586
            ],
            [
              25496260.068,
              6677505.382
            ],
            [
              25496245.822,
              6677509.524
            ],
            [
              25496245.009,
              6677506.728
            ],
            [
              25496259.255,
              6677502.586
            ]
          ]
        ]
      },
      "properties": {
        "confidence": 0.848,
        "length_m": 14.84,
        "width_m": 2.91,
        "heading_deg": 106.2,
        "aoi": "r1-veturitie",
        "source_layer": "Ortoilmakuva_2025_5cm",
        "zoom": 16,
        "status": "confirmed",
        "class": "bus"
      }
    },
    {
      "type": "Feature",
      "geometry": {
        "type": "Polygon",
        "coordinates": [
          [
            [
              25496253.706,
              6677483.481
            ],
            [
              25496254.633,
              6677486.331
            ],
            [
              25496240.776,
              6677490.836
            ],
            [
              25496239.849,
              6677487.987
            ],
            [
              25496253.706,
              6677483.481
            ]
          ]
        ]
      },
      "properties": {
        "confidence": 0.848,
        "length_m": 14.57,
        "width_m": 3,
        "heading_deg": 108,
        "aoi": "r1-veturitie",
        "source_layer": "Ortoilmakuva_2025_5cm",
        "zoom": 16,
        "status": "confirmed",
        "class": "bus"
      }
    },
    {
      "type": "Feature",
      "geometry": {
        "type": "Polygon",
        "coordinates": [
          [
            [
              25496169.242,
              6677494.041
            ],
            [
              25496169.961,
              6677496.136
            ],
            [
              25496165.235,
              6677497.757
            ],
            [
              25496164.516,
              6677495.662
            ],
            [
              25496169.242,
              6677494.041
            ]
          ]
        ]
      },
      "properties": {
        "confidence": 0.8479,
        "length_m": 5,
        "width_m": 2.21,
        "heading_deg": 108.9,
        "aoi": "r1-veturitie",
        "source_layer": "Ortoilmakuva_2025_5cm",
        "zoom": 16,
        "status": "confirmed",
        "class": "car"
      }
    },
    {
      "type": "Feature",
      "geometry": {
        "type": "Polygon",
        "coordinates": [
          [
            [
              25496188.831,
              6677513.501
            ],
            [
              25496189.495,
              6677515.648
            ],
            [
              25496185.022,
              6677517.032
            ],
            [
              25496184.358,
              6677514.885
            ],
            [
              25496188.831,
              6677513.501
            ]
          ]
        ]
      },
      "properties": {
        "confidence": 0.8477,
        "length_m": 4.68,
        "width_m": 2.25,
        "heading_deg": 107.2,
        "aoi": "r1-veturitie",
        "source_layer": "Ortoilmakuva_2025_5cm",
        "zoom": 16,
        "status": "confirmed",
        "class": "car"
      }
    },
    {
      "type": "Feature",
      "geometry": {
        "type": "Polygon",
        "coordinates": [
          [
            [
              25496222.825,
              6677633.47
            ],
            [
              25496223.582,
              6677635.591
            ],
            [
              25496218.801,
              6677637.298
            ],
            [
              25496218.044,
              6677635.177
            ],
            [
              25496222.825,
              6677633.47
            ]
          ]
        ]
      },
      "properties": {
        "confidence": 0.8472,
        "length_m": 5.08,
        "width_m": 2.25,
        "heading_deg": 109.6,
        "aoi": "r1-veturitie",
        "source_layer": "Ortoilmakuva_2025_5cm",
        "zoom": 16,
        "status": "confirmed",
        "class": "car"
      }
    },
    {
      "type": "Feature",
      "geometry": {
        "type": "Polygon",
        "coordinates": [
          [
            [
              25496325.162,
              6677609.808
            ],
            [
              25496325.978,
              6677612.758
            ],
            [
              25496311.744,
              6677616.697
            ],
            [
              25496310.928,
              6677613.746
            ],
            [
              25496325.162,
              6677609.808
            ]
          ]
        ]
      },
      "properties": {
        "confidence": 0.8469,
        "length_m": 14.77,
        "width_m": 3.06,
        "heading_deg": 105.5,
        "aoi": "r1-veturitie",
        "source_layer": "Ortoilmakuva_2025_5cm",
        "zoom": 16,
        "status": "confirmed",
        "class": "bus"
      }
    },
    {
      "type": "Feature",
      "geometry": {
        "type": "Polygon",
        "coordinates": [
          [
            [
              25496190.31,
              6677450.457
            ],
            [
              25496191.189,
              6677453.291
            ],
            [
              25496177.08,
              6677457.666
            ],
            [
              25496176.201,
              6677454.832
            ],
            [
              25496190.31,
              6677450.457
            ]
          ]
        ]
      },
      "properties": {
        "confidence": 0.8468,
        "length_m": 14.77,
        "width_m": 2.97,
        "heading_deg": 107.2,
        "aoi": "r1-veturitie",
        "source_layer": "Ortoilmakuva_2025_5cm",
        "zoom": 16,
        "status": "confirmed",
        "class": "bus"
      }
    },
    {
      "type": "Feature",
      "geometry": {
        "type": "Polygon",
        "coordinates": [
          [
            [
              25496205.93,
              6677624.707
            ],
            [
              25496206.51,
              6677626.835
            ],
            [
              25496201.966,
              6677628.074
            ],
            [
              25496201.385,
              6677625.947
            ],
            [
              25496205.93,
              6677624.707
            ]
          ]
        ]
      },
      "properties": {
        "confidence": 0.8468,
        "length_m": 4.71,
        "width_m": 2.21,
        "heading_deg": 105.3,
        "aoi": "r1-veturitie",
        "source_layer": "Ortoilmakuva_2025_5cm",
        "zoom": 16,
        "status": "confirmed",
        "class": "car"
      }
    },
    {
      "type": "Feature",
      "geometry": {
        "type": "Polygon",
        "coordinates": [
          [
            [
              25496219.286,
              6677620.512
            ],
            [
              25496219.802,
              6677622.721
            ],
            [
              25496215.222,
              6677623.792
            ],
            [
              25496214.705,
              6677621.583
            ],
            [
              25496219.286,
              6677620.512
            ]
          ]
        ]
      },
      "properties": {
        "confidence": 0.8467,
        "length_m": 4.7,
        "width_m": 2.27,
        "heading_deg": 103.2,
        "aoi": "r1-veturitie",
        "source_layer": "Ortoilmakuva_2025_5cm",
        "zoom": 16,
        "status": "confirmed",
        "class": "car"
      }
    },
    {
      "type": "Feature",
      "geometry": {
        "type": "Polygon",
        "coordinates": [
          [
            [
              25496215.353,
              6677605.563
            ],
            [
              25496216.031,
              6677607.736
            ],
            [
              25496211.201,
              6677609.244
            ],
            [
              25496210.523,
              6677607.071
            ],
            [
              25496215.353,
              6677605.563
            ]
          ]
        ]
      },
      "properties": {
        "confidence": 0.8464,
        "length_m": 5.06,
        "width_m": 2.28,
        "heading_deg": 107.3,
        "aoi": "r1-veturitie",
        "source_layer": "Ortoilmakuva_2025_5cm",
        "zoom": 16,
        "status": "confirmed",
        "class": "car"
      }
    },
    {
      "type": "Feature",
      "geometry": {
        "type": "Polygon",
        "coordinates": [
          [
            [
              25496162.43,
              6677471.225
            ],
            [
              25496163.058,
              6677473.349
            ],
            [
              25496158.401,
              6677474.725
            ],
            [
              25496157.774,
              6677472.601
            ],
            [
              25496162.43,
              6677471.225
            ]
          ]
        ]
      },
      "properties": {
        "confidence": 0.8462,
        "length_m": 4.86,
        "width_m": 2.21,
        "heading_deg": 106.5,
        "aoi": "r1-veturitie",
        "source_layer": "Ortoilmakuva_2025_5cm",
        "zoom": 16,
        "status": "confirmed",
        "class": "car"
      }
    },
    {
      "type": "Feature",
      "geometry": {
        "type": "Polygon",
        "coordinates": [
          [
            [
              25496244.849,
              6677450.789
            ],
            [
              25496245.699,
              6677453.608
            ],
            [
              25496231.709,
              6677457.829
            ],
            [
              25496230.858,
              6677455.01
            ],
            [
              25496244.849,
              6677450.789
            ]
          ]
        ]
      },
      "properties": {
        "confidence": 0.846,
        "length_m": 14.61,
        "width_m": 2.94,
        "heading_deg": 106.8,
        "aoi": "r1-veturitie",
        "source_layer": "Ortoilmakuva_2025_5cm",
        "zoom": 16,
        "status": "confirmed",
        "class": "bus"
      }
    },
    {
      "type": "Feature",
      "geometry": {
        "type": "Polygon",
        "coordinates": [
          [
            [
              25496186.483,
              6677505.572
            ],
            [
              25496187.178,
              6677507.811
            ],
            [
              25496182.444,
              6677509.279
            ],
            [
              25496181.749,
              6677507.04
            ],
            [
              25496186.483,
              6677505.572
            ]
          ]
        ]
      },
      "properties": {
        "confidence": 0.8454,
        "length_m": 4.96,
        "width_m": 2.34,
        "heading_deg": 107.2,
        "aoi": "r1-veturitie",
        "source_layer": "Ortoilmakuva_2025_5cm",
        "zoom": 16,
        "status": "confirmed",
        "class": "car"
      }
    },
    {
      "type": "Feature",
      "geometry": {
        "type": "Polygon",
        "coordinates": [
          [
            [
              25496193.777,
              6677532.391
            ],
            [
              25496194.408,
              6677534.555
            ],
            [
              25496189.896,
              6677535.869
            ],
            [
              25496189.265,
              6677533.705
            ],
            [
              25496193.777,
              6677532.391
            ]
          ]
        ]
      },
      "properties": {
        "confidence": 0.8453,
        "length_m": 4.7,
        "width_m": 2.25,
        "heading_deg": 106.2,
        "aoi": "r1-veturitie",
        "source_layer": "Ortoilmakuva_2025_5cm",
        "zoom": 16,
        "status": "confirmed",
        "class": "car"
      }
    },
    {
      "type": "Feature",
      "geometry": {
        "type": "Polygon",
        "coordinates": [
          [
            [
              25496190.349,
              6677570.393
            ],
            [
              25496190.93,
              6677572.581
            ],
            [
              25496186.17,
              6677573.845
            ],
            [
              25496185.589,
              6677571.658
            ],
            [
              25496190.349,
              6677570.393
            ]
          ]
        ]
      },
      "properties": {
        "confidence": 0.8452,
        "length_m": 4.92,
        "width_m": 2.26,
        "heading_deg": 104.9,
        "aoi": "r1-veturitie",
        "source_layer": "Ortoilmakuva_2025_5cm",
        "zoom": 16,
        "status": "confirmed",
        "class": "car"
      }
    },
    {
      "type": "Feature",
      "geometry": {
        "type": "Polygon",
        "coordinates": [
          [
            [
              25496171.467,
              6677502.347
            ],
            [
              25496172.118,
              6677504.418
            ],
            [
              25496167.706,
              6677505.804
            ],
            [
              25496167.056,
              6677503.733
            ],
            [
              25496171.467,
              6677502.347
            ]
          ]
        ]
      },
      "properties": {
        "confidence": 0.8451,
        "length_m": 4.62,
        "width_m": 2.17,
        "heading_deg": 107.4,
        "aoi": "r1-veturitie",
        "source_layer": "Ortoilmakuva_2025_5cm",
        "zoom": 16,
        "status": "confirmed",
        "class": "car"
      }
    },
    {
      "type": "Feature",
      "geometry": {
        "type": "Polygon",
        "coordinates": [
          [
            [
              25496214.648,
              6677602.943
            ],
            [
              25496215.304,
              6677605.12
            ],
            [
              25496210.73,
              6677606.5
            ],
            [
              25496210.074,
              6677604.323
            ],
            [
              25496214.648,
              6677602.943
            ]
          ]
        ]
      },
      "properties": {
        "confidence": 0.845,
        "length_m": 4.78,
        "width_m": 2.27,
        "heading_deg": 106.8,
        "aoi": "r1-veturitie",
        "source_layer": "Ortoilmakuva_2025_5cm",
        "zoom": 16,
        "status": "confirmed",
        "class": "car"
      }
    },
    {
      "type": "Feature",
      "geometry": {
        "type": "Polygon",
        "coordinates": [
          [
            [
              25496177.964,
              6677526.449
            ],
            [
              25496178.4,
              6677528.573
            ],
            [
              25496174.112,
              6677529.453
            ],
            [
              25496173.677,
              6677527.329
            ],
            [
              25496177.964,
              6677526.449
            ]
          ]
        ]
      },
      "properties": {
        "confidence": 0.8448,
        "length_m": 4.38,
        "width_m": 2.17,
        "heading_deg": 101.6,
        "aoi": "r1-veturitie",
        "source_layer": "Ortoilmakuva_2025_5cm",
        "zoom": 16,
        "status": "confirmed",
        "class": "car"
      }
    },
    {
      "type": "Feature",
      "geometry": {
        "type": "Polygon",
        "coordinates": [
          [
            [
              25496217.156,
              6677610.986
            ],
            [
              25496217.86,
              6677613.201
            ],
            [
              25496213.066,
              6677614.727
            ],
            [
              25496212.361,
              6677612.511
            ],
            [
              25496217.156,
              6677610.986
            ]
          ]
        ]
      },
      "properties": {
        "confidence": 0.8447,
        "length_m": 5.03,
        "width_m": 2.32,
        "heading_deg": 107.7,
        "aoi": "r1-veturitie",
        "source_layer": "Ortoilmakuva_2025_5cm",
        "zoom": 16,
        "status": "confirmed",
        "class": "car"
      }
    },
    {
      "type": "Feature",
      "geometry": {
        "type": "Polygon",
        "coordinates": [
          [
            [
              25496211.528,
              6677594.811
            ],
            [
              25496212.143,
              6677597.028
            ],
            [
              25496207.438,
              6677598.335
            ],
            [
              25496206.822,
              6677596.118
            ],
            [
              25496211.528,
              6677594.811
            ]
          ]
        ]
      },
      "properties": {
        "confidence": 0.8446,
        "length_m": 4.88,
        "width_m": 2.3,
        "heading_deg": 105.5,
        "aoi": "r1-veturitie",
        "source_layer": "Ortoilmakuva_2025_5cm",
        "zoom": 16,
        "status": "confirmed",
        "class": "car"
      }
    },
    {
      "type": "Feature",
      "geometry": {
        "type": "Polygon",
        "coordinates": [
          [
            [
              25496245.057,
              6677521.491
            ],
            [
              25496245.931,
              6677524.353
            ],
            [
              25496231.512,
              6677528.756
            ],
            [
              25496230.638,
              6677525.894
            ],
            [
              25496245.057,
              6677521.491
            ]
          ]
        ]
      },
      "properties": {
        "confidence": 0.8443,
        "length_m": 15.08,
        "width_m": 2.99,
        "heading_deg": 107,
        "aoi": "r1-veturitie",
        "source_layer": "Ortoilmakuva_2025_5cm",
        "zoom": 16,
        "status": "confirmed",
        "class": "bus"
      }
    },
    {
      "type": "Feature",
      "geometry": {
        "type": "Polygon",
        "coordinates": [
          [
            [
              25496246.311,
              6677525.314
            ],
            [
              25496247.136,
              6677528.108
            ],
            [
              25496232.908,
              6677532.311
            ],
            [
              25496232.083,
              6677529.517
            ],
            [
              25496246.311,
              6677525.314
            ]
          ]
        ]
      },
      "properties": {
        "confidence": 0.8443,
        "length_m": 14.84,
        "width_m": 2.91,
        "heading_deg": 106.5,
        "aoi": "r1-veturitie",
        "source_layer": "Ortoilmakuva_2025_5cm",
        "zoom": 16,
        "status": "confirmed",
        "class": "bus"
      }
    },
    {
      "type": "Feature",
      "geometry": {
        "type": "Polygon",
        "coordinates": [
          [
            [
              25496191.875,
              6677524.755
            ],
            [
              25496192.427,
              6677526.701
            ],
            [
              25496188.549,
              6677527.801
            ],
            [
              25496187.997,
              6677525.854
            ],
            [
              25496191.875,
              6677524.755
            ]
          ]
        ]
      },
      "properties": {
        "confidence": 0.8435,
        "length_m": 4.03,
        "width_m": 2.02,
        "heading_deg": 105.8,
        "aoi": "r1-veturitie",
        "source_layer": "Ortoilmakuva_2025_5cm",
        "zoom": 16,
        "status": "confirmed",
        "class": "car"
      }
    },
    {
      "type": "Feature",
      "geometry": {
        "type": "Polygon",
        "coordinates": [
          [
            [
              25496218.51,
              6677617.175
            ],
            [
              25496219.246,
              6677619.317
            ],
            [
              25496214.763,
              6677620.858
            ],
            [
              25496214.027,
              6677618.717
            ],
            [
              25496218.51,
              6677617.175
            ]
          ]
        ]
      },
      "properties": {
        "confidence": 0.8432,
        "length_m": 4.74,
        "width_m": 2.26,
        "heading_deg": 109,
        "aoi": "r1-veturitie",
        "source_layer": "Ortoilmakuva_2025_5cm",
        "zoom": 16,
        "status": "confirmed",
        "class": "car"
      }
    },
    {
      "type": "Feature",
      "geometry": {
        "type": "Polygon",
        "coordinates": [
          [
            [
              25496209.531,
              6677585.875
            ],
            [
              25496210.209,
              6677588.036
            ],
            [
              25496205.61,
              6677589.478
            ],
            [
              25496204.933,
              6677587.317
            ],
            [
              25496209.531,
              6677585.875
            ]
          ]
        ]
      },
      "properties": {
        "confidence": 0.843,
        "length_m": 4.82,
        "width_m": 2.26,
        "heading_deg": 107.4,
        "aoi": "r1-veturitie",
        "source_layer": "Ortoilmakuva_2025_5cm",
        "zoom": 16,
        "status": "confirmed",
        "class": "car"
      }
    },
    {
      "type": "Feature",
      "geometry": {
        "type": "Polygon",
        "coordinates": [
          [
            [
              25496254.998,
              6677487.454
            ],
            [
              25496255.854,
              6677490.301
            ],
            [
              25496241.587,
              6677494.586
            ],
            [
              25496240.732,
              6677491.74
            ],
            [
              25496254.998,
              6677487.454
            ]
          ]
        ]
      },
      "properties": {
        "confidence": 0.843,
        "length_m": 14.9,
        "width_m": 2.97,
        "heading_deg": 106.7,
        "aoi": "r1-veturitie",
        "source_layer": "Ortoilmakuva_2025_5cm",
        "zoom": 16,
        "status": "confirmed",
        "class": "bus"
      }
    },
    {
      "type": "Feature",
      "geometry": {
        "type": "Polygon",
        "coordinates": [
          [
            [
              25496216.284,
              6677423.314
            ],
            [
              25496217.164,
              6677426.112
            ],
            [
              25496203.335,
              6677430.458
            ],
            [
              25496202.456,
              6677427.659
            ],
            [
              25496216.284,
              6677423.314
            ]
          ]
        ]
      },
      "properties": {
        "confidence": 0.8428,
        "length_m": 14.5,
        "width_m": 2.93,
        "heading_deg": 107.4,
        "aoi": "r1-veturitie",
        "source_layer": "Ortoilmakuva_2025_5cm",
        "zoom": 16,
        "status": "confirmed",
        "class": "bus"
      }
    },
    {
      "type": "Feature",
      "geometry": {
        "type": "Polygon",
        "coordinates": [
          [
            [
              25496177.245,
              6677629.629
            ],
            [
              25496177.665,
              6677631.712
            ],
            [
              25496173.254,
              6677632.601
            ],
            [
              25496172.834,
              6677630.518
            ],
            [
              25496177.245,
              6677629.629
            ]
          ]
        ]
      },
      "properties": {
        "confidence": 0.8423,
        "length_m": 4.5,
        "width_m": 2.12,
        "heading_deg": 101.4,
        "aoi": "r1-veturitie",
        "source_layer": "Ortoilmakuva_2025_5cm",
        "zoom": 16,
        "status": "confirmed",
        "class": "car"
      }
    },
    {
      "type": "Feature",
      "geometry": {
        "type": "Polygon",
        "coordinates": [
          [
            [
              25496194.986,
              6677535.237
            ],
            [
              25496195.68,
              6677537.46
            ],
            [
              25496190.725,
              6677539.006
            ],
            [
              25496190.032,
              6677536.783
            ],
            [
              25496194.986,
              6677535.237
            ]
          ]
        ]
      },
      "properties": {
        "confidence": 0.8421,
        "length_m": 5.19,
        "width_m": 2.33,
        "heading_deg": 107.3,
        "aoi": "r1-veturitie",
        "source_layer": "Ortoilmakuva_2025_5cm",
        "zoom": 16,
        "status": "confirmed",
        "class": "car"
      }
    },
    {
      "type": "Feature",
      "geometry": {
        "type": "Polygon",
        "coordinates": [
          [
            [
              25496184.707,
              6677666.208
            ],
            [
              25496185.307,
              6677668.33
            ],
            [
              25496180.375,
              6677669.724
            ],
            [
              25496179.775,
              6677667.602
            ],
            [
              25496184.707,
              6677666.208
            ]
          ]
        ]
      },
      "properties": {
        "confidence": 0.8421,
        "length_m": 5.13,
        "width_m": 2.21,
        "heading_deg": 105.8,
        "aoi": "r1-veturitie",
        "source_layer": "Ortoilmakuva_2025_5cm",
        "zoom": 16,
        "status": "confirmed",
        "class": "car"
      }
    },
    {
      "type": "Feature",
      "geometry": {
        "type": "Polygon",
        "coordinates": [
          [
            [
              25496167.545,
              6677650.262
            ],
            [
              25496168.162,
              6677652.326
            ],
            [
              25496163.885,
              6677653.605
            ],
            [
              25496163.268,
              6677651.541
            ],
            [
              25496167.545,
              6677650.262
            ]
          ]
        ]
      },
      "properties": {
        "confidence": 0.8421,
        "length_m": 4.46,
        "width_m": 2.15,
        "heading_deg": 106.6,
        "aoi": "r1-veturitie",
        "source_layer": "Ortoilmakuva_2025_5cm",
        "zoom": 16,
        "status": "confirmed",
        "class": "car"
      }
    },
    {
      "type": "Feature",
      "geometry": {
        "type": "Polygon",
        "coordinates": [
          [
            [
              25496165.484,
              6677482.821
            ],
            [
              25496166.219,
              6677485.023
            ],
            [
              25496161.754,
              6677486.514
            ],
            [
              25496161.019,
              6677484.312
            ],
            [
              25496165.484,
              6677482.821
            ]
          ]
        ]
      },
      "properties": {
        "confidence": 0.8421,
        "length_m": 4.71,
        "width_m": 2.32,
        "heading_deg": 108.5,
        "aoi": "r1-veturitie",
        "source_layer": "Ortoilmakuva_2025_5cm",
        "zoom": 16,
        "status": "confirmed",
        "class": "car"
      }
    },
    {
      "type": "Feature",
      "geometry": {
        "type": "Polygon",
        "coordinates": [
          [
            [
              25496191.094,
              6677521.719
            ],
            [
              25496191.795,
              6677523.664
            ],
            [
              25496187.898,
              6677525.068
            ],
            [
              25496187.198,
              6677523.122
            ],
            [
              25496191.094,
              6677521.719
            ]
          ]
        ]
      },
      "properties": {
        "confidence": 0.8419,
        "length_m": 4.14,
        "width_m": 2.07,
        "heading_deg": 109.8,
        "aoi": "r1-veturitie",
        "source_layer": "Ortoilmakuva_2025_5cm",
        "zoom": 16,
        "status": "confirmed",
        "class": "car"
      }
    },
    {
      "type": "Feature",
      "geometry": {
        "type": "Polygon",
        "coordinates": [
          [
            [
              25496260.258,
              6677506.124
            ],
            [
              25496261.027,
              6677508.976
            ],
            [
              25496246.619,
              6677512.864
            ],
            [
              25496245.849,
              6677510.012
            ],
            [
              25496260.258,
              6677506.124
            ]
          ]
        ]
      },
      "properties": {
        "confidence": 0.8416,
        "length_m": 14.92,
        "width_m": 2.95,
        "heading_deg": 105.1,
        "aoi": "r1-veturitie",
        "source_layer": "Ortoilmakuva_2025_5cm",
        "zoom": 16,
        "status": "confirmed",
        "class": "bus"
      }
    },
    {
      "type": "Feature",
      "geometry": {
        "type": "Polygon",
        "coordinates": [
          [
            [
              25496168.395,
              6677652.563
            ],
            [
              25496169.039,
              6677654.844
            ],
            [
              25496164.22,
              6677656.204
            ],
            [
              25496163.576,
              6677653.923
            ],
            [
              25496168.395,
              6677652.563
            ]
          ]
        ]
      },
      "properties": {
        "confidence": 0.8415,
        "length_m": 5.01,
        "width_m": 2.37,
        "heading_deg": 105.8,
        "aoi": "r1-veturitie",
        "source_layer": "Ortoilmakuva_2025_5cm",
        "zoom": 16,
        "status": "confirmed",
        "class": "car"
      }
    },
    {
      "type": "Feature",
      "geometry": {
        "type": "Polygon",
        "coordinates": [
          [
            [
              25496185.16,
              6677668.527
            ],
            [
              25496185.751,
              6677670.782
            ],
            [
              25496181.104,
              6677672
            ],
            [
              25496180.513,
              6677669.746
            ],
            [
              25496185.16,
              6677668.527
            ]
          ]
        ]
      },
      "properties": {
        "confidence": 0.8415,
        "length_m": 4.8,
        "width_m": 2.33,
        "heading_deg": 104.7,
        "aoi": "r1-veturitie",
        "source_layer": "Ortoilmakuva_2025_5cm",
        "zoom": 16,
        "status": "confirmed",
        "class": "car"
      }
    },
    {
      "type": "Feature",
      "geometry": {
        "type": "Polygon",
        "coordinates": [
          [
            [
              25496164.914,
              6677640.667
            ],
            [
              25496165.543,
              6677642.907
            ],
            [
              25496160.796,
              6677644.24
            ],
            [
              25496160.167,
              6677642
            ],
            [
              25496164.914,
              6677640.667
            ]
          ]
        ]
      },
      "properties": {
        "confidence": 0.8414,
        "length_m": 4.93,
        "width_m": 2.33,
        "heading_deg": 105.7,
        "aoi": "r1-veturitie",
        "source_layer": "Ortoilmakuva_2025_5cm",
        "zoom": 16,
        "status": "confirmed",
        "class": "car"
      }
    },
    {
      "type": "Feature",
      "geometry": {
        "type": "Polygon",
        "coordinates": [
          [
            [
              25496171.376,
              6677667.419
            ],
            [
              25496172.004,
              6677669.398
            ],
            [
              25496167.981,
              6677670.675
            ],
            [
              25496167.353,
              6677668.696
            ],
            [
              25496171.376,
              6677667.419
            ]
          ]
        ]
      },
      "properties": {
        "confidence": 0.8413,
        "length_m": 4.22,
        "width_m": 2.08,
        "heading_deg": 107.6,
        "aoi": "r1-veturitie",
        "source_layer": "Ortoilmakuva_2025_5cm",
        "zoom": 16,
        "status": "confirmed",
        "class": "car"
      }
    },
    {
      "type": "Feature",
      "geometry": {
        "type": "Polygon",
        "coordinates": [
          [
            [
              25496209.057,
              6677635.345
            ],
            [
              25496209.778,
              6677637.479
            ],
            [
              25496205.133,
              6677639.047
            ],
            [
              25496204.413,
              6677636.914
            ],
            [
              25496209.057,
              6677635.345
            ]
          ]
        ]
      },
      "properties": {
        "confidence": 0.8405,
        "length_m": 4.9,
        "width_m": 2.25,
        "heading_deg": 108.7,
        "aoi": "r1-veturitie",
        "source_layer": "Ortoilmakuva_2025_5cm",
        "zoom": 16,
        "status": "confirmed",
        "class": "car"
      }
    },
    {
      "type": "Feature",
      "geometry": {
        "type": "Polygon",
        "coordinates": [
          [
            [
              25496209.504,
              6677638.202
            ],
            [
              25496210.271,
              6677640.558
            ],
            [
              25496205.475,
              6677642.119
            ],
            [
              25496204.708,
              6677639.764
            ],
            [
              25496209.504,
              6677638.202
            ]
          ]
        ]
      },
      "properties": {
        "confidence": 0.8405,
        "length_m": 5.04,
        "width_m": 2.48,
        "heading_deg": 108,
        "aoi": "r1-veturitie",
        "source_layer": "Ortoilmakuva_2025_5cm",
        "zoom": 16,
        "status": "confirmed",
        "class": "van"
      }
    },
    {
      "type": "Feature",
      "geometry": {
        "type": "Polygon",
        "coordinates": [
          [
            [
              25496170.685,
              6677662.341
            ],
            [
              25496171.377,
              6677664.355
            ],
            [
              25496167.174,
              6677665.798
            ],
            [
              25496166.483,
              6677663.784
            ],
            [
              25496170.685,
              6677662.341
            ]
          ]
        ]
      },
      "properties": {
        "confidence": 0.8401,
        "length_m": 4.44,
        "width_m": 2.13,
        "heading_deg": 108.9,
        "aoi": "r1-veturitie",
        "source_layer": "Ortoilmakuva_2025_5cm",
        "zoom": 16,
        "status": "confirmed",
        "class": "car"
      }
    },
    {
      "type": "Feature",
      "geometry": {
        "type": "Polygon",
        "coordinates": [
          [
            [
              25496170.099,
              6677496.835
            ],
            [
              25496170.777,
              6677499.026
            ],
            [
              25496166.048,
              6677500.49
            ],
            [
              25496165.37,
              6677498.299
            ],
            [
              25496170.099,
              6677496.835
            ]
          ]
        ]
      },
      "properties": {
        "confidence": 0.8399,
        "length_m": 4.95,
        "width_m": 2.29,
        "heading_deg": 107.2,
        "aoi": "r1-veturitie",
        "source_layer": "Ortoilmakuva_2025_5cm",
        "zoom": 16,
        "status": "confirmed",
        "class": "car"
      }
    },
    {
      "type": "Feature",
      "geometry": {
        "type": "Polygon",
        "coordinates": [
          [
            [
              25496256.036,
              6677491.007
            ],
            [
              25496256.85,
              6677493.919
            ],
            [
              25496242.548,
              6677497.917
            ],
            [
              25496241.734,
              6677495.005
            ],
            [
              25496256.036,
              6677491.007
            ]
          ]
        ]
      },
      "properties": {
        "confidence": 0.8398,
        "length_m": 14.85,
        "width_m": 3.02,
        "heading_deg": 105.6,
        "aoi": "r1-veturitie",
        "source_layer": "Ortoilmakuva_2025_5cm",
        "zoom": 16,
        "status": "confirmed",
        "class": "bus"
      }
    },
    {
      "type": "Feature",
      "geometry": {
        "type": "Polygon",
        "coordinates": [
          [
            [
              25496183.21,
              6677494.837
            ],
            [
              25496183.845,
              6677497.141
            ],
            [
              25496179.108,
              6677498.446
            ],
            [
              25496178.473,
              6677496.143
            ],
            [
              25496183.21,
              6677494.837
            ]
          ]
        ]
      },
      "properties": {
        "confidence": 0.8397,
        "length_m": 4.91,
        "width_m": 2.39,
        "heading_deg": 105.4,
        "aoi": "r1-veturitie",
        "source_layer": "Ortoilmakuva_2025_5cm",
        "zoom": 16,
        "status": "confirmed",
        "class": "car"
      }
    },
    {
      "type": "Feature",
      "geometry": {
        "type": "Polygon",
        "coordinates": [
          [
            [
              25496210.216,
              6677588.642
            ],
            [
              25496210.93,
              6677590.65
            ],
            [
              25496206.388,
              6677592.265
            ],
            [
              25496205.674,
              6677590.257
            ],
            [
              25496210.216,
              6677588.642
            ]
          ]
        ]
      },
      "properties": {
        "confidence": 0.8395,
        "length_m": 4.82,
        "width_m": 2.13,
        "heading_deg": 109.6,
        "aoi": "r1-veturitie",
        "source_layer": "Ortoilmakuva_2025_5cm",
        "zoom": 16,
        "status": "confirmed",
        "class": "car"
      }
    },
    {
      "type": "Feature",
      "geometry": {
        "type": "Polygon",
        "coordinates": [
          [
            [
              25496203.268,
              6677565.055
            ],
            [
              25496203.905,
              6677567.23
            ],
            [
              25496199.599,
              6677568.491
            ],
            [
              25496198.963,
              6677566.316
            ],
            [
              25496203.268,
              6677565.055
            ]
          ]
        ]
      },
      "properties": {
        "confidence": 0.8394,
        "length_m": 4.49,
        "width_m": 2.27,
        "heading_deg": 106.3,
        "aoi": "r1-veturitie",
        "source_layer": "Ortoilmakuva_2025_5cm",
        "zoom": 16,
        "status": "confirmed",
        "class": "car"
      }
    },
    {
      "type": "Feature",
      "geometry": {
        "type": "Polygon",
        "coordinates": [
          [
            [
              25496178.631,
              6677529.008
            ],
            [
              25496179.172,
              6677531.218
            ],
            [
              25496174.552,
              6677532.349
            ],
            [
              25496174.011,
              6677530.14
            ],
            [
              25496178.631,
              6677529.008
            ]
          ]
        ]
      },
      "properties": {
        "confidence": 0.8392,
        "length_m": 4.76,
        "width_m": 2.28,
        "heading_deg": 103.8,
        "aoi": "r1-veturitie",
        "source_layer": "Ortoilmakuva_2025_5cm",
        "zoom": 16,
        "status": "confirmed",
        "class": "car"
      }
    },
    {
      "type": "Feature",
      "geometry": {
        "type": "Polygon",
        "coordinates": [
          [
            [
              25496206.776,
              6677578.756
            ],
            [
              25496207.472,
              6677580.845
            ],
            [
              25496202.828,
              6677582.394
            ],
            [
              25496202.131,
              6677580.305
            ],
            [
              25496206.776,
              6677578.756
            ]
          ]
        ]
      },
      "properties": {
        "confidence": 0.8392,
        "length_m": 4.9,
        "width_m": 2.2,
        "heading_deg": 108.4,
        "aoi": "r1-veturitie",
        "source_layer": "Ortoilmakuva_2025_5cm",
        "zoom": 16,
        "status": "confirmed",
        "class": "car"
      }
    },
    {
      "type": "Feature",
      "geometry": {
        "type": "Polygon",
        "coordinates": [
          [
            [
              25496291.383,
              6677623.347
            ],
            [
              25496292.207,
              6677625.993
            ],
            [
              25496281.319,
              6677629.383
            ],
            [
              25496280.495,
              6677626.737
            ],
            [
              25496291.383,
              6677623.347
            ]
          ]
        ]
      },
      "properties": {
        "confidence": 0.839,
        "length_m": 11.4,
        "width_m": 2.77,
        "heading_deg": 107.3,
        "aoi": "r1-veturitie",
        "source_layer": "Ortoilmakuva_2025_5cm",
        "zoom": 16,
        "status": "confirmed",
        "class": "bus"
      }
    },
    {
      "type": "Feature",
      "geometry": {
        "type": "Polygon",
        "coordinates": [
          [
            [
              25496182.442,
              6677540.552
            ],
            [
              25496183.037,
              6677542.818
            ],
            [
              25496178.317,
              6677544.058
            ],
            [
              25496177.721,
              6677541.793
            ],
            [
              25496182.442,
              6677540.552
            ]
          ]
        ]
      },
      "properties": {
        "confidence": 0.8389,
        "length_m": 4.88,
        "width_m": 2.34,
        "heading_deg": 104.7,
        "aoi": "r1-veturitie",
        "source_layer": "Ortoilmakuva_2025_5cm",
        "zoom": 16,
        "status": "confirmed",
        "class": "car"
      }
    },
    {
      "type": "Feature",
      "geometry": {
        "type": "Polygon",
        "coordinates": [
          [
            [
              25496166.761,
              6677485.444
            ],
            [
              25496167.459,
              6677487.597
            ],
            [
              25496162.822,
              6677489.099
            ],
            [
              25496162.125,
              6677486.945
            ],
            [
              25496166.761,
              6677485.444
            ]
          ]
        ]
      },
      "properties": {
        "confidence": 0.8388,
        "length_m": 4.87,
        "width_m": 2.26,
        "heading_deg": 107.9,
        "aoi": "r1-veturitie",
        "source_layer": "Ortoilmakuva_2025_5cm",
        "zoom": 16,
        "status": "confirmed",
        "class": "car"
      }
    },
    {
      "type": "Feature",
      "geometry": {
        "type": "Polygon",
        "coordinates": [
          [
            [
              25496220.769,
              6677625.627
            ],
            [
              25496221.324,
              6677627.841
            ],
            [
              25496216.408,
              6677629.076
            ],
            [
              25496215.852,
              6677626.862
            ],
            [
              25496220.769,
              6677625.627
            ]
          ]
        ]
      },
      "properties": {
        "confidence": 0.8385,
        "length_m": 5.07,
        "width_m": 2.28,
        "heading_deg": 104.1,
        "aoi": "r1-veturitie",
        "source_layer": "Ortoilmakuva_2025_5cm",
        "zoom": 16,
        "status": "confirmed",
        "class": "car"
      }
    },
    {
      "type": "Feature",
      "geometry": {
        "type": "Polygon",
        "coordinates": [
          [
            [
              25496169.795,
              6677660.15
            ],
            [
              25496170.315,
              6677662.221
            ],
            [
              25496166.069,
              6677663.287
            ],
            [
              25496165.549,
              6677661.217
            ],
            [
              25496169.795,
              6677660.15
            ]
          ]
        ]
      },
      "properties": {
        "confidence": 0.8384,
        "length_m": 4.38,
        "width_m": 2.14,
        "heading_deg": 104.1,
        "aoi": "r1-veturitie",
        "source_layer": "Ortoilmakuva_2025_5cm",
        "zoom": 16,
        "status": "confirmed",
        "class": "car"
      }
    },
    {
      "type": "Feature",
      "geometry": {
        "type": "Polygon",
        "coordinates": [
          [
            [
              25496146.655,
              6677575.407
            ],
            [
              25496147.266,
              6677577.642
            ],
            [
              25496142.543,
              6677578.934
            ],
            [
              25496141.931,
              6677576.699
            ],
            [
              25496146.655,
              6677575.407
            ]
          ]
        ]
      },
      "properties": {
        "confidence": 0.8383,
        "length_m": 4.9,
        "width_m": 2.32,
        "heading_deg": 105.3,
        "aoi": "r1-veturitie",
        "source_layer": "Ortoilmakuva_2025_5cm",
        "zoom": 16,
        "status": "confirmed",
        "class": "car"
      }
    },
    {
      "type": "Feature",
      "geometry": {
        "type": "Polygon",
        "coordinates": [
          [
            [
              25496217.415,
              6677614.638
            ],
            [
              25496217.941,
              6677616.812
            ],
            [
              25496213.072,
              6677617.99
            ],
            [
              25496212.546,
              6677615.816
            ],
            [
              25496217.415,
              6677614.638
            ]
          ]
        ]
      },
      "properties": {
        "confidence": 0.8381,
        "length_m": 5.01,
        "width_m": 2.24,
        "heading_deg": 103.6,
        "aoi": "r1-veturitie",
        "source_layer": "Ortoilmakuva_2025_5cm",
        "zoom": 16,
        "status": "confirmed",
        "class": "car"
      }
    },
    {
      "type": "Feature",
      "geometry": {
        "type": "Polygon",
        "coordinates": [
          [
            [
              25496174.672,
              6677617.475
            ],
            [
              25496175.06,
              6677619.618
            ],
            [
              25496170.38,
              6677620.466
            ],
            [
              25496169.992,
              6677618.323
            ],
            [
              25496174.672,
              6677617.475
            ]
          ]
        ]
      },
      "properties": {
        "confidence": 0.838,
        "length_m": 4.76,
        "width_m": 2.18,
        "heading_deg": 100.3,
        "aoi": "r1-veturitie",
        "source_layer": "Ortoilmakuva_2025_5cm",
        "zoom": 16,
        "status": "confirmed",
        "class": "car"
      }
    },
    {
      "type": "Feature",
      "geometry": {
        "type": "Polygon",
        "coordinates": [
          [
            [
              25496164.784,
              6677638.148
            ],
            [
              25496165.286,
              6677640.332
            ],
            [
              25496160.339,
              6677641.469
            ],
            [
              25496159.837,
              6677639.284
            ],
            [
              25496164.784,
              6677638.148
            ]
          ]
        ]
      },
      "properties": {
        "confidence": 0.8378,
        "length_m": 5.08,
        "width_m": 2.24,
        "heading_deg": 102.9,
        "aoi": "r1-veturitie",
        "source_layer": "Ortoilmakuva_2025_5cm",
        "zoom": 16,
        "status": "confirmed",
        "class": "car"
      }
    },
    {
      "type": "Feature",
      "geometry": {
        "type": "Polygon",
        "coordinates": [
          [
            [
              25496163.606,
              6677474.137
            ],
            [
              25496164.025,
              6677476.51
            ],
            [
              25496159.141,
              6677477.373
            ],
            [
              25496158.722,
              6677475
            ],
            [
              25496163.606,
              6677474.137
            ]
          ]
        ]
      },
      "properties": {
        "confidence": 0.8369,
        "length_m": 4.96,
        "width_m": 2.41,
        "heading_deg": 100,
        "aoi": "r1-veturitie",
        "source_layer": "Ortoilmakuva_2025_5cm",
        "zoom": 16,
        "status": "confirmed",
        "class": "car"
      }
    },
    {
      "type": "Feature",
      "geometry": {
        "type": "Polygon",
        "coordinates": [
          [
            [
              25496212.283,
              6677645.403
            ],
            [
              25496212.796,
              6677647.652
            ],
            [
              25496208.179,
              6677648.705
            ],
            [
              25496207.666,
              6677646.456
            ],
            [
              25496212.283,
              6677645.403
            ]
          ]
        ]
      },
      "properties": {
        "confidence": 0.8366,
        "length_m": 4.74,
        "width_m": 2.31,
        "heading_deg": 102.8,
        "aoi": "r1-veturitie",
        "source_layer": "Ortoilmakuva_2025_5cm",
        "zoom": 16,
        "status": "confirmed",
        "class": "car"
      }
    },
    {
      "type": "Feature",
      "geometry": {
        "type": "Polygon",
        "coordinates": [
          [
            [
              25496178.821,
              6677639.624
            ],
            [
              25496179.199,
              6677641.806
            ],
            [
              25496174.792,
              6677642.57
            ],
            [
              25496174.414,
              6677640.388
            ],
            [
              25496178.821,
              6677639.624
            ]
          ]
        ]
      },
      "properties": {
        "confidence": 0.8365,
        "length_m": 4.47,
        "width_m": 2.21,
        "heading_deg": 99.8,
        "aoi": "r1-veturitie",
        "source_layer": "Ortoilmakuva_2025_5cm",
        "zoom": 16,
        "status": "confirmed",
        "class": "car"
      }
    },
    {
      "type": "Feature",
      "geometry": {
        "type": "Polygon",
        "coordinates": [
          [
            [
              25496198.696,
              6677548.4
            ],
            [
              25496199.391,
              6677550.653
            ],
            [
              25496194.677,
              6677552.107
            ],
            [
              25496193.982,
              6677549.854
            ],
            [
              25496198.696,
              6677548.4
            ]
          ]
        ]
      },
      "properties": {
        "confidence": 0.8365,
        "length_m": 4.93,
        "width_m": 2.36,
        "heading_deg": 107.1,
        "aoi": "r1-veturitie",
        "source_layer": "Ortoilmakuva_2025_5cm",
        "zoom": 16,
        "status": "confirmed",
        "class": "car"
      }
    },
    {
      "type": "Feature",
      "geometry": {
        "type": "Polygon",
        "coordinates": [
          [
            [
              25496184.903,
              6677547.825
            ],
            [
              25496185.495,
              6677550.13
            ],
            [
              25496180.515,
              6677551.409
            ],
            [
              25496179.923,
              6677549.103
            ],
            [
              25496184.903,
              6677547.825
            ]
          ]
        ]
      },
      "properties": {
        "confidence": 0.8365,
        "length_m": 5.14,
        "width_m": 2.38,
        "heading_deg": 104.4,
        "aoi": "r1-veturitie",
        "source_layer": "Ortoilmakuva_2025_5cm",
        "zoom": 16,
        "status": "confirmed",
        "class": "car"
      }
    },
    {
      "type": "Feature",
      "geometry": {
        "type": "Polygon",
        "coordinates": [
          [
            [
              25496183.179,
              6677659.007
            ],
            [
              25496183.702,
              6677661.255
            ],
            [
              25496178.69,
              6677662.421
            ],
            [
              25496178.167,
              6677660.173
            ],
            [
              25496183.179,
              6677659.007
            ]
          ]
        ]
      },
      "properties": {
        "confidence": 0.8361,
        "length_m": 5.15,
        "width_m": 2.31,
        "heading_deg": 103.1,
        "aoi": "r1-veturitie",
        "source_layer": "Ortoilmakuva_2025_5cm",
        "zoom": 16,
        "status": "confirmed",
        "class": "car"
      }
    },
    {
      "type": "Feature",
      "geometry": {
        "type": "Polygon",
        "coordinates": [
          [
            [
              25496160.261,
              6677464.284
            ],
            [
              25496160.787,
              6677466.414
            ],
            [
              25496156.565,
              6677467.457
            ],
            [
              25496156.039,
              6677465.327
            ],
            [
              25496160.261,
              6677464.284
            ]
          ]
        ]
      },
      "properties": {
        "confidence": 0.8353,
        "length_m": 4.35,
        "width_m": 2.19,
        "heading_deg": 103.9,
        "aoi": "r1-veturitie",
        "source_layer": "Ortoilmakuva_2025_5cm",
        "zoom": 16,
        "status": "confirmed",
        "class": "car"
      }
    },
    {
      "type": "Feature",
      "geometry": {
        "type": "Polygon",
        "coordinates": [
          [
            [
              25496177.809,
              6677632.058
            ],
            [
              25496178.161,
              6677634.163
            ],
            [
              25496173.776,
              6677634.895
            ],
            [
              25496173.425,
              6677632.791
            ],
            [
              25496177.809,
              6677632.058
            ]
          ]
        ]
      },
      "properties": {
        "confidence": 0.835,
        "length_m": 4.45,
        "width_m": 2.13,
        "heading_deg": 99.5,
        "aoi": "r1-veturitie",
        "source_layer": "Ortoilmakuva_2025_5cm",
        "zoom": 16,
        "status": "confirmed",
        "class": "car"
      }
    },
    {
      "type": "Feature",
      "geometry": {
        "type": "Polygon",
        "coordinates": [
          [
            [
              25496166.558,
              6677588.04
            ],
            [
              25496167.15,
              6677590.288
            ],
            [
              25496162.604,
              6677591.484
            ],
            [
              25496162.012,
              6677589.235
            ],
            [
              25496166.558,
              6677588.04
            ]
          ]
        ]
      },
      "properties": {
        "confidence": 0.8345,
        "length_m": 4.7,
        "width_m": 2.32,
        "heading_deg": 104.7,
        "aoi": "r1-veturitie",
        "source_layer": "Ortoilmakuva_2025_5cm",
        "zoom": 16,
        "status": "confirmed",
        "class": "car"
      }
    },
    {
      "type": "Feature",
      "geometry": {
        "type": "Polygon",
        "coordinates": [
          [
            [
              25496180.244,
              6677646.817
            ],
            [
              25496180.822,
              6677648.976
            ],
            [
              25496176.054,
              6677650.255
            ],
            [
              25496175.475,
              6677648.096
            ],
            [
              25496180.244,
              6677646.817
            ]
          ]
        ]
      },
      "properties": {
        "confidence": 0.8343,
        "length_m": 4.94,
        "width_m": 2.24,
        "heading_deg": 105,
        "aoi": "r1-veturitie",
        "source_layer": "Ortoilmakuva_2025_5cm",
        "zoom": 16,
        "status": "confirmed",
        "class": "car"
      }
    },
    {
      "type": "Feature",
      "geometry": {
        "type": "Polygon",
        "coordinates": [
          [
            [
              25496157.467,
              6677613.917
            ],
            [
              25496158.12,
              6677616.265
            ],
            [
              25496153.257,
              6677617.619
            ],
            [
              25496152.603,
              6677615.271
            ],
            [
              25496157.467,
              6677613.917
            ]
          ]
        ]
      },
      "properties": {
        "confidence": 0.8341,
        "length_m": 5.05,
        "width_m": 2.44,
        "heading_deg": 105.6,
        "aoi": "r1-veturitie",
        "source_layer": "Ortoilmakuva_2025_5cm",
        "zoom": 16,
        "status": "confirmed",
        "class": "car"
      }
    },
    {
      "type": "Feature",
      "geometry": {
        "type": "Polygon",
        "coordinates": [
          [
            [
              25496216.238,
              6677608.364
            ],
            [
              25496217.012,
              6677610.605
            ],
            [
              25496211.882,
              6677612.374
            ],
            [
              25496211.109,
              6677610.133
            ],
            [
              25496216.238,
              6677608.364
            ]
          ]
        ]
      },
      "properties": {
        "confidence": 0.8339,
        "length_m": 5.43,
        "width_m": 2.37,
        "heading_deg": 109,
        "aoi": "r1-veturitie",
        "source_layer": "Ortoilmakuva_2025_5cm",
        "zoom": 16,
        "status": "confirmed",
        "class": "car"
      }
    },
    {
      "type": "Feature",
      "geometry": {
        "type": "Polygon",
        "coordinates": [
          [
            [
              25496174.809,
              6677515.496
            ],
            [
              25496175.356,
              6677517.678
            ],
            [
              25496170.605,
              6677518.87
            ],
            [
              25496170.057,
              6677516.688
            ],
            [
              25496174.809,
              6677515.496
            ]
          ]
        ]
      },
      "properties": {
        "confidence": 0.8337,
        "length_m": 4.9,
        "width_m": 2.25,
        "heading_deg": 104.1,
        "aoi": "r1-veturitie",
        "source_layer": "Ortoilmakuva_2025_5cm",
        "zoom": 16,
        "status": "confirmed",
        "class": "car"
      }
    },
    {
      "type": "Feature",
      "geometry": {
        "type": "Polygon",
        "coordinates": [
          [
            [
              25496151.087,
              6677592.252
            ],
            [
              25496151.752,
              6677594.458
            ],
            [
              25496147.138,
              6677595.848
            ],
            [
              25496146.473,
              6677593.641
            ],
            [
              25496151.087,
              6677592.252
            ]
          ]
        ]
      },
      "properties": {
        "confidence": 0.8334,
        "length_m": 4.82,
        "width_m": 2.3,
        "heading_deg": 106.8,
        "aoi": "r1-veturitie",
        "source_layer": "Ortoilmakuva_2025_5cm",
        "zoom": 16,
        "status": "confirmed",
        "class": "car"
      }
    },
    {
      "type": "Feature",
      "geometry": {
        "type": "Polygon",
        "coordinates": [
          [
            [
              25496134.025,
              6677532.195
            ],
            [
              25496134.728,
              6677534.281
            ],
            [
              25496130.531,
              6677535.696
            ],
            [
              25496129.828,
              6677533.609
            ],
            [
              25496134.025,
              6677532.195
            ]
          ]
        ]
      },
      "properties": {
        "confidence": 0.8334,
        "length_m": 4.43,
        "width_m": 2.2,
        "heading_deg": 108.6,
        "aoi": "r1-veturitie",
        "source_layer": "Ortoilmakuva_2025_5cm",
        "zoom": 16,
        "status": "confirmed",
        "class": "car"
      }
    },
    {
      "type": "Feature",
      "geometry": {
        "type": "Polygon",
        "coordinates": [
          [
            [
              25496225.27,
              6677641.415
            ],
            [
              25496225.812,
              6677643.683
            ],
            [
              25496221.256,
              6677644.771
            ],
            [
              25496220.714,
              6677642.503
            ],
            [
              25496225.27,
              6677641.415
            ]
          ]
        ]
      },
      "properties": {
        "confidence": 0.833,
        "length_m": 4.68,
        "width_m": 2.33,
        "heading_deg": 103.4,
        "aoi": "r1-veturitie",
        "source_layer": "Ortoilmakuva_2025_5cm",
        "zoom": 16,
        "status": "confirmed",
        "class": "car"
      }
    },
    {
      "type": "Feature",
      "geometry": {
        "type": "Polygon",
        "coordinates": [
          [
            [
              25496193.516,
              6677579.763
            ],
            [
              25496194.087,
              6677581.89
            ],
            [
              25496189.785,
              6677583.046
            ],
            [
              25496189.213,
              6677580.919
            ],
            [
              25496193.516,
              6677579.763
            ]
          ]
        ]
      },
      "properties": {
        "confidence": 0.833,
        "length_m": 4.45,
        "width_m": 2.2,
        "heading_deg": 105,
        "aoi": "r1-veturitie",
        "source_layer": "Ortoilmakuva_2025_5cm",
        "zoom": 16,
        "status": "confirmed",
        "class": "car"
      }
    },
    {
      "type": "Feature",
      "geometry": {
        "type": "Polygon",
        "coordinates": [
          [
            [
              25496155.023,
              6677603.993
            ],
            [
              25496155.701,
              6677606.249
            ],
            [
              25496150.803,
              6677607.72
            ],
            [
              25496150.126,
              6677605.464
            ],
            [
              25496155.023,
              6677603.993
            ]
          ]
        ]
      },
      "properties": {
        "confidence": 0.8329,
        "length_m": 5.11,
        "width_m": 2.36,
        "heading_deg": 106.7,
        "aoi": "r1-veturitie",
        "source_layer": "Ortoilmakuva_2025_5cm",
        "zoom": 16,
        "status": "confirmed",
        "class": "car"
      }
    },
    {
      "type": "Feature",
      "geometry": {
        "type": "Polygon",
        "coordinates": [
          [
            [
              25496143.957,
              6677565.728
            ],
            [
              25496144.548,
              6677567.998
            ],
            [
              25496139.919,
              6677569.203
            ],
            [
              25496139.328,
              6677566.932
            ],
            [
              25496143.957,
              6677565.728
            ]
          ]
        ]
      },
      "properties": {
        "confidence": 0.8326,
        "length_m": 4.78,
        "width_m": 2.35,
        "heading_deg": 104.6,
        "aoi": "r1-veturitie",
        "source_layer": "Ortoilmakuva_2025_5cm",
        "zoom": 16,
        "status": "confirmed",
        "class": "car"
      }
    },
    {
      "type": "Feature",
      "geometry": {
        "type": "Polygon",
        "coordinates": [
          [
            [
              25496171.668,
              6677664.685
            ],
            [
              25496172.248,
              6677666.775
            ],
            [
              25496167.965,
              6677667.963
            ],
            [
              25496167.385,
              6677665.873
            ],
            [
              25496171.668,
              6677664.685
            ]
          ]
        ]
      },
      "properties": {
        "confidence": 0.8318,
        "length_m": 4.44,
        "width_m": 2.17,
        "heading_deg": 105.5,
        "aoi": "r1-veturitie",
        "source_layer": "Ortoilmakuva_2025_5cm",
        "zoom": 16,
        "status": "confirmed",
        "class": "car"
      }
    },
    {
      "type": "Feature",
      "geometry": {
        "type": "Polygon",
        "coordinates": [
          [
            [
              25496155.836,
              6677609.345
            ],
            [
              25496156.379,
              6677611.565
            ],
            [
              25496152.074,
              6677612.618
            ],
            [
              25496151.531,
              6677610.398
            ],
            [
              25496155.836,
              6677609.345
            ]
          ]
        ]
      },
      "properties": {
        "confidence": 0.8317,
        "length_m": 4.43,
        "width_m": 2.29,
        "heading_deg": 103.7,
        "aoi": "r1-veturitie",
        "source_layer": "Ortoilmakuva_2025_5cm",
        "zoom": 16,
        "status": "confirmed",
        "class": "car"
      }
    },
    {
      "type": "Feature",
      "geometry": {
        "type": "Polygon",
        "coordinates": [
          [
            [
              25496155.988,
              6677606.611
            ],
            [
              25496156.526,
              6677608.861
            ],
            [
              25496151.781,
              6677609.994
            ],
            [
              25496151.244,
              6677607.744
            ],
            [
              25496155.988,
              6677606.611
            ]
          ]
        ]
      },
      "properties": {
        "confidence": 0.831,
        "length_m": 4.88,
        "width_m": 2.31,
        "heading_deg": 103.4,
        "aoi": "r1-veturitie",
        "source_layer": "Ortoilmakuva_2025_5cm",
        "zoom": 16,
        "status": "confirmed",
        "class": "car"
      }
    },
    {
      "type": "Feature",
      "geometry": {
        "type": "Polygon",
        "coordinates": [
          [
            [
              25496175.174,
              6677619.948
            ],
            [
              25496175.579,
              6677622.17
            ],
            [
              25496170.707,
              6677623.058
            ],
            [
              25496170.302,
              6677620.836
            ],
            [
              25496175.174,
              6677619.948
            ]
          ]
        ]
      },
      "properties": {
        "confidence": 0.8308,
        "length_m": 4.95,
        "width_m": 2.26,
        "heading_deg": 100.3,
        "aoi": "r1-veturitie",
        "source_layer": "Ortoilmakuva_2025_5cm",
        "zoom": 16,
        "status": "confirmed",
        "class": "car"
      }
    },
    {
      "type": "Feature",
      "geometry": {
        "type": "Polygon",
        "coordinates": [
          [
            [
              25496168.236,
              6677491.531
            ],
            [
              25496168.962,
              6677493.688
            ],
            [
              25496164.415,
              6677495.218
            ],
            [
              25496163.689,
              6677493.061
            ],
            [
              25496168.236,
              6677491.531
            ]
          ]
        ]
      },
      "properties": {
        "confidence": 0.8306,
        "length_m": 4.8,
        "width_m": 2.28,
        "heading_deg": 108.6,
        "aoi": "r1-veturitie",
        "source_layer": "Ortoilmakuva_2025_5cm",
        "zoom": 16,
        "status": "confirmed",
        "class": "car"
      }
    },
    {
      "type": "Feature",
      "geometry": {
        "type": "Polygon",
        "coordinates": [
          [
            [
              25496179.471,
              6677531.352
            ],
            [
              25496179.991,
              6677533.769
            ],
            [
              25496175.426,
              6677534.751
            ],
            [
              25496174.906,
              6677532.334
            ],
            [
              25496179.471,
              6677531.352
            ]
          ]
        ]
      },
      "properties": {
        "confidence": 0.8295,
        "length_m": 4.67,
        "width_m": 2.47,
        "heading_deg": 102.1,
        "aoi": "r1-veturitie",
        "source_layer": "Ortoilmakuva_2025_5cm",
        "zoom": 16,
        "status": "confirmed",
        "class": "car"
      }
    },
    {
      "type": "Feature",
      "geometry": {
        "type": "Polygon",
        "coordinates": [
          [
            [
              25496169.205,
              6677597.939
            ],
            [
              25496169.735,
              6677600.133
            ],
            [
              25496165.081,
              6677601.256
            ],
            [
              25496164.552,
              6677599.061
            ],
            [
              25496169.205,
              6677597.939
            ]
          ]
        ]
      },
      "properties": {
        "confidence": 0.8292,
        "length_m": 4.79,
        "width_m": 2.26,
        "heading_deg": 103.6,
        "aoi": "r1-veturitie",
        "source_layer": "Ortoilmakuva_2025_5cm",
        "zoom": 16,
        "status": "confirmed",
        "class": "car"
      }
    },
    {
      "type": "Feature",
      "geometry": {
        "type": "Polygon",
        "coordinates": [
          [
            [
              25496172.732,
              6677609.809
            ],
            [
              25496173.275,
              6677612.017
            ],
            [
              25496168.436,
              6677613.208
            ],
            [
              25496167.893,
              6677610.999
            ],
            [
              25496172.732,
              6677609.809
            ]
          ]
        ]
      },
      "properties": {
        "confidence": 0.8287,
        "length_m": 4.98,
        "width_m": 2.27,
        "heading_deg": 103.8,
        "aoi": "r1-veturitie",
        "source_layer": "Ortoilmakuva_2025_5cm",
        "zoom": 16,
        "status": "confirmed",
        "class": "car"
      }
    },
    {
      "type": "Feature",
      "geometry": {
        "type": "Polygon",
        "coordinates": [
          [
            [
              25496165.341,
              6677479.852
            ],
            [
              25496165.946,
              6677481.982
            ],
            [
              25496161.547,
              6677483.23
            ],
            [
              25496160.943,
              6677481.1
            ],
            [
              25496165.341,
              6677479.852
            ]
          ]
        ]
      },
      "properties": {
        "confidence": 0.8281,
        "length_m": 4.57,
        "width_m": 2.21,
        "heading_deg": 105.8,
        "aoi": "r1-veturitie",
        "source_layer": "Ortoilmakuva_2025_5cm",
        "zoom": 16,
        "status": "confirmed",
        "class": "car"
      }
    },
    {
      "type": "Feature",
      "geometry": {
        "type": "Polygon",
        "coordinates": [
          [
            [
              25496150.786,
              6677590.04
            ],
            [
              25496151.354,
              6677592.231
            ],
            [
              25496146.587,
              6677593.466
            ],
            [
              25496146.019,
              6677591.275
            ],
            [
              25496150.786,
              6677590.04
            ]
          ]
        ]
      },
      "properties": {
        "confidence": 0.8278,
        "length_m": 4.92,
        "width_m": 2.26,
        "heading_deg": 104.5,
        "aoi": "r1-veturitie",
        "source_layer": "Ortoilmakuva_2025_5cm",
        "zoom": 16,
        "status": "confirmed",
        "class": "car"
      }
    },
    {
      "type": "Feature",
      "geometry": {
        "type": "Polygon",
        "coordinates": [
          [
            [
              25496177.536,
              6677523.675
            ],
            [
              25496178.132,
              6677525.901
            ],
            [
              25496173.149,
              6677527.235
            ],
            [
              25496172.553,
              6677525.008
            ],
            [
              25496177.536,
              6677523.675
            ]
          ]
        ]
      },
      "properties": {
        "confidence": 0.8272,
        "length_m": 5.16,
        "width_m": 2.3,
        "heading_deg": 105,
        "aoi": "r1-veturitie",
        "source_layer": "Ortoilmakuva_2025_5cm",
        "zoom": 16,
        "status": "confirmed",
        "class": "car"
      }
    },
    {
      "type": "Feature",
      "geometry": {
        "type": "Polygon",
        "coordinates": [
          [
            [
              25496226.159,
              6677644.262
            ],
            [
              25496226.721,
              6677646.516
            ],
            [
              25496221.984,
              6677647.696
            ],
            [
              25496221.422,
              6677645.442
            ],
            [
              25496226.159,
              6677644.262
            ]
          ]
        ]
      },
      "properties": {
        "confidence": 0.8267,
        "length_m": 4.88,
        "width_m": 2.32,
        "heading_deg": 104,
        "aoi": "r1-veturitie",
        "source_layer": "Ortoilmakuva_2025_5cm",
        "zoom": 16,
        "status": "confirmed",
        "class": "car"
      }
    },
    {
      "type": "Feature",
      "geometry": {
        "type": "Polygon",
        "coordinates": [
          [
            [
              25496145.308,
              6677570.738
            ],
            [
              25496145.875,
              6677572.988
            ],
            [
              25496141.266,
              6677574.149
            ],
            [
              25496140.699,
              6677571.899
            ],
            [
              25496145.308,
              6677570.738
            ]
          ]
        ]
      },
      "properties": {
        "confidence": 0.8259,
        "length_m": 4.75,
        "width_m": 2.32,
        "heading_deg": 104.1,
        "aoi": "r1-veturitie",
        "source_layer": "Ortoilmakuva_2025_5cm",
        "zoom": 16,
        "status": "confirmed",
        "class": "car"
      }
    },
    {
      "type": "Feature",
      "geometry": {
        "type": "Polygon",
        "coordinates": [
          [
            [
              25496176.458,
              6677627.166
            ],
            [
              25496176.917,
              6677629.257
            ],
            [
              25496172.26,
              6677630.279
            ],
            [
              25496171.801,
              6677628.189
            ],
            [
              25496176.458,
              6677627.166
            ]
          ]
        ]
      },
      "properties": {
        "confidence": 0.8258,
        "length_m": 4.77,
        "width_m": 2.14,
        "heading_deg": 102.4,
        "aoi": "r1-veturitie",
        "source_layer": "Ortoilmakuva_2025_5cm",
        "zoom": 16,
        "status": "confirmed",
        "class": "car"
      }
    },
    {
      "type": "Feature",
      "geometry": {
        "type": "Polygon",
        "coordinates": [
          [
            [
              25496166.516,
              6677645.226
            ],
            [
              25496167.21,
              6677647.604
            ],
            [
              25496162.027,
              6677649.117
            ],
            [
              25496161.332,
              6677646.739
            ],
            [
              25496166.516,
              6677645.226
            ]
          ]
        ]
      },
      "properties": {
        "confidence": 0.8258,
        "length_m": 5.4,
        "width_m": 2.48,
        "heading_deg": 106.3,
        "aoi": "r1-veturitie",
        "source_layer": "Ortoilmakuva_2025_5cm",
        "zoom": 16,
        "status": "confirmed",
        "class": "car"
      }
    },
    {
      "type": "Feature",
      "geometry": {
        "type": "Polygon",
        "coordinates": [
          [
            [
              25496171.634,
              6677505.266
            ],
            [
              25496172.138,
              6677507.229
            ],
            [
              25496168.224,
              6677508.233
            ],
            [
              25496167.721,
              6677506.271
            ],
            [
              25496171.634,
              6677505.266
            ]
          ]
        ]
      },
      "properties": {
        "confidence": 0.8254,
        "length_m": 4.04,
        "width_m": 2.03,
        "heading_deg": 104.4,
        "aoi": "r1-veturitie",
        "source_layer": "Ortoilmakuva_2025_5cm",
        "zoom": 16,
        "status": "confirmed",
        "class": "car"
      }
    },
    {
      "type": "Feature",
      "geometry": {
        "type": "Polygon",
        "coordinates": [
          [
            [
              25496171.516,
              6677604.774
            ],
            [
              25496172.034,
              6677607.064
            ],
            [
              25496167.11,
              6677608.177
            ],
            [
              25496166.592,
              6677605.887
            ],
            [
              25496171.516,
              6677604.774
            ]
          ]
        ]
      },
      "properties": {
        "confidence": 0.8251,
        "length_m": 5.05,
        "width_m": 2.35,
        "heading_deg": 102.7,
        "aoi": "r1-veturitie",
        "source_layer": "Ortoilmakuva_2025_5cm",
        "zoom": 16,
        "status": "confirmed",
        "class": "car"
      }
    },
    {
      "type": "Feature",
      "geometry": {
        "type": "Polygon",
        "coordinates": [
          [
            [
              25496180.096,
              6677534.026
            ],
            [
              25496180.737,
              6677536.412
            ],
            [
              25496175.627,
              6677537.786
            ],
            [
              25496174.985,
              6677535.401
            ],
            [
              25496180.096,
              6677534.026
            ]
          ]
        ]
      },
      "properties": {
        "confidence": 0.8251,
        "length_m": 5.29,
        "width_m": 2.47,
        "heading_deg": 105,
        "aoi": "r1-veturitie",
        "source_layer": "Ortoilmakuva_2025_5cm",
        "zoom": 16,
        "status": "confirmed",
        "class": "car"
      }
    },
    {
      "type": "Feature",
      "geometry": {
        "type": "Polygon",
        "coordinates": [
          [
            [
              25496208.662,
              6677582.737
            ],
            [
              25496209.311,
              6677584.877
            ],
            [
              25496205.009,
              6677586.182
            ],
            [
              25496204.36,
              6677584.042
            ],
            [
              25496208.662,
              6677582.737
            ]
          ]
        ]
      },
      "properties": {
        "confidence": 0.8246,
        "length_m": 4.5,
        "width_m": 2.24,
        "heading_deg": 106.9,
        "aoi": "r1-veturitie",
        "source_layer": "Ortoilmakuva_2025_5cm",
        "zoom": 16,
        "status": "confirmed",
        "class": "car"
      }
    },
    {
      "type": "Feature",
      "geometry": {
        "type": "Polygon",
        "coordinates": [
          [
            [
              25496159.905,
              6677461.967
            ],
            [
              25496160.383,
              6677464.154
            ],
            [
              25496155.864,
              6677465.142
            ],
            [
              25496155.386,
              6677462.955
            ],
            [
              25496159.905,
              6677461.967
            ]
          ]
        ]
      },
      "properties": {
        "confidence": 0.8232,
        "length_m": 4.63,
        "width_m": 2.24,
        "heading_deg": 102.3,
        "aoi": "r1-veturitie",
        "source_layer": "Ortoilmakuva_2025_5cm",
        "zoom": 16,
        "status": "confirmed",
        "class": "car"
      }
    },
    {
      "type": "Feature",
      "geometry": {
        "type": "Polygon",
        "coordinates": [
          [
            [
              25496173.429,
              6677510.249
            ],
            [
              25496174.146,
              6677512.395
            ],
            [
              25496169.552,
              6677513.928
            ],
            [
              25496168.836,
              6677511.782
            ],
            [
              25496173.429,
              6677510.249
            ]
          ]
        ]
      },
      "properties": {
        "confidence": 0.8229,
        "length_m": 4.84,
        "width_m": 2.26,
        "heading_deg": 108.5,
        "aoi": "r1-veturitie",
        "source_layer": "Ortoilmakuva_2025_5cm",
        "zoom": 16,
        "status": "confirmed",
        "class": "car"
      }
    },
    {
      "type": "Feature",
      "geometry": {
        "type": "Polygon",
        "coordinates": [
          [
            [
              25496172.773,
              6677507.957
            ],
            [
              25496173.345,
              6677510.088
            ],
            [
              25496168.899,
              6677511.28
            ],
            [
              25496168.328,
              6677509.148
            ],
            [
              25496172.773,
              6677507.957
            ]
          ]
        ]
      },
      "properties": {
        "confidence": 0.8228,
        "length_m": 4.6,
        "width_m": 2.21,
        "heading_deg": 105,
        "aoi": "r1-veturitie",
        "source_layer": "Ortoilmakuva_2025_5cm",
        "zoom": 16,
        "status": "confirmed",
        "class": "car"
      }
    },
    {
      "type": "Feature",
      "geometry": {
        "type": "Polygon",
        "coordinates": [
          [
            [
              25496166.825,
              6677647.968
            ],
            [
              25496167.461,
              6677650.109
            ],
            [
              25496162.752,
              6677651.507
            ],
            [
              25496162.116,
              6677649.366
            ],
            [
              25496166.825,
              6677647.968
            ]
          ]
        ]
      },
      "properties": {
        "confidence": 0.8223,
        "length_m": 4.91,
        "width_m": 2.23,
        "heading_deg": 106.5,
        "aoi": "r1-veturitie",
        "source_layer": "Ortoilmakuva_2025_5cm",
        "zoom": 16,
        "status": "confirmed",
        "class": "car"
      }
    },
    {
      "type": "Feature",
      "geometry": {
        "type": "Polygon",
        "coordinates": [
          [
            [
              25496176.049,
              6677624.914
            ],
            [
              25496176.428,
              6677627.051
            ],
            [
              25496172.038,
              6677627.829
            ],
            [
              25496171.659,
              6677625.692
            ],
            [
              25496176.049,
              6677624.914
            ]
          ]
        ]
      },
      "properties": {
        "confidence": 0.822,
        "length_m": 4.46,
        "width_m": 2.17,
        "heading_deg": 100,
        "aoi": "r1-veturitie",
        "source_layer": "Ortoilmakuva_2025_5cm",
        "zoom": 16,
        "status": "confirmed",
        "class": "car"
      }
    },
    {
      "type": "Feature",
      "geometry": {
        "type": "Polygon",
        "coordinates": [
          [
            [
              25496175.837,
              6677518.063
            ],
            [
              25496176.497,
              6677520.43
            ],
            [
              25496171.292,
              6677521.881
            ],
            [
              25496170.632,
              6677519.514
            ],
            [
              25496175.837,
              6677518.063
            ]
          ]
        ]
      },
      "properties": {
        "confidence": 0.8214,
        "length_m": 5.4,
        "width_m": 2.46,
        "heading_deg": 105.6,
        "aoi": "r1-veturitie",
        "source_layer": "Ortoilmakuva_2025_5cm",
        "zoom": 16,
        "status": "confirmed",
        "class": "car"
      }
    },
    {
      "type": "Feature",
      "geometry": {
        "type": "Polygon",
        "coordinates": [
          [
            [
              25496165.454,
              6677583.179
            ],
            [
              25496166.049,
              6677585.202
            ],
            [
              25496161.766,
              6677586.461
            ],
            [
              25496161.171,
              6677584.439
            ],
            [
              25496165.454,
              6677583.179
            ]
          ]
        ]
      },
      "properties": {
        "confidence": 0.8213,
        "length_m": 4.46,
        "width_m": 2.11,
        "heading_deg": 106.4,
        "aoi": "r1-veturitie",
        "source_layer": "Ortoilmakuva_2025_5cm",
        "zoom": 16,
        "status": "confirmed",
        "class": "car"
      }
    },
    {
      "type": "Feature",
      "geometry": {
        "type": "Polygon",
        "coordinates": [
          [
            [
              25496169.163,
              6677447.656
            ],
            [
              25496169.813,
              6677449.835
            ],
            [
              25496165.164,
              6677451.222
            ],
            [
              25496164.514,
              6677449.042
            ],
            [
              25496169.163,
              6677447.656
            ]
          ]
        ]
      },
      "properties": {
        "confidence": 0.8212,
        "length_m": 4.85,
        "width_m": 2.27,
        "heading_deg": 106.6,
        "aoi": "r1-veturitie",
        "source_layer": "Ortoilmakuva_2025_5cm",
        "zoom": 16,
        "status": "confirmed",
        "class": "car"
      }
    },
    {
      "type": "Feature",
      "geometry": {
        "type": "Polygon",
        "coordinates": [
          [
            [
              25496176.634,
              6677520.852
            ],
            [
              25496177.315,
              6677523.243
            ],
            [
              25496172,
              6677524.755
            ],
            [
              25496171.32,
              6677522.365
            ],
            [
              25496176.634,
              6677520.852
            ]
          ]
        ]
      },
      "properties": {
        "confidence": 0.819,
        "length_m": 5.53,
        "width_m": 2.49,
        "heading_deg": 105.9,
        "aoi": "r1-veturitie",
        "source_layer": "Ortoilmakuva_2025_5cm",
        "zoom": 16,
        "status": "confirmed",
        "class": "car"
      }
    },
    {
      "type": "Feature",
      "geometry": {
        "type": "Polygon",
        "coordinates": [
          [
            [
              25496160.546,
              6677626.191
            ],
            [
              25496161.201,
              6677628.492
            ],
            [
              25496156.292,
              6677629.889
            ],
            [
              25496155.637,
              6677627.588
            ],
            [
              25496160.546,
              6677626.191
            ]
          ]
        ]
      },
      "properties": {
        "confidence": 0.819,
        "length_m": 5.1,
        "width_m": 2.39,
        "heading_deg": 105.9,
        "aoi": "r1-veturitie",
        "source_layer": "Ortoilmakuva_2025_5cm",
        "zoom": 16,
        "status": "confirmed",
        "class": "van"
      }
    },
    {
      "type": "Feature",
      "geometry": {
        "type": "Polygon",
        "coordinates": [
          [
            [
              25496170.22,
              6677600.523
            ],
            [
              25496170.649,
              6677602.53
            ],
            [
              25496166.383,
              6677603.442
            ],
            [
              25496165.954,
              6677601.434
            ],
            [
              25496170.22,
              6677600.523
            ]
          ]
        ]
      },
      "properties": {
        "confidence": 0.8189,
        "length_m": 4.36,
        "width_m": 2.05,
        "heading_deg": 102.1,
        "aoi": "r1-veturitie",
        "source_layer": "Ortoilmakuva_2025_5cm",
        "zoom": 16,
        "status": "confirmed",
        "class": "car"
      }
    },
    {
      "type": "Feature",
      "geometry": {
        "type": "Polygon",
        "coordinates": [
          [
            [
              25496164.094,
              6677635.682
            ],
            [
              25496164.618,
              6677637.906
            ],
            [
              25496159.965,
              6677639.004
            ],
            [
              25496159.44,
              6677636.78
            ],
            [
              25496164.094,
              6677635.682
            ]
          ]
        ]
      },
      "properties": {
        "confidence": 0.818,
        "length_m": 4.78,
        "width_m": 2.28,
        "heading_deg": 103.3,
        "aoi": "r1-veturitie",
        "source_layer": "Ortoilmakuva_2025_5cm",
        "zoom": 16,
        "status": "confirmed",
        "class": "car"
      }
    },
    {
      "type": "Feature",
      "geometry": {
        "type": "Polygon",
        "coordinates": [
          [
            [
              25496171.882,
              6677607.374
            ],
            [
              25496172.438,
              6677609.478
            ],
            [
              25496168.197,
              6677610.599
            ],
            [
              25496167.64,
              6677608.495
            ],
            [
              25496171.882,
              6677607.374
            ]
          ]
        ]
      },
      "properties": {
        "confidence": 0.8175,
        "length_m": 4.39,
        "width_m": 2.18,
        "heading_deg": 104.8,
        "aoi": "r1-veturitie",
        "source_layer": "Ortoilmakuva_2025_5cm",
        "zoom": 16,
        "status": "confirmed",
        "class": "car"
      }
    },
    {
      "type": "Feature",
      "geometry": {
        "type": "Polygon",
        "coordinates": [
          [
            [
              25496179.721,
              6677641.834
            ],
            [
              25496180.103,
              6677644.275
            ],
            [
              25496175.545,
              6677644.987
            ],
            [
              25496175.164,
              6677642.546
            ],
            [
              25496179.721,
              6677641.834
            ]
          ]
        ]
      },
      "properties": {
        "confidence": 0.8166,
        "length_m": 4.61,
        "width_m": 2.47,
        "heading_deg": 98.9,
        "aoi": "r1-veturitie",
        "source_layer": "Ortoilmakuva_2025_5cm",
        "zoom": 16,
        "status": "confirmed",
        "class": "car"
      }
    },
    {
      "type": "Feature",
      "geometry": {
        "type": "Polygon",
        "coordinates": [
          [
            [
              25496163.477,
              6677633.175
            ],
            [
              25496163.969,
              6677635.444
            ],
            [
              25496159.061,
              6677636.508
            ],
            [
              25496158.569,
              6677634.24
            ],
            [
              25496163.477,
              6677633.175
            ]
          ]
        ]
      },
      "properties": {
        "confidence": 0.8147,
        "length_m": 5.02,
        "width_m": 2.32,
        "heading_deg": 102.2,
        "aoi": "r1-veturitie",
        "source_layer": "Ortoilmakuva_2025_5cm",
        "zoom": 16,
        "status": "confirmed",
        "class": "car"
      }
    },
    {
      "type": "Feature",
      "geometry": {
        "type": "Polygon",
        "coordinates": [
          [
            [
              25496165.717,
              6677642.929
            ],
            [
              25496166.387,
              6677645.216
            ],
            [
              25496161.37,
              6677646.686
            ],
            [
              25496160.7,
              6677644.398
            ],
            [
              25496165.717,
              6677642.929
            ]
          ]
        ]
      },
      "properties": {
        "confidence": 0.8147,
        "length_m": 5.23,
        "width_m": 2.38,
        "heading_deg": 106.3,
        "aoi": "r1-veturitie",
        "source_layer": "Ortoilmakuva_2025_5cm",
        "zoom": 16,
        "status": "confirmed",
        "class": "car"
      }
    },
    {
      "type": "Feature",
      "geometry": {
        "type": "Polygon",
        "coordinates": [
          [
            [
              25496172.733,
              6677669.353
            ],
            [
              25496173.391,
              6677671.415
            ],
            [
              25496168.988,
              6677672.821
            ],
            [
              25496168.33,
              6677670.759
            ],
            [
              25496172.733,
              6677669.353
            ]
          ]
        ]
      },
      "properties": {
        "confidence": 0.8145,
        "length_m": 4.62,
        "width_m": 2.16,
        "heading_deg": 107.7,
        "aoi": "r1-veturitie",
        "source_layer": "Ortoilmakuva_2025_5cm",
        "zoom": 16,
        "status": "confirmed",
        "class": "car"
      }
    },
    {
      "type": "Feature",
      "geometry": {
        "type": "Polygon",
        "coordinates": [
          [
            [
              25496164.596,
              6677477.618
            ],
            [
              25496165.161,
              6677479.727
            ],
            [
              25496160.618,
              6677480.944
            ],
            [
              25496160.054,
              6677478.834
            ],
            [
              25496164.596,
              6677477.618
            ]
          ]
        ]
      },
      "properties": {
        "confidence": 0.8141,
        "length_m": 4.7,
        "width_m": 2.18,
        "heading_deg": 105,
        "aoi": "r1-veturitie",
        "source_layer": "Ortoilmakuva_2025_5cm",
        "zoom": 16,
        "status": "confirmed",
        "class": "car"
      }
    },
    {
      "type": "Feature",
      "geometry": {
        "type": "Polygon",
        "coordinates": [
          [
            [
              25496160.038,
              6677621.159
            ],
            [
              25496160.68,
              6677623.53
            ],
            [
              25496155.618,
              6677624.9
            ],
            [
              25496154.976,
              6677622.529
            ],
            [
              25496160.038,
              6677621.159
            ]
          ]
        ]
      },
      "properties": {
        "confidence": 0.8136,
        "length_m": 5.24,
        "width_m": 2.46,
        "heading_deg": 105.1,
        "aoi": "r1-veturitie",
        "source_layer": "Ortoilmakuva_2025_5cm",
        "zoom": 16,
        "status": "confirmed",
        "class": "car"
      }
    },
    {
      "type": "Feature",
      "geometry": {
        "type": "Polygon",
        "coordinates": [
          [
            [
              25496175.439,
              6677622.411
            ],
            [
              25496175.832,
              6677624.498
            ],
            [
              25496171.49,
              6677625.316
            ],
            [
              25496171.097,
              6677623.229
            ],
            [
              25496175.439,
              6677622.411
            ]
          ]
        ]
      },
      "properties": {
        "confidence": 0.8124,
        "length_m": 4.42,
        "width_m": 2.12,
        "heading_deg": 100.7,
        "aoi": "r1-veturitie",
        "source_layer": "Ortoilmakuva_2025_5cm",
        "zoom": 16,
        "status": "confirmed",
        "class": "car"
      }
    },
    {
      "type": "Feature",
      "geometry": {
        "type": "Polygon",
        "coordinates": [
          [
            [
              25496169.586,
              6677657.577
            ],
            [
              25496170.148,
              6677659.652
            ],
            [
              25496165.66,
              6677660.869
            ],
            [
              25496165.097,
              6677658.793
            ],
            [
              25496169.586,
              6677657.577
            ]
          ]
        ]
      },
      "properties": {
        "confidence": 0.8092,
        "length_m": 4.65,
        "width_m": 2.15,
        "heading_deg": 105.2,
        "aoi": "r1-veturitie",
        "source_layer": "Ortoilmakuva_2025_5cm",
        "zoom": 16,
        "status": "confirmed",
        "class": "car"
      }
    },
    {
      "type": "Feature",
      "geometry": {
        "type": "Polygon",
        "coordinates": [
          [
            [
              25496166.665,
              6677438.064
            ],
            [
              25496167.254,
              6677440.245
            ],
            [
              25496162.543,
              6677441.516
            ],
            [
              25496161.955,
              6677439.335
            ],
            [
              25496166.665,
              6677438.064
            ]
          ]
        ]
      },
      "properties": {
        "confidence": 0.8084,
        "length_m": 4.88,
        "width_m": 2.26,
        "heading_deg": 105.1,
        "aoi": "r1-veturitie",
        "source_layer": "Ortoilmakuva_2025_5cm",
        "zoom": 16,
        "status": "confirmed",
        "class": "car"
      }
    },
    {
      "type": "Feature",
      "geometry": {
        "type": "Polygon",
        "coordinates": [
          [
            [
              25496170.973,
              6677499.601
            ],
            [
              25496171.605,
              6677501.918
            ],
            [
              25496166.512,
              6677503.308
            ],
            [
              25496165.88,
              6677500.99
            ],
            [
              25496170.973,
              6677499.601
            ]
          ]
        ]
      },
      "properties": {
        "confidence": 0.8081,
        "length_m": 5.28,
        "width_m": 2.4,
        "heading_deg": 105.3,
        "aoi": "r1-veturitie",
        "source_layer": "Ortoilmakuva_2025_5cm",
        "zoom": 16,
        "status": "confirmed",
        "class": "car"
      }
    },
    {
      "type": "Feature",
      "geometry": {
        "type": "Polygon",
        "coordinates": [
          [
            [
              25496136.547,
              6677539.33
            ],
            [
              25496137.1,
              6677541.388
            ],
            [
              25496132.746,
              6677542.558
            ],
            [
              25496132.193,
              6677540.5
            ],
            [
              25496136.547,
              6677539.33
            ]
          ]
        ]
      },
      "properties": {
        "confidence": 0.8079,
        "length_m": 4.51,
        "width_m": 2.13,
        "heading_deg": 105,
        "aoi": "r1-veturitie",
        "source_layer": "Ortoilmakuva_2025_5cm",
        "zoom": 16,
        "status": "confirmed",
        "class": "car"
      }
    },
    {
      "type": "Feature",
      "geometry": {
        "type": "Polygon",
        "coordinates": [
          [
            [
              25496149.835,
              6677585.064
            ],
            [
              25496150.439,
              6677587.458
            ],
            [
              25496145.295,
              6677588.757
            ],
            [
              25496144.691,
              6677586.362
            ],
            [
              25496149.835,
              6677585.064
            ]
          ]
        ]
      },
      "properties": {
        "confidence": 0.8079,
        "length_m": 5.31,
        "width_m": 2.47,
        "heading_deg": 104.2,
        "aoi": "r1-veturitie",
        "source_layer": "Ortoilmakuva_2025_5cm",
        "zoom": 16,
        "status": "confirmed",
        "class": "car"
      }
    },
    {
      "type": "Feature",
      "geometry": {
        "type": "Polygon",
        "coordinates": [
          [
            [
              25496157.785,
              6677616.455
            ],
            [
              25496158.453,
              6677618.785
            ],
            [
              25496153.818,
              6677620.113
            ],
            [
              25496153.15,
              6677617.783
            ],
            [
              25496157.785,
              6677616.455
            ]
          ]
        ]
      },
      "properties": {
        "confidence": 0.8066,
        "length_m": 4.82,
        "width_m": 2.42,
        "heading_deg": 106,
        "aoi": "r1-veturitie",
        "source_layer": "Ortoilmakuva_2025_5cm",
        "zoom": 16,
        "status": "confirmed",
        "class": "car"
      }
    },
    {
      "type": "Feature",
      "geometry": {
        "type": "Polygon",
        "coordinates": [
          [
            [
              25496152.108,
              6677594.554
            ],
            [
              25496152.814,
              6677596.888
            ],
            [
              25496147.959,
              6677598.358
            ],
            [
              25496147.253,
              6677596.024
            ],
            [
              25496152.108,
              6677594.554
            ]
          ]
        ]
      },
      "properties": {
        "confidence": 0.8062,
        "length_m": 5.07,
        "width_m": 2.44,
        "heading_deg": 106.8,
        "aoi": "r1-veturitie",
        "source_layer": "Ortoilmakuva_2025_5cm",
        "zoom": 16,
        "status": "confirmed",
        "class": "car"
      }
    },
    {
      "type": "Feature",
      "geometry": {
        "type": "Polygon",
        "coordinates": [
          [
            [
              25496167.61,
              6677442.751
            ],
            [
              25496168.311,
              6677444.934
            ],
            [
              25496163.775,
              6677446.39
            ],
            [
              25496163.074,
              6677444.207
            ],
            [
              25496167.61,
              6677442.751
            ]
          ]
        ]
      },
      "properties": {
        "confidence": 0.806,
        "length_m": 4.76,
        "width_m": 2.29,
        "heading_deg": 107.8,
        "aoi": "r1-veturitie",
        "source_layer": "Ortoilmakuva_2025_5cm",
        "zoom": 16,
        "status": "confirmed",
        "class": "car"
      }
    },
    {
      "type": "Feature",
      "geometry": {
        "type": "Polygon",
        "coordinates": [
          [
            [
              25496158.92,
              6677618.731
            ],
            [
              25496159.615,
              6677621.004
            ],
            [
              25496154.698,
              6677622.508
            ],
            [
              25496154.003,
              6677620.235
            ],
            [
              25496158.92,
              6677618.731
            ]
          ]
        ]
      },
      "properties": {
        "confidence": 0.8056,
        "length_m": 5.14,
        "width_m": 2.38,
        "heading_deg": 107,
        "aoi": "r1-veturitie",
        "source_layer": "Ortoilmakuva_2025_5cm",
        "zoom": 16,
        "status": "confirmed",
        "class": "car"
      }
    },
    {
      "type": "Feature",
      "geometry": {
        "type": "Polygon",
        "coordinates": [
          [
            [
              25496163.015,
              6677630.703
            ],
            [
              25496163.523,
              6677633.071
            ],
            [
              25496158.311,
              6677634.188
            ],
            [
              25496157.804,
              6677631.82
            ],
            [
              25496163.015,
              6677630.703
            ]
          ]
        ]
      },
      "properties": {
        "confidence": 0.8044,
        "length_m": 5.33,
        "width_m": 2.42,
        "heading_deg": 102.1,
        "aoi": "r1-veturitie",
        "source_layer": "Ortoilmakuva_2025_5cm",
        "zoom": 16,
        "status": "confirmed",
        "class": "car"
      }
    },
    {
      "type": "Feature",
      "geometry": {
        "type": "Polygon",
        "coordinates": [
          [
            [
              25496153.746,
              6677599.613
            ],
            [
              25496154.339,
              6677601.923
            ],
            [
              25496149.206,
              6677603.241
            ],
            [
              25496148.613,
              6677600.931
            ],
            [
              25496153.746,
              6677599.613
            ]
          ]
        ]
      },
      "properties": {
        "confidence": 0.8015,
        "length_m": 5.3,
        "width_m": 2.38,
        "heading_deg": 104.4,
        "aoi": "r1-veturitie",
        "source_layer": "Ortoilmakuva_2025_5cm",
        "zoom": 16,
        "status": "confirmed",
        "class": "car"
      }
    },
    {
      "type": "Feature",
      "geometry": {
        "type": "Polygon",
        "coordinates": [
          [
            [
              25496170.837,
              6677602.63
            ],
            [
              25496171.275,
              6677604.661
            ],
            [
              25496167.062,
              6677605.569
            ],
            [
              25496166.624,
              6677603.538
            ],
            [
              25496170.837,
              6677602.63
            ]
          ]
        ]
      },
      "properties": {
        "confidence": 0.8013,
        "length_m": 4.31,
        "width_m": 2.08,
        "heading_deg": 102.2,
        "aoi": "r1-veturitie",
        "source_layer": "Ortoilmakuva_2025_5cm",
        "zoom": 16,
        "status": "confirmed",
        "class": "car"
      }
    },
    {
      "type": "Feature",
      "geometry": {
        "type": "Polygon",
        "coordinates": [
          [
            [
              25496177.689,
              6677634.667
            ],
            [
              25496178.042,
              6677637.059
            ],
            [
              25496173.059,
              6677637.793
            ],
            [
              25496172.707,
              6677635.401
            ],
            [
              25496177.689,
              6677634.667
            ]
          ]
        ]
      },
      "properties": {
        "confidence": 0.8007,
        "length_m": 5.04,
        "width_m": 2.42,
        "heading_deg": 98.4,
        "aoi": "r1-veturitie",
        "source_layer": "Ortoilmakuva_2025_5cm",
        "zoom": 16,
        "status": "confirmed",
        "class": "car"
      }
    },
    {
      "type": "Feature",
      "geometry": {
        "type": "Polygon",
        "coordinates": [
          [
            [
              25496178.715,
              6677636.96
            ],
            [
              25496179.13,
              6677639.286
            ],
            [
              25496174.239,
              6677640.159
            ],
            [
              25496173.824,
              6677637.832
            ],
            [
              25496178.715,
              6677636.96
            ]
          ]
        ]
      },
      "properties": {
        "confidence": 0.7982,
        "length_m": 4.97,
        "width_m": 2.36,
        "heading_deg": 100.1,
        "aoi": "r1-veturitie",
        "source_layer": "Ortoilmakuva_2025_5cm",
        "zoom": 16,
        "status": "confirmed",
        "class": "car"
      }
    },
    {
      "type": "Feature",
      "geometry": {
        "type": "Polygon",
        "coordinates": [
          [
            [
              25496153.176,
              6677602.234
            ],
            [
              25496153.752,
              6677604.225
            ],
            [
              25496149.711,
              6677605.393
            ],
            [
              25496149.135,
              6677603.402
            ],
            [
              25496153.176,
              6677602.234
            ]
          ]
        ]
      },
      "properties": {
        "confidence": 0.7964,
        "length_m": 4.21,
        "width_m": 2.07,
        "heading_deg": 106.1,
        "aoi": "r1-veturitie",
        "source_layer": "Ortoilmakuva_2025_5cm",
        "zoom": 16,
        "status": "confirmed",
        "class": "car"
      }
    },
    {
      "type": "Feature",
      "geometry": {
        "type": "Polygon",
        "coordinates": [
          [
            [
              25496161.075,
              6677466.96
            ],
            [
              25496161.666,
              6677469.157
            ],
            [
              25496157.212,
              6677470.355
            ],
            [
              25496156.621,
              6677468.158
            ],
            [
              25496161.075,
              6677466.96
            ]
          ]
        ]
      },
      "properties": {
        "confidence": 0.7941,
        "length_m": 4.61,
        "width_m": 2.28,
        "heading_deg": 105.1,
        "aoi": "r1-veturitie",
        "source_layer": "Ortoilmakuva_2025_5cm",
        "zoom": 16,
        "status": "confirmed",
        "class": "car"
      }
    },
    {
      "type": "Feature",
      "geometry": {
        "type": "Polygon",
        "coordinates": [
          [
            [
              25496169.228,
              6677654.984
            ],
            [
              25496169.897,
              6677657.31
            ],
            [
              25496164.714,
              6677658.801
            ],
            [
              25496164.045,
              6677656.476
            ],
            [
              25496169.228,
              6677654.984
            ]
          ]
        ]
      },
      "properties": {
        "confidence": 0.7904,
        "length_m": 5.39,
        "width_m": 2.42,
        "heading_deg": 106,
        "aoi": "r1-veturitie",
        "source_layer": "Ortoilmakuva_2025_5cm",
        "zoom": 16,
        "status": "confirmed",
        "class": "car"
      }
    },
    {
      "type": "Feature",
      "geometry": {
        "type": "Polygon",
        "coordinates": [
          [
            [
              25496167.344,
              6677592.974
            ],
            [
              25496167.938,
              6677595.412
            ],
            [
              25496162.822,
              6677596.659
            ],
            [
              25496162.228,
              6677594.221
            ],
            [
              25496167.344,
              6677592.974
            ]
          ]
        ]
      },
      "properties": {
        "confidence": 0.7899,
        "length_m": 5.27,
        "width_m": 2.51,
        "heading_deg": 103.7,
        "aoi": "r1-veturitie",
        "source_layer": "Ortoilmakuva_2025_5cm",
        "zoom": 16,
        "status": "confirmed",
        "class": "car"
      }
    },
    {
      "type": "Feature",
      "geometry": {
        "type": "Polygon",
        "coordinates": [
          [
            [
              25496173.144,
              6677612.481
            ],
            [
              25496173.651,
              6677614.563
            ],
            [
              25496169.124,
              6677615.665
            ],
            [
              25496168.618,
              6677613.583
            ],
            [
              25496173.144,
              6677612.481
            ]
          ]
        ]
      },
      "properties": {
        "confidence": 0.7863,
        "length_m": 4.66,
        "width_m": 2.14,
        "heading_deg": 103.7,
        "aoi": "r1-veturitie",
        "source_layer": "Ortoilmakuva_2025_5cm",
        "zoom": 16,
        "status": "confirmed",
        "class": "car"
      }
    },
    {
      "type": "Feature",
      "geometry": {
        "type": "Polygon",
        "coordinates": [
          [
            [
              25496168.104,
              6677595.384
            ],
            [
              25496168.717,
              6677597.673
            ],
            [
              25496164.144,
              6677598.899
            ],
            [
              25496163.53,
              6677596.61
            ],
            [
              25496168.104,
              6677595.384
            ]
          ]
        ]
      },
      "properties": {
        "confidence": 0.7855,
        "length_m": 4.73,
        "width_m": 2.37,
        "heading_deg": 105,
        "aoi": "r1-veturitie",
        "source_layer": "Ortoilmakuva_2025_5cm",
        "zoom": 16,
        "status": "confirmed",
        "class": "car"
      }
    },
    {
      "type": "Feature",
      "geometry": {
        "type": "Polygon",
        "coordinates": [
          [
            [
              25496153.135,
              6677596.942
            ],
            [
              25496153.812,
              6677599.325
            ],
            [
              25496148.472,
              6677600.842
            ],
            [
              25496147.795,
              6677598.459
            ],
            [
              25496153.135,
              6677596.942
            ]
          ]
        ]
      },
      "properties": {
        "confidence": 0.7749,
        "length_m": 5.55,
        "width_m": 2.48,
        "heading_deg": 105.9,
        "aoi": "r1-veturitie",
        "source_layer": "Ortoilmakuva_2025_5cm",
        "zoom": 16,
        "status": "confirmed",
        "class": "car"
      }
    },
    {
      "type": "Feature",
      "geometry": {
        "type": "Polygon",
        "coordinates": [
          [
            [
              25496160.028,
              6677624.021
            ],
            [
              25496160.582,
              6677626.201
            ],
            [
              25496155.886,
              6677627.394
            ],
            [
              25496155.332,
              6677625.214
            ],
            [
              25496160.028,
              6677624.021
            ]
          ]
        ]
      },
      "properties": {
        "confidence": 0.7735,
        "length_m": 4.85,
        "width_m": 2.25,
        "heading_deg": 104.3,
        "aoi": "r1-veturitie",
        "source_layer": "Ortoilmakuva_2025_5cm",
        "zoom": 16,
        "status": "confirmed",
        "class": "car"
      }
    },
    {
      "type": "Feature",
      "geometry": {
        "type": "Polygon",
        "coordinates": [
          [
            [
              25496164.953,
              6677432.861
            ],
            [
              25496165.673,
              6677435.077
            ],
            [
              25496160.941,
              6677436.616
            ],
            [
              25496160.221,
              6677434.4
            ],
            [
              25496164.953,
              6677432.861
            ]
          ]
        ]
      },
      "properties": {
        "confidence": 0.7682,
        "length_m": 4.98,
        "width_m": 2.33,
        "heading_deg": 108,
        "aoi": "r1-veturitie",
        "source_layer": "Ortoilmakuva_2025_5cm",
        "zoom": 16,
        "status": "confirmed",
        "class": "car"
      }
    },
    {
      "type": "Feature",
      "geometry": {
        "type": "Polygon",
        "coordinates": [
          [
            [
              25496163.922,
              6677428.462
            ],
            [
              25496164.521,
              6677430.65
            ],
            [
              25496159.84,
              6677431.931
            ],
            [
              25496159.242,
              6677429.743
            ],
            [
              25496163.922,
              6677428.462
            ]
          ]
        ]
      },
      "properties": {
        "confidence": 0.7656,
        "length_m": 4.85,
        "width_m": 2.27,
        "heading_deg": 105.3,
        "aoi": "r1-veturitie",
        "source_layer": "Ortoilmakuva_2025_5cm",
        "zoom": 16,
        "status": "confirmed",
        "class": "car"
      }
    },
    {
      "type": "Feature",
      "geometry": {
        "type": "Polygon",
        "coordinates": [
          [
            [
              25496164.135,
              6677578.421
            ],
            [
              25496164.724,
              6677581
            ],
            [
              25496159.443,
              6677582.206
            ],
            [
              25496158.854,
              6677579.627
            ],
            [
              25496164.135,
              6677578.421
            ]
          ]
        ]
      },
      "properties": {
        "confidence": 0.7629,
        "length_m": 5.42,
        "width_m": 2.65,
        "heading_deg": 102.9,
        "aoi": "r1-veturitie",
        "source_layer": "Ortoilmakuva_2025_5cm",
        "zoom": 16,
        "status": "confirmed",
        "class": "car"
      }
    },
    {
      "type": "Feature",
      "geometry": {
        "type": "Polygon",
        "coordinates": [
          [
            [
              25496173.979,
              6677614.6
            ],
            [
              25496174.535,
              6677616.916
            ],
            [
              25496169.648,
              6677618.088
            ],
            [
              25496169.093,
              6677615.772
            ],
            [
              25496173.979,
              6677614.6
            ]
          ]
        ]
      },
      "properties": {
        "confidence": 0.7612,
        "length_m": 5.03,
        "width_m": 2.38,
        "heading_deg": 103.5,
        "aoi": "r1-veturitie",
        "source_layer": "Ortoilmakuva_2025_5cm",
        "zoom": 16,
        "status": "confirmed",
        "class": "car"
      }
    },
    {
      "type": "Feature",
      "geometry": {
        "type": "Polygon",
        "coordinates": [
          [
            [
              25496154.001,
              6677394.356
            ],
            [
              25496154.768,
              6677396.585
            ],
            [
              25496150.189,
              6677398.159
            ],
            [
              25496149.423,
              6677395.93
            ],
            [
              25496154.001,
              6677394.356
            ]
          ]
        ]
      },
      "properties": {
        "confidence": 0.7334,
        "length_m": 4.84,
        "width_m": 2.36,
        "heading_deg": 109,
        "aoi": "r1-veturitie",
        "source_layer": "Ortoilmakuva_2025_5cm",
        "zoom": 16,
        "status": "confirmed",
        "class": "car"
      }
    },
    {
      "type": "Feature",
      "geometry": {
        "type": "Polygon",
        "coordinates": [
          [
            [
              25496153.428,
              6677391.926
            ],
            [
              25496154.123,
              6677394.175
            ],
            [
              25496149.518,
              6677395.598
            ],
            [
              25496148.822,
              6677393.35
            ],
            [
              25496153.428,
              6677391.926
            ]
          ]
        ]
      },
      "properties": {
        "confidence": 0.7193,
        "length_m": 4.82,
        "width_m": 2.35,
        "heading_deg": 107.2,
        "aoi": "r1-veturitie",
        "source_layer": "Ortoilmakuva_2025_5cm",
        "zoom": 16,
        "status": "confirmed",
        "class": "car"
      }
    },
    {
      "type": "Feature",
      "geometry": {
        "type": "Polygon",
        "coordinates": [
          [
            [
              25496154.282,
              6677397.252
            ],
            [
              25496154.992,
              6677399.348
            ],
            [
              25496150.513,
              6677400.864
            ],
            [
              25496149.804,
              6677398.769
            ],
            [
              25496154.282,
              6677397.252
            ]
          ]
        ]
      },
      "properties": {
        "confidence": 0.7032,
        "length_m": 4.73,
        "width_m": 2.21,
        "heading_deg": 108.7,
        "aoi": "r1-veturitie",
        "source_layer": "Ortoilmakuva_2025_5cm",
        "zoom": 16,
        "status": "confirmed",
        "class": "car"
      }
    },
    {
      "type": "Feature",
      "geometry": {
        "type": "Polygon",
        "coordinates": [
          [
            [
              25496232.346,
              6677431.279
            ],
            [
              25496233.04,
              6677433.901
            ],
            [
              25496227.381,
              6677435.398
            ],
            [
              25496226.687,
              6677432.776
            ],
            [
              25496232.346,
              6677431.279
            ]
          ]
        ]
      },
      "properties": {
        "confidence": 0.6904,
        "length_m": 5.85,
        "width_m": 2.71,
        "heading_deg": 104.8,
        "aoi": "r1-veturitie",
        "source_layer": "Ortoilmakuva_2025_5cm",
        "zoom": 16,
        "status": "confirmed",
        "class": "van"
      }
    },
    {
      "type": "Feature",
      "geometry": {
        "type": "Polygon",
        "coordinates": [
          [
            [
              25496160.94,
              6677418.83
            ],
            [
              25496161.51,
              6677421.007
            ],
            [
              25496156.949,
              6677422.202
            ],
            [
              25496156.379,
              6677420.025
            ],
            [
              25496160.94,
              6677418.83
            ]
          ]
        ]
      },
      "properties": {
        "confidence": 0.6879,
        "length_m": 4.71,
        "width_m": 2.25,
        "heading_deg": 104.7,
        "aoi": "r1-veturitie",
        "source_layer": "Ortoilmakuva_2025_5cm",
        "zoom": 16,
        "status": "confirmed",
        "class": "car"
      }
    },
    {
      "type": "Feature",
      "geometry": {
        "type": "Polygon",
        "coordinates": [
          [
            [
              25496159.47,
              6677413.786
            ],
            [
              25496160.215,
              6677415.886
            ],
            [
              25496155.909,
              6677417.414
            ],
            [
              25496155.164,
              6677415.315
            ],
            [
              25496159.47,
              6677413.786
            ]
          ]
        ]
      },
      "properties": {
        "confidence": 0.6569,
        "length_m": 4.57,
        "width_m": 2.23,
        "heading_deg": 109.5,
        "aoi": "r1-veturitie",
        "source_layer": "Ortoilmakuva_2025_5cm",
        "zoom": 16,
        "status": "confirmed",
        "class": "car"
      }
    },
    {
      "type": "Feature",
      "geometry": {
        "type": "Polygon",
        "coordinates": [
          [
            [
              25496155.48,
              6677549.803
            ],
            [
              25496156.063,
              6677552.116
            ],
            [
              25496151.706,
              6677553.213
            ],
            [
              25496151.124,
              6677550.9
            ],
            [
              25496155.48,
              6677549.803
            ]
          ]
        ]
      },
      "properties": {
        "confidence": 0.6518,
        "length_m": 4.49,
        "width_m": 2.39,
        "heading_deg": 104.1,
        "aoi": "r1-veturitie",
        "source_layer": "Ortoilmakuva_2025_5cm",
        "zoom": 16,
        "status": "confirmed",
        "class": "car"
      }
    },
    {
      "type": "Feature",
      "geometry": {
        "type": "Polygon",
        "coordinates": [
          [
            [
              25496155.394,
              6677399.546
            ],
            [
              25496156.081,
              6677401.636
            ],
            [
              25496151.593,
              6677403.109
            ],
            [
              25496150.907,
              6677401.019
            ],
            [
              25496155.394,
              6677399.546
            ]
          ]
        ]
      },
      "properties": {
        "confidence": 0.642,
        "length_m": 4.72,
        "width_m": 2.2,
        "heading_deg": 108.2,
        "aoi": "r1-veturitie",
        "source_layer": "Ortoilmakuva_2025_5cm",
        "zoom": 16,
        "status": "confirmed",
        "class": "car"
      }
    },
    {
      "type": "Feature",
      "geometry": {
        "type": "Polygon",
        "coordinates": [
          [
            [
              25496158.541,
              6677411.461
            ],
            [
              25496159.268,
              6677413.555
            ],
            [
              25496154.923,
              6677415.063
            ],
            [
              25496154.196,
              6677412.97
            ],
            [
              25496158.541,
              6677411.461
            ]
          ]
        ]
      },
      "properties": {
        "confidence": 0.6387,
        "length_m": 4.6,
        "width_m": 2.22,
        "heading_deg": 109.1,
        "aoi": "r1-veturitie",
        "source_layer": "Ortoilmakuva_2025_5cm",
        "zoom": 16,
        "status": "confirmed",
        "class": "car"
      }
    },
    {
      "type": "Feature",
      "geometry": {
        "type": "Polygon",
        "coordinates": [
          [
            [
              25496159.795,
              6677416.551
            ],
            [
              25496160.329,
              6677418.543
            ],
            [
              25496156.29,
              6677419.627
            ],
            [
              25496155.756,
              6677417.635
            ],
            [
              25496159.795,
              6677416.551
            ]
          ]
        ]
      },
      "properties": {
        "confidence": 0.6363,
        "length_m": 4.18,
        "width_m": 2.06,
        "heading_deg": 105,
        "aoi": "r1-veturitie",
        "source_layer": "Ortoilmakuva_2025_5cm",
        "zoom": 16,
        "status": "confirmed",
        "class": "car"
      }
    },
    {
      "type": "Feature",
      "geometry": {
        "type": "Polygon",
        "coordinates": [
          [
            [
              25496161.971,
              6677423.808
            ],
            [
              25496162.475,
              6677425.78
            ],
            [
              25496158.579,
              6677426.775
            ],
            [
              25496158.075,
              6677424.804
            ],
            [
              25496161.971,
              6677423.808
            ]
          ]
        ]
      },
      "properties": {
        "confidence": 0.6202,
        "length_m": 4.02,
        "width_m": 2.04,
        "heading_deg": 104.3,
        "aoi": "r1-veturitie",
        "source_layer": "Ortoilmakuva_2025_5cm",
        "zoom": 16,
        "status": "confirmed",
        "class": "car"
      }
    },
    {
      "type": "Feature",
      "geometry": {
        "type": "Polygon",
        "coordinates": [
          [
            [
              25496157.761,
              6677409.117
            ],
            [
              25496158.503,
              6677411.271
            ],
            [
              25496153.994,
              6677412.826
            ],
            [
              25496153.252,
              6677410.672
            ],
            [
              25496157.761,
              6677409.117
            ]
          ]
        ]
      },
      "properties": {
        "confidence": 0.5992,
        "length_m": 4.77,
        "width_m": 2.28,
        "heading_deg": 109,
        "aoi": "r1-veturitie",
        "source_layer": "Ortoilmakuva_2025_5cm",
        "zoom": 16,
        "status": "confirmed",
        "class": "car"
      }
    },
    {
      "type": "Feature",
      "geometry": {
        "type": "Polygon",
        "coordinates": [
          [
            [
              25496160.916,
              6677421.482
            ],
            [
              25496161.492,
              6677423.426
            ],
            [
              25496157.651,
              6677424.564
            ],
            [
              25496157.075,
              6677422.62
            ],
            [
              25496160.916,
              6677421.482
            ]
          ]
        ]
      },
      "properties": {
        "confidence": 0.5807,
        "length_m": 4.01,
        "width_m": 2.03,
        "heading_deg": 106.5,
        "aoi": "r1-veturitie",
        "source_layer": "Ortoilmakuva_2025_5cm",
        "zoom": 16,
        "status": "confirmed",
        "class": "car"
      }
    },
    {
      "type": "Feature",
      "geometry": {
        "type": "Polygon",
        "coordinates": [
          [
            [
              25496157.308,
              6677406.68
            ],
            [
              25496157.98,
              6677408.815
            ],
            [
              25496153.295,
              6677410.287
            ],
            [
              25496152.624,
              6677408.152
            ],
            [
              25496157.308,
              6677406.68
            ]
          ]
        ]
      },
      "properties": {
        "confidence": 0.5621,
        "length_m": 4.91,
        "width_m": 2.24,
        "heading_deg": 107.4,
        "aoi": "r1-veturitie",
        "source_layer": "Ortoilmakuva_2025_5cm",
        "zoom": 16,
        "status": "confirmed",
        "class": "car"
      }
    },
    {
      "type": "Feature",
      "geometry": {
        "type": "Polygon",
        "coordinates": [
          [
            [
              25496167.18,
              6677378.557
            ],
            [
              25496167.926,
              6677381.306
            ],
            [
              25496155.443,
              6677384.691
            ],
            [
              25496154.697,
              6677381.942
            ],
            [
              25496167.18,
              6677378.557
            ]
          ]
        ]
      },
      "properties": {
        "confidence": 0.5592,
        "length_m": 12.93,
        "width_m": 2.85,
        "heading_deg": 105.2,
        "aoi": "r1-veturitie",
        "source_layer": "Ortoilmakuva_2025_5cm",
        "zoom": 16,
        "status": "confirmed",
        "class": "bus"
      }
    },
    {
      "type": "Feature",
      "geometry": {
        "type": "Polygon",
        "coordinates": [
          [
            [
              25496120.599,
              6677650.451
            ],
            [
              25496121.791,
              6677654.979
            ],
            [
              25496119.611,
              6677655.554
            ],
            [
              25496118.418,
              6677651.026
            ],
            [
              25496120.599,
              6677650.451
            ]
          ]
        ]
      },
      "properties": {
        "confidence": 0.5253,
        "length_m": 4.68,
        "width_m": 2.25,
        "heading_deg": 14.7,
        "aoi": "r1-veturitie",
        "source_layer": "Ortoilmakuva_2025_5cm",
        "zoom": 16,
        "status": "confirmed",
        "class": "van"
      }
    },
    {
      "type": "Feature",
      "geometry": {
        "type": "Polygon",
        "coordinates": [
          [
            [
              25496155.479,
              6677402.157
            ],
            [
              25496156.085,
              6677404.084
            ],
            [
              25496152.226,
              6677405.298
            ],
            [
              25496151.619,
              6677403.371
            ],
            [
              25496155.479,
              6677402.157
            ]
          ]
        ]
      },
      "properties": {
        "confidence": 0.4963,
        "length_m": 4.05,
        "width_m": 2.02,
        "heading_deg": 107.5,
        "aoi": "r1-veturitie",
        "source_layer": "Ortoilmakuva_2025_5cm",
        "zoom": 16,
        "status": "confirmed",
        "class": "car"
      }
    },
    {
      "type": "Feature",
      "geometry": {
        "type": "Polygon",
        "coordinates": [
          [
            [
              25496156.131,
              6677404.43
            ],
            [
              25496156.646,
              6677406.415
            ],
            [
              25496152.757,
              6677407.423
            ],
            [
              25496152.242,
              6677405.438
            ],
            [
              25496156.131,
              6677404.43
            ]
          ]
        ]
      },
      "properties": {
        "confidence": 0.4954,
        "length_m": 4.02,
        "width_m": 2.05,
        "heading_deg": 104.5,
        "aoi": "r1-veturitie",
        "source_layer": "Ortoilmakuva_2025_5cm",
        "zoom": 16,
        "status": "confirmed",
        "class": "car"
      }
    },
    {
      "type": "Feature",
      "geometry": {
        "type": "Polygon",
        "coordinates": [
          [
            [
              25496205.411,
              6677541.207
            ],
            [
              25496206.085,
              6677544.226
            ],
            [
              25496201.557,
              6677545.237
            ],
            [
              25496200.883,
              6677542.217
            ],
            [
              25496205.411,
              6677541.207
            ]
          ]
        ]
      },
      "properties": {
        "confidence": 0.4845,
        "length_m": 4.64,
        "width_m": 3.09,
        "heading_deg": 102.6,
        "aoi": "r1-veturitie",
        "source_layer": "Ortoilmakuva_2025_5cm",
        "zoom": 16,
        "status": "rejected",
        "class": ""
      }
    },
    {
      "type": "Feature",
      "geometry": {
        "type": "Polygon",
        "coordinates": [
          [
            [
              25496156.466,
              6677554.743
            ],
            [
              25496157.12,
              6677556.846
            ],
            [
              25496152.765,
              6677558.202
            ],
            [
              25496152.111,
              6677556.099
            ],
            [
              25496156.466,
              6677554.743
            ]
          ]
        ]
      },
      "properties": {
        "confidence": 0.4339,
        "length_m": 4.56,
        "width_m": 2.2,
        "heading_deg": 107.3,
        "aoi": "r1-veturitie",
        "source_layer": "Ortoilmakuva_2025_5cm",
        "zoom": 16,
        "status": "confirmed",
        "class": "car"
      }
    },
    {
      "type": "Feature",
      "geometry": {
        "type": "Polygon",
        "coordinates": [
          [
            [
              25496235.695,
              6677489.241
            ],
            [
              25496235.72,
              6677491.213
            ],
            [
              25496229.178,
              6677491.296
            ],
            [
              25496229.153,
              6677489.324
            ],
            [
              25496235.695,
              6677489.241
            ]
          ]
        ]
      },
      "properties": {
        "confidence": 0.3745,
        "length_m": 6.54,
        "width_m": 1.97,
        "heading_deg": 90.7,
        "aoi": "r1-veturitie",
        "source_layer": "Ortoilmakuva_2025_5cm",
        "zoom": 16,
        "status": "rejected",
        "class": ""
      }
    },
    {
      "type": "Feature",
      "geometry": {
        "type": "Polygon",
        "coordinates": [
          [
            [
              25496154.115,
              6677560.255
            ],
            [
              25496155.518,
              6677561.941
            ],
            [
              25496151.777,
              6677565.053
            ],
            [
              25496150.374,
              6677563.367
            ],
            [
              25496154.115,
              6677560.255
            ]
          ]
        ]
      },
      "properties": {
        "confidence": 0.2755,
        "length_m": 4.87,
        "width_m": 2.19,
        "heading_deg": 129.8,
        "aoi": "r1-veturitie",
        "source_layer": "Ortoilmakuva_2025_5cm",
        "zoom": 16,
        "status": "confirmed",
        "class": "van"
      }
    },
    {
      "type": "Feature",
      "geometry": {
        "type": "Polygon",
        "coordinates": [
          [
            [
              25496335.61,
              6677670.016
            ],
            [
              25496325.874,
              6677663.417
            ],
            [
              25496324.09,
              6677666.049
            ],
            [
              25496333.826,
              6677672.648
            ],
            [
              25496335.61,
              6677670.016
            ]
          ]
        ]
      },
      "properties": {
        "class": "truck",
        "status": "added",
        "confidence": null,
        "aoi": "r1-veturitie",
        "source_layer": "Ortoilmakuva_2025_5cm",
        "zoom": 16,
        "length_m": 11.76,
        "width_m": 3.18,
        "heading_deg": 55.9
      }
    }
  ]
}
