{
  "type": "FeatureCollection",
  "crs": {
    "type": "name",
    "properties": {
      "name": "urn:ogc:def:crs:EPSG::3879"
    }
  },
  "features": [
    {
      "type": "Feature",
      "geometry": {
        "type": "Polygon",
        "coordinates": [
          [
            [
              25495981.636,
              6671243.811
            ],
            [
              25495981.823,
              6671246.092
            ],
            [
              25495976.847,
              6671246.501
            ],
            [
              25495976.66,
              6671244.221
            ],
            [
              25495981.636,
              6671243.811
            ]
          ]
        ]
      },
      "properties": {
        "confidence": 0.9629,
        "length_m": 4.99,
        "width_m": 2.29,
        "heading_deg": 94.7,
        "aoi": "r4-hernesaari",
        "source_layer": "Ortoilmakuva_2025_5cm",
        "zoom": 16,
        "status": "confirmed",
        "class": "van"
      }
    },
    {
      "type": "Feature",
      "geometry": {
        "type": "Polygon",
        "coordinates": [
          [
            [
              25495937.702,
              6671121.168
            ],
            [
              25495938.861,
              6671123.152
            ],
            [
              25495934.475,
              6671125.716
            ],
            [
              25495933.316,
              6671123.732
            ],
            [
              25495937.702,
              6671121.168
            ]
          ]
        ]
      },
      "properties": {
        "confidence": 0.9431,
        "length_m": 5.08,
        "width_m": 2.3,
        "heading_deg": 120.3,
        "aoi": "r4-hernesaari",
        "source_layer": "Ortoilmakuva_2025_5cm",
        "zoom": 16,
        "status": "confirmed",
        "class": "car"
      }
    },
    {
      "type": "Feature",
      "geometry": {
        "type": "Polygon",
        "coordinates": [
          [
            [
              25496009.872,
              6671224.326
            ],
            [
              25496011.152,
              6671226.186
            ],
            [
              25496007.14,
              6671228.949
            ],
            [
              25496005.86,
              6671227.089
            ],
            [
              25496009.872,
              6671224.326
            ]
          ]
        ]
      },
      "properties": {
        "confidence": 0.9417,
        "length_m": 4.87,
        "width_m": 2.26,
        "heading_deg": 124.6,
        "aoi": "r4-hernesaari",
        "source_layer": "Ortoilmakuva_2025_5cm",
        "zoom": 16,
        "status": "confirmed",
        "class": "car"
      }
    },
    {
      "type": "Feature",
      "geometry": {
        "type": "Polygon",
        "coordinates": [
          [
            [
              25496015.813,
              6671227.3
            ],
            [
              25496017.121,
              6671229.173
            ],
            [
              25496012.945,
              6671232.089
            ],
            [
              25496011.637,
              6671230.216
            ],
            [
              25496015.813,
              6671227.3
            ]
          ]
        ]
      },
      "properties": {
        "confidence": 0.9416,
        "length_m": 5.09,
        "width_m": 2.28,
        "heading_deg": 124.9,
        "aoi": "r4-hernesaari",
        "source_layer": "Ortoilmakuva_2025_5cm",
        "zoom": 16,
        "status": "confirmed",
        "class": "car"
      }
    },
    {
      "type": "Feature",
      "geometry": {
        "type": "Polygon",
        "coordinates": [
          [
            [
              25496052.879,
              6671190.884
            ],
            [
              25496053.891,
              6671192.886
            ],
            [
              25496049.384,
              6671195.165
            ],
            [
              25496048.372,
              6671193.163
            ],
            [
              25496052.879,
              6671190.884
            ]
          ]
        ]
      },
      "properties": {
        "confidence": 0.9384,
        "length_m": 5.05,
        "width_m": 2.24,
        "heading_deg": 116.8,
        "aoi": "r4-hernesaari",
        "source_layer": "Ortoilmakuva_2025_5cm",
        "zoom": 16,
        "status": "confirmed",
        "class": "car"
      }
    },
    {
      "type": "Feature",
      "geometry": {
        "type": "Polygon",
        "coordinates": [
          [
            [
              25496031.911,
              6671272.543
            ],
            [
              25496032.115,
              6671274.616
            ],
            [
              25496027.487,
              6671275.07
            ],
            [
              25496027.284,
              6671272.998
            ],
            [
              25496031.911,
              6671272.543
            ]
          ]
        ]
      },
      "properties": {
        "confidence": 0.9379,
        "length_m": 4.65,
        "width_m": 2.08,
        "heading_deg": 95.6,
        "aoi": "r4-hernesaari",
        "source_layer": "Ortoilmakuva_2025_5cm",
        "zoom": 16,
        "status": "confirmed",
        "class": "car"
      }
    },
    {
      "type": "Feature",
      "geometry": {
        "type": "Polygon",
        "coordinates": [
          [
            [
              25495933.828,
              6671111.603
            ],
            [
              25495933.93,
              6671113.796
            ],
            [
              25495929.22,
              6671114.015
            ],
            [
              25495929.117,
              6671111.822
            ],
            [
              25495933.828,
              6671111.603
            ]
          ]
        ]
      },
      "properties": {
        "confidence": 0.9362,
        "length_m": 4.72,
        "width_m": 2.2,
        "heading_deg": 92.7,
        "aoi": "r4-hernesaari",
        "source_layer": "Ortoilmakuva_2025_5cm",
        "zoom": 16,
        "status": "confirmed",
        "class": "car"
      }
    },
    {
      "type": "Feature",
      "geometry": {
        "type": "Polygon",
        "coordinates": [
          [
            [
              25495933.603,
              6671109.081
            ],
            [
              25495933.688,
              6671111.27
            ],
            [
              25495928.81,
              6671111.459
            ],
            [
              25495928.725,
              6671109.271
            ],
            [
              25495933.603,
              6671109.081
            ]
          ]
        ]
      },
      "properties": {
        "confidence": 0.9361,
        "length_m": 4.88,
        "width_m": 2.19,
        "heading_deg": 92.2,
        "aoi": "r4-hernesaari",
        "source_layer": "Ortoilmakuva_2025_5cm",
        "zoom": 16,
        "status": "confirmed",
        "class": "car"
      }
    },
    {
      "type": "Feature",
      "geometry": {
        "type": "Polygon",
        "coordinates": [
          [
            [
              25495934.04,
              6671114.1
            ],
            [
              25495934.194,
              6671116.34
            ],
            [
              25495929.089,
              6671116.69
            ],
            [
              25495928.935,
              6671114.45
            ],
            [
              25495934.04,
              6671114.1
            ]
          ]
        ]
      },
      "properties": {
        "confidence": 0.936,
        "length_m": 5.12,
        "width_m": 2.25,
        "heading_deg": 93.9,
        "aoi": "r4-hernesaari",
        "source_layer": "Ortoilmakuva_2025_5cm",
        "zoom": 16,
        "status": "confirmed",
        "class": "car"
      }
    },
    {
      "type": "Feature",
      "geometry": {
        "type": "Polygon",
        "coordinates": [
          [
            [
              25495989.7,
              6671231.016
            ],
            [
              25495991.72,
              6671231.961
            ],
            [
              25495989.725,
              6671236.229
            ],
            [
              25495987.704,
              6671235.284
            ],
            [
              25495989.7,
              6671231.016
            ]
          ]
        ]
      },
      "properties": {
        "confidence": 0.9359,
        "length_m": 4.71,
        "width_m": 2.23,
        "heading_deg": 154.9,
        "aoi": "r4-hernesaari",
        "source_layer": "Ortoilmakuva_2025_5cm",
        "zoom": 16,
        "status": "confirmed",
        "class": "car"
      }
    },
    {
      "type": "Feature",
      "geometry": {
        "type": "Polygon",
        "coordinates": [
          [
            [
              25495963.061,
              6671222.551
            ],
            [
              25495962.518,
              6671224.859
            ],
            [
              25495956.687,
              6671223.487
            ],
            [
              25495957.23,
              6671221.179
            ],
            [
              25495963.061,
              6671222.551
            ]
          ]
        ]
      },
      "properties": {
        "confidence": 0.9358,
        "length_m": 5.99,
        "width_m": 2.37,
        "heading_deg": 76.8,
        "aoi": "r4-hernesaari",
        "source_layer": "Ortoilmakuva_2025_5cm",
        "zoom": 16,
        "status": "confirmed",
        "class": "van"
      }
    },
    {
      "type": "Feature",
      "geometry": {
        "type": "Polygon",
        "coordinates": [
          [
            [
              25496061.458,
              6671274.647
            ],
            [
              25496063.787,
              6671274.42
            ],
            [
              25496064.21,
              6671278.768
            ],
            [
              25496061.881,
              6671278.995
            ],
            [
              25496061.458,
              6671274.647
            ]
          ]
        ]
      },
      "properties": {
        "confidence": 0.9342,
        "length_m": 4.37,
        "width_m": 2.34,
        "heading_deg": 5.6,
        "aoi": "r4-hernesaari",
        "source_layer": "Ortoilmakuva_2025_5cm",
        "zoom": 16,
        "status": "confirmed",
        "class": "car"
      }
    },
    {
      "type": "Feature",
      "geometry": {
        "type": "Polygon",
        "coordinates": [
          [
            [
              25495935.279,
              6671116.493
            ],
            [
              25495936.129,
              6671118.419
            ],
            [
              25495931.681,
              6671120.382
            ],
            [
              25495930.831,
              6671118.456
            ],
            [
              25495935.279,
              6671116.493
            ]
          ]
        ]
      },
      "properties": {
        "confidence": 0.9339,
        "length_m": 4.86,
        "width_m": 2.11,
        "heading_deg": 113.8,
        "aoi": "r4-hernesaari",
        "source_layer": "Ortoilmakuva_2025_5cm",
        "zoom": 16,
        "status": "confirmed",
        "class": "car"
      }
    },
    {
      "type": "Feature",
      "geometry": {
        "type": "Polygon",
        "coordinates": [
          [
            [
              25496008.286,
              6671222.611
            ],
            [
              25496009.483,
              6671224.401
            ],
            [
              25496005.282,
              6671227.211
            ],
            [
              25496004.085,
              6671225.42
            ],
            [
              25496008.286,
              6671222.611
            ]
          ]
        ]
      },
      "properties": {
        "confidence": 0.9336,
        "length_m": 5.05,
        "width_m": 2.15,
        "heading_deg": 123.8,
        "aoi": "r4-hernesaari",
        "source_layer": "Ortoilmakuva_2025_5cm",
        "zoom": 16,
        "status": "confirmed",
        "class": "car"
      }
    },
    {
      "type": "Feature",
      "geometry": {
        "type": "Polygon",
        "coordinates": [
          [
            [
              25496060.308,
              6671207.091
            ],
            [
              25496061.166,
              6671209.006
            ],
            [
              25496056.698,
              6671211.007
            ],
            [
              25496055.841,
              6671209.093
            ],
            [
              25496060.308,
              6671207.091
            ]
          ]
        ]
      },
      "properties": {
        "confidence": 0.9324,
        "length_m": 4.9,
        "width_m": 2.1,
        "heading_deg": 114.1,
        "aoi": "r4-hernesaari",
        "source_layer": "Ortoilmakuva_2025_5cm",
        "zoom": 16,
        "status": "confirmed",
        "class": "car"
      }
    },
    {
      "type": "Feature",
      "geometry": {
        "type": "Polygon",
        "coordinates": [
          [
            [
              25496051.367,
              6671188.319
            ],
            [
              25496052.381,
              6671190.335
            ],
            [
              25496047.654,
              6671192.713
            ],
            [
              25496046.64,
              6671190.698
            ],
            [
              25496051.367,
              6671188.319
            ]
          ]
        ]
      },
      "properties": {
        "confidence": 0.9318,
        "length_m": 5.29,
        "width_m": 2.26,
        "heading_deg": 116.7,
        "aoi": "r4-hernesaari",
        "source_layer": "Ortoilmakuva_2025_5cm",
        "zoom": 16,
        "status": "confirmed",
        "class": "van"
      }
    },
    {
      "type": "Feature",
      "geometry": {
        "type": "Polygon",
        "coordinates": [
          [
            [
              25496184.388,
              6671206.762
            ],
            [
              25496185.956,
              6671208.389
            ],
            [
              25496182.566,
              6671211.657
            ],
            [
              25496180.998,
              6671210.03
            ],
            [
              25496184.388,
              6671206.762
            ]
          ]
        ]
      },
      "properties": {
        "confidence": 0.9316,
        "length_m": 4.71,
        "width_m": 2.26,
        "heading_deg": 134,
        "aoi": "r4-hernesaari",
        "source_layer": "Ortoilmakuva_2025_5cm",
        "zoom": 16,
        "status": "confirmed",
        "class": "car"
      }
    },
    {
      "type": "Feature",
      "geometry": {
        "type": "Polygon",
        "coordinates": [
          [
            [
              25496058.513,
              6671274.307
            ],
            [
              25496061.064,
              6671274.008
            ],
            [
              25496061.682,
              6671279.281
            ],
            [
              25496059.131,
              6671279.58
            ],
            [
              25496058.513,
              6671274.307
            ]
          ]
        ]
      },
      "properties": {
        "confidence": 0.9315,
        "length_m": 5.31,
        "width_m": 2.57,
        "heading_deg": 6.7,
        "aoi": "r4-hernesaari",
        "source_layer": "Ortoilmakuva_2025_5cm",
        "zoom": 16,
        "status": "confirmed",
        "class": "car"
      }
    },
    {
      "type": "Feature",
      "geometry": {
        "type": "Polygon",
        "coordinates": [
          [
            [
              25495983.876,
              6671219.616
            ],
            [
              25495985.812,
              6671220.651
            ],
            [
              25495983.571,
              6671224.848
            ],
            [
              25495981.635,
              6671223.814
            ],
            [
              25495983.876,
              6671219.616
            ]
          ]
        ]
      },
      "properties": {
        "confidence": 0.9314,
        "length_m": 4.76,
        "width_m": 2.2,
        "heading_deg": 151.9,
        "aoi": "r4-hernesaari",
        "source_layer": "Ortoilmakuva_2025_5cm",
        "zoom": 16,
        "status": "confirmed",
        "class": "car"
      }
    },
    {
      "type": "Feature",
      "geometry": {
        "type": "Polygon",
        "coordinates": [
          [
            [
              25496054.465,
              6671195.057
            ],
            [
              25496055.624,
              6671197.177
            ],
            [
              25496050.943,
              6671199.738
            ],
            [
              25496049.784,
              6671197.618
            ],
            [
              25496054.465,
              6671195.057
            ]
          ]
        ]
      },
      "properties": {
        "confidence": 0.931,
        "length_m": 5.34,
        "width_m": 2.42,
        "heading_deg": 118.7,
        "aoi": "r4-hernesaari",
        "source_layer": "Ortoilmakuva_2025_5cm",
        "zoom": 16,
        "status": "confirmed",
        "class": "car"
      }
    },
    {
      "type": "Feature",
      "geometry": {
        "type": "Polygon",
        "coordinates": [
          [
            [
              25496000.723,
              6671266.483
            ],
            [
              25496002.948,
              6671265.891
            ],
            [
              25496004.141,
              6671270.374
            ],
            [
              25496001.916,
              6671270.966
            ],
            [
              25496000.723,
              6671266.483
            ]
          ]
        ]
      },
      "properties": {
        "confidence": 0.9308,
        "length_m": 4.64,
        "width_m": 2.3,
        "heading_deg": 14.9,
        "aoi": "r4-hernesaari",
        "source_layer": "Ortoilmakuva_2025_5cm",
        "zoom": 16,
        "status": "confirmed",
        "class": "car"
      }
    },
    {
      "type": "Feature",
      "geometry": {
        "type": "Polygon",
        "coordinates": [
          [
            [
              25496057.588,
              6671201.378
            ],
            [
              25496058.652,
              6671203.288
            ],
            [
              25496054.348,
              6671205.688
            ],
            [
              25496053.283,
              6671203.779
            ],
            [
              25496057.588,
              6671201.378
            ]
          ]
        ]
      },
      "properties": {
        "confidence": 0.9308,
        "length_m": 4.93,
        "width_m": 2.19,
        "heading_deg": 119.1,
        "aoi": "r4-hernesaari",
        "source_layer": "Ortoilmakuva_2025_5cm",
        "zoom": 16,
        "status": "confirmed",
        "class": "car"
      }
    },
    {
      "type": "Feature",
      "geometry": {
        "type": "Polygon",
        "coordinates": [
          [
            [
              25496019.681,
              6671273.526
            ],
            [
              25496019.866,
              6671275.603
            ],
            [
              25496014.951,
              6671276.041
            ],
            [
              25496014.765,
              6671273.965
            ],
            [
              25496019.681,
              6671273.526
            ]
          ]
        ]
      },
      "properties": {
        "confidence": 0.9308,
        "length_m": 4.93,
        "width_m": 2.09,
        "heading_deg": 95.1,
        "aoi": "r4-hernesaari",
        "source_layer": "Ortoilmakuva_2025_5cm",
        "zoom": 16,
        "status": "confirmed",
        "class": "car"
      }
    },
    {
      "type": "Feature",
      "geometry": {
        "type": "Polygon",
        "coordinates": [
          [
            [
              25496171.281,
              6671254.004
            ],
            [
              25496173.603,
              6671254.151
            ],
            [
              25496173.297,
              6671259.008
            ],
            [
              25496170.976,
              6671258.862
            ],
            [
              25496171.281,
              6671254.004
            ]
          ]
        ]
      },
      "properties": {
        "confidence": 0.9306,
        "length_m": 4.87,
        "width_m": 2.33,
        "heading_deg": 176.4,
        "aoi": "r4-hernesaari",
        "source_layer": "Ortoilmakuva_2025_5cm",
        "zoom": 16,
        "status": "confirmed",
        "class": "car"
      }
    },
    {
      "type": "Feature",
      "geometry": {
        "type": "Polygon",
        "coordinates": [
          [
            [
              25496042.128,
              6671166.872
            ],
            [
              25496044.031,
              6671165.741
            ],
            [
              25496046.449,
              6671169.807
            ],
            [
              25496044.547,
              6671170.939
            ],
            [
              25496042.128,
              6671166.872
            ]
          ]
        ]
      },
      "properties": {
        "confidence": 0.9305,
        "length_m": 4.73,
        "width_m": 2.21,
        "heading_deg": 30.7,
        "aoi": "r4-hernesaari",
        "source_layer": "Ortoilmakuva_2025_5cm",
        "zoom": 16,
        "status": "confirmed",
        "class": "car"
      }
    },
    {
      "type": "Feature",
      "geometry": {
        "type": "Polygon",
        "coordinates": [
          [
            [
              25495996.118,
              6671216.016
            ],
            [
              25495997.467,
              6671217.494
            ],
            [
              25495994.122,
              6671220.548
            ],
            [
              25495992.773,
              6671219.07
            ],
            [
              25495996.118,
              6671216.016
            ]
          ]
        ]
      },
      "properties": {
        "confidence": 0.9304,
        "length_m": 4.53,
        "width_m": 2,
        "heading_deg": 132.4,
        "aoi": "r4-hernesaari",
        "source_layer": "Ortoilmakuva_2025_5cm",
        "zoom": 16,
        "status": "confirmed",
        "class": "car"
      }
    },
    {
      "type": "Feature",
      "geometry": {
        "type": "Polygon",
        "coordinates": [
          [
            [
              25496045.079,
              6671259.233
            ],
            [
              25496047.405,
              6671258.992
            ],
            [
              25496047.902,
              6671263.802
            ],
            [
              25496045.575,
              6671264.043
            ],
            [
              25496045.079,
              6671259.233
            ]
          ]
        ]
      },
      "properties": {
        "confidence": 0.9301,
        "length_m": 4.84,
        "width_m": 2.34,
        "heading_deg": 5.9,
        "aoi": "r4-hernesaari",
        "source_layer": "Ortoilmakuva_2025_5cm",
        "zoom": 16,
        "status": "confirmed",
        "class": "car"
      }
    },
    {
      "type": "Feature",
      "geometry": {
        "type": "Polygon",
        "coordinates": [
          [
            [
              25495932.666,
              6671100.904
            ],
            [
              25495931.757,
              6671103.059
            ],
            [
              25495927.105,
              6671101.096
            ],
            [
              25495928.014,
              6671098.941
            ],
            [
              25495932.666,
              6671100.904
            ]
          ]
        ]
      },
      "properties": {
        "confidence": 0.9289,
        "length_m": 5.05,
        "width_m": 2.34,
        "heading_deg": 67.1,
        "aoi": "r4-hernesaari",
        "source_layer": "Ortoilmakuva_2025_5cm",
        "zoom": 16,
        "status": "confirmed",
        "class": "car"
      }
    },
    {
      "type": "Feature",
      "geometry": {
        "type": "Polygon",
        "coordinates": [
          [
            [
              25496025.999,
              6671272.268
            ],
            [
              25496026.259,
              6671274.327
            ],
            [
              25496021.452,
              6671274.935
            ],
            [
              25496021.191,
              6671272.876
            ],
            [
              25496025.999,
              6671272.268
            ]
          ]
        ]
      },
      "properties": {
        "confidence": 0.9282,
        "length_m": 4.85,
        "width_m": 2.08,
        "heading_deg": 97.2,
        "aoi": "r4-hernesaari",
        "source_layer": "Ortoilmakuva_2025_5cm",
        "zoom": 16,
        "status": "confirmed",
        "class": "car"
      }
    },
    {
      "type": "Feature",
      "geometry": {
        "type": "Polygon",
        "coordinates": [
          [
            [
              25496054.673,
              6671258.292
            ],
            [
              25496056.879,
              6671257.879
            ],
            [
              25496057.676,
              6671262.139
            ],
            [
              25496055.47,
              6671262.552
            ],
            [
              25496054.673,
              6671258.292
            ]
          ]
        ]
      },
      "properties": {
        "confidence": 0.9282,
        "length_m": 4.33,
        "width_m": 2.24,
        "heading_deg": 10.6,
        "aoi": "r4-hernesaari",
        "source_layer": "Ortoilmakuva_2025_5cm",
        "zoom": 16,
        "status": "confirmed",
        "class": "car"
      }
    },
    {
      "type": "Feature",
      "geometry": {
        "type": "Polygon",
        "coordinates": [
          [
            [
              25496047.389,
              6671180.154
            ],
            [
              25496048.299,
              6671182.051
            ],
            [
              25496044.2,
              6671184.016
            ],
            [
              25496043.29,
              6671182.119
            ],
            [
              25496047.389,
              6671180.154
            ]
          ]
        ]
      },
      "properties": {
        "confidence": 0.9275,
        "length_m": 4.55,
        "width_m": 2.1,
        "heading_deg": 115.6,
        "aoi": "r4-hernesaari",
        "source_layer": "Ortoilmakuva_2025_5cm",
        "zoom": 16,
        "status": "confirmed",
        "class": "car"
      }
    },
    {
      "type": "Feature",
      "geometry": {
        "type": "Polygon",
        "coordinates": [
          [
            [
              25495960.162,
              6671206.784
            ],
            [
              25495962.351,
              6671206.344
            ],
            [
              25495963.203,
              6671210.581
            ],
            [
              25495961.014,
              6671211.021
            ],
            [
              25495960.162,
              6671206.784
            ]
          ]
        ]
      },
      "properties": {
        "confidence": 0.9274,
        "length_m": 4.32,
        "width_m": 2.23,
        "heading_deg": 11.4,
        "aoi": "r4-hernesaari",
        "source_layer": "Ortoilmakuva_2025_5cm",
        "zoom": 16,
        "status": "confirmed",
        "class": "car"
      }
    },
    {
      "type": "Feature",
      "geometry": {
        "type": "Polygon",
        "coordinates": [
          [
            [
              25495986.712,
              6671225.188
            ],
            [
              25495988.825,
              6671226.017
            ],
            [
              25495987.029,
              6671230.593
            ],
            [
              25495984.916,
              6671229.764
            ],
            [
              25495986.712,
              6671225.188
            ]
          ]
        ]
      },
      "properties": {
        "confidence": 0.9267,
        "length_m": 4.92,
        "width_m": 2.27,
        "heading_deg": 158.6,
        "aoi": "r4-hernesaari",
        "source_layer": "Ortoilmakuva_2025_5cm",
        "zoom": 16,
        "status": "confirmed",
        "class": "car"
      }
    },
    {
      "type": "Feature",
      "geometry": {
        "type": "Polygon",
        "coordinates": [
          [
            [
              25495984.781,
              6671344.422
            ],
            [
              25495987.038,
              6671344.172
            ],
            [
              25495987.521,
              6671348.537
            ],
            [
              25495985.264,
              6671348.787
            ],
            [
              25495984.781,
              6671344.422
            ]
          ]
        ]
      },
      "properties": {
        "confidence": 0.9267,
        "length_m": 4.39,
        "width_m": 2.27,
        "heading_deg": 6.3,
        "aoi": "r4-hernesaari",
        "source_layer": "Ortoilmakuva_2025_5cm",
        "zoom": 16,
        "status": "confirmed",
        "class": "car"
      }
    },
    {
      "type": "Feature",
      "geometry": {
        "type": "Polygon",
        "coordinates": [
          [
            [
              25495987.562,
              6671343.153
            ],
            [
              25495989.975,
              6671342.912
            ],
            [
              25495990.464,
              6671347.81
            ],
            [
              25495988.051,
              6671348.051
            ],
            [
              25495987.562,
              6671343.153
            ]
          ]
        ]
      },
      "properties": {
        "confidence": 0.9266,
        "length_m": 4.92,
        "width_m": 2.43,
        "heading_deg": 5.7,
        "aoi": "r4-hernesaari",
        "source_layer": "Ortoilmakuva_2025_5cm",
        "zoom": 16,
        "status": "confirmed",
        "class": "car"
      }
    },
    {
      "type": "Feature",
      "geometry": {
        "type": "Polygon",
        "coordinates": [
          [
            [
              25495991.354,
              6671233.682
            ],
            [
              25495993.306,
              6671234.608
            ],
            [
              25495991.185,
              6671239.083
            ],
            [
              25495989.233,
              6671238.157
            ],
            [
              25495991.354,
              6671233.682
            ]
          ]
        ]
      },
      "properties": {
        "confidence": 0.9266,
        "length_m": 4.95,
        "width_m": 2.16,
        "heading_deg": 154.6,
        "aoi": "r4-hernesaari",
        "source_layer": "Ortoilmakuva_2025_5cm",
        "zoom": 16,
        "status": "confirmed",
        "class": "car"
      }
    },
    {
      "type": "Feature",
      "geometry": {
        "type": "Polygon",
        "coordinates": [
          [
            [
              25496063.966,
              6671274.152
            ],
            [
              25496066.202,
              6671273.781
            ],
            [
              25496067.008,
              6671278.634
            ],
            [
              25496064.772,
              6671279.005
            ],
            [
              25496063.966,
              6671274.152
            ]
          ]
        ]
      },
      "properties": {
        "confidence": 0.9246,
        "length_m": 4.92,
        "width_m": 2.27,
        "heading_deg": 9.4,
        "aoi": "r4-hernesaari",
        "source_layer": "Ortoilmakuva_2025_5cm",
        "zoom": 16,
        "status": "confirmed",
        "class": "car"
      }
    },
    {
      "type": "Feature",
      "geometry": {
        "type": "Polygon",
        "coordinates": [
          [
            [
              25496016.211,
              6671263.438
            ],
            [
              25496018.536,
              6671263.037
            ],
            [
              25496019.328,
              6671267.628
            ],
            [
              25496017.003,
              6671268.029
            ],
            [
              25496016.211,
              6671263.438
            ]
          ]
        ]
      },
      "properties": {
        "confidence": 0.9243,
        "length_m": 4.66,
        "width_m": 2.36,
        "heading_deg": 9.8,
        "aoi": "r4-hernesaari",
        "source_layer": "Ortoilmakuva_2025_5cm",
        "zoom": 16,
        "status": "confirmed",
        "class": "car"
      }
    },
    {
      "type": "Feature",
      "geometry": {
        "type": "Polygon",
        "coordinates": [
          [
            [
              25496031.001,
              6671261.836
            ],
            [
              25496033.117,
              6671261.5
            ],
            [
              25496033.797,
              6671265.785
            ],
            [
              25496031.682,
              6671266.121
            ],
            [
              25496031.001,
              6671261.836
            ]
          ]
        ]
      },
      "properties": {
        "confidence": 0.9243,
        "length_m": 4.34,
        "width_m": 2.14,
        "heading_deg": 9,
        "aoi": "r4-hernesaari",
        "source_layer": "Ortoilmakuva_2025_5cm",
        "zoom": 16,
        "status": "confirmed",
        "class": "car"
      }
    },
    {
      "type": "Feature",
      "geometry": {
        "type": "Polygon",
        "coordinates": [
          [
            [
              25495998.84,
              6671217.42
            ],
            [
              25496000.357,
              6671219.086
            ],
            [
              25495996.378,
              6671222.707
            ],
            [
              25495994.862,
              6671221.042
            ],
            [
              25495998.84,
              6671217.42
            ]
          ]
        ]
      },
      "properties": {
        "confidence": 0.9239,
        "length_m": 5.38,
        "width_m": 2.25,
        "heading_deg": 132.3,
        "aoi": "r4-hernesaari",
        "source_layer": "Ortoilmakuva_2025_5cm",
        "zoom": 16,
        "status": "confirmed",
        "class": "car"
      }
    },
    {
      "type": "Feature",
      "geometry": {
        "type": "Polygon",
        "coordinates": [
          [
            [
              25496048.049,
              6671177.955
            ],
            [
              25496050.014,
              6671176.757
            ],
            [
              25496052.561,
              6671180.93
            ],
            [
              25496050.596,
              6671182.129
            ],
            [
              25496048.049,
              6671177.955
            ]
          ]
        ]
      },
      "properties": {
        "confidence": 0.9237,
        "length_m": 4.89,
        "width_m": 2.3,
        "heading_deg": 31.4,
        "aoi": "r4-hernesaari",
        "source_layer": "Ortoilmakuva_2025_5cm",
        "zoom": 16,
        "status": "confirmed",
        "class": "car"
      }
    },
    {
      "type": "Feature",
      "geometry": {
        "type": "Polygon",
        "coordinates": [
          [
            [
              25495927.734,
              6671216.502
            ],
            [
              25495929.996,
              6671216.069
            ],
            [
              25495930.942,
              6671221.01
            ],
            [
              25495928.68,
              6671221.444
            ],
            [
              25495927.734,
              6671216.502
            ]
          ]
        ]
      },
      "properties": {
        "confidence": 0.9236,
        "length_m": 5.03,
        "width_m": 2.3,
        "heading_deg": 10.8,
        "aoi": "r4-hernesaari",
        "source_layer": "Ortoilmakuva_2025_5cm",
        "zoom": 16,
        "status": "confirmed",
        "class": "car"
      }
    },
    {
      "type": "Feature",
      "geometry": {
        "type": "Polygon",
        "coordinates": [
          [
            [
              25496092.708,
              6671204.71
            ],
            [
              25496094.963,
              6671203.987
            ],
            [
              25496096.37,
              6671208.379
            ],
            [
              25496094.115,
              6671209.102
            ],
            [
              25496092.708,
              6671204.71
            ]
          ]
        ]
      },
      "properties": {
        "confidence": 0.9236,
        "length_m": 4.61,
        "width_m": 2.37,
        "heading_deg": 17.8,
        "aoi": "r4-hernesaari",
        "source_layer": "Ortoilmakuva_2025_5cm",
        "zoom": 16,
        "status": "confirmed",
        "class": "car"
      }
    },
    {
      "type": "Feature",
      "geometry": {
        "type": "Polygon",
        "coordinates": [
          [
            [
              25496058.632,
              6671204.397
            ],
            [
              25496059.634,
              6671206.42
            ],
            [
              25496054.907,
              6671208.762
            ],
            [
              25496053.905,
              6671206.739
            ],
            [
              25496058.632,
              6671204.397
            ]
          ]
        ]
      },
      "properties": {
        "confidence": 0.9226,
        "length_m": 5.28,
        "width_m": 2.26,
        "heading_deg": 116.4,
        "aoi": "r4-hernesaari",
        "source_layer": "Ortoilmakuva_2025_5cm",
        "zoom": 16,
        "status": "confirmed",
        "class": "car"
      }
    },
    {
      "type": "Feature",
      "geometry": {
        "type": "Polygon",
        "coordinates": [
          [
            [
              25496057.004,
              6671257.493
            ],
            [
              25496059.143,
              6671257.022
            ],
            [
              25496060.154,
              6671261.602
            ],
            [
              25496058.014,
              6671262.074
            ],
            [
              25496057.004,
              6671257.493
            ]
          ]
        ]
      },
      "properties": {
        "confidence": 0.9222,
        "length_m": 4.69,
        "width_m": 2.19,
        "heading_deg": 12.4,
        "aoi": "r4-hernesaari",
        "source_layer": "Ortoilmakuva_2025_5cm",
        "zoom": 16,
        "status": "confirmed",
        "class": "car"
      }
    },
    {
      "type": "Feature",
      "geometry": {
        "type": "Polygon",
        "coordinates": [
          [
            [
              25495934.55,
              6671099.151
            ],
            [
              25495933.148,
              6671101.031
            ],
            [
              25495929.153,
              6671098.051
            ],
            [
              25495930.555,
              6671096.172
            ],
            [
              25495934.55,
              6671099.151
            ]
          ]
        ]
      },
      "properties": {
        "confidence": 0.9221,
        "length_m": 4.98,
        "width_m": 2.35,
        "heading_deg": 53.3,
        "aoi": "r4-hernesaari",
        "source_layer": "Ortoilmakuva_2025_5cm",
        "zoom": 16,
        "status": "confirmed",
        "class": "car"
      }
    },
    {
      "type": "Feature",
      "geometry": {
        "type": "Polygon",
        "coordinates": [
          [
            [
              25496059.829,
              6671257.427
            ],
            [
              25496061.966,
              6671257.034
            ],
            [
              25496062.739,
              6671261.23
            ],
            [
              25496060.602,
              6671261.624
            ],
            [
              25496059.829,
              6671257.427
            ]
          ]
        ]
      },
      "properties": {
        "confidence": 0.9213,
        "length_m": 4.27,
        "width_m": 2.17,
        "heading_deg": 10.4,
        "aoi": "r4-hernesaari",
        "source_layer": "Ortoilmakuva_2025_5cm",
        "zoom": 16,
        "status": "confirmed",
        "class": "car"
      }
    },
    {
      "type": "Feature",
      "geometry": {
        "type": "Polygon",
        "coordinates": [
          [
            [
              25495963.855,
              6671099.271
            ],
            [
              25495962.607,
              6671101.15
            ],
            [
              25495958.649,
              6671098.521
            ],
            [
              25495959.897,
              6671096.643
            ],
            [
              25495963.855,
              6671099.271
            ]
          ]
        ]
      },
      "properties": {
        "confidence": 0.9206,
        "length_m": 4.75,
        "width_m": 2.26,
        "heading_deg": 56.4,
        "aoi": "r4-hernesaari",
        "source_layer": "Ortoilmakuva_2025_5cm",
        "zoom": 16,
        "status": "confirmed",
        "class": "car"
      }
    },
    {
      "type": "Feature",
      "geometry": {
        "type": "Polygon",
        "coordinates": [
          [
            [
              25495985.809,
              6671221.515
            ],
            [
              25495987.983,
              6671222.741
            ],
            [
              25495985.215,
              6671227.65
            ],
            [
              25495983.041,
              6671226.424
            ],
            [
              25495985.809,
              6671221.515
            ]
          ]
        ]
      },
      "properties": {
        "confidence": 0.9201,
        "length_m": 5.64,
        "width_m": 2.5,
        "heading_deg": 150.6,
        "aoi": "r4-hernesaari",
        "source_layer": "Ortoilmakuva_2025_5cm",
        "zoom": 16,
        "status": "confirmed",
        "class": "car"
      }
    },
    {
      "type": "Feature",
      "geometry": {
        "type": "Polygon",
        "coordinates": [
          [
            [
              25495965.052,
              6671083.057
            ],
            [
              25495967.399,
              6671081.956
            ],
            [
              25495970.392,
              6671088.342
            ],
            [
              25495968.044,
              6671089.442
            ],
            [
              25495965.052,
              6671083.057
            ]
          ]
        ]
      },
      "properties": {
        "confidence": 0.92,
        "length_m": 7.05,
        "width_m": 2.59,
        "heading_deg": 25.1,
        "aoi": "r4-hernesaari",
        "source_layer": "Ortoilmakuva_2025_5cm",
        "zoom": 16,
        "status": "confirmed",
        "class": "truck"
      }
    },
    {
      "type": "Feature",
      "geometry": {
        "type": "Polygon",
        "coordinates": [
          [
            [
              25496009.708,
              6671265.515
            ],
            [
              25496011.969,
              6671265.259
            ],
            [
              25496012.434,
              6671269.352
            ],
            [
              25496010.172,
              6671269.609
            ],
            [
              25496009.708,
              6671265.515
            ]
          ]
        ]
      },
      "properties": {
        "confidence": 0.9198,
        "length_m": 4.12,
        "width_m": 2.28,
        "heading_deg": 6.5,
        "aoi": "r4-hernesaari",
        "source_layer": "Ortoilmakuva_2025_5cm",
        "zoom": 16,
        "status": "confirmed",
        "class": "car"
      }
    },
    {
      "type": "Feature",
      "geometry": {
        "type": "Polygon",
        "coordinates": [
          [
            [
              25496066.614,
              6671273.487
            ],
            [
              25496068.828,
              6671273.174
            ],
            [
              25496069.429,
              6671277.422
            ],
            [
              25496067.215,
              6671277.735
            ],
            [
              25496066.614,
              6671273.487
            ]
          ]
        ]
      },
      "properties": {
        "confidence": 0.9196,
        "length_m": 4.29,
        "width_m": 2.24,
        "heading_deg": 8.1,
        "aoi": "r4-hernesaari",
        "source_layer": "Ortoilmakuva_2025_5cm",
        "zoom": 16,
        "status": "confirmed",
        "class": "car"
      }
    },
    {
      "type": "Feature",
      "geometry": {
        "type": "Polygon",
        "coordinates": [
          [
            [
              25496013.496,
              6671274.286
            ],
            [
              25496013.63,
              6671276.218
            ],
            [
              25496009.447,
              6671276.508
            ],
            [
              25496009.313,
              6671274.576
            ],
            [
              25496013.496,
              6671274.286
            ]
          ]
        ]
      },
      "properties": {
        "confidence": 0.9194,
        "length_m": 4.19,
        "width_m": 1.94,
        "heading_deg": 94,
        "aoi": "r4-hernesaari",
        "source_layer": "Ortoilmakuva_2025_5cm",
        "zoom": 16,
        "status": "confirmed",
        "class": "car"
      }
    },
    {
      "type": "Feature",
      "geometry": {
        "type": "Polygon",
        "coordinates": [
          [
            [
              25496033.57,
              6671189.618
            ],
            [
              25496035.473,
              6671188.437
            ],
            [
              25496037.947,
              6671192.424
            ],
            [
              25496036.045,
              6671193.605
            ],
            [
              25496033.57,
              6671189.618
            ]
          ]
        ]
      },
      "properties": {
        "confidence": 0.919,
        "length_m": 4.69,
        "width_m": 2.24,
        "heading_deg": 31.8,
        "aoi": "r4-hernesaari",
        "source_layer": "Ortoilmakuva_2025_5cm",
        "zoom": 16,
        "status": "confirmed",
        "class": "car"
      }
    },
    {
      "type": "Feature",
      "geometry": {
        "type": "Polygon",
        "coordinates": [
          [
            [
              25496000.185,
              6671231.653
            ],
            [
              25496000.048,
              6671233.763
            ],
            [
              25495995.456,
              6671233.464
            ],
            [
              25495995.594,
              6671231.354
            ],
            [
              25496000.185,
              6671231.653
            ]
          ]
        ]
      },
      "properties": {
        "confidence": 0.9188,
        "length_m": 4.6,
        "width_m": 2.11,
        "heading_deg": 86.3,
        "aoi": "r4-hernesaari",
        "source_layer": "Ortoilmakuva_2025_5cm",
        "zoom": 16,
        "status": "confirmed",
        "class": "car"
      }
    },
    {
      "type": "Feature",
      "geometry": {
        "type": "Polygon",
        "coordinates": [
          [
            [
              25496084.537,
              6671209.671
            ],
            [
              25496086.566,
              6671208.574
            ],
            [
              25496088.745,
              6671212.603
            ],
            [
              25496086.716,
              6671213.7
            ],
            [
              25496084.537,
              6671209.671
            ]
          ]
        ]
      },
      "properties": {
        "confidence": 0.9187,
        "length_m": 4.58,
        "width_m": 2.31,
        "heading_deg": 28.4,
        "aoi": "r4-hernesaari",
        "source_layer": "Ortoilmakuva_2025_5cm",
        "zoom": 16,
        "status": "confirmed",
        "class": "car"
      }
    },
    {
      "type": "Feature",
      "geometry": {
        "type": "Polygon",
        "coordinates": [
          [
            [
              25496021.659,
              6671262.646
            ],
            [
              25496024.003,
              6671262.373
            ],
            [
              25496024.501,
              6671266.651
            ],
            [
              25496022.157,
              6671266.924
            ],
            [
              25496021.659,
              6671262.646
            ]
          ]
        ]
      },
      "properties": {
        "confidence": 0.9186,
        "length_m": 4.31,
        "width_m": 2.36,
        "heading_deg": 6.6,
        "aoi": "r4-hernesaari",
        "source_layer": "Ortoilmakuva_2025_5cm",
        "zoom": 16,
        "status": "confirmed",
        "class": "car"
      }
    },
    {
      "type": "Feature",
      "geometry": {
        "type": "Polygon",
        "coordinates": [
          [
            [
              25496028.32,
              6671205.141
            ],
            [
              25496030.2,
              6671204.057
            ],
            [
              25496032.315,
              6671207.726
            ],
            [
              25496030.436,
              6671208.81
            ],
            [
              25496028.32,
              6671205.141
            ]
          ]
        ]
      },
      "properties": {
        "confidence": 0.9182,
        "length_m": 4.23,
        "width_m": 2.17,
        "heading_deg": 30,
        "aoi": "r4-hernesaari",
        "source_layer": "Ortoilmakuva_2025_5cm",
        "zoom": 16,
        "status": "confirmed",
        "class": "car"
      }
    },
    {
      "type": "Feature",
      "geometry": {
        "type": "Polygon",
        "coordinates": [
          [
            [
              25496089.555,
              6671206.054
            ],
            [
              25496091.809,
              6671205.215
            ],
            [
              25496093.586,
              6671209.987
            ],
            [
              25496091.332,
              6671210.826
            ],
            [
              25496089.555,
              6671206.054
            ]
          ]
        ]
      },
      "properties": {
        "confidence": 0.9168,
        "length_m": 5.09,
        "width_m": 2.41,
        "heading_deg": 20.4,
        "aoi": "r4-hernesaari",
        "source_layer": "Ortoilmakuva_2025_5cm",
        "zoom": 16,
        "status": "confirmed",
        "class": "car"
      }
    },
    {
      "type": "Feature",
      "geometry": {
        "type": "Polygon",
        "coordinates": [
          [
            [
              25496000.656,
              6671210.495
            ],
            [
              25495999.445,
              6671212.416
            ],
            [
              25495995.24,
              6671209.767
            ],
            [
              25495996.45,
              6671207.846
            ],
            [
              25496000.656,
              6671210.495
            ]
          ]
        ]
      },
      "properties": {
        "confidence": 0.9161,
        "length_m": 4.97,
        "width_m": 2.27,
        "heading_deg": 57.8,
        "aoi": "r4-hernesaari",
        "source_layer": "Ortoilmakuva_2025_5cm",
        "zoom": 16,
        "status": "confirmed",
        "class": "car"
      }
    },
    {
      "type": "Feature",
      "geometry": {
        "type": "Polygon",
        "coordinates": [
          [
            [
              25495970.809,
              6671209.444
            ],
            [
              25495970.409,
              6671204.837
            ],
            [
              25495968.434,
              6671205.008
            ],
            [
              25495968.834,
              6671209.615
            ],
            [
              25495970.809,
              6671209.444
            ]
          ]
        ]
      },
      "properties": {
        "confidence": 0.916,
        "length_m": 4.62,
        "width_m": 1.98,
        "heading_deg": 5,
        "aoi": "r4-hernesaari",
        "source_layer": "Ortoilmakuva_2025_5cm",
        "zoom": 16,
        "status": "confirmed",
        "class": "car"
      }
    },
    {
      "type": "Feature",
      "geometry": {
        "type": "Polygon",
        "coordinates": [
          [
            [
              25495949.057,
              6671104.181
            ],
            [
              25495947.992,
              6671106.264
            ],
            [
              25495943.676,
              6671104.057
            ],
            [
              25495944.741,
              6671101.974
            ],
            [
              25495949.057,
              6671104.181
            ]
          ]
        ]
      },
      "properties": {
        "confidence": 0.916,
        "length_m": 4.85,
        "width_m": 2.34,
        "heading_deg": 62.9,
        "aoi": "r4-hernesaari",
        "source_layer": "Ortoilmakuva_2025_5cm",
        "zoom": 16,
        "status": "confirmed",
        "class": "car"
      }
    },
    {
      "type": "Feature",
      "geometry": {
        "type": "Polygon",
        "coordinates": [
          [
            [
              25496015.331,
              6671117.963
            ],
            [
              25496017.342,
              6671116.755
            ],
            [
              25496019.682,
              6671120.652
            ],
            [
              25496017.671,
              6671121.86
            ],
            [
              25496015.331,
              6671117.963
            ]
          ]
        ]
      },
      "properties": {
        "confidence": 0.9159,
        "length_m": 4.55,
        "width_m": 2.35,
        "heading_deg": 31,
        "aoi": "r4-hernesaari",
        "source_layer": "Ortoilmakuva_2025_5cm",
        "zoom": 16,
        "status": "confirmed",
        "class": "car"
      }
    },
    {
      "type": "Feature",
      "geometry": {
        "type": "Polygon",
        "coordinates": [
          [
            [
              25495957.08,
              6671206.208
            ],
            [
              25495959.505,
              6671205.759
            ],
            [
              25495960.41,
              6671210.648
            ],
            [
              25495957.986,
              6671211.097
            ],
            [
              25495957.08,
              6671206.208
            ]
          ]
        ]
      },
      "properties": {
        "confidence": 0.9159,
        "length_m": 4.97,
        "width_m": 2.47,
        "heading_deg": 10.5,
        "aoi": "r4-hernesaari",
        "source_layer": "Ortoilmakuva_2025_5cm",
        "zoom": 16,
        "status": "confirmed",
        "class": "car"
      }
    },
    {
      "type": "Feature",
      "geometry": {
        "type": "Polygon",
        "coordinates": [
          [
            [
              25496022.833,
              6671125.897
            ],
            [
              25496020.525,
              6671121.875
            ],
            [
              25496018.684,
              6671122.932
            ],
            [
              25496020.992,
              6671126.953
            ],
            [
              25496022.833,
              6671125.897
            ]
          ]
        ]
      },
      "properties": {
        "confidence": 0.9158,
        "length_m": 4.64,
        "width_m": 2.12,
        "heading_deg": 29.9,
        "aoi": "r4-hernesaari",
        "source_layer": "Ortoilmakuva_2025_5cm",
        "zoom": 16,
        "status": "confirmed",
        "class": "car"
      }
    },
    {
      "type": "Feature",
      "geometry": {
        "type": "Polygon",
        "coordinates": [
          [
            [
              25496019.008,
              6671262.37
            ],
            [
              25496021.224,
              6671262.093
            ],
            [
              25496021.744,
              6671266.248
            ],
            [
              25496019.528,
              6671266.526
            ],
            [
              25496019.008,
              6671262.37
            ]
          ]
        ]
      },
      "properties": {
        "confidence": 0.9157,
        "length_m": 4.19,
        "width_m": 2.23,
        "heading_deg": 7.1,
        "aoi": "r4-hernesaari",
        "source_layer": "Ortoilmakuva_2025_5cm",
        "zoom": 16,
        "status": "confirmed",
        "class": "car"
      }
    },
    {
      "type": "Feature",
      "geometry": {
        "type": "Polygon",
        "coordinates": [
          [
            [
              25496145.266,
              6671117.174
            ],
            [
              25496147.21,
              6671116.071
            ],
            [
              25496149.421,
              6671119.964
            ],
            [
              25496147.477,
              6671121.068
            ],
            [
              25496145.266,
              6671117.174
            ]
          ]
        ]
      },
      "properties": {
        "confidence": 0.9156,
        "length_m": 4.48,
        "width_m": 2.24,
        "heading_deg": 29.6,
        "aoi": "r4-hernesaari",
        "source_layer": "Ortoilmakuva_2025_5cm",
        "zoom": 16,
        "status": "confirmed",
        "class": "car"
      }
    },
    {
      "type": "Feature",
      "geometry": {
        "type": "Polygon",
        "coordinates": [
          [
            [
              25495980.732,
              6671349.841
            ],
            [
              25495980.027,
              6671344.729
            ],
            [
              25495977.59,
              6671345.065
            ],
            [
              25495978.295,
              6671350.177
            ],
            [
              25495980.732,
              6671349.841
            ]
          ]
        ]
      },
      "properties": {
        "confidence": 0.9156,
        "length_m": 5.16,
        "width_m": 2.46,
        "heading_deg": 7.9,
        "aoi": "r4-hernesaari",
        "source_layer": "Ortoilmakuva_2025_5cm",
        "zoom": 16,
        "status": "confirmed",
        "class": "car"
      }
    },
    {
      "type": "Feature",
      "geometry": {
        "type": "Polygon",
        "coordinates": [
          [
            [
              25496047.93,
              6671258.706
            ],
            [
              25496050.118,
              6671258.499
            ],
            [
              25496050.565,
              6671263.214
            ],
            [
              25496048.376,
              6671263.421
            ],
            [
              25496047.93,
              6671258.706
            ]
          ]
        ]
      },
      "properties": {
        "confidence": 0.9153,
        "length_m": 4.74,
        "width_m": 2.2,
        "heading_deg": 5.4,
        "aoi": "r4-hernesaari",
        "source_layer": "Ortoilmakuva_2025_5cm",
        "zoom": 16,
        "status": "confirmed",
        "class": "car"
      }
    },
    {
      "type": "Feature",
      "geometry": {
        "type": "Polygon",
        "coordinates": [
          [
            [
              25495933.481,
              6671232.497
            ],
            [
              25495933.813,
              6671234.807
            ],
            [
              25495928.793,
              6671235.528
            ],
            [
              25495928.461,
              6671233.218
            ],
            [
              25495933.481,
              6671232.497
            ]
          ]
        ]
      },
      "properties": {
        "confidence": 0.9153,
        "length_m": 5.07,
        "width_m": 2.33,
        "heading_deg": 98.2,
        "aoi": "r4-hernesaari",
        "source_layer": "Ortoilmakuva_2025_5cm",
        "zoom": 16,
        "status": "confirmed",
        "class": "van"
      }
    },
    {
      "type": "Feature",
      "geometry": {
        "type": "Polygon",
        "coordinates": [
          [
            [
              25496095.136,
              6671203.454
            ],
            [
              25496097.314,
              6671202.593
            ],
            [
              25496098.956,
              6671206.747
            ],
            [
              25496096.778,
              6671207.608
            ],
            [
              25496095.136,
              6671203.454
            ]
          ]
        ]
      },
      "properties": {
        "confidence": 0.9151,
        "length_m": 4.47,
        "width_m": 2.34,
        "heading_deg": 21.6,
        "aoi": "r4-hernesaari",
        "source_layer": "Ortoilmakuva_2025_5cm",
        "zoom": 16,
        "status": "confirmed",
        "class": "car"
      }
    },
    {
      "type": "Feature",
      "geometry": {
        "type": "Polygon",
        "coordinates": [
          [
            [
              25496186.542,
              6671211.795
            ],
            [
              25496188.006,
              6671213.385
            ],
            [
              25496183.947,
              6671217.124
            ],
            [
              25496182.483,
              6671215.534
            ],
            [
              25496186.542,
              6671211.795
            ]
          ]
        ]
      },
      "properties": {
        "confidence": 0.915,
        "length_m": 5.52,
        "width_m": 2.16,
        "heading_deg": 132.7,
        "aoi": "r4-hernesaari",
        "source_layer": "Ortoilmakuva_2025_5cm",
        "zoom": 16,
        "status": "confirmed",
        "class": "car"
      }
    },
    {
      "type": "Feature",
      "geometry": {
        "type": "Polygon",
        "coordinates": [
          [
            [
              25495987.098,
              6671273.682
            ],
            [
              25495989.019,
              6671272.589
            ],
            [
              25495991.205,
              6671276.432
            ],
            [
              25495989.284,
              6671277.525
            ],
            [
              25495987.098,
              6671273.682
            ]
          ]
        ]
      },
      "properties": {
        "confidence": 0.9148,
        "length_m": 4.42,
        "width_m": 2.21,
        "heading_deg": 29.6,
        "aoi": "r4-hernesaari",
        "source_layer": "Ortoilmakuva_2025_5cm",
        "zoom": 16,
        "status": "confirmed",
        "class": "car"
      }
    },
    {
      "type": "Feature",
      "geometry": {
        "type": "Polygon",
        "coordinates": [
          [
            [
              25496032.417,
              6671147.832
            ],
            [
              25496034.379,
              6671146.709
            ],
            [
              25496036.575,
              6671150.546
            ],
            [
              25496034.613,
              6671151.669
            ],
            [
              25496032.417,
              6671147.832
            ]
          ]
        ]
      },
      "properties": {
        "confidence": 0.9147,
        "length_m": 4.42,
        "width_m": 2.26,
        "heading_deg": 29.8,
        "aoi": "r4-hernesaari",
        "source_layer": "Ortoilmakuva_2025_5cm",
        "zoom": 16,
        "status": "confirmed",
        "class": "car"
      }
    },
    {
      "type": "Feature",
      "geometry": {
        "type": "Polygon",
        "coordinates": [
          [
            [
              25495943.22,
              6671088.467
            ],
            [
              25495945.329,
              6671087.517
            ],
            [
              25495947.372,
              6671092.053
            ],
            [
              25495945.263,
              6671093.003
            ],
            [
              25495943.22,
              6671088.467
            ]
          ]
        ]
      },
      "properties": {
        "confidence": 0.9146,
        "length_m": 4.97,
        "width_m": 2.31,
        "heading_deg": 24.2,
        "aoi": "r4-hernesaari",
        "source_layer": "Ortoilmakuva_2025_5cm",
        "zoom": 16,
        "status": "confirmed",
        "class": "car"
      }
    },
    {
      "type": "Feature",
      "geometry": {
        "type": "Polygon",
        "coordinates": [
          [
            [
              25495988.551,
              6671242.298
            ],
            [
              25495990.457,
              6671241.155
            ],
            [
              25495992.77,
              6671245.01
            ],
            [
              25495990.865,
              6671246.154
            ],
            [
              25495988.551,
              6671242.298
            ]
          ]
        ]
      },
      "properties": {
        "confidence": 0.9131,
        "length_m": 4.5,
        "width_m": 2.22,
        "heading_deg": 31,
        "aoi": "r4-hernesaari",
        "source_layer": "Ortoilmakuva_2025_5cm",
        "zoom": 16,
        "status": "confirmed",
        "class": "car"
      }
    },
    {
      "type": "Feature",
      "geometry": {
        "type": "Polygon",
        "coordinates": [
          [
            [
              25495981.871,
              6671344.678
            ],
            [
              25495984.045,
              6671344.336
            ],
            [
              25495984.705,
              6671348.534
            ],
            [
              25495982.531,
              6671348.876
            ],
            [
              25495981.871,
              6671344.678
            ]
          ]
        ]
      },
      "properties": {
        "confidence": 0.9128,
        "length_m": 4.25,
        "width_m": 2.2,
        "heading_deg": 8.9,
        "aoi": "r4-hernesaari",
        "source_layer": "Ortoilmakuva_2025_5cm",
        "zoom": 16,
        "status": "confirmed",
        "class": "car"
      }
    },
    {
      "type": "Feature",
      "geometry": {
        "type": "Polygon",
        "coordinates": [
          [
            [
              25496105.446,
              6671212.78
            ],
            [
              25496103.922,
              6671214.527
            ],
            [
              25496100.328,
              6671211.389
            ],
            [
              25496101.852,
              6671209.643
            ],
            [
              25496105.446,
              6671212.78
            ]
          ]
        ]
      },
      "properties": {
        "confidence": 0.9122,
        "length_m": 4.77,
        "width_m": 2.32,
        "heading_deg": 48.9,
        "aoi": "r4-hernesaari",
        "source_layer": "Ortoilmakuva_2025_5cm",
        "zoom": 16,
        "status": "confirmed",
        "class": "car"
      }
    },
    {
      "type": "Feature",
      "geometry": {
        "type": "Polygon",
        "coordinates": [
          [
            [
              25496038.853,
              6671204.84
            ],
            [
              25496041.232,
              6671203.835
            ],
            [
              25496043.201,
              6671208.498
            ],
            [
              25496040.821,
              6671209.502
            ],
            [
              25496038.853,
              6671204.84
            ]
          ]
        ]
      },
      "properties": {
        "confidence": 0.9118,
        "length_m": 5.06,
        "width_m": 2.58,
        "heading_deg": 22.9,
        "aoi": "r4-hernesaari",
        "source_layer": "Ortoilmakuva_2025_5cm",
        "zoom": 16,
        "status": "confirmed",
        "class": "car"
      }
    },
    {
      "type": "Feature",
      "geometry": {
        "type": "Polygon",
        "coordinates": [
          [
            [
              25496024.461,
              6671261.572
            ],
            [
              25496027.006,
              6671261.253
            ],
            [
              25496027.641,
              6671266.316
            ],
            [
              25496025.096,
              6671266.635
            ],
            [
              25496024.461,
              6671261.572
            ]
          ]
        ]
      },
      "properties": {
        "confidence": 0.9117,
        "length_m": 5.1,
        "width_m": 2.56,
        "heading_deg": 7.1,
        "aoi": "r4-hernesaari",
        "source_layer": "Ortoilmakuva_2025_5cm",
        "zoom": 16,
        "status": "confirmed",
        "class": "car"
      }
    },
    {
      "type": "Feature",
      "geometry": {
        "type": "Polygon",
        "coordinates": [
          [
            [
              25496038.355,
              6671159.669
            ],
            [
              25496040.415,
              6671158.516
            ],
            [
              25496042.802,
              6671162.778
            ],
            [
              25496040.742,
              6671163.931
            ],
            [
              25496038.355,
              6671159.669
            ]
          ]
        ]
      },
      "properties": {
        "confidence": 0.9116,
        "length_m": 4.88,
        "width_m": 2.36,
        "heading_deg": 29.3,
        "aoi": "r4-hernesaari",
        "source_layer": "Ortoilmakuva_2025_5cm",
        "zoom": 16,
        "status": "confirmed",
        "class": "car"
      }
    },
    {
      "type": "Feature",
      "geometry": {
        "type": "Polygon",
        "coordinates": [
          [
            [
              25496018.456,
              6671228.985
            ],
            [
              25496019.648,
              6671230.552
            ],
            [
              25496016.448,
              6671232.987
            ],
            [
              25496015.256,
              6671231.419
            ],
            [
              25496018.456,
              6671228.985
            ]
          ]
        ]
      },
      "properties": {
        "confidence": 0.9116,
        "length_m": 4.02,
        "width_m": 1.97,
        "heading_deg": 127.3,
        "aoi": "r4-hernesaari",
        "source_layer": "Ortoilmakuva_2025_5cm",
        "zoom": 16,
        "status": "confirmed",
        "class": "car"
      }
    },
    {
      "type": "Feature",
      "geometry": {
        "type": "Polygon",
        "coordinates": [
          [
            [
              25496017.353,
              6671242.66
            ],
            [
              25496020.249,
              6671245.992
            ],
            [
              25496018.594,
              6671247.431
            ],
            [
              25496015.698,
              6671244.099
            ],
            [
              25496017.353,
              6671242.66
            ]
          ]
        ]
      },
      "properties": {
        "confidence": 0.9114,
        "length_m": 4.41,
        "width_m": 2.19,
        "heading_deg": 41,
        "aoi": "r4-hernesaari",
        "source_layer": "Ortoilmakuva_2025_5cm",
        "zoom": 16,
        "status": "confirmed",
        "class": "car"
      }
    },
    {
      "type": "Feature",
      "geometry": {
        "type": "Polygon",
        "coordinates": [
          [
            [
              25496036.663,
              6671261.052
            ],
            [
              25496039.032,
              6671260.812
            ],
            [
              25496039.5,
              6671265.432
            ],
            [
              25496037.132,
              6671265.672
            ],
            [
              25496036.663,
              6671261.052
            ]
          ]
        ]
      },
      "properties": {
        "confidence": 0.9111,
        "length_m": 4.64,
        "width_m": 2.38,
        "heading_deg": 5.8,
        "aoi": "r4-hernesaari",
        "source_layer": "Ortoilmakuva_2025_5cm",
        "zoom": 16,
        "status": "confirmed",
        "class": "car"
      }
    },
    {
      "type": "Feature",
      "geometry": {
        "type": "Polygon",
        "coordinates": [
          [
            [
              25495937.343,
              6671083.278
            ],
            [
              25495939.333,
              6671082.186
            ],
            [
              25495941.428,
              6671086.004
            ],
            [
              25495939.437,
              6671087.096
            ],
            [
              25495937.343,
              6671083.278
            ]
          ]
        ]
      },
      "properties": {
        "confidence": 0.9106,
        "length_m": 4.36,
        "width_m": 2.27,
        "heading_deg": 28.8,
        "aoi": "r4-hernesaari",
        "source_layer": "Ortoilmakuva_2025_5cm",
        "zoom": 16,
        "status": "confirmed",
        "class": "car"
      }
    },
    {
      "type": "Feature",
      "geometry": {
        "type": "Polygon",
        "coordinates": [
          [
            [
              25496078.842,
              6671195.715
            ],
            [
              25496080.966,
              6671195.589
            ],
            [
              25496081.226,
              6671199.985
            ],
            [
              25496079.102,
              6671200.11
            ],
            [
              25496078.842,
              6671195.715
            ]
          ]
        ]
      },
      "properties": {
        "confidence": 0.9096,
        "length_m": 4.4,
        "width_m": 2.13,
        "heading_deg": 3.4,
        "aoi": "r4-hernesaari",
        "source_layer": "Ortoilmakuva_2025_5cm",
        "zoom": 16,
        "status": "confirmed",
        "class": "car"
      }
    },
    {
      "type": "Feature",
      "geometry": {
        "type": "Polygon",
        "coordinates": [
          [
            [
              25496028.981,
              6671141.761
            ],
            [
              25496030.986,
              6671140.542
            ],
            [
              25496033.491,
              6671144.663
            ],
            [
              25496031.485,
              6671145.882
            ],
            [
              25496028.981,
              6671141.761
            ]
          ]
        ]
      },
      "properties": {
        "confidence": 0.9093,
        "length_m": 4.82,
        "width_m": 2.35,
        "heading_deg": 31.3,
        "aoi": "r4-hernesaari",
        "source_layer": "Ortoilmakuva_2025_5cm",
        "zoom": 16,
        "status": "confirmed",
        "class": "car"
      }
    },
    {
      "type": "Feature",
      "geometry": {
        "type": "Polygon",
        "coordinates": [
          [
            [
              25496036.178,
              6671206.369
            ],
            [
              25496038.306,
              6671205.331
            ],
            [
              25496040.562,
              6671209.951
            ],
            [
              25496038.434,
              6671210.99
            ],
            [
              25496036.178,
              6671206.369
            ]
          ]
        ]
      },
      "properties": {
        "confidence": 0.9092,
        "length_m": 5.14,
        "width_m": 2.37,
        "heading_deg": 26,
        "aoi": "r4-hernesaari",
        "source_layer": "Ortoilmakuva_2025_5cm",
        "zoom": 16,
        "status": "confirmed",
        "class": "car"
      }
    },
    {
      "type": "Feature",
      "geometry": {
        "type": "Polygon",
        "coordinates": [
          [
            [
              25495931.827,
              6671086.204
            ],
            [
              25495933.884,
              6671084.841
            ],
            [
              25495936.651,
              6671089.018
            ],
            [
              25495934.594,
              6671090.381
            ],
            [
              25495931.827,
              6671086.204
            ]
          ]
        ]
      },
      "properties": {
        "confidence": 0.9088,
        "length_m": 5.01,
        "width_m": 2.47,
        "heading_deg": 33.5,
        "aoi": "r4-hernesaari",
        "source_layer": "Ortoilmakuva_2025_5cm",
        "zoom": 16,
        "status": "confirmed",
        "class": "car"
      }
    },
    {
      "type": "Feature",
      "geometry": {
        "type": "Polygon",
        "coordinates": [
          [
            [
              25495936.933,
              6671151.263
            ],
            [
              25495938.959,
              6671149.861
            ],
            [
              25495941.955,
              6671154.19
            ],
            [
              25495939.93,
              6671155.592
            ],
            [
              25495936.933,
              6671151.263
            ]
          ]
        ]
      },
      "properties": {
        "confidence": 0.9088,
        "length_m": 5.26,
        "width_m": 2.46,
        "heading_deg": 34.7,
        "aoi": "r4-hernesaari",
        "source_layer": "Ortoilmakuva_2025_5cm",
        "zoom": 16,
        "status": "confirmed",
        "class": "car"
      }
    },
    {
      "type": "Feature",
      "geometry": {
        "type": "Polygon",
        "coordinates": [
          [
            [
              25495947.184,
              6671078.307
            ],
            [
              25495949.289,
              6671077.218
            ],
            [
              25495951.471,
              6671081.438
            ],
            [
              25495949.366,
              6671082.526
            ],
            [
              25495947.184,
              6671078.307
            ]
          ]
        ]
      },
      "properties": {
        "confidence": 0.9084,
        "length_m": 4.75,
        "width_m": 2.37,
        "heading_deg": 27.3,
        "aoi": "r4-hernesaari",
        "source_layer": "Ortoilmakuva_2025_5cm",
        "zoom": 16,
        "status": "confirmed",
        "class": "car"
      }
    },
    {
      "type": "Feature",
      "geometry": {
        "type": "Polygon",
        "coordinates": [
          [
            [
              25495950.904,
              6671108.886
            ],
            [
              25495949.765,
              6671110.731
            ],
            [
              25495945.773,
              6671108.265
            ],
            [
              25495946.911,
              6671106.421
            ],
            [
              25495950.904,
              6671108.886
            ]
          ]
        ]
      },
      "properties": {
        "confidence": 0.9083,
        "length_m": 4.69,
        "width_m": 2.17,
        "heading_deg": 58.3,
        "aoi": "r4-hernesaari",
        "source_layer": "Ortoilmakuva_2025_5cm",
        "zoom": 16,
        "status": "confirmed",
        "class": "car"
      }
    },
    {
      "type": "Feature",
      "geometry": {
        "type": "Polygon",
        "coordinates": [
          [
            [
              25496041.642,
              6671203.942
            ],
            [
              25496043.571,
              6671202.957
            ],
            [
              25496045.618,
              6671206.963
            ],
            [
              25496043.689,
              6671207.949
            ],
            [
              25496041.642,
              6671203.942
            ]
          ]
        ]
      },
      "properties": {
        "confidence": 0.9083,
        "length_m": 4.5,
        "width_m": 2.17,
        "heading_deg": 27.1,
        "aoi": "r4-hernesaari",
        "source_layer": "Ortoilmakuva_2025_5cm",
        "zoom": 16,
        "status": "confirmed",
        "class": "car"
      }
    },
    {
      "type": "Feature",
      "geometry": {
        "type": "Polygon",
        "coordinates": [
          [
            [
              25495956.215,
              6671099.421
            ],
            [
              25495954.68,
              6671101.195
            ],
            [
              25495950.912,
              6671097.933
            ],
            [
              25495952.447,
              6671096.16
            ],
            [
              25495956.215,
              6671099.421
            ]
          ]
        ]
      },
      "properties": {
        "confidence": 0.9079,
        "length_m": 4.98,
        "width_m": 2.35,
        "heading_deg": 49.1,
        "aoi": "r4-hernesaari",
        "source_layer": "Ortoilmakuva_2025_5cm",
        "zoom": 16,
        "status": "confirmed",
        "class": "car"
      }
    },
    {
      "type": "Feature",
      "geometry": {
        "type": "Polygon",
        "coordinates": [
          [
            [
              25496012.632,
              6671226.055
            ],
            [
              25496013.856,
              6671227.88
            ],
            [
              25496009.497,
              6671230.803
            ],
            [
              25496008.273,
              6671228.978
            ],
            [
              25496012.632,
              6671226.055
            ]
          ]
        ]
      },
      "properties": {
        "confidence": 0.9076,
        "length_m": 5.25,
        "width_m": 2.2,
        "heading_deg": 123.8,
        "aoi": "r4-hernesaari",
        "source_layer": "Ortoilmakuva_2025_5cm",
        "zoom": 16,
        "status": "confirmed",
        "class": "car"
      }
    },
    {
      "type": "Feature",
      "geometry": {
        "type": "Polygon",
        "coordinates": [
          [
            [
              25496030.432,
              6671203.885
            ],
            [
              25496032.321,
              6671202.597
            ],
            [
              25496034.963,
              6671206.474
            ],
            [
              25496033.073,
              6671207.761
            ],
            [
              25496030.432,
              6671203.885
            ]
          ]
        ]
      },
      "properties": {
        "confidence": 0.9074,
        "length_m": 4.69,
        "width_m": 2.29,
        "heading_deg": 34.3,
        "aoi": "r4-hernesaari",
        "source_layer": "Ortoilmakuva_2025_5cm",
        "zoom": 16,
        "status": "confirmed",
        "class": "car"
      }
    },
    {
      "type": "Feature",
      "geometry": {
        "type": "Polygon",
        "coordinates": [
          [
            [
              25495957.441,
              6671104.713
            ],
            [
              25495956.079,
              6671106.546
            ],
            [
              25495952.061,
              6671103.559
            ],
            [
              25495953.424,
              6671101.726
            ],
            [
              25495957.441,
              6671104.713
            ]
          ]
        ]
      },
      "properties": {
        "confidence": 0.906,
        "length_m": 5.01,
        "width_m": 2.28,
        "heading_deg": 53.4,
        "aoi": "r4-hernesaari",
        "source_layer": "Ortoilmakuva_2025_5cm",
        "zoom": 16,
        "status": "confirmed",
        "class": "car"
      }
    },
    {
      "type": "Feature",
      "geometry": {
        "type": "Polygon",
        "coordinates": [
          [
            [
              25496095.229,
              6671195.789
            ],
            [
              25496098.323,
              6671199.287
            ],
            [
              25496096.492,
              6671200.906
            ],
            [
              25496093.398,
              6671197.409
            ],
            [
              25496095.229,
              6671195.789
            ]
          ]
        ]
      },
      "properties": {
        "confidence": 0.9059,
        "length_m": 4.67,
        "width_m": 2.44,
        "heading_deg": 41.5,
        "aoi": "r4-hernesaari",
        "source_layer": "Ortoilmakuva_2025_5cm",
        "zoom": 16,
        "status": "confirmed",
        "class": "car"
      }
    },
    {
      "type": "Feature",
      "geometry": {
        "type": "Polygon",
        "coordinates": [
          [
            [
              25496084.164,
              6671202.274
            ],
            [
              25496086.09,
              6671200.96
            ],
            [
              25496089.181,
              6671205.487
            ],
            [
              25496087.255,
              6671206.802
            ],
            [
              25496084.164,
              6671202.274
            ]
          ]
        ]
      },
      "properties": {
        "confidence": 0.9053,
        "length_m": 5.48,
        "width_m": 2.33,
        "heading_deg": 34.3,
        "aoi": "r4-hernesaari",
        "source_layer": "Ortoilmakuva_2025_5cm",
        "zoom": 16,
        "status": "confirmed",
        "class": "truck"
      }
    },
    {
      "type": "Feature",
      "geometry": {
        "type": "Polygon",
        "coordinates": [
          [
            [
              25496003.841,
              6671265.429
            ],
            [
              25496006.095,
              6671265.121
            ],
            [
              25496006.717,
              6671269.669
            ],
            [
              25496004.463,
              6671269.977
            ],
            [
              25496003.841,
              6671265.429
            ]
          ]
        ]
      },
      "properties": {
        "confidence": 0.9053,
        "length_m": 4.59,
        "width_m": 2.27,
        "heading_deg": 7.8,
        "aoi": "r4-hernesaari",
        "source_layer": "Ortoilmakuva_2025_5cm",
        "zoom": 16,
        "status": "confirmed",
        "class": "car"
      }
    },
    {
      "type": "Feature",
      "geometry": {
        "type": "Polygon",
        "coordinates": [
          [
            [
              25496028.028,
              6671186.224
            ],
            [
              25496029.987,
              6671184.993
            ],
            [
              25496032.489,
              6671188.976
            ],
            [
              25496030.531,
              6671190.206
            ],
            [
              25496028.028,
              6671186.224
            ]
          ]
        ]
      },
      "properties": {
        "confidence": 0.9052,
        "length_m": 4.7,
        "width_m": 2.31,
        "heading_deg": 32.1,
        "aoi": "r4-hernesaari",
        "source_layer": "Ortoilmakuva_2025_5cm",
        "zoom": 16,
        "status": "confirmed",
        "class": "car"
      }
    },
    {
      "type": "Feature",
      "geometry": {
        "type": "Polygon",
        "coordinates": [
          [
            [
              25495942.195,
              6671080.472
            ],
            [
              25495944.272,
              6671079.388
            ],
            [
              25495946.556,
              6671083.767
            ],
            [
              25495944.48,
              6671084.85
            ],
            [
              25495942.195,
              6671080.472
            ]
          ]
        ]
      },
      "properties": {
        "confidence": 0.9043,
        "length_m": 4.94,
        "width_m": 2.34,
        "heading_deg": 27.5,
        "aoi": "r4-hernesaari",
        "source_layer": "Ortoilmakuva_2025_5cm",
        "zoom": 16,
        "status": "confirmed",
        "class": "car"
      }
    },
    {
      "type": "Feature",
      "geometry": {
        "type": "Polygon",
        "coordinates": [
          [
            [
              25495927.057,
              6671068.329
            ],
            [
              25495929.031,
              6671067.378
            ],
            [
              25495930.882,
              6671071.219
            ],
            [
              25495928.908,
              6671072.17
            ],
            [
              25495927.057,
              6671068.329
            ]
          ]
        ]
      },
      "properties": {
        "confidence": 0.9042,
        "length_m": 4.26,
        "width_m": 2.19,
        "heading_deg": 25.7,
        "aoi": "r4-hernesaari",
        "source_layer": "Ortoilmakuva_2025_5cm",
        "zoom": 16,
        "status": "confirmed",
        "class": "car"
      }
    },
    {
      "type": "Feature",
      "geometry": {
        "type": "Polygon",
        "coordinates": [
          [
            [
              25495985.209,
              6671253.267
            ],
            [
              25495985.581,
              6671255.746
            ],
            [
              25495978.62,
              6671256.791
            ],
            [
              25495978.248,
              6671254.311
            ],
            [
              25495985.209,
              6671253.267
            ]
          ]
        ]
      },
      "properties": {
        "confidence": 0.904,
        "length_m": 7.04,
        "width_m": 2.51,
        "heading_deg": 98.5,
        "aoi": "r4-hernesaari",
        "source_layer": "Ortoilmakuva_2025_5cm",
        "zoom": 16,
        "status": "confirmed",
        "class": "van"
      }
    },
    {
      "type": "Feature",
      "geometry": {
        "type": "Polygon",
        "coordinates": [
          [
            [
              25495990.044,
              6671272.506
            ],
            [
              25495991.99,
              6671271.2
            ],
            [
              25495994.606,
              6671275.098
            ],
            [
              25495992.66,
              6671276.405
            ],
            [
              25495990.044,
              6671272.506
            ]
          ]
        ]
      },
      "properties": {
        "confidence": 0.9038,
        "length_m": 4.69,
        "width_m": 2.34,
        "heading_deg": 33.9,
        "aoi": "r4-hernesaari",
        "source_layer": "Ortoilmakuva_2025_5cm",
        "zoom": 16,
        "status": "confirmed",
        "class": "car"
      }
    },
    {
      "type": "Feature",
      "geometry": {
        "type": "Polygon",
        "coordinates": [
          [
            [
              25496006.348,
              6671213.723
            ],
            [
              25496005.301,
              6671215.883
            ],
            [
              25496000.743,
              6671213.674
            ],
            [
              25496001.79,
              6671211.514
            ],
            [
              25496006.348,
              6671213.723
            ]
          ]
        ]
      },
      "properties": {
        "confidence": 0.9028,
        "length_m": 5.07,
        "width_m": 2.4,
        "heading_deg": 64.1,
        "aoi": "r4-hernesaari",
        "source_layer": "Ortoilmakuva_2025_5cm",
        "zoom": 16,
        "status": "confirmed",
        "class": "car"
      }
    },
    {
      "type": "Feature",
      "geometry": {
        "type": "Polygon",
        "coordinates": [
          [
            [
              25495992.795,
              6671272.025
            ],
            [
              25495994.667,
              6671270.851
            ],
            [
              25495996.879,
              6671274.377
            ],
            [
              25495995.007,
              6671275.551
            ],
            [
              25495992.795,
              6671272.025
            ]
          ]
        ]
      },
      "properties": {
        "confidence": 0.9019,
        "length_m": 4.16,
        "width_m": 2.21,
        "heading_deg": 32.1,
        "aoi": "r4-hernesaari",
        "source_layer": "Ortoilmakuva_2025_5cm",
        "zoom": 16,
        "status": "confirmed",
        "class": "car"
      }
    },
    {
      "type": "Feature",
      "geometry": {
        "type": "Polygon",
        "coordinates": [
          [
            [
              25496150.413,
              6671127.541
            ],
            [
              25496152.431,
              6671126.425
            ],
            [
              25496154.818,
              6671130.741
            ],
            [
              25496152.801,
              6671131.857
            ],
            [
              25496150.413,
              6671127.541
            ]
          ]
        ]
      },
      "properties": {
        "confidence": 0.8998,
        "length_m": 4.93,
        "width_m": 2.31,
        "heading_deg": 28.9,
        "aoi": "r4-hernesaari",
        "source_layer": "Ortoilmakuva_2025_5cm",
        "zoom": 16,
        "status": "confirmed",
        "class": "car"
      }
    },
    {
      "type": "Feature",
      "geometry": {
        "type": "Polygon",
        "coordinates": [
          [
            [
              25496027.318,
              6671261.491
            ],
            [
              25496029.756,
              6671260.938
            ],
            [
              25496030.748,
              6671265.31
            ],
            [
              25496028.31,
              6671265.863
            ],
            [
              25496027.318,
              6671261.491
            ]
          ]
        ]
      },
      "properties": {
        "confidence": 0.8997,
        "length_m": 4.48,
        "width_m": 2.5,
        "heading_deg": 12.8,
        "aoi": "r4-hernesaari",
        "source_layer": "Ortoilmakuva_2025_5cm",
        "zoom": 16,
        "status": "confirmed",
        "class": "car"
      }
    },
    {
      "type": "Feature",
      "geometry": {
        "type": "Polygon",
        "coordinates": [
          [
            [
              25495966.502,
              6671065.894
            ],
            [
              25495968.483,
              6671064.476
            ],
            [
              25495971.505,
              6671068.697
            ],
            [
              25495969.525,
              6671070.115
            ],
            [
              25495966.502,
              6671065.894
            ]
          ]
        ]
      },
      "properties": {
        "confidence": 0.8979,
        "length_m": 5.19,
        "width_m": 2.44,
        "heading_deg": 35.6,
        "aoi": "r4-hernesaari",
        "source_layer": "Ortoilmakuva_2025_5cm",
        "zoom": 16,
        "status": "confirmed",
        "class": "van"
      }
    },
    {
      "type": "Feature",
      "geometry": {
        "type": "Polygon",
        "coordinates": [
          [
            [
              25495954.201,
              6671073.584
            ],
            [
              25495956.095,
              6671072.326
            ],
            [
              25495958.512,
              6671075.967
            ],
            [
              25495956.617,
              6671077.224
            ],
            [
              25495954.201,
              6671073.584
            ]
          ]
        ]
      },
      "properties": {
        "confidence": 0.8978,
        "length_m": 4.37,
        "width_m": 2.27,
        "heading_deg": 33.6,
        "aoi": "r4-hernesaari",
        "source_layer": "Ortoilmakuva_2025_5cm",
        "zoom": 16,
        "status": "confirmed",
        "class": "car"
      }
    },
    {
      "type": "Feature",
      "geometry": {
        "type": "Polygon",
        "coordinates": [
          [
            [
              25496039.416,
              6671260.201
            ],
            [
              25496042.096,
              6671259.886
            ],
            [
              25496042.795,
              6671265.836
            ],
            [
              25496040.115,
              6671266.151
            ],
            [
              25496039.416,
              6671260.201
            ]
          ]
        ]
      },
      "properties": {
        "confidence": 0.8951,
        "length_m": 5.99,
        "width_m": 2.7,
        "heading_deg": 6.7,
        "aoi": "r4-hernesaari",
        "source_layer": "Ortoilmakuva_2025_5cm",
        "zoom": 16,
        "status": "confirmed",
        "class": "van"
      }
    },
    {
      "type": "Feature",
      "geometry": {
        "type": "Polygon",
        "coordinates": [
          [
            [
              25496052.029,
              6671258.242
            ],
            [
              25496054.271,
              6671257.772
            ],
            [
              25496055.333,
              6671262.837
            ],
            [
              25496053.091,
              6671263.307
            ],
            [
              25496052.029,
              6671258.242
            ]
          ]
        ]
      },
      "properties": {
        "confidence": 0.8942,
        "length_m": 5.18,
        "width_m": 2.29,
        "heading_deg": 11.8,
        "aoi": "r4-hernesaari",
        "source_layer": "Ortoilmakuva_2025_5cm",
        "zoom": 16,
        "status": "confirmed",
        "class": "van"
      }
    },
    {
      "type": "Feature",
      "geometry": {
        "type": "Polygon",
        "coordinates": [
          [
            [
              25496005.249,
              6671221.443
            ],
            [
              25496006.514,
              6671223.327
            ],
            [
              25496001.941,
              6671226.398
            ],
            [
              25496000.676,
              6671224.514
            ],
            [
              25496005.249,
              6671221.443
            ]
          ]
        ]
      },
      "properties": {
        "confidence": 0.8932,
        "length_m": 5.51,
        "width_m": 2.27,
        "heading_deg": 123.9,
        "aoi": "r4-hernesaari",
        "source_layer": "Ortoilmakuva_2025_5cm",
        "zoom": 16,
        "status": "confirmed",
        "class": "car"
      }
    },
    {
      "type": "Feature",
      "geometry": {
        "type": "Polygon",
        "coordinates": [
          [
            [
              25496049.627,
              6671185.681
            ],
            [
              25496050.606,
              6671187.536
            ],
            [
              25496046.168,
              6671189.876
            ],
            [
              25496045.19,
              6671188.021
            ],
            [
              25496049.627,
              6671185.681
            ]
          ]
        ]
      },
      "properties": {
        "confidence": 0.8925,
        "length_m": 5.02,
        "width_m": 2.1,
        "heading_deg": 117.8,
        "aoi": "r4-hernesaari",
        "source_layer": "Ortoilmakuva_2025_5cm",
        "zoom": 16,
        "status": "confirmed",
        "class": "car"
      }
    },
    {
      "type": "Feature",
      "geometry": {
        "type": "Polygon",
        "coordinates": [
          [
            [
              25496103.552,
              6671214.846
            ],
            [
              25496101.877,
              6671216.849
            ],
            [
              25496097.945,
              6671213.561
            ],
            [
              25496099.619,
              6671211.558
            ],
            [
              25496103.552,
              6671214.846
            ]
          ]
        ]
      },
      "properties": {
        "confidence": 0.892,
        "length_m": 5.13,
        "width_m": 2.61,
        "heading_deg": 50.1,
        "aoi": "r4-hernesaari",
        "source_layer": "Ortoilmakuva_2025_5cm",
        "zoom": 16,
        "status": "confirmed",
        "class": "car"
      }
    },
    {
      "type": "Feature",
      "geometry": {
        "type": "Polygon",
        "coordinates": [
          [
            [
              25495978.777,
              6671274.743
            ],
            [
              25495981.658,
              6671278.168
            ],
            [
              25495980.011,
              6671279.554
            ],
            [
              25495977.129,
              6671276.129
            ],
            [
              25495978.777,
              6671274.743
            ]
          ]
        ]
      },
      "properties": {
        "confidence": 0.8919,
        "length_m": 4.48,
        "width_m": 2.15,
        "heading_deg": 40.1,
        "aoi": "r4-hernesaari",
        "source_layer": "Ortoilmakuva_2025_5cm",
        "zoom": 16,
        "status": "confirmed",
        "class": "car"
      }
    },
    {
      "type": "Feature",
      "geometry": {
        "type": "Polygon",
        "coordinates": [
          [
            [
              25495967.764,
              6671082.149
            ],
            [
              25495969.691,
              6671081.016
            ],
            [
              25495972.114,
              6671085.135
            ],
            [
              25495970.187,
              6671086.268
            ],
            [
              25495967.764,
              6671082.149
            ]
          ]
        ]
      },
      "properties": {
        "confidence": 0.8915,
        "length_m": 4.78,
        "width_m": 2.24,
        "heading_deg": 30.5,
        "aoi": "r4-hernesaari",
        "source_layer": "Ortoilmakuva_2025_5cm",
        "zoom": 16,
        "status": "confirmed",
        "class": "car"
      }
    },
    {
      "type": "Feature",
      "geometry": {
        "type": "Polygon",
        "coordinates": [
          [
            [
              25496033.625,
              6671207.975
            ],
            [
              25496035.637,
              6671206.983
            ],
            [
              25496037.611,
              6671210.986
            ],
            [
              25496035.599,
              6671211.978
            ],
            [
              25496033.625,
              6671207.975
            ]
          ]
        ]
      },
      "properties": {
        "confidence": 0.8909,
        "length_m": 4.46,
        "width_m": 2.24,
        "heading_deg": 26.2,
        "aoi": "r4-hernesaari",
        "source_layer": "Ortoilmakuva_2025_5cm",
        "zoom": 16,
        "status": "confirmed",
        "class": "car"
      }
    },
    {
      "type": "Feature",
      "geometry": {
        "type": "Polygon",
        "coordinates": [
          [
            [
              25496048.56,
              6671183.138
            ],
            [
              25496049.534,
              6671185.133
            ],
            [
              25496045.005,
              6671187.344
            ],
            [
              25496044.031,
              6671185.348
            ],
            [
              25496048.56,
              6671183.138
            ]
          ]
        ]
      },
      "properties": {
        "confidence": 0.8903,
        "length_m": 5.04,
        "width_m": 2.22,
        "heading_deg": 116,
        "aoi": "r4-hernesaari",
        "source_layer": "Ortoilmakuva_2025_5cm",
        "zoom": 16,
        "status": "confirmed",
        "class": "car"
      }
    },
    {
      "type": "Feature",
      "geometry": {
        "type": "Polygon",
        "coordinates": [
          [
            [
              25495964.836,
              6671191.537
            ],
            [
              25495969.352,
              6671197.137
            ],
            [
              25495967.098,
              6671198.954
            ],
            [
              25495962.583,
              6671193.354
            ],
            [
              25495964.836,
              6671191.537
            ]
          ]
        ]
      },
      "properties": {
        "confidence": 0.8896,
        "length_m": 7.19,
        "width_m": 2.9,
        "heading_deg": 38.9,
        "aoi": "r4-hernesaari",
        "source_layer": "Ortoilmakuva_2025_5cm",
        "zoom": 16,
        "status": "confirmed",
        "class": "truck"
      }
    },
    {
      "type": "Feature",
      "geometry": {
        "type": "Polygon",
        "coordinates": [
          [
            [
              25496092.375,
              6671196.598
            ],
            [
              25496095.78,
              6671200.786
            ],
            [
              25496093.797,
              6671202.398
            ],
            [
              25496090.392,
              6671198.21
            ],
            [
              25496092.375,
              6671196.598
            ]
          ]
        ]
      },
      "properties": {
        "confidence": 0.8877,
        "length_m": 5.4,
        "width_m": 2.56,
        "heading_deg": 39.1,
        "aoi": "r4-hernesaari",
        "source_layer": "Ortoilmakuva_2025_5cm",
        "zoom": 16,
        "status": "confirmed",
        "class": "car"
      }
    },
    {
      "type": "Feature",
      "geometry": {
        "type": "Polygon",
        "coordinates": [
          [
            [
              25496029.648,
              6671138.43
            ],
            [
              25496027.339,
              6671134.588
            ],
            [
              25496025.585,
              6671135.642
            ],
            [
              25496027.895,
              6671139.484
            ],
            [
              25496029.648,
              6671138.43
            ]
          ]
        ]
      },
      "properties": {
        "confidence": 0.8877,
        "length_m": 4.48,
        "width_m": 2.05,
        "heading_deg": 31,
        "aoi": "r4-hernesaari",
        "source_layer": "Ortoilmakuva_2025_5cm",
        "zoom": 16,
        "status": "confirmed",
        "class": "car"
      }
    },
    {
      "type": "Feature",
      "geometry": {
        "type": "Polygon",
        "coordinates": [
          [
            [
              25495939.433,
              6671081.689
            ],
            [
              25495941.617,
              6671080.545
            ],
            [
              25495944.009,
              6671085.115
            ],
            [
              25495941.825,
              6671086.258
            ],
            [
              25495939.433,
              6671081.689
            ]
          ]
        ]
      },
      "properties": {
        "confidence": 0.8876,
        "length_m": 5.16,
        "width_m": 2.47,
        "heading_deg": 27.6,
        "aoi": "r4-hernesaari",
        "source_layer": "Ortoilmakuva_2025_5cm",
        "zoom": 16,
        "status": "confirmed",
        "class": "car"
      }
    },
    {
      "type": "Feature",
      "geometry": {
        "type": "Polygon",
        "coordinates": [
          [
            [
              25496097.724,
              6671194.366
            ],
            [
              25496100.474,
              6671197.698
            ],
            [
              25496098.709,
              6671199.155
            ],
            [
              25496095.958,
              6671195.823
            ],
            [
              25496097.724,
              6671194.366
            ]
          ]
        ]
      },
      "properties": {
        "confidence": 0.8864,
        "length_m": 4.32,
        "width_m": 2.29,
        "heading_deg": 39.5,
        "aoi": "r4-hernesaari",
        "source_layer": "Ortoilmakuva_2025_5cm",
        "zoom": 16,
        "status": "confirmed",
        "class": "car"
      }
    },
    {
      "type": "Feature",
      "geometry": {
        "type": "Polygon",
        "coordinates": [
          [
            [
              25496090.854,
              6671217.944
            ],
            [
              25496092.63,
              6671216.786
            ],
            [
              25496095.043,
              6671220.485
            ],
            [
              25496093.268,
              6671221.643
            ],
            [
              25496090.854,
              6671217.944
            ]
          ]
        ]
      },
      "properties": {
        "confidence": 0.8861,
        "length_m": 4.42,
        "width_m": 2.12,
        "heading_deg": 33.1,
        "aoi": "r4-hernesaari",
        "source_layer": "Ortoilmakuva_2025_5cm",
        "zoom": 16,
        "status": "confirmed",
        "class": "car"
      }
    },
    {
      "type": "Feature",
      "geometry": {
        "type": "Polygon",
        "coordinates": [
          [
            [
              25496163.816,
              6671361.041
            ],
            [
              25496166.187,
              6671361.502
            ],
            [
              25496165.281,
              6671366.162
            ],
            [
              25496162.909,
              6671365.701
            ],
            [
              25496163.816,
              6671361.041
            ]
          ]
        ]
      },
      "properties": {
        "confidence": 0.8853,
        "length_m": 4.75,
        "width_m": 2.42,
        "heading_deg": 169,
        "aoi": "r4-hernesaari",
        "source_layer": "Ortoilmakuva_2025_5cm",
        "zoom": 16,
        "status": "confirmed",
        "class": "car"
      }
    },
    {
      "type": "Feature",
      "geometry": {
        "type": "Polygon",
        "coordinates": [
          [
            [
              25495990.374,
              6671203.635
            ],
            [
              25495989.012,
              6671205.767
            ],
            [
              25495984.431,
              6671202.842
            ],
            [
              25495985.792,
              6671200.71
            ],
            [
              25495990.374,
              6671203.635
            ]
          ]
        ]
      },
      "properties": {
        "confidence": 0.8839,
        "length_m": 5.44,
        "width_m": 2.53,
        "heading_deg": 57.4,
        "aoi": "r4-hernesaari",
        "source_layer": "Ortoilmakuva_2025_5cm",
        "zoom": 16,
        "status": "confirmed",
        "class": "car"
      }
    },
    {
      "type": "Feature",
      "geometry": {
        "type": "Polygon",
        "coordinates": [
          [
            [
              25495956.276,
              6671071.895
            ],
            [
              25495958.23,
              6671070.701
            ],
            [
              25495960.732,
              6671074.794
            ],
            [
              25495958.777,
              6671075.989
            ],
            [
              25495956.276,
              6671071.895
            ]
          ]
        ]
      },
      "properties": {
        "confidence": 0.8823,
        "length_m": 4.8,
        "width_m": 2.29,
        "heading_deg": 31.4,
        "aoi": "r4-hernesaari",
        "source_layer": "Ortoilmakuva_2025_5cm",
        "zoom": 16,
        "status": "confirmed",
        "class": "car"
      }
    },
    {
      "type": "Feature",
      "geometry": {
        "type": "Polygon",
        "coordinates": [
          [
            [
              25495951.802,
              6671075.19
            ],
            [
              25495953.812,
              6671073.988
            ],
            [
              25495956.378,
              6671078.282
            ],
            [
              25495954.368,
              6671079.483
            ],
            [
              25495951.802,
              6671075.19
            ]
          ]
        ]
      },
      "properties": {
        "confidence": 0.882,
        "length_m": 5,
        "width_m": 2.34,
        "heading_deg": 30.9,
        "aoi": "r4-hernesaari",
        "source_layer": "Ortoilmakuva_2025_5cm",
        "zoom": 16,
        "status": "confirmed",
        "class": "car"
      }
    },
    {
      "type": "Feature",
      "geometry": {
        "type": "Polygon",
        "coordinates": [
          [
            [
              25495965.488,
              6671183.022
            ],
            [
              25495968.937,
              6671186.547
            ],
            [
              25495967.271,
              6671188.176
            ],
            [
              25495963.823,
              6671184.652
            ],
            [
              25495965.488,
              6671183.022
            ]
          ]
        ]
      },
      "properties": {
        "confidence": 0.8795,
        "length_m": 4.93,
        "width_m": 2.33,
        "heading_deg": 44.4,
        "aoi": "r4-hernesaari",
        "source_layer": "Ortoilmakuva_2025_5cm",
        "zoom": 16,
        "status": "confirmed",
        "class": "car"
      }
    },
    {
      "type": "Feature",
      "geometry": {
        "type": "Polygon",
        "coordinates": [
          [
            [
              25495967.705,
              6671098.011
            ],
            [
              25495962.833,
              6671095.234
            ],
            [
              25495961.688,
              6671097.244
            ],
            [
              25495966.559,
              6671100.021
            ],
            [
              25495967.705,
              6671098.011
            ]
          ]
        ]
      },
      "properties": {
        "confidence": 0.8779,
        "length_m": 5.61,
        "width_m": 2.31,
        "heading_deg": 60.3,
        "aoi": "r4-hernesaari",
        "source_layer": "Ortoilmakuva_2025_5cm",
        "zoom": 16,
        "status": "confirmed",
        "class": "bus"
      }
    },
    {
      "type": "Feature",
      "geometry": {
        "type": "Polygon",
        "coordinates": [
          [
            [
              25496119.309,
              6671201.702
            ],
            [
              25496115.358,
              6671198.684
            ],
            [
              25496114.034,
              6671200.419
            ],
            [
              25496117.985,
              6671203.436
            ],
            [
              25496119.309,
              6671201.702
            ]
          ]
        ]
      },
      "properties": {
        "confidence": 0.8775,
        "length_m": 4.97,
        "width_m": 2.18,
        "heading_deg": 52.6,
        "aoi": "r4-hernesaari",
        "source_layer": "Ortoilmakuva_2025_5cm",
        "zoom": 16,
        "status": "confirmed",
        "class": "car"
      }
    },
    {
      "type": "Feature",
      "geometry": {
        "type": "Polygon",
        "coordinates": [
          [
            [
              25495960.717,
              6671224.546
            ],
            [
              25495960.354,
              6671226.921
            ],
            [
              25495955.261,
              6671226.142
            ],
            [
              25495955.624,
              6671223.768
            ],
            [
              25495960.717,
              6671224.546
            ]
          ]
        ]
      },
      "properties": {
        "confidence": 0.8768,
        "length_m": 5.15,
        "width_m": 2.4,
        "heading_deg": 81.3,
        "aoi": "r4-hernesaari",
        "source_layer": "Ortoilmakuva_2025_5cm",
        "zoom": 16,
        "status": "confirmed",
        "class": "car"
      }
    },
    {
      "type": "Feature",
      "geometry": {
        "type": "Polygon",
        "coordinates": [
          [
            [
              25495933.38,
              6671093.757
            ],
            [
              25495936.521,
              6671097.463
            ],
            [
              25495934.657,
              6671099.043
            ],
            [
              25495931.516,
              6671095.337
            ],
            [
              25495933.38,
              6671093.757
            ]
          ]
        ]
      },
      "properties": {
        "confidence": 0.8748,
        "length_m": 4.86,
        "width_m": 2.44,
        "heading_deg": 40.3,
        "aoi": "r4-hernesaari",
        "source_layer": "Ortoilmakuva_2025_5cm",
        "zoom": 16,
        "status": "confirmed",
        "class": "car"
      }
    },
    {
      "type": "Feature",
      "geometry": {
        "type": "Polygon",
        "coordinates": [
          [
            [
              25495961.354,
              6671085.999
            ],
            [
              25495963.346,
              6671084.683
            ],
            [
              25495965.938,
              6671088.606
            ],
            [
              25495963.946,
              6671089.922
            ],
            [
              25495961.354,
              6671085.999
            ]
          ]
        ]
      },
      "properties": {
        "confidence": 0.8726,
        "length_m": 4.7,
        "width_m": 2.39,
        "heading_deg": 33.5,
        "aoi": "r4-hernesaari",
        "source_layer": "Ortoilmakuva_2025_5cm",
        "zoom": 16,
        "status": "confirmed",
        "class": "car"
      }
    },
    {
      "type": "Feature",
      "geometry": {
        "type": "Polygon",
        "coordinates": [
          [
            [
              25495974.274,
              6671218.109
            ],
            [
              25495976.737,
              6671216.538
            ],
            [
              25495980.937,
              6671223.125
            ],
            [
              25495978.474,
              6671224.696
            ],
            [
              25495974.274,
              6671218.109
            ]
          ]
        ]
      },
      "properties": {
        "confidence": 0.8713,
        "length_m": 7.81,
        "width_m": 2.92,
        "heading_deg": 32.5,
        "aoi": "r4-hernesaari",
        "source_layer": "Ortoilmakuva_2025_5cm",
        "zoom": 16,
        "status": "confirmed",
        "class": "truck"
      }
    },
    {
      "type": "Feature",
      "geometry": {
        "type": "Polygon",
        "coordinates": [
          [
            [
              25495981.787,
              6671217.944
            ],
            [
              25495983.88,
              6671218.83
            ],
            [
              25495982.142,
              6671222.937
            ],
            [
              25495980.049,
              6671222.051
            ],
            [
              25495981.787,
              6671217.944
            ]
          ]
        ]
      },
      "properties": {
        "confidence": 0.8666,
        "length_m": 4.46,
        "width_m": 2.27,
        "heading_deg": 157.1,
        "aoi": "r4-hernesaari",
        "source_layer": "Ortoilmakuva_2025_5cm",
        "zoom": 16,
        "status": "confirmed",
        "class": "car"
      }
    },
    {
      "type": "Feature",
      "geometry": {
        "type": "Polygon",
        "coordinates": [
          [
            [
              25495944.969,
              6671111.856
            ],
            [
              25495940.372,
              6671106.898
            ],
            [
              25495938.504,
              6671108.629
            ],
            [
              25495943.102,
              6671113.588
            ],
            [
              25495944.969,
              6671111.856
            ]
          ]
        ]
      },
      "properties": {
        "confidence": 0.8665,
        "length_m": 6.76,
        "width_m": 2.55,
        "heading_deg": 42.8,
        "aoi": "r4-hernesaari",
        "source_layer": "Ortoilmakuva_2025_5cm",
        "zoom": 16,
        "status": "confirmed",
        "class": "truck"
      }
    },
    {
      "type": "Feature",
      "geometry": {
        "type": "Polygon",
        "coordinates": [
          [
            [
              25496077.503,
              6671185.346
            ],
            [
              25496079.308,
              6671184.089
            ],
            [
              25496082.01,
              6671187.97
            ],
            [
              25496080.205,
              6671189.227
            ],
            [
              25496077.503,
              6671185.346
            ]
          ]
        ]
      },
      "properties": {
        "confidence": 0.8631,
        "length_m": 4.73,
        "width_m": 2.2,
        "heading_deg": 34.8,
        "aoi": "r4-hernesaari",
        "source_layer": "Ortoilmakuva_2025_5cm",
        "zoom": 16,
        "status": "confirmed",
        "class": "car"
      }
    },
    {
      "type": "Feature",
      "geometry": {
        "type": "Polygon",
        "coordinates": [
          [
            [
              25495975.939,
              6671212.012
            ],
            [
              25495975.506,
              6671214.272
            ],
            [
              25495970.369,
              6671213.288
            ],
            [
              25495970.802,
              6671211.027
            ],
            [
              25495975.939,
              6671212.012
            ]
          ]
        ]
      },
      "properties": {
        "confidence": 0.8626,
        "length_m": 5.23,
        "width_m": 2.3,
        "heading_deg": 79.2,
        "aoi": "r4-hernesaari",
        "source_layer": "Ortoilmakuva_2025_5cm",
        "zoom": 16,
        "status": "confirmed",
        "class": "car"
      }
    },
    {
      "type": "Feature",
      "geometry": {
        "type": "Polygon",
        "coordinates": [
          [
            [
              25496012.236,
              6671264.887
            ],
            [
              25496014.402,
              6671264.383
            ],
            [
              25496015.344,
              6671268.43
            ],
            [
              25496013.178,
              6671268.934
            ],
            [
              25496012.236,
              6671264.887
            ]
          ]
        ]
      },
      "properties": {
        "confidence": 0.8622,
        "length_m": 4.16,
        "width_m": 2.22,
        "heading_deg": 13.1,
        "aoi": "r4-hernesaari",
        "source_layer": "Ortoilmakuva_2025_5cm",
        "zoom": 16,
        "status": "confirmed",
        "class": "car"
      }
    },
    {
      "type": "Feature",
      "geometry": {
        "type": "Polygon",
        "coordinates": [
          [
            [
              25495937.226,
              6671091.315
            ],
            [
              25495939.268,
              6671090.061
            ],
            [
              25495941.689,
              6671094.005
            ],
            [
              25495939.647,
              6671095.258
            ],
            [
              25495937.226,
              6671091.315
            ]
          ]
        ]
      },
      "properties": {
        "confidence": 0.8604,
        "length_m": 4.63,
        "width_m": 2.4,
        "heading_deg": 31.5,
        "aoi": "r4-hernesaari",
        "source_layer": "Ortoilmakuva_2025_5cm",
        "zoom": 16,
        "status": "confirmed",
        "class": "car"
      }
    },
    {
      "type": "Feature",
      "geometry": {
        "type": "Polygon",
        "coordinates": [
          [
            [
              25495944.801,
              6671079.335
            ],
            [
              25495946.812,
              6671078.328
            ],
            [
              25495948.91,
              6671082.517
            ],
            [
              25495946.899,
              6671083.525
            ],
            [
              25495944.801,
              6671079.335
            ]
          ]
        ]
      },
      "properties": {
        "confidence": 0.8601,
        "length_m": 4.69,
        "width_m": 2.25,
        "heading_deg": 26.6,
        "aoi": "r4-hernesaari",
        "source_layer": "Ortoilmakuva_2025_5cm",
        "zoom": 16,
        "status": "confirmed",
        "class": "car"
      }
    },
    {
      "type": "Feature",
      "geometry": {
        "type": "Polygon",
        "coordinates": [
          [
            [
              25496089.7,
              6671198.84
            ],
            [
              25496093.307,
              6671203.145
            ],
            [
              25496091.333,
              6671204.799
            ],
            [
              25496087.725,
              6671200.495
            ],
            [
              25496089.7,
              6671198.84
            ]
          ]
        ]
      },
      "properties": {
        "confidence": 0.8595,
        "length_m": 5.62,
        "width_m": 2.58,
        "heading_deg": 40,
        "aoi": "r4-hernesaari",
        "source_layer": "Ortoilmakuva_2025_5cm",
        "zoom": 16,
        "status": "confirmed",
        "class": "car"
      }
    },
    {
      "type": "Feature",
      "geometry": {
        "type": "Polygon",
        "coordinates": [
          [
            [
              25496042.351,
              6671260.381
            ],
            [
              25496044.548,
              6671259.957
            ],
            [
              25496045.338,
              6671264.052
            ],
            [
              25496043.14,
              6671264.476
            ],
            [
              25496042.351,
              6671260.381
            ]
          ]
        ]
      },
      "properties": {
        "confidence": 0.8589,
        "length_m": 4.17,
        "width_m": 2.24,
        "heading_deg": 10.9,
        "aoi": "r4-hernesaari",
        "source_layer": "Ortoilmakuva_2025_5cm",
        "zoom": 16,
        "status": "confirmed",
        "class": "car"
      }
    },
    {
      "type": "Feature",
      "geometry": {
        "type": "Polygon",
        "coordinates": [
          [
            [
              25495941.285,
              6671068.091
            ],
            [
              25495936.816,
              6671060.54
            ],
            [
              25495934.444,
              6671061.944
            ],
            [
              25495938.912,
              6671069.495
            ],
            [
              25495941.285,
              6671068.091
            ]
          ]
        ]
      },
      "properties": {
        "confidence": 0.8582,
        "length_m": 8.77,
        "width_m": 2.76,
        "heading_deg": 30.6,
        "aoi": "r4-hernesaari",
        "source_layer": "Ortoilmakuva_2025_5cm",
        "zoom": 16,
        "status": "confirmed",
        "class": "truck"
      }
    },
    {
      "type": "Feature",
      "geometry": {
        "type": "Polygon",
        "coordinates": [
          [
            [
              25495932.958,
              6671067.331
            ],
            [
              25495934.941,
              6671065.897
            ],
            [
              25495937.765,
              6671069.799
            ],
            [
              25495935.782,
              6671071.233
            ],
            [
              25495932.958,
              6671067.331
            ]
          ]
        ]
      },
      "properties": {
        "confidence": 0.8574,
        "length_m": 4.82,
        "width_m": 2.45,
        "heading_deg": 35.9,
        "aoi": "r4-hernesaari",
        "source_layer": "Ortoilmakuva_2025_5cm",
        "zoom": 16,
        "status": "confirmed",
        "class": "car"
      }
    },
    {
      "type": "Feature",
      "geometry": {
        "type": "Polygon",
        "coordinates": [
          [
            [
              25496014.391,
              6671242.919
            ],
            [
              25496017.551,
              6671246.536
            ],
            [
              25496015.804,
              6671248.063
            ],
            [
              25496012.644,
              6671244.446
            ],
            [
              25496014.391,
              6671242.919
            ]
          ]
        ]
      },
      "properties": {
        "confidence": 0.8544,
        "length_m": 4.8,
        "width_m": 2.32,
        "heading_deg": 41.1,
        "aoi": "r4-hernesaari",
        "source_layer": "Ortoilmakuva_2025_5cm",
        "zoom": 16,
        "status": "confirmed",
        "class": "car"
      }
    },
    {
      "type": "Feature",
      "geometry": {
        "type": "Polygon",
        "coordinates": [
          [
            [
              25495978.534,
              6671279.378
            ],
            [
              25495975.224,
              6671275.982
            ],
            [
              25495973.92,
              6671277.253
            ],
            [
              25495977.229,
              6671280.649
            ],
            [
              25495978.534,
              6671279.378
            ]
          ]
        ]
      },
      "properties": {
        "confidence": 0.8524,
        "length_m": 4.74,
        "width_m": 1.82,
        "heading_deg": 44.3,
        "aoi": "r4-hernesaari",
        "source_layer": "Ortoilmakuva_2025_5cm",
        "zoom": 16,
        "status": "confirmed",
        "class": "car"
      }
    },
    {
      "type": "Feature",
      "geometry": {
        "type": "Polygon",
        "coordinates": [
          [
            [
              25495995.01,
              6671206.855
            ],
            [
              25495993.768,
              6671208.736
            ],
            [
              25495989.669,
              6671206.03
            ],
            [
              25495990.911,
              6671204.149
            ],
            [
              25495995.01,
              6671206.855
            ]
          ]
        ]
      },
      "properties": {
        "confidence": 0.8473,
        "length_m": 4.91,
        "width_m": 2.25,
        "heading_deg": 56.6,
        "aoi": "r4-hernesaari",
        "source_layer": "Ortoilmakuva_2025_5cm",
        "zoom": 16,
        "status": "confirmed",
        "class": "car"
      }
    },
    {
      "type": "Feature",
      "geometry": {
        "type": "Polygon",
        "coordinates": [
          [
            [
              25495974.292,
              6671191.272
            ],
            [
              25495970.566,
              6671187.762
            ],
            [
              25495968.89,
              6671189.541
            ],
            [
              25495972.616,
              6671193.051
            ],
            [
              25495974.292,
              6671191.272
            ]
          ]
        ]
      },
      "properties": {
        "confidence": 0.8463,
        "length_m": 5.12,
        "width_m": 2.44,
        "heading_deg": 46.7,
        "aoi": "r4-hernesaari",
        "source_layer": "Ortoilmakuva_2025_5cm",
        "zoom": 16,
        "status": "confirmed",
        "class": "car"
      }
    },
    {
      "type": "Feature",
      "geometry": {
        "type": "Polygon",
        "coordinates": [
          [
            [
              25495948.984,
              6671110.704
            ],
            [
              25495947.714,
              6671112.544
            ],
            [
              25495943.747,
              6671109.805
            ],
            [
              25495945.017,
              6671107.965
            ],
            [
              25495948.984,
              6671110.704
            ]
          ]
        ]
      },
      "properties": {
        "confidence": 0.8448,
        "length_m": 4.82,
        "width_m": 2.24,
        "heading_deg": 55.4,
        "aoi": "r4-hernesaari",
        "source_layer": "Ortoilmakuva_2025_5cm",
        "zoom": 16,
        "status": "confirmed",
        "class": "car"
      }
    },
    {
      "type": "Feature",
      "geometry": {
        "type": "Polygon",
        "coordinates": [
          [
            [
              25496027.28,
              6671133.194
            ],
            [
              25496023.606,
              6671127.197
            ],
            [
              25496021.588,
              6671128.433
            ],
            [
              25496025.263,
              6671134.43
            ],
            [
              25496027.28,
              6671133.194
            ]
          ]
        ]
      },
      "properties": {
        "confidence": 0.8425,
        "length_m": 7.03,
        "width_m": 2.37,
        "heading_deg": 31.5,
        "aoi": "r4-hernesaari",
        "source_layer": "Ortoilmakuva_2025_5cm",
        "zoom": 16,
        "status": "confirmed",
        "class": "van"
      }
    },
    {
      "type": "Feature",
      "geometry": {
        "type": "Polygon",
        "coordinates": [
          [
            [
              25496099.264,
              6671191.305
            ],
            [
              25496103.171,
              6671196.111
            ],
            [
              25496101.22,
              6671197.697
            ],
            [
              25496097.313,
              6671192.891
            ],
            [
              25496099.264,
              6671191.305
            ]
          ]
        ]
      },
      "properties": {
        "confidence": 0.8399,
        "length_m": 6.19,
        "width_m": 2.51,
        "heading_deg": 39.1,
        "aoi": "r4-hernesaari",
        "source_layer": "Ortoilmakuva_2025_5cm",
        "zoom": 16,
        "status": "confirmed",
        "class": "van"
      }
    },
    {
      "type": "Feature",
      "geometry": {
        "type": "Polygon",
        "coordinates": [
          [
            [
              25495995.463,
              6671271.102
            ],
            [
              25495997.35,
              6671269.91
            ],
            [
              25495999.693,
              6671273.621
            ],
            [
              25495997.807,
              6671274.812
            ],
            [
              25495995.463,
              6671271.102
            ]
          ]
        ]
      },
      "properties": {
        "confidence": 0.8396,
        "length_m": 4.39,
        "width_m": 2.23,
        "heading_deg": 32.3,
        "aoi": "r4-hernesaari",
        "source_layer": "Ortoilmakuva_2025_5cm",
        "zoom": 16,
        "status": "confirmed",
        "class": "car"
      }
    },
    {
      "type": "Feature",
      "geometry": {
        "type": "Polygon",
        "coordinates": [
          [
            [
              25495983.107,
              6671231.866
            ],
            [
              25495984.939,
              6671230.767
            ],
            [
              25495987.204,
              6671234.546
            ],
            [
              25495985.371,
              6671235.644
            ],
            [
              25495983.107,
              6671231.866
            ]
          ]
        ]
      },
      "properties": {
        "confidence": 0.8387,
        "length_m": 4.41,
        "width_m": 2.14,
        "heading_deg": 30.9,
        "aoi": "r4-hernesaari",
        "source_layer": "Ortoilmakuva_2025_5cm",
        "zoom": 16,
        "status": "confirmed",
        "class": "car"
      }
    },
    {
      "type": "Feature",
      "geometry": {
        "type": "Polygon",
        "coordinates": [
          [
            [
              25496060.908,
              6671212.01
            ],
            [
              25496063.321,
              6671210.786
            ],
            [
              25496066.022,
              6671216.107
            ],
            [
              25496063.609,
              6671217.332
            ],
            [
              25496060.908,
              6671212.01
            ]
          ]
        ]
      },
      "properties": {
        "confidence": 0.8342,
        "length_m": 5.97,
        "width_m": 2.71,
        "heading_deg": 26.9,
        "aoi": "r4-hernesaari",
        "source_layer": "Ortoilmakuva_2025_5cm",
        "zoom": 16,
        "status": "confirmed",
        "class": "van"
      }
    },
    {
      "type": "Feature",
      "geometry": {
        "type": "Polygon",
        "coordinates": [
          [
            [
              25495949.672,
              6671076.69
            ],
            [
              25495951.558,
              6671075.561
            ],
            [
              25495953.734,
              6671079.198
            ],
            [
              25495951.848,
              6671080.326
            ],
            [
              25495949.672,
              6671076.69
            ]
          ]
        ]
      },
      "properties": {
        "confidence": 0.8312,
        "length_m": 4.24,
        "width_m": 2.2,
        "heading_deg": 30.9,
        "aoi": "r4-hernesaari",
        "source_layer": "Ortoilmakuva_2025_5cm",
        "zoom": 16,
        "status": "confirmed",
        "class": "car"
      }
    },
    {
      "type": "Feature",
      "geometry": {
        "type": "Polygon",
        "coordinates": [
          [
            [
              25496097.681,
              6671213.02
            ],
            [
              25496100.977,
              6671217.138
            ],
            [
              25496099.015,
              6671218.709
            ],
            [
              25496095.719,
              6671214.591
            ],
            [
              25496097.681,
              6671213.02
            ]
          ]
        ]
      },
      "properties": {
        "confidence": 0.8282,
        "length_m": 5.27,
        "width_m": 2.51,
        "heading_deg": 38.7,
        "aoi": "r4-hernesaari",
        "source_layer": "Ortoilmakuva_2025_5cm",
        "zoom": 16,
        "status": "confirmed",
        "class": "car"
      }
    },
    {
      "type": "Feature",
      "geometry": {
        "type": "Polygon",
        "coordinates": [
          [
            [
              25495930.932,
              6671103.081
            ],
            [
              25495930.15,
              6671105.349
            ],
            [
              25495924.9,
              6671103.539
            ],
            [
              25495925.681,
              6671101.271
            ],
            [
              25495930.932,
              6671103.081
            ]
          ]
        ]
      },
      "properties": {
        "confidence": 0.826,
        "length_m": 5.55,
        "width_m": 2.4,
        "heading_deg": 71,
        "aoi": "r4-hernesaari",
        "source_layer": "Ortoilmakuva_2025_5cm",
        "zoom": 16,
        "status": "confirmed",
        "class": "van"
      }
    },
    {
      "type": "Feature",
      "geometry": {
        "type": "Polygon",
        "coordinates": [
          [
            [
              25496093.417,
              6671216.758
            ],
            [
              25496095.227,
              6671215.521
            ],
            [
              25496097.732,
              6671219.189
            ],
            [
              25496095.921,
              6671220.425
            ],
            [
              25496093.417,
              6671216.758
            ]
          ]
        ]
      },
      "properties": {
        "confidence": 0.8252,
        "length_m": 4.44,
        "width_m": 2.19,
        "heading_deg": 34.3,
        "aoi": "r4-hernesaari",
        "source_layer": "Ortoilmakuva_2025_5cm",
        "zoom": 16,
        "status": "confirmed",
        "class": "car"
      }
    },
    {
      "type": "Feature",
      "geometry": {
        "type": "Polygon",
        "coordinates": [
          [
            [
              25496006.519,
              6671335.956
            ],
            [
              25496006.613,
              6671338.329
            ],
            [
              25496000.642,
              6671338.564
            ],
            [
              25496000.549,
              6671336.192
            ],
            [
              25496006.519,
              6671335.956
            ]
          ]
        ]
      },
      "properties": {
        "confidence": 0.8249,
        "length_m": 5.98,
        "width_m": 2.37,
        "heading_deg": 92.3,
        "aoi": "r4-hernesaari",
        "source_layer": "Ortoilmakuva_2025_5cm",
        "zoom": 16,
        "status": "confirmed",
        "class": "van"
      }
    },
    {
      "type": "Feature",
      "geometry": {
        "type": "Polygon",
        "coordinates": [
          [
            [
              25496110.216,
              6671208.786
            ],
            [
              25496108.896,
              6671210.61
            ],
            [
              25496105.1,
              6671207.863
            ],
            [
              25496106.42,
              6671206.039
            ],
            [
              25496110.216,
              6671208.786
            ]
          ]
        ]
      },
      "properties": {
        "confidence": 0.8244,
        "length_m": 4.69,
        "width_m": 2.25,
        "heading_deg": 54.1,
        "aoi": "r4-hernesaari",
        "source_layer": "Ortoilmakuva_2025_5cm",
        "zoom": 16,
        "status": "confirmed",
        "class": "car"
      }
    },
    {
      "type": "Feature",
      "geometry": {
        "type": "Polygon",
        "coordinates": [
          [
            [
              25495955.844,
              6671106.638
            ],
            [
              25495954.481,
              6671108.491
            ],
            [
              25495949.972,
              6671105.174
            ],
            [
              25495951.335,
              6671103.321
            ],
            [
              25495955.844,
              6671106.638
            ]
          ]
        ]
      },
      "properties": {
        "confidence": 0.8241,
        "length_m": 5.6,
        "width_m": 2.3,
        "heading_deg": 53.7,
        "aoi": "r4-hernesaari",
        "source_layer": "Ortoilmakuva_2025_5cm",
        "zoom": 16,
        "status": "confirmed",
        "class": "van"
      }
    },
    {
      "type": "Feature",
      "geometry": {
        "type": "Polygon",
        "coordinates": [
          [
            [
              25496115.009,
              6671205.058
            ],
            [
              25496113.74,
              6671206.88
            ],
            [
              25496109.838,
              6671204.164
            ],
            [
              25496111.107,
              6671202.341
            ],
            [
              25496115.009,
              6671205.058
            ]
          ]
        ]
      },
      "properties": {
        "confidence": 0.8232,
        "length_m": 4.75,
        "width_m": 2.22,
        "heading_deg": 55.2,
        "aoi": "r4-hernesaari",
        "source_layer": "Ortoilmakuva_2025_5cm",
        "zoom": 16,
        "status": "confirmed",
        "class": "car"
      }
    },
    {
      "type": "Feature",
      "geometry": {
        "type": "Polygon",
        "coordinates": [
          [
            [
              25495948.89,
              6671085.294
            ],
            [
              25495951.271,
              6671083.959
            ],
            [
              25495954.325,
              6671089.404
            ],
            [
              25495951.944,
              6671090.739
            ],
            [
              25495948.89,
              6671085.294
            ]
          ]
        ]
      },
      "properties": {
        "confidence": 0.8208,
        "length_m": 6.24,
        "width_m": 2.73,
        "heading_deg": 29.3,
        "aoi": "r4-hernesaari",
        "source_layer": "Ortoilmakuva_2025_5cm",
        "zoom": 16,
        "status": "confirmed",
        "class": "van"
      }
    },
    {
      "type": "Feature",
      "geometry": {
        "type": "Polygon",
        "coordinates": [
          [
            [
              25496069.464,
              6671093.073
            ],
            [
              25496070.455,
              6671094.966
            ],
            [
              25496065.759,
              6671097.425
            ],
            [
              25496064.768,
              6671095.532
            ],
            [
              25496069.464,
              6671093.073
            ]
          ]
        ]
      },
      "properties": {
        "confidence": 0.8197,
        "length_m": 5.3,
        "width_m": 2.14,
        "heading_deg": 117.6,
        "aoi": "r4-hernesaari",
        "source_layer": "Ortoilmakuva_2025_5cm",
        "zoom": 16,
        "status": "confirmed",
        "class": "car"
      }
    },
    {
      "type": "Feature",
      "geometry": {
        "type": "Polygon",
        "coordinates": [
          [
            [
              25495946.775,
              6671087.311
            ],
            [
              25495948.785,
              6671086.036
            ],
            [
              25495951.552,
              6671090.396
            ],
            [
              25495949.542,
              6671091.671
            ],
            [
              25495946.775,
              6671087.311
            ]
          ]
        ]
      },
      "properties": {
        "confidence": 0.8192,
        "length_m": 5.16,
        "width_m": 2.38,
        "heading_deg": 32.4,
        "aoi": "r4-hernesaari",
        "source_layer": "Ortoilmakuva_2025_5cm",
        "zoom": 16,
        "status": "confirmed",
        "class": "car"
      }
    },
    {
      "type": "Feature",
      "geometry": {
        "type": "Polygon",
        "coordinates": [
          [
            [
              25496086.842,
              6671207.997
            ],
            [
              25496089.157,
              6671206.926
            ],
            [
              25496091.281,
              6671211.514
            ],
            [
              25496088.966,
              6671212.586
            ],
            [
              25496086.842,
              6671207.997
            ]
          ]
        ]
      },
      "properties": {
        "confidence": 0.8176,
        "length_m": 5.06,
        "width_m": 2.55,
        "heading_deg": 24.8,
        "aoi": "r4-hernesaari",
        "source_layer": "Ortoilmakuva_2025_5cm",
        "zoom": 16,
        "status": "confirmed",
        "class": "car"
      }
    },
    {
      "type": "Feature",
      "geometry": {
        "type": "Polygon",
        "coordinates": [
          [
            [
              25496036.059,
              6671200.69
            ],
            [
              25496038.011,
              6671199.466
            ],
            [
              25496040.541,
              6671203.499
            ],
            [
              25496038.59,
              6671204.724
            ],
            [
              25496036.059,
              6671200.69
            ]
          ]
        ]
      },
      "properties": {
        "confidence": 0.8165,
        "length_m": 4.76,
        "width_m": 2.3,
        "heading_deg": 32.1,
        "aoi": "r4-hernesaari",
        "source_layer": "Ortoilmakuva_2025_5cm",
        "zoom": 16,
        "status": "confirmed",
        "class": "car"
      }
    },
    {
      "type": "Feature",
      "geometry": {
        "type": "Polygon",
        "coordinates": [
          [
            [
              25496126.653,
              6671100.94
            ],
            [
              25496127.833,
              6671103.453
            ],
            [
              25496120.431,
              6671106.928
            ],
            [
              25496119.251,
              6671104.414
            ],
            [
              25496126.653,
              6671100.94
            ]
          ]
        ]
      },
      "properties": {
        "confidence": 0.8101,
        "length_m": 8.18,
        "width_m": 2.78,
        "heading_deg": 115.1,
        "aoi": "r4-hernesaari",
        "source_layer": "Ortoilmakuva_2025_5cm",
        "zoom": 16,
        "status": "rejected",
        "class": ""
      }
    },
    {
      "type": "Feature",
      "geometry": {
        "type": "Polygon",
        "coordinates": [
          [
            [
              25496055.046,
              6671186.983
            ],
            [
              25496053.142,
              6671182.941
            ],
            [
              25496051.128,
              6671183.89
            ],
            [
              25496053.032,
              6671187.932
            ],
            [
              25496055.046,
              6671186.983
            ]
          ]
        ]
      },
      "properties": {
        "confidence": 0.81,
        "length_m": 4.47,
        "width_m": 2.23,
        "heading_deg": 25.2,
        "aoi": "r4-hernesaari",
        "source_layer": "Ortoilmakuva_2025_5cm",
        "zoom": 16,
        "status": "confirmed",
        "class": "van"
      }
    },
    {
      "type": "Feature",
      "geometry": {
        "type": "Polygon",
        "coordinates": [
          [
            [
              25496182.571,
              6671251.635
            ],
            [
              25496177.869,
              6671251.452
            ],
            [
              25496177.792,
              6671253.413
            ],
            [
              25496182.495,
              6671253.595
            ],
            [
              25496182.571,
              6671251.635
            ]
          ]
        ]
      },
      "properties": {
        "confidence": 0.8067,
        "length_m": 4.71,
        "width_m": 1.96,
        "heading_deg": 87.8,
        "aoi": "r4-hernesaari",
        "source_layer": "Ortoilmakuva_2025_5cm",
        "zoom": 16,
        "status": "confirmed",
        "class": "van"
      }
    },
    {
      "type": "Feature",
      "geometry": {
        "type": "Polygon",
        "coordinates": [
          [
            [
              25496001.627,
              6671271.184
            ],
            [
              25495999.107,
              6671267.764
            ],
            [
              25495997.423,
              6671269.005
            ],
            [
              25495999.943,
              6671272.424
            ],
            [
              25496001.627,
              6671271.184
            ]
          ]
        ]
      },
      "properties": {
        "confidence": 0.8057,
        "length_m": 4.25,
        "width_m": 2.09,
        "heading_deg": 36.4,
        "aoi": "r4-hernesaari",
        "source_layer": "Ortoilmakuva_2025_5cm",
        "zoom": 16,
        "status": "confirmed",
        "class": "car"
      }
    },
    {
      "type": "Feature",
      "geometry": {
        "type": "Polygon",
        "coordinates": [
          [
            [
              25496053.567,
              6671190.313
            ],
            [
              25496056.149,
              6671189.448
            ],
            [
              25496057.722,
              6671194.144
            ],
            [
              25496055.139,
              6671195.009
            ],
            [
              25496053.567,
              6671190.313
            ]
          ]
        ]
      },
      "properties": {
        "confidence": 0.8032,
        "length_m": 4.95,
        "width_m": 2.72,
        "heading_deg": 18.5,
        "aoi": "r4-hernesaari",
        "source_layer": "Ortoilmakuva_2025_5cm",
        "zoom": 16,
        "status": "confirmed",
        "class": "car"
      }
    },
    {
      "type": "Feature",
      "geometry": {
        "type": "Polygon",
        "coordinates": [
          [
            [
              25495950.152,
              6671098.233
            ],
            [
              25495953.268,
              6671101.045
            ],
            [
              25495951.715,
              6671102.766
            ],
            [
              25495948.599,
              6671099.954
            ],
            [
              25495950.152,
              6671098.233
            ]
          ]
        ]
      },
      "properties": {
        "confidence": 0.7965,
        "length_m": 4.2,
        "width_m": 2.32,
        "heading_deg": 47.9,
        "aoi": "r4-hernesaari",
        "source_layer": "Ortoilmakuva_2025_5cm",
        "zoom": 16,
        "status": "confirmed",
        "class": "car"
      }
    },
    {
      "type": "Feature",
      "geometry": {
        "type": "Polygon",
        "coordinates": [
          [
            [
              25495951.437,
              6671102.7
            ],
            [
              25495950.122,
              6671104.595
            ],
            [
              25495945.997,
              6671101.733
            ],
            [
              25495947.312,
              6671099.837
            ],
            [
              25495951.437,
              6671102.7
            ]
          ]
        ]
      },
      "properties": {
        "confidence": 0.7939,
        "length_m": 5.02,
        "width_m": 2.31,
        "heading_deg": 55.2,
        "aoi": "r4-hernesaari",
        "source_layer": "Ortoilmakuva_2025_5cm",
        "zoom": 16,
        "status": "confirmed",
        "class": "car"
      }
    },
    {
      "type": "Feature",
      "geometry": {
        "type": "Polygon",
        "coordinates": [
          [
            [
              25495939.496,
              6671089.594
            ],
            [
              25495941.587,
              6671088.452
            ],
            [
              25495944.034,
              6671092.932
            ],
            [
              25495941.943,
              6671094.074
            ],
            [
              25495939.496,
              6671089.594
            ]
          ]
        ]
      },
      "properties": {
        "confidence": 0.7937,
        "length_m": 5.1,
        "width_m": 2.38,
        "heading_deg": 28.6,
        "aoi": "r4-hernesaari",
        "source_layer": "Ortoilmakuva_2025_5cm",
        "zoom": 16,
        "status": "confirmed",
        "class": "car"
      }
    },
    {
      "type": "Feature",
      "geometry": {
        "type": "Polygon",
        "coordinates": [
          [
            [
              25495959.239,
              6671103.049
            ],
            [
              25495957.937,
              6671104.757
            ],
            [
              25495954.301,
              6671101.985
            ],
            [
              25495955.604,
              6671100.277
            ],
            [
              25495959.239,
              6671103.049
            ]
          ]
        ]
      },
      "properties": {
        "confidence": 0.791,
        "length_m": 4.57,
        "width_m": 2.15,
        "heading_deg": 52.7,
        "aoi": "r4-hernesaari",
        "source_layer": "Ortoilmakuva_2025_5cm",
        "zoom": 16,
        "status": "confirmed",
        "class": "car"
      }
    },
    {
      "type": "Feature",
      "geometry": {
        "type": "Polygon",
        "coordinates": [
          [
            [
              25495951.281,
              6671219.479
            ],
            [
              25495953.912,
              6671219.942
            ],
            [
              25495953.045,
              6671224.865
            ],
            [
              25495950.414,
              6671224.402
            ],
            [
              25495951.281,
              6671219.479
            ]
          ]
        ]
      },
      "properties": {
        "confidence": 0.7891,
        "length_m": 5,
        "width_m": 2.67,
        "heading_deg": 170,
        "aoi": "r4-hernesaari",
        "source_layer": "Ortoilmakuva_2025_5cm",
        "zoom": 16,
        "status": "confirmed",
        "class": "car"
      }
    },
    {
      "type": "Feature",
      "geometry": {
        "type": "Polygon",
        "coordinates": [
          [
            [
              25495963.601,
              6671217.678
            ],
            [
              25495963.087,
              6671220.046
            ],
            [
              25495957.588,
              6671218.851
            ],
            [
              25495958.102,
              6671216.483
            ],
            [
              25495963.601,
              6671217.678
            ]
          ]
        ]
      },
      "properties": {
        "confidence": 0.7876,
        "length_m": 5.63,
        "width_m": 2.42,
        "heading_deg": 77.7,
        "aoi": "r4-hernesaari",
        "source_layer": "Ortoilmakuva_2025_5cm",
        "zoom": 16,
        "status": "confirmed",
        "class": "car"
      }
    },
    {
      "type": "Feature",
      "geometry": {
        "type": "Polygon",
        "coordinates": [
          [
            [
              25495970.413,
              6671080.731
            ],
            [
              25495972.736,
              6671079.469
            ],
            [
              25495975.635,
              6671084.804
            ],
            [
              25495973.311,
              6671086.067
            ],
            [
              25495970.413,
              6671080.731
            ]
          ]
        ]
      },
      "properties": {
        "confidence": 0.7844,
        "length_m": 6.07,
        "width_m": 2.64,
        "heading_deg": 28.5,
        "aoi": "r4-hernesaari",
        "source_layer": "Ortoilmakuva_2025_5cm",
        "zoom": 16,
        "status": "confirmed",
        "class": "van"
      }
    },
    {
      "type": "Feature",
      "geometry": {
        "type": "Polygon",
        "coordinates": [
          [
            [
              25496082.523,
              6671205.171
            ],
            [
              25496084.235,
              6671204.077
            ],
            [
              25496086.433,
              6671207.518
            ],
            [
              25496084.721,
              6671208.612
            ],
            [
              25496082.523,
              6671205.171
            ]
          ]
        ]
      },
      "properties": {
        "confidence": 0.7752,
        "length_m": 4.08,
        "width_m": 2.03,
        "heading_deg": 32.6,
        "aoi": "r4-hernesaari",
        "source_layer": "Ortoilmakuva_2025_5cm",
        "zoom": 16,
        "status": "confirmed",
        "class": "car"
      }
    },
    {
      "type": "Feature",
      "geometry": {
        "type": "Polygon",
        "coordinates": [
          [
            [
              25496058.79,
              6671075.169
            ],
            [
              25496061.288,
              6671073.728
            ],
            [
              25496065.787,
              6671081.526
            ],
            [
              25496063.288,
              6671082.968
            ],
            [
              25496058.79,
              6671075.169
            ]
          ]
        ]
      },
      "properties": {
        "confidence": 0.7747,
        "length_m": 9,
        "width_m": 2.88,
        "heading_deg": 30,
        "aoi": "r4-hernesaari",
        "source_layer": "Ortoilmakuva_2025_5cm",
        "zoom": 16,
        "status": "confirmed",
        "class": "truck"
      }
    },
    {
      "type": "Feature",
      "geometry": {
        "type": "Polygon",
        "coordinates": [
          [
            [
              25496052.073,
              6671083.25
            ],
            [
              25496053.959,
              6671081.828
            ],
            [
              25496057.206,
              6671086.133
            ],
            [
              25496055.32,
              6671087.555
            ],
            [
              25496052.073,
              6671083.25
            ]
          ]
        ]
      },
      "properties": {
        "confidence": 0.7725,
        "length_m": 5.39,
        "width_m": 2.36,
        "heading_deg": 37,
        "aoi": "r4-hernesaari",
        "source_layer": "Ortoilmakuva_2025_5cm",
        "zoom": 16,
        "status": "confirmed",
        "class": "van"
      }
    },
    {
      "type": "Feature",
      "geometry": {
        "type": "Polygon",
        "coordinates": [
          [
            [
              25496038.606,
              6671199.598
            ],
            [
              25496040.604,
              6671198.438
            ],
            [
              25496042.961,
              6671202.499
            ],
            [
              25496040.963,
              6671203.659
            ],
            [
              25496038.606,
              6671199.598
            ]
          ]
        ]
      },
      "properties": {
        "confidence": 0.7681,
        "length_m": 4.7,
        "width_m": 2.31,
        "heading_deg": 30.1,
        "aoi": "r4-hernesaari",
        "source_layer": "Ortoilmakuva_2025_5cm",
        "zoom": 16,
        "status": "confirmed",
        "class": "car"
      }
    },
    {
      "type": "Feature",
      "geometry": {
        "type": "Polygon",
        "coordinates": [
          [
            [
              25496056.775,
              6671196.673
            ],
            [
              25496059.136,
              6671195.657
            ],
            [
              25496061.275,
              6671200.625
            ],
            [
              25496058.913,
              6671201.641
            ],
            [
              25496056.775,
              6671196.673
            ]
          ]
        ]
      },
      "properties": {
        "confidence": 0.7634,
        "length_m": 5.41,
        "width_m": 2.57,
        "heading_deg": 23.3,
        "aoi": "r4-hernesaari",
        "source_layer": "Ortoilmakuva_2025_5cm",
        "zoom": 16,
        "status": "confirmed",
        "class": "van"
      }
    },
    {
      "type": "Feature",
      "geometry": {
        "type": "Polygon",
        "coordinates": [
          [
            [
              25496112.944,
              6671207.114
            ],
            [
              25496111.48,
              6671209.108
            ],
            [
              25496107.032,
              6671205.843
            ],
            [
              25496108.496,
              6671203.849
            ],
            [
              25496112.944,
              6671207.114
            ]
          ]
        ]
      },
      "properties": {
        "confidence": 0.746,
        "length_m": 5.52,
        "width_m": 2.47,
        "heading_deg": 53.7,
        "aoi": "r4-hernesaari",
        "source_layer": "Ortoilmakuva_2025_5cm",
        "zoom": 16,
        "status": "confirmed",
        "class": "car"
      }
    },
    {
      "type": "Feature",
      "geometry": {
        "type": "Polygon",
        "coordinates": [
          [
            [
              25496019.494,
              6671241.865
            ],
            [
              25496022.934,
              6671245.308
            ],
            [
              25496021.332,
              6671246.908
            ],
            [
              25496017.893,
              6671243.465
            ],
            [
              25496019.494,
              6671241.865
            ]
          ]
        ]
      },
      "properties": {
        "confidence": 0.7393,
        "length_m": 4.87,
        "width_m": 2.26,
        "heading_deg": 45,
        "aoi": "r4-hernesaari",
        "source_layer": "Ortoilmakuva_2025_5cm",
        "zoom": 16,
        "status": "confirmed",
        "class": "car"
      }
    },
    {
      "type": "Feature",
      "geometry": {
        "type": "Polygon",
        "coordinates": [
          [
            [
              25496091.204,
              6671173.975
            ],
            [
              25496093.297,
              6671172.695
            ],
            [
              25496096.308,
              6671177.621
            ],
            [
              25496094.216,
              6671178.901
            ],
            [
              25496091.204,
              6671173.975
            ]
          ]
        ]
      },
      "properties": {
        "confidence": 0.7359,
        "length_m": 5.77,
        "width_m": 2.45,
        "heading_deg": 31.4,
        "aoi": "r4-hernesaari",
        "source_layer": "Ortoilmakuva_2025_5cm",
        "zoom": 16,
        "status": "confirmed",
        "class": "van"
      }
    },
    {
      "type": "Feature",
      "geometry": {
        "type": "Polygon",
        "coordinates": [
          [
            [
              25496049.91,
              6671259.151
            ],
            [
              25496051.862,
              6671258.719
            ],
            [
              25496052.744,
              6671262.706
            ],
            [
              25496050.792,
              6671263.138
            ],
            [
              25496049.91,
              6671259.151
            ]
          ]
        ]
      },
      "properties": {
        "confidence": 0.7249,
        "length_m": 4.08,
        "width_m": 2,
        "heading_deg": 12.5,
        "aoi": "r4-hernesaari",
        "source_layer": "Ortoilmakuva_2025_5cm",
        "zoom": 16,
        "status": "confirmed",
        "class": "car"
      }
    },
    {
      "type": "Feature",
      "geometry": {
        "type": "Polygon",
        "coordinates": [
          [
            [
              25496097.329,
              6671201.417
            ],
            [
              25496099.384,
              6671200.433
            ],
            [
              25496101.445,
              6671204.738
            ],
            [
              25496099.39,
              6671205.721
            ],
            [
              25496097.329,
              6671201.417
            ]
          ]
        ]
      },
      "properties": {
        "confidence": 0.7185,
        "length_m": 4.77,
        "width_m": 2.28,
        "heading_deg": 25.6,
        "aoi": "r4-hernesaari",
        "source_layer": "Ortoilmakuva_2025_5cm",
        "zoom": 16,
        "status": "confirmed",
        "class": "car"
      }
    },
    {
      "type": "Feature",
      "geometry": {
        "type": "Polygon",
        "coordinates": [
          [
            [
              25495934.101,
              6671093.676
            ],
            [
              25495936.002,
              6671092.284
            ],
            [
              25495938.886,
              6671096.223
            ],
            [
              25495936.985,
              6671097.615
            ],
            [
              25495934.101,
              6671093.676
            ]
          ]
        ]
      },
      "properties": {
        "confidence": 0.71,
        "length_m": 4.88,
        "width_m": 2.36,
        "heading_deg": 36.2,
        "aoi": "r4-hernesaari",
        "source_layer": "Ortoilmakuva_2025_5cm",
        "zoom": 16,
        "status": "confirmed",
        "class": "car"
      }
    },
    {
      "type": "Feature",
      "geometry": {
        "type": "Polygon",
        "coordinates": [
          [
            [
              25496102.189,
              6671190.214
            ],
            [
              25496105.111,
              6671193.666
            ],
            [
              25496103.387,
              6671195.125
            ],
            [
              25496100.465,
              6671191.672
            ],
            [
              25496102.189,
              6671190.214
            ]
          ]
        ]
      },
      "properties": {
        "confidence": 0.6975,
        "length_m": 4.52,
        "width_m": 2.26,
        "heading_deg": 40.2,
        "aoi": "r4-hernesaari",
        "source_layer": "Ortoilmakuva_2025_5cm",
        "zoom": 16,
        "status": "confirmed",
        "class": "car"
      }
    },
    {
      "type": "Feature",
      "geometry": {
        "type": "Polygon",
        "coordinates": [
          [
            [
              25495991.101,
              6671307.175
            ],
            [
              25495991.326,
              6671309.548
            ],
            [
              25495983.032,
              6671310.334
            ],
            [
              25495982.807,
              6671307.961
            ],
            [
              25495991.101,
              6671307.175
            ]
          ]
        ]
      },
      "properties": {
        "confidence": 0.6963,
        "length_m": 8.33,
        "width_m": 2.38,
        "heading_deg": 95.4,
        "aoi": "r4-hernesaari",
        "source_layer": "Ortoilmakuva_2025_5cm",
        "zoom": 16,
        "status": "rejected",
        "class": ""
      }
    },
    {
      "type": "Feature",
      "geometry": {
        "type": "Polygon",
        "coordinates": [
          [
            [
              25496024.169,
              6671231.789
            ],
            [
              25496025.368,
              6671233.676
            ],
            [
              25496020.591,
              6671236.712
            ],
            [
              25496019.392,
              6671234.826
            ],
            [
              25496024.169,
              6671231.789
            ]
          ]
        ]
      },
      "properties": {
        "confidence": 0.6866,
        "length_m": 5.66,
        "width_m": 2.24,
        "heading_deg": 122.4,
        "aoi": "r4-hernesaari",
        "source_layer": "Ortoilmakuva_2025_5cm",
        "zoom": 16,
        "status": "confirmed",
        "class": "van"
      }
    },
    {
      "type": "Feature",
      "geometry": {
        "type": "Polygon",
        "coordinates": [
          [
            [
              25496121.214,
              6671130.692
            ],
            [
              25496123.215,
              6671129.75
            ],
            [
              25496125.418,
              6671134.434
            ],
            [
              25496123.417,
              6671135.376
            ],
            [
              25496121.214,
              6671130.692
            ]
          ]
        ]
      },
      "properties": {
        "confidence": 0.6858,
        "length_m": 5.18,
        "width_m": 2.21,
        "heading_deg": 25.2,
        "aoi": "r4-hernesaari",
        "source_layer": "Ortoilmakuva_2025_5cm",
        "zoom": 16,
        "status": "rejected",
        "class": ""
      }
    },
    {
      "type": "Feature",
      "geometry": {
        "type": "Polygon",
        "coordinates": [
          [
            [
              25496034.942,
              6671153.52
            ],
            [
              25496037.046,
              6671152.248
            ],
            [
              25496039.932,
              6671157.023
            ],
            [
              25496037.828,
              6671158.295
            ],
            [
              25496034.942,
              6671153.52
            ]
          ]
        ]
      },
      "properties": {
        "confidence": 0.6818,
        "length_m": 5.58,
        "width_m": 2.46,
        "heading_deg": 31.1,
        "aoi": "r4-hernesaari",
        "source_layer": "Ortoilmakuva_2025_5cm",
        "zoom": 16,
        "status": "confirmed",
        "class": "van"
      }
    },
    {
      "type": "Feature",
      "geometry": {
        "type": "Polygon",
        "coordinates": [
          [
            [
              25495934.558,
              6671154.489
            ],
            [
              25495935.729,
              6671156.403
            ],
            [
              25495930.575,
              6671159.557
            ],
            [
              25495929.404,
              6671157.643
            ],
            [
              25495934.558,
              6671154.489
            ]
          ]
        ]
      },
      "properties": {
        "confidence": 0.6709,
        "length_m": 6.04,
        "width_m": 2.24,
        "heading_deg": 121.5,
        "aoi": "r4-hernesaari",
        "source_layer": "Ortoilmakuva_2025_5cm",
        "zoom": 16,
        "status": "confirmed",
        "class": "car"
      }
    },
    {
      "type": "Feature",
      "geometry": {
        "type": "Polygon",
        "coordinates": [
          [
            [
              25496038.399,
              6671102.489
            ],
            [
              25496040.073,
              6671101.451
            ],
            [
              25496042.209,
              6671104.897
            ],
            [
              25496040.535,
              6671105.935
            ],
            [
              25496038.399,
              6671102.489
            ]
          ]
        ]
      },
      "properties": {
        "confidence": 0.6665,
        "length_m": 4.05,
        "width_m": 1.97,
        "heading_deg": 31.8,
        "aoi": "r4-hernesaari",
        "source_layer": "Ortoilmakuva_2025_5cm",
        "zoom": 16,
        "status": "confirmed",
        "class": "car"
      }
    },
    {
      "type": "Feature",
      "geometry": {
        "type": "Polygon",
        "coordinates": [
          [
            [
              25495990.57,
              6671303.642
            ],
            [
              25495990.842,
              6671305.751
            ],
            [
              25495985.878,
              6671306.39
            ],
            [
              25495985.607,
              6671304.28
            ],
            [
              25495990.57,
              6671303.642
            ]
          ]
        ]
      },
      "properties": {
        "confidence": 0.6623,
        "length_m": 5,
        "width_m": 2.13,
        "heading_deg": 97.3,
        "aoi": "r4-hernesaari",
        "source_layer": "Ortoilmakuva_2025_5cm",
        "zoom": 16,
        "status": "rejected",
        "class": ""
      }
    },
    {
      "type": "Feature",
      "geometry": {
        "type": "Polygon",
        "coordinates": [
          [
            [
              25495961.885,
              6671101.756
            ],
            [
              25495960.454,
              6671103.652
            ],
            [
              25495956.445,
              6671100.626
            ],
            [
              25495957.876,
              6671098.731
            ],
            [
              25495961.885,
              6671101.756
            ]
          ]
        ]
      },
      "properties": {
        "confidence": 0.6501,
        "length_m": 5.02,
        "width_m": 2.38,
        "heading_deg": 53,
        "aoi": "r4-hernesaari",
        "source_layer": "Ortoilmakuva_2025_5cm",
        "zoom": 16,
        "status": "confirmed",
        "class": "car"
      }
    },
    {
      "type": "Feature",
      "geometry": {
        "type": "Polygon",
        "coordinates": [
          [
            [
              25495977.637,
              6671350.423
            ],
            [
              25495976.988,
              6671344.85
            ],
            [
              25495974.612,
              6671345.127
            ],
            [
              25495975.261,
              6671350.7
            ],
            [
              25495977.637,
              6671350.423
            ]
          ]
        ]
      },
      "properties": {
        "confidence": 0.6488,
        "length_m": 5.61,
        "width_m": 2.39,
        "heading_deg": 6.6,
        "aoi": "r4-hernesaari",
        "source_layer": "Ortoilmakuva_2025_5cm",
        "zoom": 16,
        "status": "confirmed",
        "class": "van"
      }
    },
    {
      "type": "Feature",
      "geometry": {
        "type": "Polygon",
        "coordinates": [
          [
            [
              25496117.297,
              6671203.55
            ],
            [
              25496113.353,
              6671200.508
            ],
            [
              25496112.042,
              6671202.208
            ],
            [
              25496115.986,
              6671205.25
            ],
            [
              25496117.297,
              6671203.55
            ]
          ]
        ]
      },
      "properties": {
        "confidence": 0.6332,
        "length_m": 4.98,
        "width_m": 2.15,
        "heading_deg": 52.4,
        "aoi": "r4-hernesaari",
        "source_layer": "Ortoilmakuva_2025_5cm",
        "zoom": 16,
        "status": "confirmed",
        "class": "car"
      }
    },
    {
      "type": "Feature",
      "geometry": {
        "type": "Polygon",
        "coordinates": [
          [
            [
              25496043.095,
              6671085.214
            ],
            [
              25496045.215,
              6671083.805
            ],
            [
              25496049.372,
              6671090.06
            ],
            [
              25496047.252,
              6671091.469
            ],
            [
              25496043.095,
              6671085.214
            ]
          ]
        ]
      },
      "properties": {
        "confidence": 0.6293,
        "length_m": 7.51,
        "width_m": 2.55,
        "heading_deg": 33.6,
        "aoi": "r4-hernesaari",
        "source_layer": "Ortoilmakuva_2025_5cm",
        "zoom": 16,
        "status": "confirmed",
        "class": "truck"
      }
    },
    {
      "type": "Feature",
      "geometry": {
        "type": "Polygon",
        "coordinates": [
          [
            [
              25496040.951,
              6671241.409
            ],
            [
              25496040.707,
              6671244.525
            ],
            [
              25496031.305,
              6671243.79
            ],
            [
              25496031.549,
              6671240.674
            ],
            [
              25496040.951,
              6671241.409
            ]
          ]
        ]
      },
      "properties": {
        "confidence": 0.6283,
        "length_m": 9.43,
        "width_m": 3.13,
        "heading_deg": 85.5,
        "aoi": "r4-hernesaari",
        "source_layer": "Ortoilmakuva_2025_5cm",
        "zoom": 16,
        "status": "confirmed",
        "class": "truck"
      }
    },
    {
      "type": "Feature",
      "geometry": {
        "type": "Polygon",
        "coordinates": [
          [
            [
              25495960.117,
              6671095.961
            ],
            [
              25495958.84,
              6671097.595
            ],
            [
              25495955.096,
              6671094.669
            ],
            [
              25495956.373,
              6671093.035
            ],
            [
              25495960.117,
              6671095.961
            ]
          ]
        ]
      },
      "properties": {
        "confidence": 0.627,
        "length_m": 4.75,
        "width_m": 2.07,
        "heading_deg": 52,
        "aoi": "r4-hernesaari",
        "source_layer": "Ortoilmakuva_2025_5cm",
        "zoom": 16,
        "status": "confirmed",
        "class": "car"
      }
    },
    {
      "type": "Feature",
      "geometry": {
        "type": "Polygon",
        "coordinates": [
          [
            [
              25496031.171,
              6671191.437
            ],
            [
              25496033.269,
              6671190.296
            ],
            [
              25496035.746,
              6671194.848
            ],
            [
              25496033.648,
              6671195.989
            ],
            [
              25496031.171,
              6671191.437
            ]
          ]
        ]
      },
      "properties": {
        "confidence": 0.6228,
        "length_m": 5.18,
        "width_m": 2.39,
        "heading_deg": 28.6,
        "aoi": "r4-hernesaari",
        "source_layer": "Ortoilmakuva_2025_5cm",
        "zoom": 16,
        "status": "confirmed",
        "class": "car"
      }
    },
    {
      "type": "Feature",
      "geometry": {
        "type": "Polygon",
        "coordinates": [
          [
            [
              25495968.646,
              6671064.384
            ],
            [
              25495970.641,
              6671063.003
            ],
            [
              25495973.778,
              6671067.535
            ],
            [
              25495971.783,
              6671068.916
            ],
            [
              25495968.646,
              6671064.384
            ]
          ]
        ]
      },
      "properties": {
        "confidence": 0.6176,
        "length_m": 5.51,
        "width_m": 2.43,
        "heading_deg": 34.7,
        "aoi": "r4-hernesaari",
        "source_layer": "Ortoilmakuva_2025_5cm",
        "zoom": 16,
        "status": "confirmed",
        "class": "van"
      }
    },
    {
      "type": "Feature",
      "geometry": {
        "type": "Polygon",
        "coordinates": [
          [
            [
              25496054.243,
              6671081.096
            ],
            [
              25496056.378,
              6671079.603
            ],
            [
              25496060.14,
              6671084.981
            ],
            [
              25496058.005,
              6671086.474
            ],
            [
              25496054.243,
              6671081.096
            ]
          ]
        ]
      },
      "properties": {
        "confidence": 0.6108,
        "length_m": 6.56,
        "width_m": 2.61,
        "heading_deg": 35,
        "aoi": "r4-hernesaari",
        "source_layer": "Ortoilmakuva_2025_5cm",
        "zoom": 16,
        "status": "confirmed",
        "class": "van"
      }
    },
    {
      "type": "Feature",
      "geometry": {
        "type": "Polygon",
        "coordinates": [
          [
            [
              25495939.947,
              6671189.409
            ],
            [
              25495941.198,
              6671191.518
            ],
            [
              25495937.339,
              6671193.806
            ],
            [
              25495936.089,
              6671191.698
            ],
            [
              25495939.947,
              6671189.409
            ]
          ]
        ]
      },
      "properties": {
        "confidence": 0.6079,
        "length_m": 4.49,
        "width_m": 2.45,
        "heading_deg": 120.7,
        "aoi": "r4-hernesaari",
        "source_layer": "Ortoilmakuva_2025_5cm",
        "zoom": 16,
        "status": "rejected",
        "class": ""
      }
    },
    {
      "type": "Feature",
      "geometry": {
        "type": "Polygon",
        "coordinates": [
          [
            [
              25496013.06,
              6671109.65
            ],
            [
              25496010.823,
              6671105.23
            ],
            [
              25496008.968,
              6671106.17
            ],
            [
              25496011.205,
              6671110.589
            ],
            [
              25496013.06,
              6671109.65
            ]
          ]
        ]
      },
      "properties": {
        "confidence": 0.6028,
        "length_m": 4.95,
        "width_m": 2.08,
        "heading_deg": 26.8,
        "aoi": "r4-hernesaari",
        "source_layer": "Ortoilmakuva_2025_5cm",
        "zoom": 16,
        "status": "confirmed",
        "class": "van"
      }
    },
    {
      "type": "Feature",
      "geometry": {
        "type": "Polygon",
        "coordinates": [
          [
            [
              25495960.797,
              6671068.489
            ],
            [
              25495962.846,
              6671067.021
            ],
            [
              25495965.972,
              6671071.388
            ],
            [
              25495963.923,
              6671072.855
            ],
            [
              25495960.797,
              6671068.489
            ]
          ]
        ]
      },
      "properties": {
        "confidence": 0.5956,
        "length_m": 5.37,
        "width_m": 2.52,
        "heading_deg": 35.6,
        "aoi": "r4-hernesaari",
        "source_layer": "Ortoilmakuva_2025_5cm",
        "zoom": 16,
        "status": "confirmed",
        "class": "van"
      }
    },
    {
      "type": "Feature",
      "geometry": {
        "type": "Polygon",
        "coordinates": [
          [
            [
              25496031.347,
              6671185.162
            ],
            [
              25496033.181,
              6671183.922
            ],
            [
              25496035.604,
              6671187.505
            ],
            [
              25496033.77,
              6671188.745
            ],
            [
              25496031.347,
              6671185.162
            ]
          ]
        ]
      },
      "properties": {
        "confidence": 0.5856,
        "length_m": 4.33,
        "width_m": 2.21,
        "heading_deg": 34.1,
        "aoi": "r4-hernesaari",
        "source_layer": "Ortoilmakuva_2025_5cm",
        "zoom": 16,
        "status": "confirmed",
        "class": "car"
      }
    },
    {
      "type": "Feature",
      "geometry": {
        "type": "Polygon",
        "coordinates": [
          [
            [
              25496061.082,
              6671205.843
            ],
            [
              25496062.993,
              6671204.772
            ],
            [
              25496065.135,
              6671208.595
            ],
            [
              25496063.224,
              6671209.666
            ],
            [
              25496061.082,
              6671205.843
            ]
          ]
        ]
      },
      "properties": {
        "confidence": 0.5832,
        "length_m": 4.38,
        "width_m": 2.19,
        "heading_deg": 29.3,
        "aoi": "r4-hernesaari",
        "source_layer": "Ortoilmakuva_2025_5cm",
        "zoom": 16,
        "status": "confirmed",
        "class": "car"
      }
    },
    {
      "type": "Feature",
      "geometry": {
        "type": "Polygon",
        "coordinates": [
          [
            [
              25495984.439,
              6671277.358
            ],
            [
              25495982.045,
              6671273.971
            ],
            [
              25495980.408,
              6671275.127
            ],
            [
              25495982.803,
              6671278.515
            ],
            [
              25495984.439,
              6671277.358
            ]
          ]
        ]
      },
      "properties": {
        "confidence": 0.5729,
        "length_m": 4.15,
        "width_m": 2,
        "heading_deg": 35.3,
        "aoi": "r4-hernesaari",
        "source_layer": "Ortoilmakuva_2025_5cm",
        "zoom": 16,
        "status": "confirmed",
        "class": "car"
      }
    },
    {
      "type": "Feature",
      "geometry": {
        "type": "Polygon",
        "coordinates": [
          [
            [
              25495929.205,
              6671087.35
            ],
            [
              25495931.113,
              6671086.046
            ],
            [
              25495933.835,
              6671090.025
            ],
            [
              25495931.928,
              6671091.33
            ],
            [
              25495929.205,
              6671087.35
            ]
          ]
        ]
      },
      "properties": {
        "confidence": 0.5673,
        "length_m": 4.82,
        "width_m": 2.31,
        "heading_deg": 34.4,
        "aoi": "r4-hernesaari",
        "source_layer": "Ortoilmakuva_2025_5cm",
        "zoom": 16,
        "status": "confirmed",
        "class": "van"
      }
    },
    {
      "type": "Feature",
      "geometry": {
        "type": "Polygon",
        "coordinates": [
          [
            [
              25496055.924,
              6671197.675
            ],
            [
              25496057.052,
              6671199.55
            ],
            [
              25496052.037,
              6671202.57
            ],
            [
              25496050.908,
              6671200.695
            ],
            [
              25496055.924,
              6671197.675
            ]
          ]
        ]
      },
      "properties": {
        "confidence": 0.5639,
        "length_m": 5.85,
        "width_m": 2.19,
        "heading_deg": 121.1,
        "aoi": "r4-hernesaari",
        "source_layer": "Ortoilmakuva_2025_5cm",
        "zoom": 16,
        "status": "confirmed",
        "class": "van"
      }
    },
    {
      "type": "Feature",
      "geometry": {
        "type": "Polygon",
        "coordinates": [
          [
            [
              25495961.95,
              6671219.923
            ],
            [
              25495961.489,
              6671222.065
            ],
            [
              25495956.705,
              6671221.035
            ],
            [
              25495957.166,
              6671218.893
            ],
            [
              25495961.95,
              6671219.923
            ]
          ]
        ]
      },
      "properties": {
        "confidence": 0.5543,
        "length_m": 4.89,
        "width_m": 2.19,
        "heading_deg": 77.8,
        "aoi": "r4-hernesaari",
        "source_layer": "Ortoilmakuva_2025_5cm",
        "zoom": 16,
        "status": "confirmed",
        "class": "car"
      }
    },
    {
      "type": "Feature",
      "geometry": {
        "type": "Polygon",
        "coordinates": [
          [
            [
              25496083.98,
              6671186.351
            ],
            [
              25496081.157,
              6671182.63
            ],
            [
              25496079.407,
              6671183.958
            ],
            [
              25496082.229,
              6671187.679
            ],
            [
              25496083.98,
              6671186.351
            ]
          ]
        ]
      },
      "properties": {
        "confidence": 0.5514,
        "length_m": 4.67,
        "width_m": 2.2,
        "heading_deg": 37.2,
        "aoi": "r4-hernesaari",
        "source_layer": "Ortoilmakuva_2025_5cm",
        "zoom": 16,
        "status": "confirmed",
        "class": "car"
      }
    },
    {
      "type": "Feature",
      "geometry": {
        "type": "Polygon",
        "coordinates": [
          [
            [
              25496116.255,
              6671124.802
            ],
            [
              25496118.137,
              6671123.601
            ],
            [
              25496120.717,
              6671127.647
            ],
            [
              25496118.835,
              6671128.847
            ],
            [
              25496116.255,
              6671124.802
            ]
          ]
        ]
      },
      "properties": {
        "confidence": 0.543,
        "length_m": 4.8,
        "width_m": 2.23,
        "heading_deg": 32.5,
        "aoi": "r4-hernesaari",
        "source_layer": "Ortoilmakuva_2025_5cm",
        "zoom": 16,
        "status": "confirmed",
        "class": "car"
      }
    },
    {
      "type": "Feature",
      "geometry": {
        "type": "Polygon",
        "coordinates": [
          [
            [
              25496037.502,
              6671238.188
            ],
            [
              25496037.061,
              6671241.26
            ],
            [
              25496027.693,
              6671239.916
            ],
            [
              25496028.134,
              6671236.844
            ],
            [
              25496037.502,
              6671238.188
            ]
          ]
        ]
      },
      "properties": {
        "confidence": 0.5341,
        "length_m": 9.46,
        "width_m": 3.1,
        "heading_deg": 81.8,
        "aoi": "r4-hernesaari",
        "source_layer": "Ortoilmakuva_2025_5cm",
        "zoom": 16,
        "status": "confirmed",
        "class": "truck"
      }
    },
    {
      "type": "Feature",
      "geometry": {
        "type": "Polygon",
        "coordinates": [
          [
            [
              25495958.673,
              6671070.292
            ],
            [
              25495960.693,
              6671069.053
            ],
            [
              25495963.298,
              6671073.301
            ],
            [
              25495961.278,
              6671074.539
            ],
            [
              25495958.673,
              6671070.292
            ]
          ]
        ]
      },
      "properties": {
        "confidence": 0.5339,
        "length_m": 4.98,
        "width_m": 2.37,
        "heading_deg": 31.5,
        "aoi": "r4-hernesaari",
        "source_layer": "Ortoilmakuva_2025_5cm",
        "zoom": 16,
        "status": "confirmed",
        "class": "car"
      }
    },
    {
      "type": "Feature",
      "geometry": {
        "type": "Polygon",
        "coordinates": [
          [
            [
              25495958.237,
              6671097.812
            ],
            [
              25495956.82,
              6671099.575
            ],
            [
              25495952.87,
              6671096.402
            ],
            [
              25495954.287,
              6671094.638
            ],
            [
              25495958.237,
              6671097.812
            ]
          ]
        ]
      },
      "properties": {
        "confidence": 0.5279,
        "length_m": 5.07,
        "width_m": 2.26,
        "heading_deg": 51.2,
        "aoi": "r4-hernesaari",
        "source_layer": "Ortoilmakuva_2025_5cm",
        "zoom": 16,
        "status": "confirmed",
        "class": "car"
      }
    },
    {
      "type": "Feature",
      "geometry": {
        "type": "Polygon",
        "coordinates": [
          [
            [
              25495934.359,
              6671084.513
            ],
            [
              25495936.35,
              6671083.217
            ],
            [
              25495939.13,
              6671087.486
            ],
            [
              25495937.139,
              6671088.782
            ],
            [
              25495934.359,
              6671084.513
            ]
          ]
        ]
      },
      "properties": {
        "confidence": 0.5117,
        "length_m": 5.09,
        "width_m": 2.38,
        "heading_deg": 33.1,
        "aoi": "r4-hernesaari",
        "source_layer": "Ortoilmakuva_2025_5cm",
        "zoom": 16,
        "status": "confirmed",
        "class": "van"
      }
    },
    {
      "type": "Feature",
      "geometry": {
        "type": "Polygon",
        "coordinates": [
          [
            [
              25495942.955,
              6671245.567
            ],
            [
              25495942.06,
              6671240.715
            ],
            [
              25495939.972,
              6671241.101
            ],
            [
              25495940.868,
              6671245.952
            ],
            [
              25495942.955,
              6671245.567
            ]
          ]
        ]
      },
      "properties": {
        "confidence": 0.4983,
        "length_m": 4.93,
        "width_m": 2.12,
        "heading_deg": 10.5,
        "aoi": "r4-hernesaari",
        "source_layer": "Ortoilmakuva_2025_5cm",
        "zoom": 16,
        "status": "confirmed",
        "class": "car"
      }
    },
    {
      "type": "Feature",
      "geometry": {
        "type": "Polygon",
        "coordinates": [
          [
            [
              25495964.19,
              6671067.663
            ],
            [
              25495966.17,
              6671066.362
            ],
            [
              25495968.732,
              6671070.259
            ],
            [
              25495966.753,
              6671071.56
            ],
            [
              25495964.19,
              6671067.663
            ]
          ]
        ]
      },
      "properties": {
        "confidence": 0.4943,
        "length_m": 4.66,
        "width_m": 2.37,
        "heading_deg": 33.3,
        "aoi": "r4-hernesaari",
        "source_layer": "Ortoilmakuva_2025_5cm",
        "zoom": 16,
        "status": "confirmed",
        "class": "car"
      }
    },
    {
      "type": "Feature",
      "geometry": {
        "type": "Polygon",
        "coordinates": [
          [
            [
              25496106.916,
              6671131.537
            ],
            [
              25496101.836,
              6671131.653
            ],
            [
              25496101.878,
              6671133.536
            ],
            [
              25496106.959,
              6671133.42
            ],
            [
              25496106.916,
              6671131.537
            ]
          ]
        ]
      },
      "properties": {
        "confidence": 0.4841,
        "length_m": 5.08,
        "width_m": 1.88,
        "heading_deg": 91.3,
        "aoi": "r4-hernesaari",
        "source_layer": "Ortoilmakuva_2025_5cm",
        "zoom": 16,
        "status": "confirmed",
        "class": "car"
      }
    },
    {
      "type": "Feature",
      "geometry": {
        "type": "Polygon",
        "coordinates": [
          [
            [
              25495933.29,
              6671070.133
            ],
            [
              25495930.962,
              6671065.464
            ],
            [
              25495929.073,
              6671066.406
            ],
            [
              25495931.401,
              6671071.074
            ],
            [
              25495933.29,
              6671070.133
            ]
          ]
        ]
      },
      "properties": {
        "confidence": 0.4261,
        "length_m": 5.22,
        "width_m": 2.11,
        "heading_deg": 26.5,
        "aoi": "r4-hernesaari",
        "source_layer": "Ortoilmakuva_2025_5cm",
        "zoom": 16,
        "status": "confirmed",
        "class": "van"
      }
    },
    {
      "type": "Feature",
      "geometry": {
        "type": "Polygon",
        "coordinates": [
          [
            [
              25496112.139,
              6671124.59
            ],
            [
              25496114.939,
              6671123.471
            ],
            [
              25496120.773,
              6671138.077
            ],
            [
              25496117.973,
              6671139.195
            ],
            [
              25496112.139,
              6671124.59
            ]
          ]
        ]
      },
      "properties": {
        "confidence": 0.3697,
        "length_m": 15.73,
        "width_m": 3.02,
        "heading_deg": 21.8,
        "aoi": "r4-hernesaari",
        "source_layer": "Ortoilmakuva_2025_5cm",
        "zoom": 16,
        "status": "rejected",
        "class": ""
      }
    },
    {
      "type": "Feature",
      "geometry": {
        "type": "Polygon",
        "coordinates": [
          [
            [
              25496054.045,
              6671108.392
            ],
            [
              25496056.515,
              6671106.573
            ],
            [
              25496060.871,
              6671112.492
            ],
            [
              25496058.401,
              6671114.31
            ],
            [
              25496054.045,
              6671108.392
            ]
          ]
        ]
      },
      "properties": {
        "confidence": 0.3657,
        "length_m": 7.35,
        "width_m": 3.07,
        "heading_deg": 36.4,
        "aoi": "r4-hernesaari",
        "source_layer": "Ortoilmakuva_2025_5cm",
        "zoom": 16,
        "status": "rejected",
        "class": ""
      }
    },
    {
      "type": "Feature",
      "geometry": {
        "type": "Polygon",
        "coordinates": [
          [
            [
              25495934.406,
              6671062.13
            ],
            [
              25495935.452,
              6671064.013
            ],
            [
              25495931.42,
              6671066.251
            ],
            [
              25495930.374,
              6671064.367
            ],
            [
              25495934.406,
              6671062.13
            ]
          ]
        ]
      },
      "properties": {
        "confidence": 0.3335,
        "length_m": 4.61,
        "width_m": 2.15,
        "heading_deg": 119,
        "aoi": "r4-hernesaari",
        "source_layer": "Ortoilmakuva_2025_5cm",
        "zoom": 16,
        "status": "rejected",
        "class": ""
      }
    },
    {
      "type": "Feature",
      "geometry": {
        "type": "Polygon",
        "coordinates": [
          [
            [
              25496064.054,
              6671075.325
            ],
            [
              25496065.885,
              6671074.521
            ],
            [
              25496067.618,
              6671078.469
            ],
            [
              25496065.787,
              6671079.273
            ],
            [
              25496064.054,
              6671075.325
            ]
          ]
        ]
      },
      "properties": {
        "confidence": 0.3297,
        "length_m": 4.31,
        "width_m": 2,
        "heading_deg": 23.7,
        "aoi": "r4-hernesaari",
        "source_layer": "Ortoilmakuva_2025_5cm",
        "zoom": 16,
        "status": "confirmed",
        "class": "car"
      }
    },
    {
      "type": "Feature",
      "geometry": {
        "type": "Polygon",
        "coordinates": [
          [
            [
              25496137.868,
              6671126.356
            ],
            [
              25496139.448,
              6671128.455
            ],
            [
              25496134.984,
              6671131.817
            ],
            [
              25496133.403,
              6671129.718
            ],
            [
              25496137.868,
              6671126.356
            ]
          ]
        ]
      },
      "properties": {
        "confidence": 0.3027,
        "length_m": 5.59,
        "width_m": 2.63,
        "heading_deg": 127,
        "aoi": "r4-hernesaari",
        "source_layer": "Ortoilmakuva_2025_5cm",
        "zoom": 16,
        "status": "rejected",
        "class": ""
      }
    },
    {
      "type": "Feature",
      "geometry": {
        "type": "Polygon",
        "coordinates": [
          [
            [
              25496085.893,
              6671073.699
            ],
            [
              25496087.563,
              6671076.407
            ],
            [
              25496079.281,
              6671081.514
            ],
            [
              25496077.612,
              6671078.806
            ],
            [
              25496085.893,
              6671073.699
            ]
          ]
        ]
      },
      "properties": {
        "confidence": 0.2965,
        "length_m": 9.73,
        "width_m": 3.18,
        "heading_deg": 121.7,
        "aoi": "r4-hernesaari",
        "source_layer": "Ortoilmakuva_2025_5cm",
        "zoom": 16,
        "status": "rejected",
        "class": ""
      }
    },
    {
      "type": "Feature",
      "geometry": {
        "type": "Polygon",
        "coordinates": [
          [
            [
              25496021.486,
              6671157.574
            ],
            [
              25496021.995,
              6671159.251
            ],
            [
              25496015.945,
              6671161.088
            ],
            [
              25496015.435,
              6671159.411
            ],
            [
              25496021.486,
              6671157.574
            ]
          ]
        ]
      },
      "properties": {
        "confidence": 0.2777,
        "length_m": 6.32,
        "width_m": 1.75,
        "heading_deg": 106.9,
        "aoi": "r4-hernesaari",
        "source_layer": "Ortoilmakuva_2025_5cm",
        "zoom": 16,
        "status": "rejected",
        "class": ""
      }
    },
    {
      "type": "Feature",
      "geometry": {
        "type": "Polygon",
        "coordinates": [
          [
            [
              25495921.585,
              6671067.586
            ],
            [
              25495923.187,
              6671070.22
            ],
            [
              25495918.081,
              6671073.325
            ],
            [
              25495916.479,
              6671070.691
            ],
            [
              25495921.585,
              6671067.586
            ]
          ]
        ]
      },
      "properties": {
        "confidence": 0.2676,
        "length_m": 5.98,
        "width_m": 3.08,
        "heading_deg": 121.3,
        "aoi": "r4-hernesaari",
        "source_layer": "Ortoilmakuva_2025_5cm",
        "zoom": 16,
        "status": "rejected",
        "class": ""
      }
    },
    {
      "type": "Feature",
      "geometry": {
        "type": "Polygon",
        "coordinates": [
          [
            [
              25496009.249,
              6671269.477
            ],
            [
              25496008.78,
              6671265.388
            ],
            [
              25496006.702,
              6671265.626
            ],
            [
              25496007.171,
              6671269.716
            ],
            [
              25496009.249,
              6671269.477
            ]
          ]
        ]
      },
      "properties": {
        "class": "car",
        "status": "added",
        "confidence": null,
        "aoi": "r4-hernesaari",
        "source_layer": "Ortoilmakuva_2025_5cm",
        "zoom": 16,
        "length_m": 4.12,
        "width_m": 2.09,
        "heading_deg": 6.5
      }
    },
    {
      "type": "Feature",
      "geometry": {
        "type": "Polygon",
        "coordinates": [
          [
            [
              25495944.978,
              6671240.356
            ],
            [
              25495945.635,
              6671245.079
            ],
            [
              25495947.738,
              6671244.787
            ],
            [
              25495947.081,
              6671240.064
            ],
            [
              25495944.978,
              6671240.356
            ]
          ]
        ]
      },
      "properties": {
        "class": "car",
        "status": "added",
        "confidence": null,
        "aoi": "r4-hernesaari",
        "source_layer": "Ortoilmakuva_2025_5cm",
        "zoom": 16,
        "length_m": 4.77,
        "width_m": 2.12,
        "heading_deg": 7.9
      }
    },
    {
      "type": "Feature",
      "geometry": {
        "type": "Polygon",
        "coordinates": [
          [
            [
              25495947.494,
              6671240.592
            ],
            [
              25495948.073,
              6671244.713
            ],
            [
              25495950.176,
              6671244.418
            ],
            [
              25495949.597,
              6671240.296
            ],
            [
              25495947.494,
              6671240.592
            ]
          ]
        ]
      },
      "properties": {
        "class": "car",
        "status": "added",
        "confidence": null,
        "aoi": "r4-hernesaari",
        "source_layer": "Ortoilmakuva_2025_5cm",
        "zoom": 16,
        "length_m": 4.16,
        "width_m": 2.12,
        "heading_deg": 8
      }
    },
    {
      "type": "Feature",
      "geometry": {
        "type": "Polygon",
        "coordinates": [
          [
            [
              25495942.067,
              6671239.816
            ],
            [
              25495943.091,
              6671245.597
            ],
            [
              25495945.182,
              6671245.227
            ],
            [
              25495944.158,
              6671239.446
            ],
            [
              25495942.067,
              6671239.816
            ]
          ]
        ]
      },
      "properties": {
        "class": "van",
        "status": "added",
        "confidence": null,
        "aoi": "r4-hernesaari",
        "source_layer": "Ortoilmakuva_2025_5cm",
        "zoom": 16,
        "length_m": 5.87,
        "width_m": 2.12,
        "heading_deg": 10
      }
    }
  ]
}
