{
  "type": "FeatureCollection",
  "crs": {
    "type": "name",
    "properties": {
      "name": "urn:ogc:def:crs:EPSG::3879"
    }
  },
  "features": [
    {
      "type": "Feature",
      "geometry": {
        "type": "Polygon",
        "coordinates": [
          [
            [
              25502534.499,
              6676383.08
            ],
            [
              25502535.894,
              6676386.142
            ],
            [
              25502524.794,
              6676391.199
            ],
            [
              25502523.399,
              6676388.136
            ],
            [
              25502534.499,
              6676383.08
            ]
          ]
        ]
      },
      "properties": {
        "confidence": 0.9579,
        "length_m": 12.2,
        "width_m": 3.36,
        "heading_deg": 114.5,
        "aoi": "r4-herttoniemi-n",
        "source_layer": "Ortoilmakuva_2025_5cm",
        "zoom": 16,
        "status": "confirmed",
        "class": "truck"
      }
    },
    {
      "type": "Feature",
      "geometry": {
        "type": "Polygon",
        "coordinates": [
          [
            [
              25502380.768,
              6676629.439
            ],
            [
              25502381.977,
              6676631.199
            ],
            [
              25502378.184,
              6676633.805
            ],
            [
              25502376.974,
              6676632.045
            ],
            [
              25502380.768,
              6676629.439
            ]
          ]
        ]
      },
      "properties": {
        "confidence": 0.9522,
        "length_m": 4.6,
        "width_m": 2.14,
        "heading_deg": 124.5,
        "aoi": "r4-herttoniemi-n",
        "source_layer": "Ortoilmakuva_2025_5cm",
        "zoom": 16,
        "status": "confirmed",
        "class": "car"
      }
    },
    {
      "type": "Feature",
      "geometry": {
        "type": "Polygon",
        "coordinates": [
          [
            [
              25502585.246,
              6676596.651
            ],
            [
              25502586.454,
              6676598.673
            ],
            [
              25502582.204,
              6676601.212
            ],
            [
              25502580.996,
              6676599.19
            ],
            [
              25502585.246,
              6676596.651
            ]
          ]
        ]
      },
      "properties": {
        "confidence": 0.9489,
        "length_m": 4.95,
        "width_m": 2.36,
        "heading_deg": 120.9,
        "aoi": "r4-herttoniemi-n",
        "source_layer": "Ortoilmakuva_2025_5cm",
        "zoom": 16,
        "status": "confirmed",
        "class": "car"
      }
    },
    {
      "type": "Feature",
      "geometry": {
        "type": "Polygon",
        "coordinates": [
          [
            [
              25502565.264,
              6676594.572
            ],
            [
              25502567.282,
              6676595.761
            ],
            [
              25502564.793,
              6676599.99
            ],
            [
              25502562.774,
              6676598.802
            ],
            [
              25502565.264,
              6676594.572
            ]
          ]
        ]
      },
      "properties": {
        "confidence": 0.9474,
        "length_m": 4.91,
        "width_m": 2.34,
        "heading_deg": 149.5,
        "aoi": "r4-herttoniemi-n",
        "source_layer": "Ortoilmakuva_2025_5cm",
        "zoom": 16,
        "status": "confirmed",
        "class": "car"
      }
    },
    {
      "type": "Feature",
      "geometry": {
        "type": "Polygon",
        "coordinates": [
          [
            [
              25502574.703,
              6676570.191
            ],
            [
              25502576.843,
              6676570.826
            ],
            [
              25502575.628,
              6676574.918
            ],
            [
              25502573.488,
              6676574.283
            ],
            [
              25502574.703,
              6676570.191
            ]
          ]
        ]
      },
      "properties": {
        "confidence": 0.9466,
        "length_m": 4.27,
        "width_m": 2.23,
        "heading_deg": 163.5,
        "aoi": "r4-herttoniemi-n",
        "source_layer": "Ortoilmakuva_2025_5cm",
        "zoom": 16,
        "status": "confirmed",
        "class": "car"
      }
    },
    {
      "type": "Feature",
      "geometry": {
        "type": "Polygon",
        "coordinates": [
          [
            [
              25502562.616,
              6676566.852
            ],
            [
              25502564.603,
              6676567.453
            ],
            [
              25502563.359,
              6676571.568
            ],
            [
              25502561.373,
              6676570.967
            ],
            [
              25502562.616,
              6676566.852
            ]
          ]
        ]
      },
      "properties": {
        "confidence": 0.9466,
        "length_m": 4.3,
        "width_m": 2.08,
        "heading_deg": 163.2,
        "aoi": "r4-herttoniemi-n",
        "source_layer": "Ortoilmakuva_2025_5cm",
        "zoom": 16,
        "status": "confirmed",
        "class": "car"
      }
    },
    {
      "type": "Feature",
      "geometry": {
        "type": "Polygon",
        "coordinates": [
          [
            [
              25502565.55,
              6676584.665
            ],
            [
              25502567.635,
              6676585.267
            ],
            [
              25502566.343,
              6676589.744
            ],
            [
              25502564.258,
              6676589.142
            ],
            [
              25502565.55,
              6676584.665
            ]
          ]
        ]
      },
      "properties": {
        "confidence": 0.9462,
        "length_m": 4.66,
        "width_m": 2.17,
        "heading_deg": 163.9,
        "aoi": "r4-herttoniemi-n",
        "source_layer": "Ortoilmakuva_2025_5cm",
        "zoom": 16,
        "status": "confirmed",
        "class": "car"
      }
    },
    {
      "type": "Feature",
      "geometry": {
        "type": "Polygon",
        "coordinates": [
          [
            [
              25502509.826,
              6676528.639
            ],
            [
              25502511.131,
              6676530.506
            ],
            [
              25502506.922,
              6676533.448
            ],
            [
              25502505.618,
              6676531.581
            ],
            [
              25502509.826,
              6676528.639
            ]
          ]
        ]
      },
      "properties": {
        "confidence": 0.946,
        "length_m": 5.14,
        "width_m": 2.28,
        "heading_deg": 125,
        "aoi": "r4-herttoniemi-n",
        "source_layer": "Ortoilmakuva_2025_5cm",
        "zoom": 16,
        "status": "confirmed",
        "class": "car"
      }
    },
    {
      "type": "Feature",
      "geometry": {
        "type": "Polygon",
        "coordinates": [
          [
            [
              25502568.11,
              6676559.535
            ],
            [
              25502570.591,
              6676560.147
            ],
            [
              25502568.923,
              6676566.91
            ],
            [
              25502566.442,
              6676566.298
            ],
            [
              25502568.11,
              6676559.535
            ]
          ]
        ]
      },
      "properties": {
        "confidence": 0.9452,
        "length_m": 6.97,
        "width_m": 2.56,
        "heading_deg": 166.1,
        "aoi": "r4-herttoniemi-n",
        "source_layer": "Ortoilmakuva_2025_5cm",
        "zoom": 16,
        "status": "confirmed",
        "class": "truck"
      }
    },
    {
      "type": "Feature",
      "geometry": {
        "type": "Polygon",
        "coordinates": [
          [
            [
              25502650.073,
              6676459.746
            ],
            [
              25502650.145,
              6676461.798
            ],
            [
              25502645.801,
              6676461.95
            ],
            [
              25502645.729,
              6676459.898
            ],
            [
              25502650.073,
              6676459.746
            ]
          ]
        ]
      },
      "properties": {
        "confidence": 0.9449,
        "length_m": 4.35,
        "width_m": 2.05,
        "heading_deg": 92,
        "aoi": "r4-herttoniemi-n",
        "source_layer": "Ortoilmakuva_2025_5cm",
        "zoom": 16,
        "status": "confirmed",
        "class": "car"
      }
    },
    {
      "type": "Feature",
      "geometry": {
        "type": "Polygon",
        "coordinates": [
          [
            [
              25502530.405,
              6676579.433
            ],
            [
              25502531.759,
              6676581.184
            ],
            [
              25502528.014,
              6676584.079
            ],
            [
              25502526.661,
              6676582.328
            ],
            [
              25502530.405,
              6676579.433
            ]
          ]
        ]
      },
      "properties": {
        "confidence": 0.9448,
        "length_m": 4.73,
        "width_m": 2.21,
        "heading_deg": 127.7,
        "aoi": "r4-herttoniemi-n",
        "source_layer": "Ortoilmakuva_2025_5cm",
        "zoom": 16,
        "status": "confirmed",
        "class": "car"
      }
    },
    {
      "type": "Feature",
      "geometry": {
        "type": "Polygon",
        "coordinates": [
          [
            [
              25502617.376,
              6676536.418
            ],
            [
              25502617.372,
              6676538.755
            ],
            [
              25502612.426,
              6676538.746
            ],
            [
              25502612.43,
              6676536.408
            ],
            [
              25502617.376,
              6676536.418
            ]
          ]
        ]
      },
      "properties": {
        "confidence": 0.9445,
        "length_m": 4.95,
        "width_m": 2.34,
        "heading_deg": 89.9,
        "aoi": "r4-herttoniemi-n",
        "source_layer": "Ortoilmakuva_2025_5cm",
        "zoom": 16,
        "status": "confirmed",
        "class": "car"
      }
    },
    {
      "type": "Feature",
      "geometry": {
        "type": "Polygon",
        "coordinates": [
          [
            [
              25502571.726,
              6676603.908
            ],
            [
              25502573.645,
              6676605.034
            ],
            [
              25502571.37,
              6676608.916
            ],
            [
              25502569.45,
              6676607.791
            ],
            [
              25502571.726,
              6676603.908
            ]
          ]
        ]
      },
      "properties": {
        "confidence": 0.9444,
        "length_m": 4.5,
        "width_m": 2.22,
        "heading_deg": 149.6,
        "aoi": "r4-herttoniemi-n",
        "source_layer": "Ortoilmakuva_2025_5cm",
        "zoom": 16,
        "status": "confirmed",
        "class": "car"
      }
    },
    {
      "type": "Feature",
      "geometry": {
        "type": "Polygon",
        "coordinates": [
          [
            [
              25502586.28,
              6676605.705
            ],
            [
              25502587.388,
              6676607.608
            ],
            [
              25502583.42,
              6676609.918
            ],
            [
              25502582.312,
              6676608.015
            ],
            [
              25502586.28,
              6676605.705
            ]
          ]
        ]
      },
      "properties": {
        "confidence": 0.9441,
        "length_m": 4.59,
        "width_m": 2.2,
        "heading_deg": 120.2,
        "aoi": "r4-herttoniemi-n",
        "source_layer": "Ortoilmakuva_2025_5cm",
        "zoom": 16,
        "status": "confirmed",
        "class": "car"
      }
    },
    {
      "type": "Feature",
      "geometry": {
        "type": "Polygon",
        "coordinates": [
          [
            [
              25502422.701,
              6676548.665
            ],
            [
              25502423.79,
              6676550.615
            ],
            [
              25502419.616,
              6676552.945
            ],
            [
              25502418.527,
              6676550.995
            ],
            [
              25502422.701,
              6676548.665
            ]
          ]
        ]
      },
      "properties": {
        "confidence": 0.9441,
        "length_m": 4.78,
        "width_m": 2.23,
        "heading_deg": 119.2,
        "aoi": "r4-herttoniemi-n",
        "source_layer": "Ortoilmakuva_2025_5cm",
        "zoom": 16,
        "status": "confirmed",
        "class": "car"
      }
    },
    {
      "type": "Feature",
      "geometry": {
        "type": "Polygon",
        "coordinates": [
          [
            [
              25502565.414,
              6676559.205
            ],
            [
              25502567.781,
              6676559.777
            ],
            [
              25502566.125,
              6676566.631
            ],
            [
              25502563.758,
              6676566.059
            ],
            [
              25502565.414,
              6676559.205
            ]
          ]
        ]
      },
      "properties": {
        "confidence": 0.944,
        "length_m": 7.05,
        "width_m": 2.44,
        "heading_deg": 166.4,
        "aoi": "r4-herttoniemi-n",
        "source_layer": "Ortoilmakuva_2025_5cm",
        "zoom": 16,
        "status": "confirmed",
        "class": "truck"
      }
    },
    {
      "type": "Feature",
      "geometry": {
        "type": "Polygon",
        "coordinates": [
          [
            [
              25502650.386,
              6676455.105
            ],
            [
              25502650.382,
              6676457.218
            ],
            [
              25502645.609,
              6676457.21
            ],
            [
              25502645.613,
              6676455.097
            ],
            [
              25502650.386,
              6676455.105
            ]
          ]
        ]
      },
      "properties": {
        "confidence": 0.9429,
        "length_m": 4.77,
        "width_m": 2.11,
        "heading_deg": 89.9,
        "aoi": "r4-herttoniemi-n",
        "source_layer": "Ortoilmakuva_2025_5cm",
        "zoom": 16,
        "status": "confirmed",
        "class": "car"
      }
    },
    {
      "type": "Feature",
      "geometry": {
        "type": "Polygon",
        "coordinates": [
          [
            [
              25502564.303,
              6676579.524
            ],
            [
              25502566.446,
              6676580.084
            ],
            [
              25502565.298,
              6676584.473
            ],
            [
              25502563.156,
              6676583.913
            ],
            [
              25502564.303,
              6676579.524
            ]
          ]
        ]
      },
      "properties": {
        "confidence": 0.9427,
        "length_m": 4.54,
        "width_m": 2.21,
        "heading_deg": 165.3,
        "aoi": "r4-herttoniemi-n",
        "source_layer": "Ortoilmakuva_2025_5cm",
        "zoom": 16,
        "status": "confirmed",
        "class": "car"
      }
    },
    {
      "type": "Feature",
      "geometry": {
        "type": "Polygon",
        "coordinates": [
          [
            [
              25502587.467,
              6676619.635
            ],
            [
              25502588.799,
              6676621.474
            ],
            [
              25502584.854,
              6676624.33
            ],
            [
              25502583.523,
              6676622.491
            ],
            [
              25502587.467,
              6676619.635
            ]
          ]
        ]
      },
      "properties": {
        "confidence": 0.9426,
        "length_m": 4.87,
        "width_m": 2.27,
        "heading_deg": 125.9,
        "aoi": "r4-herttoniemi-n",
        "source_layer": "Ortoilmakuva_2025_5cm",
        "zoom": 16,
        "status": "confirmed",
        "class": "car"
      }
    },
    {
      "type": "Feature",
      "geometry": {
        "type": "Polygon",
        "coordinates": [
          [
            [
              25502526.526,
              6676582.317
            ],
            [
              25502527.781,
              6676584.08
            ],
            [
              25502524.129,
              6676586.681
            ],
            [
              25502522.873,
              6676584.918
            ],
            [
              25502526.526,
              6676582.317
            ]
          ]
        ]
      },
      "properties": {
        "confidence": 0.9424,
        "length_m": 4.48,
        "width_m": 2.16,
        "heading_deg": 125.5,
        "aoi": "r4-herttoniemi-n",
        "source_layer": "Ortoilmakuva_2025_5cm",
        "zoom": 16,
        "status": "confirmed",
        "class": "car"
      }
    },
    {
      "type": "Feature",
      "geometry": {
        "type": "Polygon",
        "coordinates": [
          [
            [
              25502570.497,
              6676586.37
            ],
            [
              25502572.555,
              6676587.015
            ],
            [
              25502571.154,
              6676591.479
            ],
            [
              25502569.097,
              6676590.833
            ],
            [
              25502570.497,
              6676586.37
            ]
          ]
        ]
      },
      "properties": {
        "confidence": 0.9416,
        "length_m": 4.68,
        "width_m": 2.16,
        "heading_deg": 162.6,
        "aoi": "r4-herttoniemi-n",
        "source_layer": "Ortoilmakuva_2025_5cm",
        "zoom": 16,
        "status": "confirmed",
        "class": "car"
      }
    },
    {
      "type": "Feature",
      "geometry": {
        "type": "Polygon",
        "coordinates": [
          [
            [
              25502579.538,
              6676571.858
            ],
            [
              25502581.589,
              6676572.591
            ],
            [
              25502580.056,
              6676576.877
            ],
            [
              25502578.005,
              6676576.144
            ],
            [
              25502579.538,
              6676571.858
            ]
          ]
        ]
      },
      "properties": {
        "confidence": 0.9415,
        "length_m": 4.55,
        "width_m": 2.18,
        "heading_deg": 160.3,
        "aoi": "r4-herttoniemi-n",
        "source_layer": "Ortoilmakuva_2025_5cm",
        "zoom": 16,
        "status": "confirmed",
        "class": "car"
      }
    },
    {
      "type": "Feature",
      "geometry": {
        "type": "Polygon",
        "coordinates": [
          [
            [
              25502573.329,
              6676371.285
            ],
            [
              25502573.427,
              6676373.531
            ],
            [
              25502568.471,
              6676373.747
            ],
            [
              25502568.373,
              6676371.501
            ],
            [
              25502573.329,
              6676371.285
            ]
          ]
        ]
      },
      "properties": {
        "confidence": 0.9415,
        "length_m": 4.96,
        "width_m": 2.25,
        "heading_deg": 92.5,
        "aoi": "r4-herttoniemi-n",
        "source_layer": "Ortoilmakuva_2025_5cm",
        "zoom": 16,
        "status": "confirmed",
        "class": "car"
      }
    },
    {
      "type": "Feature",
      "geometry": {
        "type": "Polygon",
        "coordinates": [
          [
            [
              25502571.676,
              6676400.911
            ],
            [
              25502571.665,
              6676403.33
            ],
            [
              25502566.957,
              6676403.309
            ],
            [
              25502566.967,
              6676400.89
            ],
            [
              25502571.676,
              6676400.911
            ]
          ]
        ]
      },
      "properties": {
        "confidence": 0.9415,
        "length_m": 4.71,
        "width_m": 2.42,
        "heading_deg": 89.7,
        "aoi": "r4-herttoniemi-n",
        "source_layer": "Ortoilmakuva_2025_5cm",
        "zoom": 16,
        "status": "confirmed",
        "class": "car"
      }
    },
    {
      "type": "Feature",
      "geometry": {
        "type": "Polygon",
        "coordinates": [
          [
            [
              25502533.623,
              6676534.267
            ],
            [
              25502535.002,
              6676536.164
            ],
            [
              25502530.881,
              6676539.161
            ],
            [
              25502529.502,
              6676537.265
            ],
            [
              25502533.623,
              6676534.267
            ]
          ]
        ]
      },
      "properties": {
        "confidence": 0.9414,
        "length_m": 5.1,
        "width_m": 2.35,
        "heading_deg": 126,
        "aoi": "r4-herttoniemi-n",
        "source_layer": "Ortoilmakuva_2025_5cm",
        "zoom": 16,
        "status": "confirmed",
        "class": "car"
      }
    },
    {
      "type": "Feature",
      "geometry": {
        "type": "Polygon",
        "coordinates": [
          [
            [
              25502487.788,
              6676462.102
            ],
            [
              25502489.095,
              6676464.252
            ],
            [
              25502484.536,
              6676467.021
            ],
            [
              25502483.23,
              6676464.871
            ],
            [
              25502487.788,
              6676462.102
            ]
          ]
        ]
      },
      "properties": {
        "confidence": 0.9413,
        "length_m": 5.33,
        "width_m": 2.52,
        "heading_deg": 121.3,
        "aoi": "r4-herttoniemi-n",
        "source_layer": "Ortoilmakuva_2025_5cm",
        "zoom": 16,
        "status": "confirmed",
        "class": "car"
      }
    },
    {
      "type": "Feature",
      "geometry": {
        "type": "Polygon",
        "coordinates": [
          [
            [
              25502578.876,
              6676583.505
            ],
            [
              25502580.891,
              6676584.069
            ],
            [
              25502579.754,
              6676588.127
            ],
            [
              25502577.739,
              6676587.562
            ],
            [
              25502578.876,
              6676583.505
            ]
          ]
        ]
      },
      "properties": {
        "confidence": 0.9409,
        "length_m": 4.21,
        "width_m": 2.09,
        "heading_deg": 164.3,
        "aoi": "r4-herttoniemi-n",
        "source_layer": "Ortoilmakuva_2025_5cm",
        "zoom": 16,
        "status": "confirmed",
        "class": "car"
      }
    },
    {
      "type": "Feature",
      "geometry": {
        "type": "Polygon",
        "coordinates": [
          [
            [
              25502569.391,
              6676581.004
            ],
            [
              25502571.349,
              6676581.598
            ],
            [
              25502570.092,
              6676585.742
            ],
            [
              25502568.134,
              6676585.148
            ],
            [
              25502569.391,
              6676581.004
            ]
          ]
        ]
      },
      "properties": {
        "confidence": 0.9407,
        "length_m": 4.33,
        "width_m": 2.05,
        "heading_deg": 163.1,
        "aoi": "r4-herttoniemi-n",
        "source_layer": "Ortoilmakuva_2025_5cm",
        "zoom": 16,
        "status": "confirmed",
        "class": "car"
      }
    },
    {
      "type": "Feature",
      "geometry": {
        "type": "Polygon",
        "coordinates": [
          [
            [
              25502600.174,
              6676537.049
            ],
            [
              25502600.211,
              6676539.267
            ],
            [
              25502595.769,
              6676539.341
            ],
            [
              25502595.732,
              6676537.122
            ],
            [
              25502600.174,
              6676537.049
            ]
          ]
        ]
      },
      "properties": {
        "confidence": 0.9405,
        "length_m": 4.44,
        "width_m": 2.22,
        "heading_deg": 91,
        "aoi": "r4-herttoniemi-n",
        "source_layer": "Ortoilmakuva_2025_5cm",
        "zoom": 16,
        "status": "confirmed",
        "class": "car"
      }
    },
    {
      "type": "Feature",
      "geometry": {
        "type": "Polygon",
        "coordinates": [
          [
            [
              25502396.635,
              6676571.802
            ],
            [
              25502397.858,
              6676573.831
            ],
            [
              25502393.518,
              6676576.447
            ],
            [
              25502392.295,
              6676574.418
            ],
            [
              25502396.635,
              6676571.802
            ]
          ]
        ]
      },
      "properties": {
        "confidence": 0.9398,
        "length_m": 5.07,
        "width_m": 2.37,
        "heading_deg": 121.1,
        "aoi": "r4-herttoniemi-n",
        "source_layer": "Ortoilmakuva_2025_5cm",
        "zoom": 16,
        "status": "confirmed",
        "class": "car"
      }
    },
    {
      "type": "Feature",
      "geometry": {
        "type": "Polygon",
        "coordinates": [
          [
            [
              25502529.138,
              6676408.007
            ],
            [
              25502526.918,
              6676398.289
            ],
            [
              25502523.766,
              6676399.009
            ],
            [
              25502525.985,
              6676408.727
            ],
            [
              25502529.138,
              6676408.007
            ]
          ]
        ]
      },
      "properties": {
        "confidence": 0.9398,
        "length_m": 9.97,
        "width_m": 3.23,
        "heading_deg": 12.9,
        "aoi": "r4-herttoniemi-n",
        "source_layer": "Ortoilmakuva_2025_5cm",
        "zoom": 16,
        "status": "confirmed",
        "class": "truck"
      }
    },
    {
      "type": "Feature",
      "geometry": {
        "type": "Polygon",
        "coordinates": [
          [
            [
              25502564.789,
              6676567.79
            ],
            [
              25502567.031,
              6676568.493
            ],
            [
              25502565.62,
              6676572.994
            ],
            [
              25502563.378,
              6676572.291
            ],
            [
              25502564.789,
              6676567.79
            ]
          ]
        ]
      },
      "properties": {
        "confidence": 0.9397,
        "length_m": 4.72,
        "width_m": 2.35,
        "heading_deg": 162.6,
        "aoi": "r4-herttoniemi-n",
        "source_layer": "Ortoilmakuva_2025_5cm",
        "zoom": 16,
        "status": "confirmed",
        "class": "car"
      }
    },
    {
      "type": "Feature",
      "geometry": {
        "type": "Polygon",
        "coordinates": [
          [
            [
              25502578.224,
              6676517.757
            ],
            [
              25502578.122,
              6676519.979
            ],
            [
              25502573.501,
              6676519.768
            ],
            [
              25502573.603,
              6676517.545
            ],
            [
              25502578.224,
              6676517.757
            ]
          ]
        ]
      },
      "properties": {
        "confidence": 0.9396,
        "length_m": 4.63,
        "width_m": 2.22,
        "heading_deg": 87.4,
        "aoi": "r4-herttoniemi-n",
        "source_layer": "Ortoilmakuva_2025_5cm",
        "zoom": 16,
        "status": "confirmed",
        "class": "car"
      }
    },
    {
      "type": "Feature",
      "geometry": {
        "type": "Polygon",
        "coordinates": [
          [
            [
              25502504.427,
              6676597.664
            ],
            [
              25502505.62,
              6676599.379
            ],
            [
              25502501.993,
              6676601.903
            ],
            [
              25502500.8,
              6676600.188
            ],
            [
              25502504.427,
              6676597.664
            ]
          ]
        ]
      },
      "properties": {
        "confidence": 0.9393,
        "length_m": 4.42,
        "width_m": 2.09,
        "heading_deg": 124.8,
        "aoi": "r4-herttoniemi-n",
        "source_layer": "Ortoilmakuva_2025_5cm",
        "zoom": 16,
        "status": "confirmed",
        "class": "car"
      }
    },
    {
      "type": "Feature",
      "geometry": {
        "type": "Polygon",
        "coordinates": [
          [
            [
              25502556.906,
              6676578.027
            ],
            [
              25502558.938,
              6676578.665
            ],
            [
              25502557.656,
              6676582.746
            ],
            [
              25502555.624,
              6676582.108
            ],
            [
              25502556.906,
              6676578.027
            ]
          ]
        ]
      },
      "properties": {
        "confidence": 0.9392,
        "length_m": 4.28,
        "width_m": 2.13,
        "heading_deg": 162.6,
        "aoi": "r4-herttoniemi-n",
        "source_layer": "Ortoilmakuva_2025_5cm",
        "zoom": 16,
        "status": "confirmed",
        "class": "car"
      }
    },
    {
      "type": "Feature",
      "geometry": {
        "type": "Polygon",
        "coordinates": [
          [
            [
              25502562.165,
              6676561.163
            ],
            [
              25502564.366,
              6676561.633
            ],
            [
              25502563.454,
              6676565.912
            ],
            [
              25502561.253,
              6676565.443
            ],
            [
              25502562.165,
              6676561.163
            ]
          ]
        ]
      },
      "properties": {
        "confidence": 0.9391,
        "length_m": 4.38,
        "width_m": 2.25,
        "heading_deg": 168,
        "aoi": "r4-herttoniemi-n",
        "source_layer": "Ortoilmakuva_2025_5cm",
        "zoom": 16,
        "status": "confirmed",
        "class": "car"
      }
    },
    {
      "type": "Feature",
      "geometry": {
        "type": "Polygon",
        "coordinates": [
          [
            [
              25502571.728,
              6676581.495
            ],
            [
              25502573.702,
              6676582.093
            ],
            [
              25502572.503,
              6676586.054
            ],
            [
              25502570.529,
              6676585.456
            ],
            [
              25502571.728,
              6676581.495
            ]
          ]
        ]
      },
      "properties": {
        "confidence": 0.939,
        "length_m": 4.14,
        "width_m": 2.06,
        "heading_deg": 163.2,
        "aoi": "r4-herttoniemi-n",
        "source_layer": "Ortoilmakuva_2025_5cm",
        "zoom": 16,
        "status": "confirmed",
        "class": "car"
      }
    },
    {
      "type": "Feature",
      "geometry": {
        "type": "Polygon",
        "coordinates": [
          [
            [
              25502610.699,
              6676536.651
            ],
            [
              25502610.639,
              6676539.064
            ],
            [
              25502605.689,
              6676538.939
            ],
            [
              25502605.75,
              6676536.526
            ],
            [
              25502610.699,
              6676536.651
            ]
          ]
        ]
      },
      "properties": {
        "confidence": 0.9389,
        "length_m": 4.95,
        "width_m": 2.41,
        "heading_deg": 88.6,
        "aoi": "r4-herttoniemi-n",
        "source_layer": "Ortoilmakuva_2025_5cm",
        "zoom": 16,
        "status": "confirmed",
        "class": "car"
      }
    },
    {
      "type": "Feature",
      "geometry": {
        "type": "Polygon",
        "coordinates": [
          [
            [
              25502544.922,
              6676572.086
            ],
            [
              25502544.849,
              6676574.168
            ],
            [
              25502540.447,
              6676574.013
            ],
            [
              25502540.521,
              6676571.931
            ],
            [
              25502544.922,
              6676572.086
            ]
          ]
        ]
      },
      "properties": {
        "confidence": 0.9386,
        "length_m": 4.4,
        "width_m": 2.08,
        "heading_deg": 88,
        "aoi": "r4-herttoniemi-n",
        "source_layer": "Ortoilmakuva_2025_5cm",
        "zoom": 16,
        "status": "confirmed",
        "class": "car"
      }
    },
    {
      "type": "Feature",
      "geometry": {
        "type": "Polygon",
        "coordinates": [
          [
            [
              25502394.327,
              6676628.232
            ],
            [
              25502395.643,
              6676629.998
            ],
            [
              25502391.936,
              6676632.761
            ],
            [
              25502390.62,
              6676630.996
            ],
            [
              25502394.327,
              6676628.232
            ]
          ]
        ]
      },
      "properties": {
        "confidence": 0.9386,
        "length_m": 4.62,
        "width_m": 2.2,
        "heading_deg": 126.7,
        "aoi": "r4-herttoniemi-n",
        "source_layer": "Ortoilmakuva_2025_5cm",
        "zoom": 16,
        "status": "confirmed",
        "class": "car"
      }
    },
    {
      "type": "Feature",
      "geometry": {
        "type": "Polygon",
        "coordinates": [
          [
            [
              25502669.845,
              6676472.38
            ],
            [
              25502669.794,
              6676467.425
            ],
            [
              25502667.707,
              6676467.446
            ],
            [
              25502667.757,
              6676472.401
            ],
            [
              25502669.845,
              6676472.38
            ]
          ]
        ]
      },
      "properties": {
        "confidence": 0.9384,
        "length_m": 4.96,
        "width_m": 2.09,
        "heading_deg": 0.6,
        "aoi": "r4-herttoniemi-n",
        "source_layer": "Ortoilmakuva_2025_5cm",
        "zoom": 16,
        "status": "confirmed",
        "class": "car"
      }
    },
    {
      "type": "Feature",
      "geometry": {
        "type": "Polygon",
        "coordinates": [
          [
            [
              25502601.047,
              6676534.548
            ],
            [
              25502601.053,
              6676536.747
            ],
            [
              25502596.106,
              6676536.759
            ],
            [
              25502596.101,
              6676534.56
            ],
            [
              25502601.047,
              6676534.548
            ]
          ]
        ]
      },
      "properties": {
        "confidence": 0.9383,
        "length_m": 4.95,
        "width_m": 2.2,
        "heading_deg": 90.1,
        "aoi": "r4-herttoniemi-n",
        "source_layer": "Ortoilmakuva_2025_5cm",
        "zoom": 16,
        "status": "confirmed",
        "class": "car"
      }
    },
    {
      "type": "Feature",
      "geometry": {
        "type": "Polygon",
        "coordinates": [
          [
            [
              25502554.299,
              6676551.544
            ],
            [
              25502547.215,
              6676548.264
            ],
            [
              25502545.846,
              6676551.221
            ],
            [
              25502552.93,
              6676554.501
            ],
            [
              25502554.299,
              6676551.544
            ]
          ]
        ]
      },
      "properties": {
        "confidence": 0.938,
        "length_m": 7.81,
        "width_m": 3.26,
        "heading_deg": 65.2,
        "aoi": "r4-herttoniemi-n",
        "source_layer": "Ortoilmakuva_2025_5cm",
        "zoom": 16,
        "status": "confirmed",
        "class": "truck"
      }
    },
    {
      "type": "Feature",
      "geometry": {
        "type": "Polygon",
        "coordinates": [
          [
            [
              25502377.987,
              6676624.574
            ],
            [
              25502379.348,
              6676626.416
            ],
            [
              25502375.033,
              6676629.602
            ],
            [
              25502373.672,
              6676627.76
            ],
            [
              25502377.987,
              6676624.574
            ]
          ]
        ]
      },
      "properties": {
        "confidence": 0.938,
        "length_m": 5.36,
        "width_m": 2.29,
        "heading_deg": 126.4,
        "aoi": "r4-herttoniemi-n",
        "source_layer": "Ortoilmakuva_2025_5cm",
        "zoom": 16,
        "status": "confirmed",
        "class": "car"
      }
    },
    {
      "type": "Feature",
      "geometry": {
        "type": "Polygon",
        "coordinates": [
          [
            [
              25502554.619,
              6676557.104
            ],
            [
              25502556.725,
              6676557.817
            ],
            [
              25502555.132,
              6676562.514
            ],
            [
              25502553.027,
              6676561.8
            ],
            [
              25502554.619,
              6676557.104
            ]
          ]
        ]
      },
      "properties": {
        "confidence": 0.9377,
        "length_m": 4.96,
        "width_m": 2.22,
        "heading_deg": 161.3,
        "aoi": "r4-herttoniemi-n",
        "source_layer": "Ortoilmakuva_2025_5cm",
        "zoom": 16,
        "status": "confirmed",
        "class": "car"
      }
    },
    {
      "type": "Feature",
      "geometry": {
        "type": "Polygon",
        "coordinates": [
          [
            [
              25502580.226,
              6676588.566
            ],
            [
              25502582.153,
              6676589.35
            ],
            [
              25502580.645,
              6676593.059
            ],
            [
              25502578.717,
              6676592.276
            ],
            [
              25502580.226,
              6676588.566
            ]
          ]
        ]
      },
      "properties": {
        "confidence": 0.9376,
        "length_m": 4,
        "width_m": 2.08,
        "heading_deg": 157.9,
        "aoi": "r4-herttoniemi-n",
        "source_layer": "Ortoilmakuva_2025_5cm",
        "zoom": 16,
        "status": "confirmed",
        "class": "car"
      }
    },
    {
      "type": "Feature",
      "geometry": {
        "type": "Polygon",
        "coordinates": [
          [
            [
              25502559.277,
              6676578.457
            ],
            [
              25502561.335,
              6676579.082
            ],
            [
              25502560.028,
              6676583.384
            ],
            [
              25502557.97,
              6676582.758
            ],
            [
              25502559.277,
              6676578.457
            ]
          ]
        ]
      },
      "properties": {
        "confidence": 0.9374,
        "length_m": 4.5,
        "width_m": 2.15,
        "heading_deg": 163.1,
        "aoi": "r4-herttoniemi-n",
        "source_layer": "Ortoilmakuva_2025_5cm",
        "zoom": 16,
        "status": "confirmed",
        "class": "car"
      }
    },
    {
      "type": "Feature",
      "geometry": {
        "type": "Polygon",
        "coordinates": [
          [
            [
              25502549.633,
              6676380.279
            ],
            [
              25502551.947,
              6676380.002
            ],
            [
              25502552.462,
              6676384.299
            ],
            [
              25502550.148,
              6676384.577
            ],
            [
              25502549.633,
              6676380.279
            ]
          ]
        ]
      },
      "properties": {
        "confidence": 0.9369,
        "length_m": 4.33,
        "width_m": 2.33,
        "heading_deg": 6.8,
        "aoi": "r4-herttoniemi-n",
        "source_layer": "Ortoilmakuva_2025_5cm",
        "zoom": 16,
        "status": "confirmed",
        "class": "car"
      }
    },
    {
      "type": "Feature",
      "geometry": {
        "type": "Polygon",
        "coordinates": [
          [
            [
              25502489.249,
              6676464.409
            ],
            [
              25502490.575,
              6676466.279
            ],
            [
              25502486.418,
              6676469.228
            ],
            [
              25502485.091,
              6676467.358
            ],
            [
              25502489.249,
              6676464.409
            ]
          ]
        ]
      },
      "properties": {
        "confidence": 0.9369,
        "length_m": 5.1,
        "width_m": 2.29,
        "heading_deg": 125.4,
        "aoi": "r4-herttoniemi-n",
        "source_layer": "Ortoilmakuva_2025_5cm",
        "zoom": 16,
        "status": "confirmed",
        "class": "car"
      }
    },
    {
      "type": "Feature",
      "geometry": {
        "type": "Polygon",
        "coordinates": [
          [
            [
              25502526.976,
              6676547.055
            ],
            [
              25502528.285,
              6676548.836
            ],
            [
              25502524.565,
              6676551.571
            ],
            [
              25502523.256,
              6676549.79
            ],
            [
              25502526.976,
              6676547.055
            ]
          ]
        ]
      },
      "properties": {
        "confidence": 0.9367,
        "length_m": 4.62,
        "width_m": 2.21,
        "heading_deg": 126.3,
        "aoi": "r4-herttoniemi-n",
        "source_layer": "Ortoilmakuva_2025_5cm",
        "zoom": 16,
        "status": "confirmed",
        "class": "car"
      }
    },
    {
      "type": "Feature",
      "geometry": {
        "type": "Polygon",
        "coordinates": [
          [
            [
              25502510.601,
              6676597.127
            ],
            [
              25502512.041,
              6676598.964
            ],
            [
              25502508.221,
              6676601.958
            ],
            [
              25502506.781,
              6676600.121
            ],
            [
              25502510.601,
              6676597.127
            ]
          ]
        ]
      },
      "properties": {
        "confidence": 0.9365,
        "length_m": 4.85,
        "width_m": 2.33,
        "heading_deg": 128.1,
        "aoi": "r4-herttoniemi-n",
        "source_layer": "Ortoilmakuva_2025_5cm",
        "zoom": 16,
        "status": "confirmed",
        "class": "car"
      }
    },
    {
      "type": "Feature",
      "geometry": {
        "type": "Polygon",
        "coordinates": [
          [
            [
              25502568.504,
              6676599.566
            ],
            [
              25502570.405,
              6676600.629
            ],
            [
              25502568.244,
              6676604.492
            ],
            [
              25502566.343,
              6676603.428
            ],
            [
              25502568.504,
              6676599.566
            ]
          ]
        ]
      },
      "properties": {
        "confidence": 0.9364,
        "length_m": 4.43,
        "width_m": 2.18,
        "heading_deg": 150.8,
        "aoi": "r4-herttoniemi-n",
        "source_layer": "Ortoilmakuva_2025_5cm",
        "zoom": 16,
        "status": "confirmed",
        "class": "car"
      }
    },
    {
      "type": "Feature",
      "geometry": {
        "type": "Polygon",
        "coordinates": [
          [
            [
              25502557.065,
              6676559.091
            ],
            [
              25502559.292,
              6676559.758
            ],
            [
              25502557.862,
              6676564.524
            ],
            [
              25502555.636,
              6676563.856
            ],
            [
              25502557.065,
              6676559.091
            ]
          ]
        ]
      },
      "properties": {
        "confidence": 0.9362,
        "length_m": 4.98,
        "width_m": 2.32,
        "heading_deg": 163.3,
        "aoi": "r4-herttoniemi-n",
        "source_layer": "Ortoilmakuva_2025_5cm",
        "zoom": 16,
        "status": "confirmed",
        "class": "car"
      }
    },
    {
      "type": "Feature",
      "geometry": {
        "type": "Polygon",
        "coordinates": [
          [
            [
              25502573.979,
              6676582.391
            ],
            [
              25502576.117,
              6676582.965
            ],
            [
              25502575.016,
              6676587.069
            ],
            [
              25502572.878,
              6676586.496
            ],
            [
              25502573.979,
              6676582.391
            ]
          ]
        ]
      },
      "properties": {
        "confidence": 0.936,
        "length_m": 4.25,
        "width_m": 2.21,
        "heading_deg": 165,
        "aoi": "r4-herttoniemi-n",
        "source_layer": "Ortoilmakuva_2025_5cm",
        "zoom": 16,
        "status": "confirmed",
        "class": "car"
      }
    },
    {
      "type": "Feature",
      "geometry": {
        "type": "Polygon",
        "coordinates": [
          [
            [
              25502545.888,
              6676365.197
            ],
            [
              25502548.29,
              6676365.194
            ],
            [
              25502548.296,
              6676369.885
            ],
            [
              25502545.894,
              6676369.888
            ],
            [
              25502545.888,
              6676365.197
            ]
          ]
        ]
      },
      "properties": {
        "confidence": 0.9358,
        "length_m": 4.69,
        "width_m": 2.4,
        "heading_deg": 0.1,
        "aoi": "r4-herttoniemi-n",
        "source_layer": "Ortoilmakuva_2025_5cm",
        "zoom": 16,
        "status": "confirmed",
        "class": "car"
      }
    },
    {
      "type": "Feature",
      "geometry": {
        "type": "Polygon",
        "coordinates": [
          [
            [
              25502392.315,
              6676574.729
            ],
            [
              25502393.252,
              6676576.811
            ],
            [
              25502388.976,
              6676578.736
            ],
            [
              25502388.039,
              6676576.654
            ],
            [
              25502392.315,
              6676574.729
            ]
          ]
        ]
      },
      "properties": {
        "confidence": 0.9357,
        "length_m": 4.69,
        "width_m": 2.28,
        "heading_deg": 114.2,
        "aoi": "r4-herttoniemi-n",
        "source_layer": "Ortoilmakuva_2025_5cm",
        "zoom": 16,
        "status": "confirmed",
        "class": "car"
      }
    },
    {
      "type": "Feature",
      "geometry": {
        "type": "Polygon",
        "coordinates": [
          [
            [
              25502608.507,
              6676439.838
            ],
            [
              25502610.981,
              6676439.883
            ],
            [
              25502610.887,
              6676445.014
            ],
            [
              25502608.413,
              6676444.968
            ],
            [
              25502608.507,
              6676439.838
            ]
          ]
        ]
      },
      "properties": {
        "confidence": 0.9356,
        "length_m": 5.13,
        "width_m": 2.47,
        "heading_deg": 179,
        "aoi": "r4-herttoniemi-n",
        "source_layer": "Ortoilmakuva_2025_5cm",
        "zoom": 16,
        "status": "confirmed",
        "class": "car"
      }
    },
    {
      "type": "Feature",
      "geometry": {
        "type": "Polygon",
        "coordinates": [
          [
            [
              25502527.194,
              6676524.078
            ],
            [
              25502528.394,
              6676525.998
            ],
            [
              25502524.187,
              6676528.629
            ],
            [
              25502522.987,
              6676526.709
            ],
            [
              25502527.194,
              6676524.078
            ]
          ]
        ]
      },
      "properties": {
        "confidence": 0.9355,
        "length_m": 4.96,
        "width_m": 2.26,
        "heading_deg": 122,
        "aoi": "r4-herttoniemi-n",
        "source_layer": "Ortoilmakuva_2025_5cm",
        "zoom": 16,
        "status": "confirmed",
        "class": "car"
      }
    },
    {
      "type": "Feature",
      "geometry": {
        "type": "Polygon",
        "coordinates": [
          [
            [
              25502577.295,
              6676570.524
            ],
            [
              25502579.339,
              6676571.152
            ],
            [
              25502578.098,
              6676575.191
            ],
            [
              25502576.053,
              6676574.562
            ],
            [
              25502577.295,
              6676570.524
            ]
          ]
        ]
      },
      "properties": {
        "confidence": 0.9355,
        "length_m": 4.23,
        "width_m": 2.14,
        "heading_deg": 162.9,
        "aoi": "r4-herttoniemi-n",
        "source_layer": "Ortoilmakuva_2025_5cm",
        "zoom": 16,
        "status": "confirmed",
        "class": "car"
      }
    },
    {
      "type": "Feature",
      "geometry": {
        "type": "Polygon",
        "coordinates": [
          [
            [
              25502586.639,
              6676611.082
            ],
            [
              25502587.832,
              6676612.942
            ],
            [
              25502584.104,
              6676615.332
            ],
            [
              25502582.912,
              6676613.472
            ],
            [
              25502586.639,
              6676611.082
            ]
          ]
        ]
      },
      "properties": {
        "confidence": 0.9355,
        "length_m": 4.43,
        "width_m": 2.21,
        "heading_deg": 122.7,
        "aoi": "r4-herttoniemi-n",
        "source_layer": "Ortoilmakuva_2025_5cm",
        "zoom": 16,
        "status": "confirmed",
        "class": "car"
      }
    },
    {
      "type": "Feature",
      "geometry": {
        "type": "Polygon",
        "coordinates": [
          [
            [
              25502523.139,
              6676540.367
            ],
            [
              25502524.474,
              6676542.337
            ],
            [
              25502520.262,
              6676545.192
            ],
            [
              25502518.927,
              6676543.223
            ],
            [
              25502523.139,
              6676540.367
            ]
          ]
        ]
      },
      "properties": {
        "confidence": 0.9353,
        "length_m": 5.09,
        "width_m": 2.38,
        "heading_deg": 124.1,
        "aoi": "r4-herttoniemi-n",
        "source_layer": "Ortoilmakuva_2025_5cm",
        "zoom": 16,
        "status": "confirmed",
        "class": "car"
      }
    },
    {
      "type": "Feature",
      "geometry": {
        "type": "Polygon",
        "coordinates": [
          [
            [
              25502558.575,
              6676363.081
            ],
            [
              25502560.708,
              6676362.854
            ],
            [
              25502561.147,
              6676366.981
            ],
            [
              25502559.015,
              6676367.208
            ],
            [
              25502558.575,
              6676363.081
            ]
          ]
        ]
      },
      "properties": {
        "confidence": 0.9353,
        "length_m": 4.15,
        "width_m": 2.15,
        "heading_deg": 6.1,
        "aoi": "r4-herttoniemi-n",
        "source_layer": "Ortoilmakuva_2025_5cm",
        "zoom": 16,
        "status": "confirmed",
        "class": "car"
      }
    },
    {
      "type": "Feature",
      "geometry": {
        "type": "Polygon",
        "coordinates": [
          [
            [
              25502411.92,
              6676536.205
            ],
            [
              25502413.14,
              6676537.886
            ],
            [
              25502409.716,
              6676540.371
            ],
            [
              25502408.496,
              6676538.691
            ],
            [
              25502411.92,
              6676536.205
            ]
          ]
        ]
      },
      "properties": {
        "confidence": 0.9352,
        "length_m": 4.23,
        "width_m": 2.08,
        "heading_deg": 126,
        "aoi": "r4-herttoniemi-n",
        "source_layer": "Ortoilmakuva_2025_5cm",
        "zoom": 16,
        "status": "confirmed",
        "class": "car"
      }
    },
    {
      "type": "Feature",
      "geometry": {
        "type": "Polygon",
        "coordinates": [
          [
            [
              25502577.595,
              6676525.175
            ],
            [
              25502577.767,
              6676527.416
            ],
            [
              25502573.096,
              6676527.775
            ],
            [
              25502572.924,
              6676525.534
            ],
            [
              25502577.595,
              6676525.175
            ]
          ]
        ]
      },
      "properties": {
        "confidence": 0.9349,
        "length_m": 4.68,
        "width_m": 2.25,
        "heading_deg": 94.4,
        "aoi": "r4-herttoniemi-n",
        "source_layer": "Ortoilmakuva_2025_5cm",
        "zoom": 16,
        "status": "confirmed",
        "class": "car"
      }
    },
    {
      "type": "Feature",
      "geometry": {
        "type": "Polygon",
        "coordinates": [
          [
            [
              25502431.839,
              6676551.634
            ],
            [
              25502432.974,
              6676553.496
            ],
            [
              25502429.09,
              6676555.864
            ],
            [
              25502427.955,
              6676554.001
            ],
            [
              25502431.839,
              6676551.634
            ]
          ]
        ]
      },
      "properties": {
        "confidence": 0.9347,
        "length_m": 4.55,
        "width_m": 2.18,
        "heading_deg": 121.4,
        "aoi": "r4-herttoniemi-n",
        "source_layer": "Ortoilmakuva_2025_5cm",
        "zoom": 16,
        "status": "confirmed",
        "class": "car"
      }
    },
    {
      "type": "Feature",
      "geometry": {
        "type": "Polygon",
        "coordinates": [
          [
            [
              25502573.347,
              6676389.512
            ],
            [
              25502573.408,
              6676391.625
            ],
            [
              25502569.019,
              6676391.754
            ],
            [
              25502568.957,
              6676389.641
            ],
            [
              25502573.347,
              6676389.512
            ]
          ]
        ]
      },
      "properties": {
        "confidence": 0.9346,
        "length_m": 4.39,
        "width_m": 2.11,
        "heading_deg": 91.7,
        "aoi": "r4-herttoniemi-n",
        "source_layer": "Ortoilmakuva_2025_5cm",
        "zoom": 16,
        "status": "confirmed",
        "class": "car"
      }
    },
    {
      "type": "Feature",
      "geometry": {
        "type": "Polygon",
        "coordinates": [
          [
            [
              25502567.312,
              6676568.234
            ],
            [
              25502569.38,
              6676568.81
            ],
            [
              25502568.156,
              6676573.202
            ],
            [
              25502566.088,
              6676572.626
            ],
            [
              25502567.312,
              6676568.234
            ]
          ]
        ]
      },
      "properties": {
        "confidence": 0.9344,
        "length_m": 4.56,
        "width_m": 2.15,
        "heading_deg": 164.4,
        "aoi": "r4-herttoniemi-n",
        "source_layer": "Ortoilmakuva_2025_5cm",
        "zoom": 16,
        "status": "confirmed",
        "class": "car"
      }
    },
    {
      "type": "Feature",
      "geometry": {
        "type": "Polygon",
        "coordinates": [
          [
            [
              25502554.788,
              6676576.608
            ],
            [
              25502556.88,
              6676577.335
            ],
            [
              25502555.324,
              6676581.808
            ],
            [
              25502553.232,
              6676581.081
            ],
            [
              25502554.788,
              6676576.608
            ]
          ]
        ]
      },
      "properties": {
        "confidence": 0.9344,
        "length_m": 4.74,
        "width_m": 2.21,
        "heading_deg": 160.8,
        "aoi": "r4-herttoniemi-n",
        "source_layer": "Ortoilmakuva_2025_5cm",
        "zoom": 16,
        "status": "confirmed",
        "class": "car"
      }
    },
    {
      "type": "Feature",
      "geometry": {
        "type": "Polygon",
        "coordinates": [
          [
            [
              25502401.497,
              6676568.966
            ],
            [
              25502402.687,
              6676571.055
            ],
            [
              25502398.141,
              6676573.643
            ],
            [
              25502396.951,
              6676571.554
            ],
            [
              25502401.497,
              6676568.966
            ]
          ]
        ]
      },
      "properties": {
        "confidence": 0.9344,
        "length_m": 5.23,
        "width_m": 2.4,
        "heading_deg": 119.7,
        "aoi": "r4-herttoniemi-n",
        "source_layer": "Ortoilmakuva_2025_5cm",
        "zoom": 16,
        "status": "confirmed",
        "class": "car"
      }
    },
    {
      "type": "Feature",
      "geometry": {
        "type": "Polygon",
        "coordinates": [
          [
            [
              25502570.887,
              6676560.417
            ],
            [
              25502573.361,
              6676561.06
            ],
            [
              25502571.569,
              6676567.95
            ],
            [
              25502569.095,
              6676567.306
            ],
            [
              25502570.887,
              6676560.417
            ]
          ]
        ]
      },
      "properties": {
        "confidence": 0.9343,
        "length_m": 7.12,
        "width_m": 2.56,
        "heading_deg": 165.4,
        "aoi": "r4-herttoniemi-n",
        "source_layer": "Ortoilmakuva_2025_5cm",
        "zoom": 16,
        "status": "confirmed",
        "class": "truck"
      }
    },
    {
      "type": "Feature",
      "geometry": {
        "type": "Polygon",
        "coordinates": [
          [
            [
              25502517.521,
              6676553.872
            ],
            [
              25502518.87,
              6676555.775
            ],
            [
              25502514.771,
              6676558.68
            ],
            [
              25502513.422,
              6676556.777
            ],
            [
              25502517.521,
              6676553.872
            ]
          ]
        ]
      },
      "properties": {
        "confidence": 0.9342,
        "length_m": 5.02,
        "width_m": 2.33,
        "heading_deg": 125.3,
        "aoi": "r4-herttoniemi-n",
        "source_layer": "Ortoilmakuva_2025_5cm",
        "zoom": 16,
        "status": "confirmed",
        "class": "car"
      }
    },
    {
      "type": "Feature",
      "geometry": {
        "type": "Polygon",
        "coordinates": [
          [
            [
              25502564.95,
              6676584.785
            ],
            [
              25502564.483,
              6676586.969
            ],
            [
              25502559.841,
              6676585.977
            ],
            [
              25502560.307,
              6676583.794
            ],
            [
              25502564.95,
              6676584.785
            ]
          ]
        ]
      },
      "properties": {
        "confidence": 0.9341,
        "length_m": 4.75,
        "width_m": 2.23,
        "heading_deg": 77.9,
        "aoi": "r4-herttoniemi-n",
        "source_layer": "Ortoilmakuva_2025_5cm",
        "zoom": 16,
        "status": "confirmed",
        "class": "car"
      }
    },
    {
      "type": "Feature",
      "geometry": {
        "type": "Polygon",
        "coordinates": [
          [
            [
              25502622.717,
              6676536.156
            ],
            [
              25502622.761,
              6676538.462
            ],
            [
              25502617.887,
              6676538.557
            ],
            [
              25502617.842,
              6676536.25
            ],
            [
              25502622.717,
              6676536.156
            ]
          ]
        ]
      },
      "properties": {
        "confidence": 0.934,
        "length_m": 4.87,
        "width_m": 2.31,
        "heading_deg": 91.1,
        "aoi": "r4-herttoniemi-n",
        "source_layer": "Ortoilmakuva_2025_5cm",
        "zoom": 16,
        "status": "confirmed",
        "class": "car"
      }
    },
    {
      "type": "Feature",
      "geometry": {
        "type": "Polygon",
        "coordinates": [
          [
            [
              25502566.901,
              6676597.696
            ],
            [
              25502568.693,
              6676598.654
            ],
            [
              25502566.633,
              6676602.509
            ],
            [
              25502564.841,
              6676601.551
            ],
            [
              25502566.901,
              6676597.696
            ]
          ]
        ]
      },
      "properties": {
        "confidence": 0.9339,
        "length_m": 4.37,
        "width_m": 2.03,
        "heading_deg": 151.9,
        "aoi": "r4-herttoniemi-n",
        "source_layer": "Ortoilmakuva_2025_5cm",
        "zoom": 16,
        "status": "confirmed",
        "class": "car"
      }
    },
    {
      "type": "Feature",
      "geometry": {
        "type": "Polygon",
        "coordinates": [
          [
            [
              25502387.877,
              6676568.8
            ],
            [
              25502388.916,
              6676570.533
            ],
            [
              25502385.107,
              6676572.819
            ],
            [
              25502384.067,
              6676571.087
            ],
            [
              25502387.877,
              6676568.8
            ]
          ]
        ]
      },
      "properties": {
        "confidence": 0.9338,
        "length_m": 4.44,
        "width_m": 2.02,
        "heading_deg": 121,
        "aoi": "r4-herttoniemi-n",
        "source_layer": "Ortoilmakuva_2025_5cm",
        "zoom": 16,
        "status": "confirmed",
        "class": "car"
      }
    },
    {
      "type": "Feature",
      "geometry": {
        "type": "Polygon",
        "coordinates": [
          [
            [
              25502573.166,
              6676625.237
            ],
            [
              25502575.233,
              6676625.967
            ],
            [
              25502573.793,
              6676630.049
            ],
            [
              25502571.726,
              6676629.319
            ],
            [
              25502573.166,
              6676625.237
            ]
          ]
        ]
      },
      "properties": {
        "confidence": 0.9336,
        "length_m": 4.33,
        "width_m": 2.19,
        "heading_deg": 160.6,
        "aoi": "r4-herttoniemi-n",
        "source_layer": "Ortoilmakuva_2025_5cm",
        "zoom": 16,
        "status": "confirmed",
        "class": "car"
      }
    },
    {
      "type": "Feature",
      "geometry": {
        "type": "Polygon",
        "coordinates": [
          [
            [
              25502512.265,
              6676532.894
            ],
            [
              25502513.559,
              6676534.644
            ],
            [
              25502509.572,
              6676537.591
            ],
            [
              25502508.278,
              6676535.841
            ],
            [
              25502512.265,
              6676532.894
            ]
          ]
        ]
      },
      "properties": {
        "confidence": 0.9335,
        "length_m": 4.96,
        "width_m": 2.18,
        "heading_deg": 126.5,
        "aoi": "r4-herttoniemi-n",
        "source_layer": "Ortoilmakuva_2025_5cm",
        "zoom": 16,
        "status": "confirmed",
        "class": "car"
      }
    },
    {
      "type": "Feature",
      "geometry": {
        "type": "Polygon",
        "coordinates": [
          [
            [
              25502573.908,
              6676392.018
            ],
            [
              25502574.058,
              6676394.301
            ],
            [
              25502569.452,
              6676394.605
            ],
            [
              25502569.301,
              6676392.322
            ],
            [
              25502573.908,
              6676392.018
            ]
          ]
        ]
      },
      "properties": {
        "confidence": 0.9335,
        "length_m": 4.62,
        "width_m": 2.29,
        "heading_deg": 93.8,
        "aoi": "r4-herttoniemi-n",
        "source_layer": "Ortoilmakuva_2025_5cm",
        "zoom": 16,
        "status": "confirmed",
        "class": "car"
      }
    },
    {
      "type": "Feature",
      "geometry": {
        "type": "Polygon",
        "coordinates": [
          [
            [
              25502535.13,
              6676536.157
            ],
            [
              25502536.539,
              6676537.939
            ],
            [
              25502533.008,
              6676540.731
            ],
            [
              25502531.599,
              6676538.95
            ],
            [
              25502535.13,
              6676536.157
            ]
          ]
        ]
      },
      "properties": {
        "confidence": 0.9334,
        "length_m": 4.5,
        "width_m": 2.27,
        "heading_deg": 128.3,
        "aoi": "r4-herttoniemi-n",
        "source_layer": "Ortoilmakuva_2025_5cm",
        "zoom": 16,
        "status": "confirmed",
        "class": "car"
      }
    },
    {
      "type": "Feature",
      "geometry": {
        "type": "Polygon",
        "coordinates": [
          [
            [
              25502576.267,
              6676622.573
            ],
            [
              25502578.224,
              6676623.156
            ],
            [
              25502576.934,
              6676627.489
            ],
            [
              25502574.976,
              6676626.906
            ],
            [
              25502576.267,
              6676622.573
            ]
          ]
        ]
      },
      "properties": {
        "confidence": 0.9332,
        "length_m": 4.52,
        "width_m": 2.04,
        "heading_deg": 163.4,
        "aoi": "r4-herttoniemi-n",
        "source_layer": "Ortoilmakuva_2025_5cm",
        "zoom": 16,
        "status": "confirmed",
        "class": "car"
      }
    },
    {
      "type": "Feature",
      "geometry": {
        "type": "Polygon",
        "coordinates": [
          [
            [
              25502497.68,
              6676596.726
            ],
            [
              25502498.969,
              6676598.759
            ],
            [
              25502494.535,
              6676601.57
            ],
            [
              25502493.246,
              6676599.537
            ],
            [
              25502497.68,
              6676596.726
            ]
          ]
        ]
      },
      "properties": {
        "confidence": 0.9331,
        "length_m": 5.25,
        "width_m": 2.41,
        "heading_deg": 122.4,
        "aoi": "r4-herttoniemi-n",
        "source_layer": "Ortoilmakuva_2025_5cm",
        "zoom": 16,
        "status": "confirmed",
        "class": "car"
      }
    },
    {
      "type": "Feature",
      "geometry": {
        "type": "Polygon",
        "coordinates": [
          [
            [
              25502577.476,
              6676588.123
            ],
            [
              25502579.606,
              6676588.766
            ],
            [
              25502578.207,
              6676593.403
            ],
            [
              25502576.077,
              6676592.76
            ],
            [
              25502577.476,
              6676588.123
            ]
          ]
        ]
      },
      "properties": {
        "confidence": 0.9328,
        "length_m": 4.84,
        "width_m": 2.22,
        "heading_deg": 163.2,
        "aoi": "r4-herttoniemi-n",
        "source_layer": "Ortoilmakuva_2025_5cm",
        "zoom": 16,
        "status": "confirmed",
        "class": "car"
      }
    },
    {
      "type": "Feature",
      "geometry": {
        "type": "Polygon",
        "coordinates": [
          [
            [
              25502616.015,
              6676600.662
            ],
            [
              25502617.365,
              6676602.819
            ],
            [
              25502612.043,
              6676606.15
            ],
            [
              25502610.692,
              6676603.993
            ],
            [
              25502616.015,
              6676600.662
            ]
          ]
        ]
      },
      "properties": {
        "confidence": 0.9328,
        "length_m": 6.28,
        "width_m": 2.54,
        "heading_deg": 122,
        "aoi": "r4-herttoniemi-n",
        "source_layer": "Ortoilmakuva_2025_5cm",
        "zoom": 16,
        "status": "confirmed",
        "class": "van"
      }
    },
    {
      "type": "Feature",
      "geometry": {
        "type": "Polygon",
        "coordinates": [
          [
            [
              25502384.934,
              6676526.127
            ],
            [
              25502386.805,
              6676525.024
            ],
            [
              25502388.958,
              6676528.678
            ],
            [
              25502387.087,
              6676529.781
            ],
            [
              25502384.934,
              6676526.127
            ]
          ]
        ]
      },
      "properties": {
        "confidence": 0.9327,
        "length_m": 4.24,
        "width_m": 2.17,
        "heading_deg": 30.5,
        "aoi": "r4-herttoniemi-n",
        "source_layer": "Ortoilmakuva_2025_5cm",
        "zoom": 16,
        "status": "confirmed",
        "class": "car"
      }
    },
    {
      "type": "Feature",
      "geometry": {
        "type": "Polygon",
        "coordinates": [
          [
            [
              25502375.893,
              6676575.578
            ],
            [
              25502377.015,
              6676577.553
            ],
            [
              25502372.575,
              6676580.074
            ],
            [
              25502371.453,
              6676578.099
            ],
            [
              25502375.893,
              6676575.578
            ]
          ]
        ]
      },
      "properties": {
        "confidence": 0.9326,
        "length_m": 5.11,
        "width_m": 2.27,
        "heading_deg": 119.6,
        "aoi": "r4-herttoniemi-n",
        "source_layer": "Ortoilmakuva_2025_5cm",
        "zoom": 16,
        "status": "confirmed",
        "class": "car"
      }
    },
    {
      "type": "Feature",
      "geometry": {
        "type": "Polygon",
        "coordinates": [
          [
            [
              25502531.684,
              6676582.626
            ],
            [
              25502532.901,
              6676584.398
            ],
            [
              25502529.506,
              6676586.729
            ],
            [
              25502528.289,
              6676584.957
            ],
            [
              25502531.684,
              6676582.626
            ]
          ]
        ]
      },
      "properties": {
        "confidence": 0.9322,
        "length_m": 4.12,
        "width_m": 2.15,
        "heading_deg": 124.5,
        "aoi": "r4-herttoniemi-n",
        "source_layer": "Ortoilmakuva_2025_5cm",
        "zoom": 16,
        "status": "confirmed",
        "class": "car"
      }
    },
    {
      "type": "Feature",
      "geometry": {
        "type": "Polygon",
        "coordinates": [
          [
            [
              25502406.493,
              6676566.298
            ],
            [
              25502407.595,
              6676568.219
            ],
            [
              25502403.254,
              6676570.708
            ],
            [
              25502402.152,
              6676568.788
            ],
            [
              25502406.493,
              6676566.298
            ]
          ]
        ]
      },
      "properties": {
        "confidence": 0.9321,
        "length_m": 5,
        "width_m": 2.21,
        "heading_deg": 119.8,
        "aoi": "r4-herttoniemi-n",
        "source_layer": "Ortoilmakuva_2025_5cm",
        "zoom": 16,
        "status": "confirmed",
        "class": "car"
      }
    },
    {
      "type": "Feature",
      "geometry": {
        "type": "Polygon",
        "coordinates": [
          [
            [
              25502550.687,
              6676422.803
            ],
            [
              25502552.832,
              6676422.783
            ],
            [
              25502552.875,
              6676427.383
            ],
            [
              25502550.73,
              6676427.403
            ],
            [
              25502550.687,
              6676422.803
            ]
          ]
        ]
      },
      "properties": {
        "confidence": 0.9317,
        "length_m": 4.6,
        "width_m": 2.15,
        "heading_deg": 0.5,
        "aoi": "r4-herttoniemi-n",
        "source_layer": "Ortoilmakuva_2025_5cm",
        "zoom": 16,
        "status": "confirmed",
        "class": "car"
      }
    },
    {
      "type": "Feature",
      "geometry": {
        "type": "Polygon",
        "coordinates": [
          [
            [
              25502524.362,
              6676362.37
            ],
            [
              25502525.598,
              6676364.237
            ],
            [
              25502521.539,
              6676366.925
            ],
            [
              25502520.303,
              6676365.058
            ],
            [
              25502524.362,
              6676362.37
            ]
          ]
        ]
      },
      "properties": {
        "confidence": 0.9316,
        "length_m": 4.87,
        "width_m": 2.24,
        "heading_deg": 123.5,
        "aoi": "r4-herttoniemi-n",
        "source_layer": "Ortoilmakuva_2025_5cm",
        "zoom": 16,
        "status": "confirmed",
        "class": "car"
      }
    },
    {
      "type": "Feature",
      "geometry": {
        "type": "Polygon",
        "coordinates": [
          [
            [
              25502583.474,
              6676517.589
            ],
            [
              25502583.553,
              6676519.98
            ],
            [
              25502578.702,
              6676520.14
            ],
            [
              25502578.623,
              6676517.75
            ],
            [
              25502583.474,
              6676517.589
            ]
          ]
        ]
      },
      "properties": {
        "confidence": 0.9316,
        "length_m": 4.85,
        "width_m": 2.39,
        "heading_deg": 91.9,
        "aoi": "r4-herttoniemi-n",
        "source_layer": "Ortoilmakuva_2025_5cm",
        "zoom": 16,
        "status": "confirmed",
        "class": "car"
      }
    },
    {
      "type": "Feature",
      "geometry": {
        "type": "Polygon",
        "coordinates": [
          [
            [
              25502587.447,
              6676528.106
            ],
            [
              25502587.415,
              6676530.367
            ],
            [
              25502582.502,
              6676530.298
            ],
            [
              25502582.534,
              6676528.036
            ],
            [
              25502587.447,
              6676528.106
            ]
          ]
        ]
      },
      "properties": {
        "confidence": 0.9314,
        "length_m": 4.91,
        "width_m": 2.26,
        "heading_deg": 89.2,
        "aoi": "r4-herttoniemi-n",
        "source_layer": "Ortoilmakuva_2025_5cm",
        "zoom": 16,
        "status": "confirmed",
        "class": "car"
      }
    },
    {
      "type": "Feature",
      "geometry": {
        "type": "Polygon",
        "coordinates": [
          [
            [
              25502569.457,
              6676568.991
            ],
            [
              25502571.782,
              6676569.607
            ],
            [
              25502570.597,
              6676574.081
            ],
            [
              25502568.272,
              6676573.466
            ],
            [
              25502569.457,
              6676568.991
            ]
          ]
        ]
      },
      "properties": {
        "confidence": 0.9314,
        "length_m": 4.63,
        "width_m": 2.41,
        "heading_deg": 165.2,
        "aoi": "r4-herttoniemi-n",
        "source_layer": "Ortoilmakuva_2025_5cm",
        "zoom": 16,
        "status": "confirmed",
        "class": "car"
      }
    },
    {
      "type": "Feature",
      "geometry": {
        "type": "Polygon",
        "coordinates": [
          [
            [
              25502584.576,
              6676590.861
            ],
            [
              25502585.889,
              6676592.974
            ],
            [
              25502581.381,
              6676595.776
            ],
            [
              25502580.068,
              6676593.663
            ],
            [
              25502584.576,
              6676590.861
            ]
          ]
        ]
      },
      "properties": {
        "confidence": 0.9313,
        "length_m": 5.31,
        "width_m": 2.49,
        "heading_deg": 121.9,
        "aoi": "r4-herttoniemi-n",
        "source_layer": "Ortoilmakuva_2025_5cm",
        "zoom": 16,
        "status": "confirmed",
        "class": "car"
      }
    },
    {
      "type": "Feature",
      "geometry": {
        "type": "Polygon",
        "coordinates": [
          [
            [
              25502550.121,
              6676404.504
            ],
            [
              25502552.457,
              6676404.448
            ],
            [
              25502552.577,
              6676409.417
            ],
            [
              25502550.241,
              6676409.473
            ],
            [
              25502550.121,
              6676404.504
            ]
          ]
        ]
      },
      "properties": {
        "confidence": 0.9312,
        "length_m": 4.97,
        "width_m": 2.34,
        "heading_deg": 1.4,
        "aoi": "r4-herttoniemi-n",
        "source_layer": "Ortoilmakuva_2025_5cm",
        "zoom": 16,
        "status": "confirmed",
        "class": "car"
      }
    },
    {
      "type": "Feature",
      "geometry": {
        "type": "Polygon",
        "coordinates": [
          [
            [
              25502387.149,
              6676577.262
            ],
            [
              25502388.369,
              6676579.226
            ],
            [
              25502383.913,
              6676581.994
            ],
            [
              25502382.693,
              6676580.03
            ],
            [
              25502387.149,
              6676577.262
            ]
          ]
        ]
      },
      "properties": {
        "confidence": 0.9311,
        "length_m": 5.25,
        "width_m": 2.31,
        "heading_deg": 121.8,
        "aoi": "r4-herttoniemi-n",
        "source_layer": "Ortoilmakuva_2025_5cm",
        "zoom": 16,
        "status": "confirmed",
        "class": "car"
      }
    },
    {
      "type": "Feature",
      "geometry": {
        "type": "Polygon",
        "coordinates": [
          [
            [
              25502511.888,
              6676567.041
            ],
            [
              25502511.519,
              6676569.37
            ],
            [
              25502506.51,
              6676568.576
            ],
            [
              25502506.879,
              6676566.246
            ],
            [
              25502511.888,
              6676567.041
            ]
          ]
        ]
      },
      "properties": {
        "confidence": 0.9307,
        "length_m": 5.07,
        "width_m": 2.36,
        "heading_deg": 81,
        "aoi": "r4-herttoniemi-n",
        "source_layer": "Ortoilmakuva_2025_5cm",
        "zoom": 16,
        "status": "confirmed",
        "class": "car"
      }
    },
    {
      "type": "Feature",
      "geometry": {
        "type": "Polygon",
        "coordinates": [
          [
            [
              25502572.387,
              6676569.296
            ],
            [
              25502574.576,
              6676569.98
            ],
            [
              25502573.086,
              6676574.747
            ],
            [
              25502570.897,
              6676574.062
            ],
            [
              25502572.387,
              6676569.296
            ]
          ]
        ]
      },
      "properties": {
        "confidence": 0.9306,
        "length_m": 4.99,
        "width_m": 2.29,
        "heading_deg": 162.6,
        "aoi": "r4-herttoniemi-n",
        "source_layer": "Ortoilmakuva_2025_5cm",
        "zoom": 16,
        "status": "confirmed",
        "class": "car"
      }
    },
    {
      "type": "Feature",
      "geometry": {
        "type": "Polygon",
        "coordinates": [
          [
            [
              25502585.959,
              6676599.64
            ],
            [
              25502586.97,
              6676601.646
            ],
            [
              25502582.241,
              6676604.029
            ],
            [
              25502581.23,
              6676602.023
            ],
            [
              25502585.959,
              6676599.64
            ]
          ]
        ]
      },
      "properties": {
        "confidence": 0.9304,
        "length_m": 5.3,
        "width_m": 2.25,
        "heading_deg": 116.7,
        "aoi": "r4-herttoniemi-n",
        "source_layer": "Ortoilmakuva_2025_5cm",
        "zoom": 16,
        "status": "confirmed",
        "class": "car"
      }
    },
    {
      "type": "Feature",
      "geometry": {
        "type": "Polygon",
        "coordinates": [
          [
            [
              25502552.722,
              6676404.717
            ],
            [
              25502554.869,
              6676404.664
            ],
            [
              25502554.979,
              6676409.066
            ],
            [
              25502552.832,
              6676409.12
            ],
            [
              25502552.722,
              6676404.717
            ]
          ]
        ]
      },
      "properties": {
        "confidence": 0.9304,
        "length_m": 4.4,
        "width_m": 2.15,
        "heading_deg": 1.4,
        "aoi": "r4-herttoniemi-n",
        "source_layer": "Ortoilmakuva_2025_5cm",
        "zoom": 16,
        "status": "confirmed",
        "class": "car"
      }
    },
    {
      "type": "Feature",
      "geometry": {
        "type": "Polygon",
        "coordinates": [
          [
            [
              25502522.843,
              6676631.925
            ],
            [
              25502524.424,
              6676633.938
            ],
            [
              25502519.872,
              6676637.513
            ],
            [
              25502518.291,
              6676635.5
            ],
            [
              25502522.843,
              6676631.925
            ]
          ]
        ]
      },
      "properties": {
        "confidence": 0.9301,
        "length_m": 5.79,
        "width_m": 2.56,
        "heading_deg": 128.1,
        "aoi": "r4-herttoniemi-n",
        "source_layer": "Ortoilmakuva_2025_5cm",
        "zoom": 16,
        "status": "confirmed",
        "class": "car"
      }
    },
    {
      "type": "Feature",
      "geometry": {
        "type": "Polygon",
        "coordinates": [
          [
            [
              25502653.411,
              6676567.793
            ],
            [
              25502655.711,
              6676567.686
            ],
            [
              25502655.937,
              6676572.556
            ],
            [
              25502653.637,
              6676572.663
            ],
            [
              25502653.411,
              6676567.793
            ]
          ]
        ]
      },
      "properties": {
        "confidence": 0.9301,
        "length_m": 4.88,
        "width_m": 2.3,
        "heading_deg": 2.7,
        "aoi": "r4-herttoniemi-n",
        "source_layer": "Ortoilmakuva_2025_5cm",
        "zoom": 16,
        "status": "confirmed",
        "class": "car"
      }
    },
    {
      "type": "Feature",
      "geometry": {
        "type": "Polygon",
        "coordinates": [
          [
            [
              25502560.187,
              6676566.061
            ],
            [
              25502562.415,
              6676566.664
            ],
            [
              25502561.146,
              6676571.357
            ],
            [
              25502558.918,
              6676570.755
            ],
            [
              25502560.187,
              6676566.061
            ]
          ]
        ]
      },
      "properties": {
        "confidence": 0.93,
        "length_m": 4.86,
        "width_m": 2.31,
        "heading_deg": 164.9,
        "aoi": "r4-herttoniemi-n",
        "source_layer": "Ortoilmakuva_2025_5cm",
        "zoom": 16,
        "status": "confirmed",
        "class": "car"
      }
    },
    {
      "type": "Feature",
      "geometry": {
        "type": "Polygon",
        "coordinates": [
          [
            [
              25502515.55,
              6676617.159
            ],
            [
              25502514.958,
              6676619.433
            ],
            [
              25502510.286,
              6676618.216
            ],
            [
              25502510.878,
              6676615.942
            ],
            [
              25502515.55,
              6676617.159
            ]
          ]
        ]
      },
      "properties": {
        "confidence": 0.93,
        "length_m": 4.83,
        "width_m": 2.35,
        "heading_deg": 75.4,
        "aoi": "r4-herttoniemi-n",
        "source_layer": "Ortoilmakuva_2025_5cm",
        "zoom": 16,
        "status": "confirmed",
        "class": "car"
      }
    },
    {
      "type": "Feature",
      "geometry": {
        "type": "Polygon",
        "coordinates": [
          [
            [
              25502582.309,
              6676525.071
            ],
            [
              25502582.566,
              6676527.076
            ],
            [
              25502578.453,
              6676527.602
            ],
            [
              25502578.196,
              6676525.597
            ],
            [
              25502582.309,
              6676525.071
            ]
          ]
        ]
      },
      "properties": {
        "confidence": 0.93,
        "length_m": 4.15,
        "width_m": 2.02,
        "heading_deg": 97.3,
        "aoi": "r4-herttoniemi-n",
        "source_layer": "Ortoilmakuva_2025_5cm",
        "zoom": 16,
        "status": "confirmed",
        "class": "car"
      }
    },
    {
      "type": "Feature",
      "geometry": {
        "type": "Polygon",
        "coordinates": [
          [
            [
              25502550.946,
              6676363.803
            ],
            [
              25502553.205,
              6676363.654
            ],
            [
              25502553.479,
              6676367.824
            ],
            [
              25502551.22,
              6676367.972
            ],
            [
              25502550.946,
              6676363.803
            ]
          ]
        ]
      },
      "properties": {
        "confidence": 0.9298,
        "length_m": 4.18,
        "width_m": 2.26,
        "heading_deg": 3.8,
        "aoi": "r4-herttoniemi-n",
        "source_layer": "Ortoilmakuva_2025_5cm",
        "zoom": 16,
        "status": "confirmed",
        "class": "car"
      }
    },
    {
      "type": "Feature",
      "geometry": {
        "type": "Polygon",
        "coordinates": [
          [
            [
              25502572.929,
              6676586.951
            ],
            [
              25502575.061,
              6676587.643
            ],
            [
              25502573.554,
              6676592.28
            ],
            [
              25502571.423,
              6676591.587
            ],
            [
              25502572.929,
              6676586.951
            ]
          ]
        ]
      },
      "properties": {
        "confidence": 0.9297,
        "length_m": 4.88,
        "width_m": 2.24,
        "heading_deg": 162,
        "aoi": "r4-herttoniemi-n",
        "source_layer": "Ortoilmakuva_2025_5cm",
        "zoom": 16,
        "status": "confirmed",
        "class": "car"
      }
    },
    {
      "type": "Feature",
      "geometry": {
        "type": "Polygon",
        "coordinates": [
          [
            [
              25502390.474,
              6676621.76
            ],
            [
              25502391.866,
              6676623.713
            ],
            [
              25502387.558,
              6676626.783
            ],
            [
              25502386.166,
              6676624.831
            ],
            [
              25502390.474,
              6676621.76
            ]
          ]
        ]
      },
      "properties": {
        "confidence": 0.9295,
        "length_m": 5.29,
        "width_m": 2.4,
        "heading_deg": 125.5,
        "aoi": "r4-herttoniemi-n",
        "source_layer": "Ortoilmakuva_2025_5cm",
        "zoom": 16,
        "status": "confirmed",
        "class": "car"
      }
    },
    {
      "type": "Feature",
      "geometry": {
        "type": "Polygon",
        "coordinates": [
          [
            [
              25502533.258,
              6676396.202
            ],
            [
              25502536.324,
              6676396.392
            ],
            [
              25502535.682,
              6676406.754
            ],
            [
              25502532.616,
              6676406.564
            ],
            [
              25502533.258,
              6676396.202
            ]
          ]
        ]
      },
      "properties": {
        "confidence": 0.9294,
        "length_m": 10.38,
        "width_m": 3.07,
        "heading_deg": 176.5,
        "aoi": "r4-herttoniemi-n",
        "source_layer": "Ortoilmakuva_2025_5cm",
        "zoom": 16,
        "status": "confirmed",
        "class": "truck"
      }
    },
    {
      "type": "Feature",
      "geometry": {
        "type": "Polygon",
        "coordinates": [
          [
            [
              25502404.053,
              6676549.051
            ],
            [
              25502405.934,
              6676547.975
            ],
            [
              25502408.097,
              6676551.757
            ],
            [
              25502406.216,
              6676552.833
            ],
            [
              25502404.053,
              6676549.051
            ]
          ]
        ]
      },
      "properties": {
        "confidence": 0.9291,
        "length_m": 4.36,
        "width_m": 2.17,
        "heading_deg": 29.8,
        "aoi": "r4-herttoniemi-n",
        "source_layer": "Ortoilmakuva_2025_5cm",
        "zoom": 16,
        "status": "confirmed",
        "class": "car"
      }
    },
    {
      "type": "Feature",
      "geometry": {
        "type": "Polygon",
        "coordinates": [
          [
            [
              25502574.964,
              6676587.934
            ],
            [
              25502577.137,
              6676588.539
            ],
            [
              25502575.831,
              6676593.237
            ],
            [
              25502573.657,
              6676592.633
            ],
            [
              25502574.964,
              6676587.934
            ]
          ]
        ]
      },
      "properties": {
        "confidence": 0.9289,
        "length_m": 4.88,
        "width_m": 2.26,
        "heading_deg": 164.5,
        "aoi": "r4-herttoniemi-n",
        "source_layer": "Ortoilmakuva_2025_5cm",
        "zoom": 16,
        "status": "confirmed",
        "class": "car"
      }
    },
    {
      "type": "Feature",
      "geometry": {
        "type": "Polygon",
        "coordinates": [
          [
            [
              25502520.457,
              6676535.913
            ],
            [
              25502521.853,
              6676537.891
            ],
            [
              25502517.566,
              6676540.917
            ],
            [
              25502516.17,
              6676538.939
            ],
            [
              25502520.457,
              6676535.913
            ]
          ]
        ]
      },
      "properties": {
        "confidence": 0.9288,
        "length_m": 5.25,
        "width_m": 2.42,
        "heading_deg": 125.2,
        "aoi": "r4-herttoniemi-n",
        "source_layer": "Ortoilmakuva_2025_5cm",
        "zoom": 16,
        "status": "confirmed",
        "class": "car"
      }
    },
    {
      "type": "Feature",
      "geometry": {
        "type": "Polygon",
        "coordinates": [
          [
            [
              25502524.272,
              6676542.8
            ],
            [
              25502525.59,
              6676544.782
            ],
            [
              25502521.363,
              6676547.592
            ],
            [
              25502520.046,
              6676545.609
            ],
            [
              25502524.272,
              6676542.8
            ]
          ]
        ]
      },
      "properties": {
        "confidence": 0.9287,
        "length_m": 5.08,
        "width_m": 2.38,
        "heading_deg": 123.6,
        "aoi": "r4-herttoniemi-n",
        "source_layer": "Ortoilmakuva_2025_5cm",
        "zoom": 16,
        "status": "confirmed",
        "class": "car"
      }
    },
    {
      "type": "Feature",
      "geometry": {
        "type": "Polygon",
        "coordinates": [
          [
            [
              25502581.593,
              6676535.979
            ],
            [
              25502583.511,
              6676537.311
            ],
            [
              25502580.349,
              6676541.865
            ],
            [
              25502578.431,
              6676540.533
            ],
            [
              25502581.593,
              6676535.979
            ]
          ]
        ]
      },
      "properties": {
        "confidence": 0.9287,
        "length_m": 5.54,
        "width_m": 2.34,
        "heading_deg": 145.2,
        "aoi": "r4-herttoniemi-n",
        "source_layer": "Ortoilmakuva_2025_5cm",
        "zoom": 16,
        "status": "confirmed",
        "class": "van"
      }
    },
    {
      "type": "Feature",
      "geometry": {
        "type": "Polygon",
        "coordinates": [
          [
            [
              25502552.708,
              6676385.016
            ],
            [
              25502555.147,
              6676384.967
            ],
            [
              25502555.244,
              6676389.786
            ],
            [
              25502552.805,
              6676389.835
            ],
            [
              25502552.708,
              6676385.016
            ]
          ]
        ]
      },
      "properties": {
        "confidence": 0.9286,
        "length_m": 4.82,
        "width_m": 2.44,
        "heading_deg": 1.2,
        "aoi": "r4-herttoniemi-n",
        "source_layer": "Ortoilmakuva_2025_5cm",
        "zoom": 16,
        "status": "confirmed",
        "class": "car"
      }
    },
    {
      "type": "Feature",
      "geometry": {
        "type": "Polygon",
        "coordinates": [
          [
            [
              25502512.036,
              6676607.928
            ],
            [
              25502513.296,
              6676609.589
            ],
            [
              25502509.788,
              6676612.251
            ],
            [
              25502508.527,
              6676610.59
            ],
            [
              25502512.036,
              6676607.928
            ]
          ]
        ]
      },
      "properties": {
        "confidence": 0.9277,
        "length_m": 4.4,
        "width_m": 2.08,
        "heading_deg": 127.2,
        "aoi": "r4-herttoniemi-n",
        "source_layer": "Ortoilmakuva_2025_5cm",
        "zoom": 16,
        "status": "confirmed",
        "class": "car"
      }
    },
    {
      "type": "Feature",
      "geometry": {
        "type": "Polygon",
        "coordinates": [
          [
            [
              25502521.543,
              6676538.395
            ],
            [
              25502522.854,
              6676540.23
            ],
            [
              25502518.897,
              6676543.058
            ],
            [
              25502517.586,
              6676541.223
            ],
            [
              25502521.543,
              6676538.395
            ]
          ]
        ]
      },
      "properties": {
        "confidence": 0.9271,
        "length_m": 4.86,
        "width_m": 2.26,
        "heading_deg": 125.6,
        "aoi": "r4-herttoniemi-n",
        "source_layer": "Ortoilmakuva_2025_5cm",
        "zoom": 16,
        "status": "confirmed",
        "class": "car"
      }
    },
    {
      "type": "Feature",
      "geometry": {
        "type": "Polygon",
        "coordinates": [
          [
            [
              25502528.785,
              6676525.988
            ],
            [
              25502530.028,
              6676527.992
            ],
            [
              25502525.655,
              6676530.705
            ],
            [
              25502524.412,
              6676528.701
            ],
            [
              25502528.785,
              6676525.988
            ]
          ]
        ]
      },
      "properties": {
        "confidence": 0.927,
        "length_m": 5.15,
        "width_m": 2.36,
        "heading_deg": 121.8,
        "aoi": "r4-herttoniemi-n",
        "source_layer": "Ortoilmakuva_2025_5cm",
        "zoom": 16,
        "status": "confirmed",
        "class": "car"
      }
    },
    {
      "type": "Feature",
      "geometry": {
        "type": "Polygon",
        "coordinates": [
          [
            [
              25502587.28,
              6676534.34
            ],
            [
              25502589.661,
              6676534.212
            ],
            [
              25502589.94,
              6676539.402
            ],
            [
              25502587.559,
              6676539.53
            ],
            [
              25502587.28,
              6676534.34
            ]
          ]
        ]
      },
      "properties": {
        "confidence": 0.9269,
        "length_m": 5.2,
        "width_m": 2.38,
        "heading_deg": 3.1,
        "aoi": "r4-herttoniemi-n",
        "source_layer": "Ortoilmakuva_2025_5cm",
        "zoom": 16,
        "status": "confirmed",
        "class": "car"
      }
    },
    {
      "type": "Feature",
      "geometry": {
        "type": "Polygon",
        "coordinates": [
          [
            [
              25502523.09,
              6676562.18
            ],
            [
              25502524.395,
              6676563.826
            ],
            [
              25502520.775,
              6676566.696
            ],
            [
              25502519.47,
              6676565.049
            ],
            [
              25502523.09,
              6676562.18
            ]
          ]
        ]
      },
      "properties": {
        "confidence": 0.9268,
        "length_m": 4.62,
        "width_m": 2.1,
        "heading_deg": 128.4,
        "aoi": "r4-herttoniemi-n",
        "source_layer": "Ortoilmakuva_2025_5cm",
        "zoom": 16,
        "status": "confirmed",
        "class": "car"
      }
    },
    {
      "type": "Feature",
      "geometry": {
        "type": "Polygon",
        "coordinates": [
          [
            [
              25502563.656,
              6676422.482
            ],
            [
              25502565.707,
              6676422.428
            ],
            [
              25502565.826,
              6676426.965
            ],
            [
              25502563.775,
              6676427.018
            ],
            [
              25502563.656,
              6676422.482
            ]
          ]
        ]
      },
      "properties": {
        "confidence": 0.9267,
        "length_m": 4.54,
        "width_m": 2.05,
        "heading_deg": 1.5,
        "aoi": "r4-herttoniemi-n",
        "source_layer": "Ortoilmakuva_2025_5cm",
        "zoom": 16,
        "status": "confirmed",
        "class": "car"
      }
    },
    {
      "type": "Feature",
      "geometry": {
        "type": "Polygon",
        "coordinates": [
          [
            [
              25502583.25,
              6676404.96
            ],
            [
              25502585.625,
              6676405.122
            ],
            [
              25502585.322,
              6676409.557
            ],
            [
              25502582.947,
              6676409.395
            ],
            [
              25502583.25,
              6676404.96
            ]
          ]
        ]
      },
      "properties": {
        "confidence": 0.9264,
        "length_m": 4.45,
        "width_m": 2.38,
        "heading_deg": 176.1,
        "aoi": "r4-herttoniemi-n",
        "source_layer": "Ortoilmakuva_2025_5cm",
        "zoom": 16,
        "status": "confirmed",
        "class": "car"
      }
    },
    {
      "type": "Feature",
      "geometry": {
        "type": "Polygon",
        "coordinates": [
          [
            [
              25502587.279,
              6676524.763
            ],
            [
              25502587.433,
              6676526.909
            ],
            [
              25502583.026,
              6676527.225
            ],
            [
              25502582.872,
              6676525.08
            ],
            [
              25502587.279,
              6676524.763
            ]
          ]
        ]
      },
      "properties": {
        "confidence": 0.9263,
        "length_m": 4.42,
        "width_m": 2.15,
        "heading_deg": 94.1,
        "aoi": "r4-herttoniemi-n",
        "source_layer": "Ortoilmakuva_2025_5cm",
        "zoom": 16,
        "status": "confirmed",
        "class": "car"
      }
    },
    {
      "type": "Feature",
      "geometry": {
        "type": "Polygon",
        "coordinates": [
          [
            [
              25502561.731,
              6676398.212
            ],
            [
              25502564.29,
              6676398.055
            ],
            [
              25502564.611,
              6676403.296
            ],
            [
              25502562.053,
              6676403.453
            ],
            [
              25502561.731,
              6676398.212
            ]
          ]
        ]
      },
      "properties": {
        "confidence": 0.9263,
        "length_m": 5.25,
        "width_m": 2.56,
        "heading_deg": 3.5,
        "aoi": "r4-herttoniemi-n",
        "source_layer": "Ortoilmakuva_2025_5cm",
        "zoom": 16,
        "status": "confirmed",
        "class": "car"
      }
    },
    {
      "type": "Feature",
      "geometry": {
        "type": "Polygon",
        "coordinates": [
          [
            [
              25502566.821,
              6676579.906
            ],
            [
              25502568.934,
              6676580.453
            ],
            [
              25502567.823,
              6676584.746
            ],
            [
              25502565.71,
              6676584.199
            ],
            [
              25502566.821,
              6676579.906
            ]
          ]
        ]
      },
      "properties": {
        "confidence": 0.9261,
        "length_m": 4.43,
        "width_m": 2.18,
        "heading_deg": 165.5,
        "aoi": "r4-herttoniemi-n",
        "source_layer": "Ortoilmakuva_2025_5cm",
        "zoom": 16,
        "status": "confirmed",
        "class": "car"
      }
    },
    {
      "type": "Feature",
      "geometry": {
        "type": "Polygon",
        "coordinates": [
          [
            [
              25502529.346,
              6676548.618
            ],
            [
              25502530.817,
              6676550.654
            ],
            [
              25502526.134,
              6676554.039
            ],
            [
              25502524.663,
              6676552.004
            ],
            [
              25502529.346,
              6676548.618
            ]
          ]
        ]
      },
      "properties": {
        "confidence": 0.9254,
        "length_m": 5.78,
        "width_m": 2.51,
        "heading_deg": 125.9,
        "aoi": "r4-herttoniemi-n",
        "source_layer": "Ortoilmakuva_2025_5cm",
        "zoom": 16,
        "status": "confirmed",
        "class": "car"
      }
    },
    {
      "type": "Feature",
      "geometry": {
        "type": "Polygon",
        "coordinates": [
          [
            [
              25502657.703,
              6676615.708
            ],
            [
              25502658.252,
              6676617.773
            ],
            [
              25502653.809,
              6676618.954
            ],
            [
              25502653.26,
              6676616.89
            ],
            [
              25502657.703,
              6676615.708
            ]
          ]
        ]
      },
      "properties": {
        "confidence": 0.9247,
        "length_m": 4.6,
        "width_m": 2.14,
        "heading_deg": 104.9,
        "aoi": "r4-herttoniemi-n",
        "source_layer": "Ortoilmakuva_2025_5cm",
        "zoom": 16,
        "status": "confirmed",
        "class": "car"
      }
    },
    {
      "type": "Feature",
      "geometry": {
        "type": "Polygon",
        "coordinates": [
          [
            [
              25502381.783,
              6676580.827
            ],
            [
              25502382.687,
              6676582.857
            ],
            [
              25502378.705,
              6676584.631
            ],
            [
              25502377.8,
              6676582.602
            ],
            [
              25502381.783,
              6676580.827
            ]
          ]
        ]
      },
      "properties": {
        "confidence": 0.9247,
        "length_m": 4.36,
        "width_m": 2.22,
        "heading_deg": 114,
        "aoi": "r4-herttoniemi-n",
        "source_layer": "Ortoilmakuva_2025_5cm",
        "zoom": 16,
        "status": "confirmed",
        "class": "car"
      }
    },
    {
      "type": "Feature",
      "geometry": {
        "type": "Polygon",
        "coordinates": [
          [
            [
              25502556.969,
              6676398.11
            ],
            [
              25502559.276,
              6676398.029
            ],
            [
              25502559.451,
              6676403.001
            ],
            [
              25502557.145,
              6676403.083
            ],
            [
              25502556.969,
              6676398.11
            ]
          ]
        ]
      },
      "properties": {
        "confidence": 0.9244,
        "length_m": 4.98,
        "width_m": 2.31,
        "heading_deg": 2,
        "aoi": "r4-herttoniemi-n",
        "source_layer": "Ortoilmakuva_2025_5cm",
        "zoom": 16,
        "status": "confirmed",
        "class": "car"
      }
    },
    {
      "type": "Feature",
      "geometry": {
        "type": "Polygon",
        "coordinates": [
          [
            [
              25502367.523,
              6676580.195
            ],
            [
              25502368.713,
              6676582.114
            ],
            [
              25502364.43,
              6676584.77
            ],
            [
              25502363.24,
              6676582.852
            ],
            [
              25502367.523,
              6676580.195
            ]
          ]
        ]
      },
      "properties": {
        "confidence": 0.9238,
        "length_m": 5.04,
        "width_m": 2.26,
        "heading_deg": 121.8,
        "aoi": "r4-herttoniemi-n",
        "source_layer": "Ortoilmakuva_2025_5cm",
        "zoom": 16,
        "status": "confirmed",
        "class": "car"
      }
    },
    {
      "type": "Feature",
      "geometry": {
        "type": "Polygon",
        "coordinates": [
          [
            [
              25502552.235,
              6676553.966
            ],
            [
              25502551.378,
              6676556.112
            ],
            [
              25502546.897,
              6676554.323
            ],
            [
              25502547.754,
              6676552.177
            ],
            [
              25502552.235,
              6676553.966
            ]
          ]
        ]
      },
      "properties": {
        "confidence": 0.9237,
        "length_m": 4.82,
        "width_m": 2.31,
        "heading_deg": 68.2,
        "aoi": "r4-herttoniemi-n",
        "source_layer": "Ortoilmakuva_2025_5cm",
        "zoom": 16,
        "status": "confirmed",
        "class": "car"
      }
    },
    {
      "type": "Feature",
      "geometry": {
        "type": "Polygon",
        "coordinates": [
          [
            [
              25502423.653,
              6676556.585
            ],
            [
              25502424.762,
              6676558.72
            ],
            [
              25502419.974,
              6676561.207
            ],
            [
              25502418.865,
              6676559.073
            ],
            [
              25502423.653,
              6676556.585
            ]
          ]
        ]
      },
      "properties": {
        "confidence": 0.9233,
        "length_m": 5.4,
        "width_m": 2.41,
        "heading_deg": 117.4,
        "aoi": "r4-herttoniemi-n",
        "source_layer": "Ortoilmakuva_2025_5cm",
        "zoom": 16,
        "status": "confirmed",
        "class": "car"
      }
    },
    {
      "type": "Feature",
      "geometry": {
        "type": "Polygon",
        "coordinates": [
          [
            [
              25502513.291,
              6676572.254
            ],
            [
              25502512.827,
              6676574.401
            ],
            [
              25502508.411,
              6676573.446
            ],
            [
              25502508.876,
              6676571.299
            ],
            [
              25502513.291,
              6676572.254
            ]
          ]
        ]
      },
      "properties": {
        "confidence": 0.9231,
        "length_m": 4.52,
        "width_m": 2.2,
        "heading_deg": 77.8,
        "aoi": "r4-herttoniemi-n",
        "source_layer": "Ortoilmakuva_2025_5cm",
        "zoom": 16,
        "status": "confirmed",
        "class": "car"
      }
    },
    {
      "type": "Feature",
      "geometry": {
        "type": "Polygon",
        "coordinates": [
          [
            [
              25502495.449,
              6676602.551
            ],
            [
              25502497.572,
              6676601.491
            ],
            [
              25502499.606,
              6676605.566
            ],
            [
              25502497.484,
              6676606.626
            ],
            [
              25502495.449,
              6676602.551
            ]
          ]
        ]
      },
      "properties": {
        "confidence": 0.9229,
        "length_m": 4.55,
        "width_m": 2.37,
        "heading_deg": 26.5,
        "aoi": "r4-herttoniemi-n",
        "source_layer": "Ortoilmakuva_2025_5cm",
        "zoom": 16,
        "status": "confirmed",
        "class": "car"
      }
    },
    {
      "type": "Feature",
      "geometry": {
        "type": "Polygon",
        "coordinates": [
          [
            [
              25502540.414,
              6676545.1
            ],
            [
              25502541.594,
              6676546.899
            ],
            [
              25502538.185,
              6676549.134
            ],
            [
              25502537.006,
              6676547.336
            ],
            [
              25502540.414,
              6676545.1
            ]
          ]
        ]
      },
      "properties": {
        "confidence": 0.9222,
        "length_m": 4.08,
        "width_m": 2.15,
        "heading_deg": 123.2,
        "aoi": "r4-herttoniemi-n",
        "source_layer": "Ortoilmakuva_2025_5cm",
        "zoom": 16,
        "status": "confirmed",
        "class": "car"
      }
    },
    {
      "type": "Feature",
      "geometry": {
        "type": "Polygon",
        "coordinates": [
          [
            [
              25502567.838,
              6676585.617
            ],
            [
              25502570.066,
              6676586.177
            ],
            [
              25502568.925,
              6676590.708
            ],
            [
              25502566.698,
              6676590.147
            ],
            [
              25502567.838,
              6676585.617
            ]
          ]
        ]
      },
      "properties": {
        "confidence": 0.9221,
        "length_m": 4.67,
        "width_m": 2.3,
        "heading_deg": 165.9,
        "aoi": "r4-herttoniemi-n",
        "source_layer": "Ortoilmakuva_2025_5cm",
        "zoom": 16,
        "status": "confirmed",
        "class": "car"
      }
    },
    {
      "type": "Feature",
      "geometry": {
        "type": "Polygon",
        "coordinates": [
          [
            [
              25502561.854,
              6676578.5
            ],
            [
              25502563.99,
              6676579.213
            ],
            [
              25502562.436,
              6676583.868
            ],
            [
              25502560.3,
              6676583.155
            ],
            [
              25502561.854,
              6676578.5
            ]
          ]
        ]
      },
      "properties": {
        "confidence": 0.9221,
        "length_m": 4.91,
        "width_m": 2.25,
        "heading_deg": 161.5,
        "aoi": "r4-herttoniemi-n",
        "source_layer": "Ortoilmakuva_2025_5cm",
        "zoom": 16,
        "status": "confirmed",
        "class": "car"
      }
    },
    {
      "type": "Feature",
      "geometry": {
        "type": "Polygon",
        "coordinates": [
          [
            [
              25502532.527,
              6676407.86
            ],
            [
              25502532.799,
              6676397.08
            ],
            [
              25502529.956,
              6676397.008
            ],
            [
              25502529.684,
              6676407.788
            ],
            [
              25502532.527,
              6676407.86
            ]
          ]
        ]
      },
      "properties": {
        "confidence": 0.9221,
        "length_m": 10.78,
        "width_m": 2.84,
        "heading_deg": 178.6,
        "aoi": "r4-herttoniemi-n",
        "source_layer": "Ortoilmakuva_2025_5cm",
        "zoom": 16,
        "status": "confirmed",
        "class": "truck"
      }
    },
    {
      "type": "Feature",
      "geometry": {
        "type": "Polygon",
        "coordinates": [
          [
            [
              25502559.874,
              6676583.597
            ],
            [
              25502559.347,
              6676585.691
            ],
            [
              25502555.105,
              6676584.624
            ],
            [
              25502555.632,
              6676582.53
            ],
            [
              25502559.874,
              6676583.597
            ]
          ]
        ]
      },
      "properties": {
        "confidence": 0.9219,
        "length_m": 4.37,
        "width_m": 2.16,
        "heading_deg": 75.9,
        "aoi": "r4-herttoniemi-n",
        "source_layer": "Ortoilmakuva_2025_5cm",
        "zoom": 16,
        "status": "confirmed",
        "class": "car"
      }
    },
    {
      "type": "Feature",
      "geometry": {
        "type": "Polygon",
        "coordinates": [
          [
            [
              25502650.33,
              6676462.745
            ],
            [
              25502650.393,
              6676464.841
            ],
            [
              25502645.833,
              6676464.978
            ],
            [
              25502645.77,
              6676462.883
            ],
            [
              25502650.33,
              6676462.745
            ]
          ]
        ]
      },
      "properties": {
        "confidence": 0.9219,
        "length_m": 4.56,
        "width_m": 2.1,
        "heading_deg": 91.7,
        "aoi": "r4-herttoniemi-n",
        "source_layer": "Ortoilmakuva_2025_5cm",
        "zoom": 16,
        "status": "confirmed",
        "class": "car"
      }
    },
    {
      "type": "Feature",
      "geometry": {
        "type": "Polygon",
        "coordinates": [
          [
            [
              25502469.283,
              6676466.555
            ],
            [
              25502471.184,
              6676465.334
            ],
            [
              25502473.715,
              6676469.272
            ],
            [
              25502471.815,
              6676470.494
            ],
            [
              25502469.283,
              6676466.555
            ]
          ]
        ]
      },
      "properties": {
        "confidence": 0.9218,
        "length_m": 4.68,
        "width_m": 2.26,
        "heading_deg": 32.7,
        "aoi": "r4-herttoniemi-n",
        "source_layer": "Ortoilmakuva_2025_5cm",
        "zoom": 16,
        "status": "confirmed",
        "class": "car"
      }
    },
    {
      "type": "Feature",
      "geometry": {
        "type": "Polygon",
        "coordinates": [
          [
            [
              25502392.382,
              6676566.278
            ],
            [
              25502393.485,
              6676568.154
            ],
            [
              25502389.465,
              6676570.518
            ],
            [
              25502388.362,
              6676568.642
            ],
            [
              25502392.382,
              6676566.278
            ]
          ]
        ]
      },
      "properties": {
        "confidence": 0.9216,
        "length_m": 4.66,
        "width_m": 2.18,
        "heading_deg": 120.5,
        "aoi": "r4-herttoniemi-n",
        "source_layer": "Ortoilmakuva_2025_5cm",
        "zoom": 16,
        "status": "confirmed",
        "class": "car"
      }
    },
    {
      "type": "Feature",
      "geometry": {
        "type": "Polygon",
        "coordinates": [
          [
            [
              25502559.605,
              6676559.601
            ],
            [
              25502561.719,
              6676560.223
            ],
            [
              25502560.315,
              6676564.996
            ],
            [
              25502558.201,
              6676564.374
            ],
            [
              25502559.605,
              6676559.601
            ]
          ]
        ]
      },
      "properties": {
        "confidence": 0.9214,
        "length_m": 4.98,
        "width_m": 2.2,
        "heading_deg": 163.6,
        "aoi": "r4-herttoniemi-n",
        "source_layer": "Ortoilmakuva_2025_5cm",
        "zoom": 16,
        "status": "confirmed",
        "class": "car"
      }
    },
    {
      "type": "Feature",
      "geometry": {
        "type": "Polygon",
        "coordinates": [
          [
            [
              25502650.304,
              6676437.167
            ],
            [
              25502650.279,
              6676439.42
            ],
            [
              25502645.381,
              6676439.366
            ],
            [
              25502645.406,
              6676437.112
            ],
            [
              25502650.304,
              6676437.167
            ]
          ]
        ]
      },
      "properties": {
        "confidence": 0.9212,
        "length_m": 4.9,
        "width_m": 2.25,
        "heading_deg": 89.4,
        "aoi": "r4-herttoniemi-n",
        "source_layer": "Ortoilmakuva_2025_5cm",
        "zoom": 16,
        "status": "confirmed",
        "class": "car"
      }
    },
    {
      "type": "Feature",
      "geometry": {
        "type": "Polygon",
        "coordinates": [
          [
            [
              25502389.131,
              6676538.334
            ],
            [
              25502391.064,
              6676537.16
            ],
            [
              25502393.462,
              6676541.11
            ],
            [
              25502391.53,
              6676542.284
            ],
            [
              25502389.131,
              6676538.334
            ]
          ]
        ]
      },
      "properties": {
        "confidence": 0.9211,
        "length_m": 4.62,
        "width_m": 2.26,
        "heading_deg": 31.3,
        "aoi": "r4-herttoniemi-n",
        "source_layer": "Ortoilmakuva_2025_5cm",
        "zoom": 16,
        "status": "confirmed",
        "class": "car"
      }
    },
    {
      "type": "Feature",
      "geometry": {
        "type": "Polygon",
        "coordinates": [
          [
            [
              25502581.591,
              6676583.368
            ],
            [
              25502583.806,
              6676583.953
            ],
            [
              25502582.535,
              6676588.767
            ],
            [
              25502580.32,
              6676588.182
            ],
            [
              25502581.591,
              6676583.368
            ]
          ]
        ]
      },
      "properties": {
        "confidence": 0.921,
        "length_m": 4.98,
        "width_m": 2.29,
        "heading_deg": 165.2,
        "aoi": "r4-herttoniemi-n",
        "source_layer": "Ortoilmakuva_2025_5cm",
        "zoom": 16,
        "status": "confirmed",
        "class": "car"
      }
    },
    {
      "type": "Feature",
      "geometry": {
        "type": "Polygon",
        "coordinates": [
          [
            [
              25502413.982,
              6676538.424
            ],
            [
              25502415.236,
              6676540.518
            ],
            [
              25502410.449,
              6676543.384
            ],
            [
              25502409.195,
              6676541.29
            ],
            [
              25502413.982,
              6676538.424
            ]
          ]
        ]
      },
      "properties": {
        "confidence": 0.9207,
        "length_m": 5.58,
        "width_m": 2.44,
        "heading_deg": 120.9,
        "aoi": "r4-herttoniemi-n",
        "source_layer": "Ortoilmakuva_2025_5cm",
        "zoom": 16,
        "status": "confirmed",
        "class": "van"
      }
    },
    {
      "type": "Feature",
      "geometry": {
        "type": "Polygon",
        "coordinates": [
          [
            [
              25502452.24,
              6676534.498
            ],
            [
              25502451.519,
              6676536.739
            ],
            [
              25502443.462,
              6676534.147
            ],
            [
              25502444.182,
              6676531.907
            ],
            [
              25502452.24,
              6676534.498
            ]
          ]
        ]
      },
      "properties": {
        "confidence": 0.9205,
        "length_m": 8.46,
        "width_m": 2.35,
        "heading_deg": 72.2,
        "aoi": "r4-herttoniemi-n",
        "source_layer": "Ortoilmakuva_2025_5cm",
        "zoom": 16,
        "status": "confirmed",
        "class": "truck"
      }
    },
    {
      "type": "Feature",
      "geometry": {
        "type": "Polygon",
        "coordinates": [
          [
            [
              25502519.116,
              6676533.904
            ],
            [
              25502520.443,
              6676535.658
            ],
            [
              25502516.293,
              6676538.799
            ],
            [
              25502514.965,
              6676537.045
            ],
            [
              25502519.116,
              6676533.904
            ]
          ]
        ]
      },
      "properties": {
        "confidence": 0.9197,
        "length_m": 5.2,
        "width_m": 2.2,
        "heading_deg": 127.1,
        "aoi": "r4-herttoniemi-n",
        "source_layer": "Ortoilmakuva_2025_5cm",
        "zoom": 16,
        "status": "confirmed",
        "class": "car"
      }
    },
    {
      "type": "Feature",
      "geometry": {
        "type": "Polygon",
        "coordinates": [
          [
            [
              25502399.284,
              6676551.496
            ],
            [
              25502401.291,
              6676550.385
            ],
            [
              25502403.515,
              6676554.402
            ],
            [
              25502401.507,
              6676555.513
            ],
            [
              25502399.284,
              6676551.496
            ]
          ]
        ]
      },
      "properties": {
        "confidence": 0.9196,
        "length_m": 4.59,
        "width_m": 2.29,
        "heading_deg": 29,
        "aoi": "r4-herttoniemi-n",
        "source_layer": "Ortoilmakuva_2025_5cm",
        "zoom": 16,
        "status": "confirmed",
        "class": "car"
      }
    },
    {
      "type": "Feature",
      "geometry": {
        "type": "Polygon",
        "coordinates": [
          [
            [
              25502395.479,
              6676533.919
            ],
            [
              25502397.438,
              6676532.843
            ],
            [
              25502399.564,
              6676536.716
            ],
            [
              25502397.605,
              6676537.792
            ],
            [
              25502395.479,
              6676533.919
            ]
          ]
        ]
      },
      "properties": {
        "confidence": 0.9189,
        "length_m": 4.42,
        "width_m": 2.24,
        "heading_deg": 28.8,
        "aoi": "r4-herttoniemi-n",
        "source_layer": "Ortoilmakuva_2025_5cm",
        "zoom": 16,
        "status": "confirmed",
        "class": "car"
      }
    },
    {
      "type": "Feature",
      "geometry": {
        "type": "Polygon",
        "coordinates": [
          [
            [
              25502555.358,
              6676384.798
            ],
            [
              25502557.701,
              6676384.691
            ],
            [
              25502557.923,
              6676389.588
            ],
            [
              25502555.58,
              6676389.694
            ],
            [
              25502555.358,
              6676384.798
            ]
          ]
        ]
      },
      "properties": {
        "confidence": 0.9187,
        "length_m": 4.9,
        "width_m": 2.35,
        "heading_deg": 2.6,
        "aoi": "r4-herttoniemi-n",
        "source_layer": "Ortoilmakuva_2025_5cm",
        "zoom": 16,
        "status": "confirmed",
        "class": "car"
      }
    },
    {
      "type": "Feature",
      "geometry": {
        "type": "Polygon",
        "coordinates": [
          [
            [
              25502505.866,
              6676555.562
            ],
            [
              25502507.176,
              6676557.316
            ],
            [
              25502502.959,
              6676560.466
            ],
            [
              25502501.649,
              6676558.711
            ],
            [
              25502505.866,
              6676555.562
            ]
          ]
        ]
      },
      "properties": {
        "confidence": 0.9182,
        "length_m": 5.26,
        "width_m": 2.19,
        "heading_deg": 126.8,
        "aoi": "r4-herttoniemi-n",
        "source_layer": "Ortoilmakuva_2025_5cm",
        "zoom": 16,
        "status": "confirmed",
        "class": "van"
      }
    },
    {
      "type": "Feature",
      "geometry": {
        "type": "Polygon",
        "coordinates": [
          [
            [
              25502402.611,
              6676535.973
            ],
            [
              25502404.441,
              6676534.923
            ],
            [
              25502406.624,
              6676538.728
            ],
            [
              25502404.794,
              6676539.778
            ],
            [
              25502402.611,
              6676535.973
            ]
          ]
        ]
      },
      "properties": {
        "confidence": 0.918,
        "length_m": 4.39,
        "width_m": 2.11,
        "heading_deg": 29.8,
        "aoi": "r4-herttoniemi-n",
        "source_layer": "Ortoilmakuva_2025_5cm",
        "zoom": 16,
        "status": "confirmed",
        "class": "car"
      }
    },
    {
      "type": "Feature",
      "geometry": {
        "type": "Polygon",
        "coordinates": [
          [
            [
              25502573.404,
              6676404.775
            ],
            [
              25502575.891,
              6676404.61
            ],
            [
              25502576.245,
              6676409.923
            ],
            [
              25502573.758,
              6676410.088
            ],
            [
              25502573.404,
              6676404.775
            ]
          ]
        ]
      },
      "properties": {
        "confidence": 0.918,
        "length_m": 5.32,
        "width_m": 2.49,
        "heading_deg": 3.8,
        "aoi": "r4-herttoniemi-n",
        "source_layer": "Ortoilmakuva_2025_5cm",
        "zoom": 16,
        "status": "confirmed",
        "class": "car"
      }
    },
    {
      "type": "Feature",
      "geometry": {
        "type": "Polygon",
        "coordinates": [
          [
            [
              25502554.312,
              6676368.87
            ],
            [
              25502556.408,
              6676368.681
            ],
            [
              25502556.79,
              6676372.919
            ],
            [
              25502554.694,
              6676373.108
            ],
            [
              25502554.312,
              6676368.87
            ]
          ]
        ]
      },
      "properties": {
        "confidence": 0.9179,
        "length_m": 4.26,
        "width_m": 2.1,
        "heading_deg": 5.2,
        "aoi": "r4-herttoniemi-n",
        "source_layer": "Ortoilmakuva_2025_5cm",
        "zoom": 16,
        "status": "confirmed",
        "class": "car"
      }
    },
    {
      "type": "Feature",
      "geometry": {
        "type": "Polygon",
        "coordinates": [
          [
            [
              25502638.687,
              6676651.547
            ],
            [
              25502640.76,
              6676650.598
            ],
            [
              25502642.687,
              6676654.808
            ],
            [
              25502640.613,
              6676655.757
            ],
            [
              25502638.687,
              6676651.547
            ]
          ]
        ]
      },
      "properties": {
        "confidence": 0.9178,
        "length_m": 4.63,
        "width_m": 2.28,
        "heading_deg": 24.6,
        "aoi": "r4-herttoniemi-n",
        "source_layer": "Ortoilmakuva_2025_5cm",
        "zoom": 16,
        "status": "confirmed",
        "class": "car"
      }
    },
    {
      "type": "Feature",
      "geometry": {
        "type": "Polygon",
        "coordinates": [
          [
            [
              25502413.492,
              6676604.577
            ],
            [
              25502407.201,
              6676600.291
            ],
            [
              25502405.93,
              6676602.156
            ],
            [
              25502412.221,
              6676606.442
            ],
            [
              25502413.492,
              6676604.577
            ]
          ]
        ]
      },
      "properties": {
        "confidence": 0.9174,
        "length_m": 7.61,
        "width_m": 2.26,
        "heading_deg": 55.7,
        "aoi": "r4-herttoniemi-n",
        "source_layer": "Ortoilmakuva_2025_5cm",
        "zoom": 16,
        "status": "confirmed",
        "class": "van"
      }
    },
    {
      "type": "Feature",
      "geometry": {
        "type": "Polygon",
        "coordinates": [
          [
            [
              25502573.387,
              6676373.821
            ],
            [
              25502568.22,
              6676373.923
            ],
            [
              25502568.263,
              6676376.129
            ],
            [
              25502573.431,
              6676376.027
            ],
            [
              25502573.387,
              6676373.821
            ]
          ]
        ]
      },
      "properties": {
        "confidence": 0.9173,
        "length_m": 5.17,
        "width_m": 2.21,
        "heading_deg": 91.1,
        "aoi": "r4-herttoniemi-n",
        "source_layer": "Ortoilmakuva_2025_5cm",
        "zoom": 16,
        "status": "confirmed",
        "class": "van"
      }
    },
    {
      "type": "Feature",
      "geometry": {
        "type": "Polygon",
        "coordinates": [
          [
            [
              25502473.598,
              6676553.577
            ],
            [
              25502472.329,
              6676555.411
            ],
            [
              25502468.378,
              6676552.678
            ],
            [
              25502469.646,
              6676550.844
            ],
            [
              25502473.598,
              6676553.577
            ]
          ]
        ]
      },
      "properties": {
        "confidence": 0.9172,
        "length_m": 4.8,
        "width_m": 2.23,
        "heading_deg": 55.3,
        "aoi": "r4-herttoniemi-n",
        "source_layer": "Ortoilmakuva_2025_5cm",
        "zoom": 16,
        "status": "confirmed",
        "class": "car"
      }
    },
    {
      "type": "Feature",
      "geometry": {
        "type": "Polygon",
        "coordinates": [
          [
            [
              25502475.354,
              6676462.564
            ],
            [
              25502477.279,
              6676461.263
            ],
            [
              25502480.057,
              6676465.374
            ],
            [
              25502478.132,
              6676466.675
            ],
            [
              25502475.354,
              6676462.564
            ]
          ]
        ]
      },
      "properties": {
        "confidence": 0.9171,
        "length_m": 4.96,
        "width_m": 2.32,
        "heading_deg": 34,
        "aoi": "r4-herttoniemi-n",
        "source_layer": "Ortoilmakuva_2025_5cm",
        "zoom": 16,
        "status": "confirmed",
        "class": "car"
      }
    },
    {
      "type": "Feature",
      "geometry": {
        "type": "Polygon",
        "coordinates": [
          [
            [
              25502461.574,
              6676465.413
            ],
            [
              25502463.484,
              6676464.119
            ],
            [
              25502465.962,
              6676467.778
            ],
            [
              25502464.052,
              6676469.071
            ],
            [
              25502461.574,
              6676465.413
            ]
          ]
        ]
      },
      "properties": {
        "confidence": 0.917,
        "length_m": 4.42,
        "width_m": 2.31,
        "heading_deg": 34.1,
        "aoi": "r4-herttoniemi-n",
        "source_layer": "Ortoilmakuva_2025_5cm",
        "zoom": 16,
        "status": "confirmed",
        "class": "car"
      }
    },
    {
      "type": "Feature",
      "geometry": {
        "type": "Polygon",
        "coordinates": [
          [
            [
              25502573.069,
              6676381.945
            ],
            [
              25502573.117,
              6676384.406
            ],
            [
              25502567.895,
              6676384.507
            ],
            [
              25502567.847,
              6676382.046
            ],
            [
              25502573.069,
              6676381.945
            ]
          ]
        ]
      },
      "properties": {
        "confidence": 0.9165,
        "length_m": 5.22,
        "width_m": 2.46,
        "heading_deg": 91.1,
        "aoi": "r4-herttoniemi-n",
        "source_layer": "Ortoilmakuva_2025_5cm",
        "zoom": 16,
        "status": "confirmed",
        "class": "car"
      }
    },
    {
      "type": "Feature",
      "geometry": {
        "type": "Polygon",
        "coordinates": [
          [
            [
              25502559.192,
              6676367.799
            ],
            [
              25502561.278,
              6676367.624
            ],
            [
              25502561.635,
              6676371.868
            ],
            [
              25502559.549,
              6676372.044
            ],
            [
              25502559.192,
              6676367.799
            ]
          ]
        ]
      },
      "properties": {
        "confidence": 0.9162,
        "length_m": 4.26,
        "width_m": 2.09,
        "heading_deg": 4.8,
        "aoi": "r4-herttoniemi-n",
        "source_layer": "Ortoilmakuva_2025_5cm",
        "zoom": 16,
        "status": "confirmed",
        "class": "car"
      }
    },
    {
      "type": "Feature",
      "geometry": {
        "type": "Polygon",
        "coordinates": [
          [
            [
              25502472.937,
              6676457.959
            ],
            [
              25502474.831,
              6676456.918
            ],
            [
              25502476.945,
              6676460.765
            ],
            [
              25502475.05,
              6676461.806
            ],
            [
              25502472.937,
              6676457.959
            ]
          ]
        ]
      },
      "properties": {
        "confidence": 0.916,
        "length_m": 4.39,
        "width_m": 2.16,
        "heading_deg": 28.8,
        "aoi": "r4-herttoniemi-n",
        "source_layer": "Ortoilmakuva_2025_5cm",
        "zoom": 16,
        "status": "confirmed",
        "class": "car"
      }
    },
    {
      "type": "Feature",
      "geometry": {
        "type": "Polygon",
        "coordinates": [
          [
            [
              25502388.742,
              6676619.738
            ],
            [
              25502390.201,
              6676621.685
            ],
            [
              25502385.962,
              6676624.862
            ],
            [
              25502384.504,
              6676622.915
            ],
            [
              25502388.742,
              6676619.738
            ]
          ]
        ]
      },
      "properties": {
        "confidence": 0.9154,
        "length_m": 5.3,
        "width_m": 2.43,
        "heading_deg": 126.9,
        "aoi": "r4-herttoniemi-n",
        "source_layer": "Ortoilmakuva_2025_5cm",
        "zoom": 16,
        "status": "confirmed",
        "class": "car"
      }
    },
    {
      "type": "Feature",
      "geometry": {
        "type": "Polygon",
        "coordinates": [
          [
            [
              25502444.138,
              6676473.856
            ],
            [
              25502446.031,
              6676472.563
            ],
            [
              25502448.992,
              6676476.898
            ],
            [
              25502447.099,
              6676478.191
            ],
            [
              25502444.138,
              6676473.856
            ]
          ]
        ]
      },
      "properties": {
        "confidence": 0.915,
        "length_m": 5.25,
        "width_m": 2.29,
        "heading_deg": 34.3,
        "aoi": "r4-herttoniemi-n",
        "source_layer": "Ortoilmakuva_2025_5cm",
        "zoom": 16,
        "status": "confirmed",
        "class": "car"
      }
    },
    {
      "type": "Feature",
      "geometry": {
        "type": "Polygon",
        "coordinates": [
          [
            [
              25502547.252,
              6676405.133
            ],
            [
              25502549.572,
              6676405.023
            ],
            [
              25502549.778,
              6676409.377
            ],
            [
              25502547.458,
              6676409.486
            ],
            [
              25502547.252,
              6676405.133
            ]
          ]
        ]
      },
      "properties": {
        "confidence": 0.9147,
        "length_m": 4.36,
        "width_m": 2.32,
        "heading_deg": 2.7,
        "aoi": "r4-herttoniemi-n",
        "source_layer": "Ortoilmakuva_2025_5cm",
        "zoom": 16,
        "status": "confirmed",
        "class": "car"
      }
    },
    {
      "type": "Feature",
      "geometry": {
        "type": "Polygon",
        "coordinates": [
          [
            [
              25502394.561,
              6676649.56
            ],
            [
              25502395.793,
              6676651.336
            ],
            [
              25502392.036,
              6676653.943
            ],
            [
              25502390.804,
              6676652.166
            ],
            [
              25502394.561,
              6676649.56
            ]
          ]
        ]
      },
      "properties": {
        "confidence": 0.9145,
        "length_m": 4.57,
        "width_m": 2.16,
        "heading_deg": 124.8,
        "aoi": "r4-herttoniemi-n",
        "source_layer": "Ortoilmakuva_2025_5cm",
        "zoom": 16,
        "status": "confirmed",
        "class": "car"
      }
    },
    {
      "type": "Feature",
      "geometry": {
        "type": "Polygon",
        "coordinates": [
          [
            [
              25502397.92,
              6676532.879
            ],
            [
              25502399.792,
              6676531.711
            ],
            [
              25502402.241,
              6676535.634
            ],
            [
              25502400.368,
              6676536.803
            ],
            [
              25502397.92,
              6676532.879
            ]
          ]
        ]
      },
      "properties": {
        "confidence": 0.9144,
        "length_m": 4.62,
        "width_m": 2.21,
        "heading_deg": 32,
        "aoi": "r4-herttoniemi-n",
        "source_layer": "Ortoilmakuva_2025_5cm",
        "zoom": 16,
        "status": "confirmed",
        "class": "car"
      }
    },
    {
      "type": "Feature",
      "geometry": {
        "type": "Polygon",
        "coordinates": [
          [
            [
              25502391.601,
              6676542.858
            ],
            [
              25502393.526,
              6676541.676
            ],
            [
              25502395.777,
              6676545.342
            ],
            [
              25502393.853,
              6676546.524
            ],
            [
              25502391.601,
              6676542.858
            ]
          ]
        ]
      },
      "properties": {
        "confidence": 0.9144,
        "length_m": 4.3,
        "width_m": 2.26,
        "heading_deg": 31.6,
        "aoi": "r4-herttoniemi-n",
        "source_layer": "Ortoilmakuva_2025_5cm",
        "zoom": 16,
        "status": "confirmed",
        "class": "car"
      }
    },
    {
      "type": "Feature",
      "geometry": {
        "type": "Polygon",
        "coordinates": [
          [
            [
              25502525.364,
              6676545.082
            ],
            [
              25502526.705,
              6676546.784
            ],
            [
              25502522.935,
              6676549.757
            ],
            [
              25502521.593,
              6676548.056
            ],
            [
              25502525.364,
              6676545.082
            ]
          ]
        ]
      },
      "properties": {
        "confidence": 0.9144,
        "length_m": 4.8,
        "width_m": 2.17,
        "heading_deg": 128.3,
        "aoi": "r4-herttoniemi-n",
        "source_layer": "Ortoilmakuva_2025_5cm",
        "zoom": 16,
        "status": "confirmed",
        "class": "car"
      }
    },
    {
      "type": "Feature",
      "geometry": {
        "type": "Polygon",
        "coordinates": [
          [
            [
              25502650.464,
              6676442.678
            ],
            [
              25502650.364,
              6676444.973
            ],
            [
              25502645.704,
              6676444.77
            ],
            [
              25502645.804,
              6676442.475
            ],
            [
              25502650.464,
              6676442.678
            ]
          ]
        ]
      },
      "properties": {
        "confidence": 0.9144,
        "length_m": 4.66,
        "width_m": 2.3,
        "heading_deg": 87.5,
        "aoi": "r4-herttoniemi-n",
        "source_layer": "Ortoilmakuva_2025_5cm",
        "zoom": 16,
        "status": "confirmed",
        "class": "car"
      }
    },
    {
      "type": "Feature",
      "geometry": {
        "type": "Polygon",
        "coordinates": [
          [
            [
              25502570.522,
              6676601.331
            ],
            [
              25502572.379,
              6676602.503
            ],
            [
              25502569.632,
              6676606.853
            ],
            [
              25502567.776,
              6676605.681
            ],
            [
              25502570.522,
              6676601.331
            ]
          ]
        ]
      },
      "properties": {
        "confidence": 0.9143,
        "length_m": 5.14,
        "width_m": 2.2,
        "heading_deg": 147.7,
        "aoi": "r4-herttoniemi-n",
        "source_layer": "Ortoilmakuva_2025_5cm",
        "zoom": 16,
        "status": "confirmed",
        "class": "car"
      }
    },
    {
      "type": "Feature",
      "geometry": {
        "type": "Polygon",
        "coordinates": [
          [
            [
              25502398.058,
              6676538.346
            ],
            [
              25502399.983,
              6676537.3
            ],
            [
              25502402.214,
              6676541.405
            ],
            [
              25502400.289,
              6676542.451
            ],
            [
              25502398.058,
              6676538.346
            ]
          ]
        ]
      },
      "properties": {
        "confidence": 0.914,
        "length_m": 4.67,
        "width_m": 2.19,
        "heading_deg": 28.5,
        "aoi": "r4-herttoniemi-n",
        "source_layer": "Ortoilmakuva_2025_5cm",
        "zoom": 16,
        "status": "confirmed",
        "class": "car"
      }
    },
    {
      "type": "Feature",
      "geometry": {
        "type": "Polygon",
        "coordinates": [
          [
            [
              25502527.636,
              6676584.785
            ],
            [
              25502528.883,
              6676586.543
            ],
            [
              25502524.952,
              6676589.331
            ],
            [
              25502523.705,
              6676587.572
            ],
            [
              25502527.636,
              6676584.785
            ]
          ]
        ]
      },
      "properties": {
        "confidence": 0.9139,
        "length_m": 4.82,
        "width_m": 2.16,
        "heading_deg": 125.3,
        "aoi": "r4-herttoniemi-n",
        "source_layer": "Ortoilmakuva_2025_5cm",
        "zoom": 16,
        "status": "confirmed",
        "class": "car"
      }
    },
    {
      "type": "Feature",
      "geometry": {
        "type": "Polygon",
        "coordinates": [
          [
            [
              25502462.435,
              6676470.977
            ],
            [
              25502464.298,
              6676469.847
            ],
            [
              25502466.569,
              6676473.591
            ],
            [
              25502464.707,
              6676474.721
            ],
            [
              25502462.435,
              6676470.977
            ]
          ]
        ]
      },
      "properties": {
        "confidence": 0.9135,
        "length_m": 4.38,
        "width_m": 2.18,
        "heading_deg": 31.2,
        "aoi": "r4-herttoniemi-n",
        "source_layer": "Ortoilmakuva_2025_5cm",
        "zoom": 16,
        "status": "confirmed",
        "class": "car"
      }
    },
    {
      "type": "Feature",
      "geometry": {
        "type": "Polygon",
        "coordinates": [
          [
            [
              25502557.253,
              6676378.68
            ],
            [
              25502559.663,
              6676378.481
            ],
            [
              25502560.086,
              6676383.615
            ],
            [
              25502557.676,
              6676383.814
            ],
            [
              25502557.253,
              6676378.68
            ]
          ]
        ]
      },
      "properties": {
        "confidence": 0.9135,
        "length_m": 5.15,
        "width_m": 2.42,
        "heading_deg": 4.7,
        "aoi": "r4-herttoniemi-n",
        "source_layer": "Ortoilmakuva_2025_5cm",
        "zoom": 16,
        "status": "confirmed",
        "class": "car"
      }
    },
    {
      "type": "Feature",
      "geometry": {
        "type": "Polygon",
        "coordinates": [
          [
            [
              25502467.903,
              6676558.642
            ],
            [
              25502466.667,
              6676560.557
            ],
            [
              25502462.427,
              6676557.821
            ],
            [
              25502463.663,
              6676555.906
            ],
            [
              25502467.903,
              6676558.642
            ]
          ]
        ]
      },
      "properties": {
        "confidence": 0.9135,
        "length_m": 5.05,
        "width_m": 2.28,
        "heading_deg": 57.2,
        "aoi": "r4-herttoniemi-n",
        "source_layer": "Ortoilmakuva_2025_5cm",
        "zoom": 16,
        "status": "confirmed",
        "class": "car"
      }
    },
    {
      "type": "Feature",
      "geometry": {
        "type": "Polygon",
        "coordinates": [
          [
            [
              25502641.646,
              6676668.18
            ],
            [
              25502644.318,
              6676671.613
            ],
            [
              25502642.635,
              6676672.923
            ],
            [
              25502639.963,
              6676669.49
            ],
            [
              25502641.646,
              6676668.18
            ]
          ]
        ]
      },
      "properties": {
        "confidence": 0.9132,
        "length_m": 4.35,
        "width_m": 2.13,
        "heading_deg": 37.9,
        "aoi": "r4-herttoniemi-n",
        "source_layer": "Ortoilmakuva_2025_5cm",
        "zoom": 16,
        "status": "confirmed",
        "class": "car"
      }
    },
    {
      "type": "Feature",
      "geometry": {
        "type": "Polygon",
        "coordinates": [
          [
            [
              25502649.864,
              6676457.386
            ],
            [
              25502650.06,
              6676459.516
            ],
            [
              25502645.882,
              6676459.901
            ],
            [
              25502645.686,
              6676457.771
            ],
            [
              25502649.864,
              6676457.386
            ]
          ]
        ]
      },
      "properties": {
        "confidence": 0.9131,
        "length_m": 4.2,
        "width_m": 2.14,
        "heading_deg": 95.3,
        "aoi": "r4-herttoniemi-n",
        "source_layer": "Ortoilmakuva_2025_5cm",
        "zoom": 16,
        "status": "confirmed",
        "class": "car"
      }
    },
    {
      "type": "Feature",
      "geometry": {
        "type": "Polygon",
        "coordinates": [
          [
            [
              25502494.718,
              6676479.139
            ],
            [
              25502496.808,
              6676477.95
            ],
            [
              25502499.286,
              6676482.306
            ],
            [
              25502497.197,
              6676483.495
            ],
            [
              25502494.718,
              6676479.139
            ]
          ]
        ]
      },
      "properties": {
        "confidence": 0.913,
        "length_m": 5.01,
        "width_m": 2.4,
        "heading_deg": 29.6,
        "aoi": "r4-herttoniemi-n",
        "source_layer": "Ortoilmakuva_2025_5cm",
        "zoom": 16,
        "status": "confirmed",
        "class": "car"
      }
    },
    {
      "type": "Feature",
      "geometry": {
        "type": "Polygon",
        "coordinates": [
          [
            [
              25502590.257,
              6676534.448
            ],
            [
              25502592.544,
              6676534.537
            ],
            [
              25502592.346,
              6676539.604
            ],
            [
              25502590.059,
              6676539.514
            ],
            [
              25502590.257,
              6676534.448
            ]
          ]
        ]
      },
      "properties": {
        "confidence": 0.9129,
        "length_m": 5.07,
        "width_m": 2.29,
        "heading_deg": 177.8,
        "aoi": "r4-herttoniemi-n",
        "source_layer": "Ortoilmakuva_2025_5cm",
        "zoom": 16,
        "status": "confirmed",
        "class": "car"
      }
    },
    {
      "type": "Feature",
      "geometry": {
        "type": "Polygon",
        "coordinates": [
          [
            [
              25502650.881,
              6676434.554
            ],
            [
              25502650.811,
              6676436.948
            ],
            [
              25502645.353,
              6676436.788
            ],
            [
              25502645.423,
              6676434.394
            ],
            [
              25502650.881,
              6676434.554
            ]
          ]
        ]
      },
      "properties": {
        "confidence": 0.9125,
        "length_m": 5.46,
        "width_m": 2.4,
        "heading_deg": 88.3,
        "aoi": "r4-herttoniemi-n",
        "source_layer": "Ortoilmakuva_2025_5cm",
        "zoom": 16,
        "status": "confirmed",
        "class": "truck"
      }
    },
    {
      "type": "Feature",
      "geometry": {
        "type": "Polygon",
        "coordinates": [
          [
            [
              25502584.398,
              6676594.33
            ],
            [
              25502585.565,
              6676596.297
            ],
            [
              25502581.687,
              6676598.598
            ],
            [
              25502580.52,
              6676596.631
            ],
            [
              25502584.398,
              6676594.33
            ]
          ]
        ]
      },
      "properties": {
        "confidence": 0.9119,
        "length_m": 4.51,
        "width_m": 2.29,
        "heading_deg": 120.7,
        "aoi": "r4-herttoniemi-n",
        "source_layer": "Ortoilmakuva_2025_5cm",
        "zoom": 16,
        "status": "confirmed",
        "class": "car"
      }
    },
    {
      "type": "Feature",
      "geometry": {
        "type": "Polygon",
        "coordinates": [
          [
            [
              25502383.452,
              6676507.423
            ],
            [
              25502385.532,
              6676506.379
            ],
            [
              25502387.82,
              6676510.939
            ],
            [
              25502385.741,
              6676511.983
            ],
            [
              25502383.452,
              6676507.423
            ]
          ]
        ]
      },
      "properties": {
        "confidence": 0.9117,
        "length_m": 5.1,
        "width_m": 2.33,
        "heading_deg": 26.6,
        "aoi": "r4-herttoniemi-n",
        "source_layer": "Ortoilmakuva_2025_5cm",
        "zoom": 16,
        "status": "confirmed",
        "class": "car"
      }
    },
    {
      "type": "Feature",
      "geometry": {
        "type": "Polygon",
        "coordinates": [
          [
            [
              25502536.728,
              6676538.471
            ],
            [
              25502538.054,
              6676540.379
            ],
            [
              25502534.365,
              6676542.945
            ],
            [
              25502533.038,
              6676541.037
            ],
            [
              25502536.728,
              6676538.471
            ]
          ]
        ]
      },
      "properties": {
        "confidence": 0.9117,
        "length_m": 4.49,
        "width_m": 2.32,
        "heading_deg": 124.8,
        "aoi": "r4-herttoniemi-n",
        "source_layer": "Ortoilmakuva_2025_5cm",
        "zoom": 16,
        "status": "confirmed",
        "class": "car"
      }
    },
    {
      "type": "Feature",
      "geometry": {
        "type": "Polygon",
        "coordinates": [
          [
            [
              25502533.867,
              6676569.62
            ],
            [
              25502536.652,
              6676573.016
            ],
            [
              25502534.965,
              6676574.399
            ],
            [
              25502532.181,
              6676571.003
            ],
            [
              25502533.867,
              6676569.62
            ]
          ]
        ]
      },
      "properties": {
        "confidence": 0.9116,
        "length_m": 4.39,
        "width_m": 2.18,
        "heading_deg": 39.4,
        "aoi": "r4-herttoniemi-n",
        "source_layer": "Ortoilmakuva_2025_5cm",
        "zoom": 16,
        "status": "confirmed",
        "class": "car"
      }
    },
    {
      "type": "Feature",
      "geometry": {
        "type": "Polygon",
        "coordinates": [
          [
            [
              25502445.5,
              6676483.913
            ],
            [
              25502447.379,
              6676482.74
            ],
            [
              25502449.862,
              6676486.719
            ],
            [
              25502447.983,
              6676487.892
            ],
            [
              25502445.5,
              6676483.913
            ]
          ]
        ]
      },
      "properties": {
        "confidence": 0.9106,
        "length_m": 4.69,
        "width_m": 2.22,
        "heading_deg": 32,
        "aoi": "r4-herttoniemi-n",
        "source_layer": "Ortoilmakuva_2025_5cm",
        "zoom": 16,
        "status": "confirmed",
        "class": "car"
      }
    },
    {
      "type": "Feature",
      "geometry": {
        "type": "Polygon",
        "coordinates": [
          [
            [
              25502593.194,
              6676534.477
            ],
            [
              25502595.572,
              6676534.63
            ],
            [
              25502595.273,
              6676539.284
            ],
            [
              25502592.894,
              6676539.131
            ],
            [
              25502593.194,
              6676534.477
            ]
          ]
        ]
      },
      "properties": {
        "confidence": 0.9106,
        "length_m": 4.66,
        "width_m": 2.38,
        "heading_deg": 176.3,
        "aoi": "r4-herttoniemi-n",
        "source_layer": "Ortoilmakuva_2025_5cm",
        "zoom": 16,
        "status": "confirmed",
        "class": "car"
      }
    },
    {
      "type": "Feature",
      "geometry": {
        "type": "Polygon",
        "coordinates": [
          [
            [
              25502507.425,
              6676590.265
            ],
            [
              25502508.628,
              6676591.907
            ],
            [
              25502504.762,
              6676594.738
            ],
            [
              25502503.56,
              6676593.095
            ],
            [
              25502507.425,
              6676590.265
            ]
          ]
        ]
      },
      "properties": {
        "confidence": 0.9105,
        "length_m": 4.79,
        "width_m": 2.04,
        "heading_deg": 126.2,
        "aoi": "r4-herttoniemi-n",
        "source_layer": "Ortoilmakuva_2025_5cm",
        "zoom": 16,
        "status": "confirmed",
        "class": "car"
      }
    },
    {
      "type": "Feature",
      "geometry": {
        "type": "Polygon",
        "coordinates": [
          [
            [
              25502415.568,
              6676364.316
            ],
            [
              25502417.556,
              6676362.967
            ],
            [
              25502420.282,
              6676366.985
            ],
            [
              25502418.294,
              6676368.334
            ],
            [
              25502415.568,
              6676364.316
            ]
          ]
        ]
      },
      "properties": {
        "confidence": 0.9099,
        "length_m": 4.86,
        "width_m": 2.4,
        "heading_deg": 34.2,
        "aoi": "r4-herttoniemi-n",
        "source_layer": "Ortoilmakuva_2025_5cm",
        "zoom": 16,
        "status": "confirmed",
        "class": "car"
      }
    },
    {
      "type": "Feature",
      "geometry": {
        "type": "Polygon",
        "coordinates": [
          [
            [
              25502407.577,
              6676369.65
            ],
            [
              25502409.504,
              6676368.461
            ],
            [
              25502411.856,
              6676372.272
            ],
            [
              25502409.928,
              6676373.461
            ],
            [
              25502407.577,
              6676369.65
            ]
          ]
        ]
      },
      "properties": {
        "confidence": 0.9097,
        "length_m": 4.48,
        "width_m": 2.26,
        "heading_deg": 31.7,
        "aoi": "r4-herttoniemi-n",
        "source_layer": "Ortoilmakuva_2025_5cm",
        "zoom": 16,
        "status": "confirmed",
        "class": "car"
      }
    },
    {
      "type": "Feature",
      "geometry": {
        "type": "Polygon",
        "coordinates": [
          [
            [
              25502613.89,
              6676598.443
            ],
            [
              25502615.246,
              6676600.413
            ],
            [
              25502610.698,
              6676603.544
            ],
            [
              25502609.341,
              6676601.574
            ],
            [
              25502613.89,
              6676598.443
            ]
          ]
        ]
      },
      "properties": {
        "confidence": 0.9095,
        "length_m": 5.52,
        "width_m": 2.39,
        "heading_deg": 124.5,
        "aoi": "r4-herttoniemi-n",
        "source_layer": "Ortoilmakuva_2025_5cm",
        "zoom": 16,
        "status": "confirmed",
        "class": "van"
      }
    },
    {
      "type": "Feature",
      "geometry": {
        "type": "Polygon",
        "coordinates": [
          [
            [
              25502521.632,
              6676577.274
            ],
            [
              25502523.454,
              6676576.045
            ],
            [
              25502526.141,
              6676580.028
            ],
            [
              25502524.32,
              6676581.257
            ],
            [
              25502521.632,
              6676577.274
            ]
          ]
        ]
      },
      "properties": {
        "confidence": 0.9085,
        "length_m": 4.8,
        "width_m": 2.2,
        "heading_deg": 34,
        "aoi": "r4-herttoniemi-n",
        "source_layer": "Ortoilmakuva_2025_5cm",
        "zoom": 16,
        "status": "confirmed",
        "class": "car"
      }
    },
    {
      "type": "Feature",
      "geometry": {
        "type": "Polygon",
        "coordinates": [
          [
            [
              25502409.497,
              6676367.923
            ],
            [
              25502411.404,
              6676366.766
            ],
            [
              25502413.923,
              6676370.92
            ],
            [
              25502412.015,
              6676372.076
            ],
            [
              25502409.497,
              6676367.923
            ]
          ]
        ]
      },
      "properties": {
        "confidence": 0.9083,
        "length_m": 4.86,
        "width_m": 2.23,
        "heading_deg": 31.2,
        "aoi": "r4-herttoniemi-n",
        "source_layer": "Ortoilmakuva_2025_5cm",
        "zoom": 16,
        "status": "confirmed",
        "class": "car"
      }
    },
    {
      "type": "Feature",
      "geometry": {
        "type": "Polygon",
        "coordinates": [
          [
            [
              25502387.126,
              6676524.532
            ],
            [
              25502389.082,
              6676523.404
            ],
            [
              25502391.231,
              6676527.131
            ],
            [
              25502389.276,
              6676528.259
            ],
            [
              25502387.126,
              6676524.532
            ]
          ]
        ]
      },
      "properties": {
        "confidence": 0.9079,
        "length_m": 4.3,
        "width_m": 2.26,
        "heading_deg": 30,
        "aoi": "r4-herttoniemi-n",
        "source_layer": "Ortoilmakuva_2025_5cm",
        "zoom": 16,
        "status": "confirmed",
        "class": "car"
      }
    },
    {
      "type": "Feature",
      "geometry": {
        "type": "Polygon",
        "coordinates": [
          [
            [
              25502522.472,
              6676439.905
            ],
            [
              25502524.522,
              6676438.743
            ],
            [
              25502526.916,
              6676442.966
            ],
            [
              25502524.865,
              6676444.128
            ],
            [
              25502522.472,
              6676439.905
            ]
          ]
        ]
      },
      "properties": {
        "confidence": 0.9075,
        "length_m": 4.85,
        "width_m": 2.36,
        "heading_deg": 29.5,
        "aoi": "r4-herttoniemi-n",
        "source_layer": "Ortoilmakuva_2025_5cm",
        "zoom": 16,
        "status": "confirmed",
        "class": "car"
      }
    },
    {
      "type": "Feature",
      "geometry": {
        "type": "Polygon",
        "coordinates": [
          [
            [
              25502489.451,
              6676535.511
            ],
            [
              25502490.797,
              6676537.168
            ],
            [
              25502487.679,
              6676539.7
            ],
            [
              25502486.333,
              6676538.043
            ],
            [
              25502489.451,
              6676535.511
            ]
          ]
        ]
      },
      "properties": {
        "confidence": 0.9068,
        "length_m": 4.02,
        "width_m": 2.13,
        "heading_deg": 129.1,
        "aoi": "r4-herttoniemi-n",
        "source_layer": "Ortoilmakuva_2025_5cm",
        "zoom": 16,
        "status": "confirmed",
        "class": "car"
      }
    },
    {
      "type": "Feature",
      "geometry": {
        "type": "Polygon",
        "coordinates": [
          [
            [
              25502553.216,
              6676422.688
            ],
            [
              25502555.483,
              6676422.72
            ],
            [
              25502555.415,
              6676427.572
            ],
            [
              25502553.147,
              6676427.54
            ],
            [
              25502553.216,
              6676422.688
            ]
          ]
        ]
      },
      "properties": {
        "confidence": 0.9067,
        "length_m": 4.85,
        "width_m": 2.27,
        "heading_deg": 179.2,
        "aoi": "r4-herttoniemi-n",
        "source_layer": "Ortoilmakuva_2025_5cm",
        "zoom": 16,
        "status": "confirmed",
        "class": "car"
      }
    },
    {
      "type": "Feature",
      "geometry": {
        "type": "Polygon",
        "coordinates": [
          [
            [
              25502452.625,
              6676476.476
            ],
            [
              25502454.428,
              6676475.294
            ],
            [
              25502456.691,
              6676478.744
            ],
            [
              25502454.888,
              6676479.926
            ],
            [
              25502452.625,
              6676476.476
            ]
          ]
        ]
      },
      "properties": {
        "confidence": 0.9062,
        "length_m": 4.13,
        "width_m": 2.16,
        "heading_deg": 33.3,
        "aoi": "r4-herttoniemi-n",
        "source_layer": "Ortoilmakuva_2025_5cm",
        "zoom": 16,
        "status": "confirmed",
        "class": "car"
      }
    },
    {
      "type": "Feature",
      "geometry": {
        "type": "Polygon",
        "coordinates": [
          [
            [
              25502383.423,
              6676633.145
            ],
            [
              25502384.711,
              6676635.055
            ],
            [
              25502380.602,
              6676637.825
            ],
            [
              25502379.314,
              6676635.914
            ],
            [
              25502383.423,
              6676633.145
            ]
          ]
        ]
      },
      "properties": {
        "confidence": 0.906,
        "length_m": 4.96,
        "width_m": 2.3,
        "heading_deg": 124,
        "aoi": "r4-herttoniemi-n",
        "source_layer": "Ortoilmakuva_2025_5cm",
        "zoom": 16,
        "status": "confirmed",
        "class": "car"
      }
    },
    {
      "type": "Feature",
      "geometry": {
        "type": "Polygon",
        "coordinates": [
          [
            [
              25502477.173,
              6676455.355
            ],
            [
              25502479.2,
              6676454.203
            ],
            [
              25502481.725,
              6676458.65
            ],
            [
              25502479.698,
              6676459.801
            ],
            [
              25502477.173,
              6676455.355
            ]
          ]
        ]
      },
      "properties": {
        "confidence": 0.9059,
        "length_m": 5.11,
        "width_m": 2.33,
        "heading_deg": 29.6,
        "aoi": "r4-herttoniemi-n",
        "source_layer": "Ortoilmakuva_2025_5cm",
        "zoom": 16,
        "status": "confirmed",
        "class": "car"
      }
    },
    {
      "type": "Feature",
      "geometry": {
        "type": "Polygon",
        "coordinates": [
          [
            [
              25502408.223,
              6676557.025
            ],
            [
              25502409.34,
              6676558.881
            ],
            [
              25502405.061,
              6676561.458
            ],
            [
              25502403.943,
              6676559.603
            ],
            [
              25502408.223,
              6676557.025
            ]
          ]
        ]
      },
      "properties": {
        "confidence": 0.9055,
        "length_m": 5,
        "width_m": 2.17,
        "heading_deg": 121.1,
        "aoi": "r4-herttoniemi-n",
        "source_layer": "Ortoilmakuva_2025_5cm",
        "zoom": 16,
        "status": "confirmed",
        "class": "car"
      }
    },
    {
      "type": "Feature",
      "geometry": {
        "type": "Polygon",
        "coordinates": [
          [
            [
              25502517.382,
              6676580.226
            ],
            [
              25502519.376,
              6676578.782
            ],
            [
              25502522.376,
              6676582.925
            ],
            [
              25502520.383,
              6676584.368
            ],
            [
              25502517.382,
              6676580.226
            ]
          ]
        ]
      },
      "properties": {
        "confidence": 0.9043,
        "length_m": 5.12,
        "width_m": 2.46,
        "heading_deg": 35.9,
        "aoi": "r4-herttoniemi-n",
        "source_layer": "Ortoilmakuva_2025_5cm",
        "zoom": 16,
        "status": "confirmed",
        "class": "car"
      }
    },
    {
      "type": "Feature",
      "geometry": {
        "type": "Polygon",
        "coordinates": [
          [
            [
              25502395.887,
              6676518.936
            ],
            [
              25502397.83,
              6676517.557
            ],
            [
              25502400.739,
              6676521.656
            ],
            [
              25502398.796,
              6676523.035
            ],
            [
              25502395.887,
              6676518.936
            ]
          ]
        ]
      },
      "properties": {
        "confidence": 0.9041,
        "length_m": 5.03,
        "width_m": 2.38,
        "heading_deg": 35.4,
        "aoi": "r4-herttoniemi-n",
        "source_layer": "Ortoilmakuva_2025_5cm",
        "zoom": 16,
        "status": "confirmed",
        "class": "car"
      }
    },
    {
      "type": "Feature",
      "geometry": {
        "type": "Polygon",
        "coordinates": [
          [
            [
              25502405.025,
              6676370.669
            ],
            [
              25502406.999,
              6676369.397
            ],
            [
              25502409.518,
              6676373.309
            ],
            [
              25502407.544,
              6676374.58
            ],
            [
              25502405.025,
              6676370.669
            ]
          ]
        ]
      },
      "properties": {
        "confidence": 0.9041,
        "length_m": 4.65,
        "width_m": 2.35,
        "heading_deg": 32.8,
        "aoi": "r4-herttoniemi-n",
        "source_layer": "Ortoilmakuva_2025_5cm",
        "zoom": 16,
        "status": "confirmed",
        "class": "car"
      }
    },
    {
      "type": "Feature",
      "geometry": {
        "type": "Polygon",
        "coordinates": [
          [
            [
              25502395.663,
              6676539.379
            ],
            [
              25502397.586,
              6676538.253
            ],
            [
              25502400.042,
              6676542.45
            ],
            [
              25502398.118,
              6676543.576
            ],
            [
              25502395.663,
              6676539.379
            ]
          ]
        ]
      },
      "properties": {
        "confidence": 0.9039,
        "length_m": 4.86,
        "width_m": 2.23,
        "heading_deg": 30.3,
        "aoi": "r4-herttoniemi-n",
        "source_layer": "Ortoilmakuva_2025_5cm",
        "zoom": 16,
        "status": "confirmed",
        "class": "car"
      }
    },
    {
      "type": "Feature",
      "geometry": {
        "type": "Polygon",
        "coordinates": [
          [
            [
              25502464.456,
              6676469.654
            ],
            [
              25502466.317,
              6676468.472
            ],
            [
              25502468.751,
              6676472.302
            ],
            [
              25502466.89,
              6676473.484
            ],
            [
              25502464.456,
              6676469.654
            ]
          ]
        ]
      },
      "properties": {
        "confidence": 0.9029,
        "length_m": 4.54,
        "width_m": 2.2,
        "heading_deg": 32.4,
        "aoi": "r4-herttoniemi-n",
        "source_layer": "Ortoilmakuva_2025_5cm",
        "zoom": 16,
        "status": "confirmed",
        "class": "car"
      }
    },
    {
      "type": "Feature",
      "geometry": {
        "type": "Polygon",
        "coordinates": [
          [
            [
              25502401.918,
              6676550.317
            ],
            [
              25502403.797,
              6676549.369
            ],
            [
              25502405.795,
              6676553.331
            ],
            [
              25502403.916,
              6676554.279
            ],
            [
              25502401.918,
              6676550.317
            ]
          ]
        ]
      },
      "properties": {
        "confidence": 0.9026,
        "length_m": 4.44,
        "width_m": 2.1,
        "heading_deg": 26.8,
        "aoi": "r4-herttoniemi-n",
        "source_layer": "Ortoilmakuva_2025_5cm",
        "zoom": 16,
        "status": "confirmed",
        "class": "car"
      }
    },
    {
      "type": "Feature",
      "geometry": {
        "type": "Polygon",
        "coordinates": [
          [
            [
              25502400.422,
              6676537.318
            ],
            [
              25502402.433,
              6676536.226
            ],
            [
              25502404.474,
              6676539.984
            ],
            [
              25502402.463,
              6676541.076
            ],
            [
              25502400.422,
              6676537.318
            ]
          ]
        ]
      },
      "properties": {
        "confidence": 0.9026,
        "length_m": 4.28,
        "width_m": 2.29,
        "heading_deg": 28.5,
        "aoi": "r4-herttoniemi-n",
        "source_layer": "Ortoilmakuva_2025_5cm",
        "zoom": 16,
        "status": "confirmed",
        "class": "car"
      }
    },
    {
      "type": "Feature",
      "geometry": {
        "type": "Polygon",
        "coordinates": [
          [
            [
              25502389.301,
              6676523.217
            ],
            [
              25502391.343,
              6676522.055
            ],
            [
              25502393.655,
              6676526.118
            ],
            [
              25502391.613,
              6676527.28
            ],
            [
              25502389.301,
              6676523.217
            ]
          ]
        ]
      },
      "properties": {
        "confidence": 0.9024,
        "length_m": 4.67,
        "width_m": 2.35,
        "heading_deg": 29.6,
        "aoi": "r4-herttoniemi-n",
        "source_layer": "Ortoilmakuva_2025_5cm",
        "zoom": 16,
        "status": "confirmed",
        "class": "car"
      }
    },
    {
      "type": "Feature",
      "geometry": {
        "type": "Polygon",
        "coordinates": [
          [
            [
              25502515.461,
              6676533.222
            ],
            [
              25502517.047,
              6676535.296
            ],
            [
              25502510.845,
              6676540.037
            ],
            [
              25502509.26,
              6676537.963
            ],
            [
              25502515.461,
              6676533.222
            ]
          ]
        ]
      },
      "properties": {
        "confidence": 0.9024,
        "length_m": 7.81,
        "width_m": 2.61,
        "heading_deg": 127.4,
        "aoi": "r4-herttoniemi-n",
        "source_layer": "Ortoilmakuva_2025_5cm",
        "zoom": 16,
        "status": "confirmed",
        "class": "truck"
      }
    },
    {
      "type": "Feature",
      "geometry": {
        "type": "Polygon",
        "coordinates": [
          [
            [
              25502379.607,
              6676626.939
            ],
            [
              25502380.971,
              6676628.907
            ],
            [
              25502376.585,
              6676631.946
            ],
            [
              25502375.221,
              6676629.978
            ],
            [
              25502379.607,
              6676626.939
            ]
          ]
        ]
      },
      "properties": {
        "confidence": 0.9021,
        "length_m": 5.34,
        "width_m": 2.39,
        "heading_deg": 124.7,
        "aoi": "r4-herttoniemi-n",
        "source_layer": "Ortoilmakuva_2025_5cm",
        "zoom": 16,
        "status": "confirmed",
        "class": "car"
      }
    },
    {
      "type": "Feature",
      "geometry": {
        "type": "Polygon",
        "coordinates": [
          [
            [
              25502471.647,
              6676555.624
            ],
            [
              25502470.164,
              6676557.538
            ],
            [
              25502466.042,
              6676554.343
            ],
            [
              25502467.525,
              6676552.429
            ],
            [
              25502471.647,
              6676555.624
            ]
          ]
        ]
      },
      "properties": {
        "confidence": 0.9013,
        "length_m": 5.22,
        "width_m": 2.42,
        "heading_deg": 52.2,
        "aoi": "r4-herttoniemi-n",
        "source_layer": "Ortoilmakuva_2025_5cm",
        "zoom": 16,
        "status": "confirmed",
        "class": "car"
      }
    },
    {
      "type": "Feature",
      "geometry": {
        "type": "Polygon",
        "coordinates": [
          [
            [
              25502468.787,
              6676461.265
            ],
            [
              25502470.725,
              6676459.993
            ],
            [
              25502473.397,
              6676464.062
            ],
            [
              25502471.459,
              6676465.334
            ],
            [
              25502468.787,
              6676461.265
            ]
          ]
        ]
      },
      "properties": {
        "confidence": 0.9012,
        "length_m": 4.87,
        "width_m": 2.32,
        "heading_deg": 33.3,
        "aoi": "r4-herttoniemi-n",
        "source_layer": "Ortoilmakuva_2025_5cm",
        "zoom": 16,
        "status": "confirmed",
        "class": "car"
      }
    },
    {
      "type": "Feature",
      "geometry": {
        "type": "Polygon",
        "coordinates": [
          [
            [
              25502381.323,
              6676509.268
            ],
            [
              25502383.306,
              6676508.109
            ],
            [
              25502385.74,
              6676512.273
            ],
            [
              25502383.757,
              6676513.432
            ],
            [
              25502381.323,
              6676509.268
            ]
          ]
        ]
      },
      "properties": {
        "confidence": 0.8997,
        "length_m": 4.82,
        "width_m": 2.3,
        "heading_deg": 30.3,
        "aoi": "r4-herttoniemi-n",
        "source_layer": "Ortoilmakuva_2025_5cm",
        "zoom": 16,
        "status": "confirmed",
        "class": "car"
      }
    },
    {
      "type": "Feature",
      "geometry": {
        "type": "Polygon",
        "coordinates": [
          [
            [
              25502376.933,
              6676512.547
            ],
            [
              25502378.705,
              6676511.372
            ],
            [
              25502381.198,
              6676515.133
            ],
            [
              25502379.426,
              6676516.308
            ],
            [
              25502376.933,
              6676512.547
            ]
          ]
        ]
      },
      "properties": {
        "confidence": 0.8995,
        "length_m": 4.51,
        "width_m": 2.13,
        "heading_deg": 33.5,
        "aoi": "r4-herttoniemi-n",
        "source_layer": "Ortoilmakuva_2025_5cm",
        "zoom": 16,
        "status": "confirmed",
        "class": "car"
      }
    },
    {
      "type": "Feature",
      "geometry": {
        "type": "Polygon",
        "coordinates": [
          [
            [
              25502391.419,
              6676644.627
            ],
            [
              25502392.779,
              6676646.381
            ],
            [
              25502388.902,
              6676649.388
            ],
            [
              25502387.542,
              6676647.634
            ],
            [
              25502391.419,
              6676644.627
            ]
          ]
        ]
      },
      "properties": {
        "confidence": 0.8987,
        "length_m": 4.91,
        "width_m": 2.22,
        "heading_deg": 127.8,
        "aoi": "r4-herttoniemi-n",
        "source_layer": "Ortoilmakuva_2025_5cm",
        "zoom": 16,
        "status": "confirmed",
        "class": "car"
      }
    },
    {
      "type": "Feature",
      "geometry": {
        "type": "Polygon",
        "coordinates": [
          [
            [
              25502649.814,
              6676445.014
            ],
            [
              25502649.957,
              6676447.179
            ],
            [
              25502645.717,
              6676447.46
            ],
            [
              25502645.574,
              6676445.296
            ],
            [
              25502649.814,
              6676445.014
            ]
          ]
        ]
      },
      "properties": {
        "confidence": 0.8982,
        "length_m": 4.25,
        "width_m": 2.17,
        "heading_deg": 93.8,
        "aoi": "r4-herttoniemi-n",
        "source_layer": "Ortoilmakuva_2025_5cm",
        "zoom": 16,
        "status": "confirmed",
        "class": "car"
      }
    },
    {
      "type": "Feature",
      "geometry": {
        "type": "Polygon",
        "coordinates": [
          [
            [
              25502529.891,
              6676572.544
            ],
            [
              25502532.661,
              6676576.009
            ],
            [
              25502530.926,
              6676577.396
            ],
            [
              25502528.156,
              6676573.931
            ],
            [
              25502529.891,
              6676572.544
            ]
          ]
        ]
      },
      "properties": {
        "confidence": 0.8982,
        "length_m": 4.44,
        "width_m": 2.22,
        "heading_deg": 38.6,
        "aoi": "r4-herttoniemi-n",
        "source_layer": "Ortoilmakuva_2025_5cm",
        "zoom": 16,
        "status": "confirmed",
        "class": "car"
      }
    },
    {
      "type": "Feature",
      "geometry": {
        "type": "Polygon",
        "coordinates": [
          [
            [
              25502389.066,
              6676517.754
            ],
            [
              25502390.88,
              6676516.527
            ],
            [
              25502393.468,
              6676520.353
            ],
            [
              25502391.654,
              6676521.58
            ],
            [
              25502389.066,
              6676517.754
            ]
          ]
        ]
      },
      "properties": {
        "confidence": 0.8976,
        "length_m": 4.62,
        "width_m": 2.19,
        "heading_deg": 34.1,
        "aoi": "r4-herttoniemi-n",
        "source_layer": "Ortoilmakuva_2025_5cm",
        "zoom": 16,
        "status": "confirmed",
        "class": "car"
      }
    },
    {
      "type": "Feature",
      "geometry": {
        "type": "Polygon",
        "coordinates": [
          [
            [
              25502497.976,
              6676601.058
            ],
            [
              25502500.003,
              6676599.737
            ],
            [
              25502502.638,
              6676603.78
            ],
            [
              25502500.61,
              6676605.101
            ],
            [
              25502497.976,
              6676601.058
            ]
          ]
        ]
      },
      "properties": {
        "confidence": 0.8971,
        "length_m": 4.83,
        "width_m": 2.42,
        "heading_deg": 33.1,
        "aoi": "r4-herttoniemi-n",
        "source_layer": "Ortoilmakuva_2025_5cm",
        "zoom": 16,
        "status": "confirmed",
        "class": "car"
      }
    },
    {
      "type": "Feature",
      "geometry": {
        "type": "Polygon",
        "coordinates": [
          [
            [
              25502513.178,
              6676619.48
            ],
            [
              25502512.406,
              6676621.559
            ],
            [
              25502508.117,
              6676619.966
            ],
            [
              25502508.889,
              6676617.887
            ],
            [
              25502513.178,
              6676619.48
            ]
          ]
        ]
      },
      "properties": {
        "confidence": 0.8955,
        "length_m": 4.58,
        "width_m": 2.22,
        "heading_deg": 69.6,
        "aoi": "r4-herttoniemi-n",
        "source_layer": "Ortoilmakuva_2025_5cm",
        "zoom": 16,
        "status": "confirmed",
        "class": "car"
      }
    },
    {
      "type": "Feature",
      "geometry": {
        "type": "Polygon",
        "coordinates": [
          [
            [
              25502373.124,
              6676585.074
            ],
            [
              25502374.506,
              6676587.433
            ],
            [
              25502368.994,
              6676590.663
            ],
            [
              25502367.612,
              6676588.304
            ],
            [
              25502373.124,
              6676585.074
            ]
          ]
        ]
      },
      "properties": {
        "confidence": 0.8954,
        "length_m": 6.39,
        "width_m": 2.73,
        "heading_deg": 120.4,
        "aoi": "r4-herttoniemi-n",
        "source_layer": "Ortoilmakuva_2025_5cm",
        "zoom": 16,
        "status": "confirmed",
        "class": "van"
      }
    },
    {
      "type": "Feature",
      "geometry": {
        "type": "Polygon",
        "coordinates": [
          [
            [
              25502471.736,
              6676465.804
            ],
            [
              25502473.684,
              6676464.538
            ],
            [
              25502476.141,
              6676468.317
            ],
            [
              25502474.192,
              6676469.584
            ],
            [
              25502471.736,
              6676465.804
            ]
          ]
        ]
      },
      "properties": {
        "confidence": 0.8954,
        "length_m": 4.51,
        "width_m": 2.32,
        "heading_deg": 33,
        "aoi": "r4-herttoniemi-n",
        "source_layer": "Ortoilmakuva_2025_5cm",
        "zoom": 16,
        "status": "confirmed",
        "class": "car"
      }
    },
    {
      "type": "Feature",
      "geometry": {
        "type": "Polygon",
        "coordinates": [
          [
            [
              25502449,
              6676471.203
            ],
            [
              25502450.923,
              6676469.806
            ],
            [
              25502453.802,
              6676473.77
            ],
            [
              25502451.878,
              6676475.167
            ],
            [
              25502449,
              6676471.203
            ]
          ]
        ]
      },
      "properties": {
        "confidence": 0.8949,
        "length_m": 4.9,
        "width_m": 2.38,
        "heading_deg": 36,
        "aoi": "r4-herttoniemi-n",
        "source_layer": "Ortoilmakuva_2025_5cm",
        "zoom": 16,
        "status": "confirmed",
        "class": "car"
      }
    },
    {
      "type": "Feature",
      "geometry": {
        "type": "Polygon",
        "coordinates": [
          [
            [
              25502406.389,
              6676638.559
            ],
            [
              25502408.28,
              6676639.45
            ],
            [
              25502406.33,
              6676643.588
            ],
            [
              25502404.439,
              6676642.696
            ],
            [
              25502406.389,
              6676638.559
            ]
          ]
        ]
      },
      "properties": {
        "confidence": 0.8944,
        "length_m": 4.57,
        "width_m": 2.09,
        "heading_deg": 154.8,
        "aoi": "r4-herttoniemi-n",
        "source_layer": "Ortoilmakuva_2025_5cm",
        "zoom": 16,
        "status": "confirmed",
        "class": "car"
      }
    },
    {
      "type": "Feature",
      "geometry": {
        "type": "Polygon",
        "coordinates": [
          [
            [
              25502465.351,
              6676485.258
            ],
            [
              25502464.037,
              6676486.981
            ],
            [
              25502460.464,
              6676484.256
            ],
            [
              25502461.778,
              6676482.533
            ],
            [
              25502465.351,
              6676485.258
            ]
          ]
        ]
      },
      "properties": {
        "confidence": 0.8941,
        "length_m": 4.49,
        "width_m": 2.17,
        "heading_deg": 52.7,
        "aoi": "r4-herttoniemi-n",
        "source_layer": "Ortoilmakuva_2025_5cm",
        "zoom": 16,
        "status": "confirmed",
        "class": "car"
      }
    },
    {
      "type": "Feature",
      "geometry": {
        "type": "Polygon",
        "coordinates": [
          [
            [
              25502538.069,
              6676566.592
            ],
            [
              25502540.928,
              6676570.526
            ],
            [
              25502539.193,
              6676571.787
            ],
            [
              25502536.334,
              6676567.853
            ],
            [
              25502538.069,
              6676566.592
            ]
          ]
        ]
      },
      "properties": {
        "confidence": 0.8936,
        "length_m": 4.86,
        "width_m": 2.14,
        "heading_deg": 36,
        "aoi": "r4-herttoniemi-n",
        "source_layer": "Ortoilmakuva_2025_5cm",
        "zoom": 16,
        "status": "confirmed",
        "class": "car"
      }
    },
    {
      "type": "Feature",
      "geometry": {
        "type": "Polygon",
        "coordinates": [
          [
            [
              25502510.131,
              6676624.476
            ],
            [
              25502513.598,
              6676628.454
            ],
            [
              25502511.754,
              6676630.062
            ],
            [
              25502508.287,
              6676626.084
            ],
            [
              25502510.131,
              6676624.476
            ]
          ]
        ]
      },
      "properties": {
        "confidence": 0.8925,
        "length_m": 5.28,
        "width_m": 2.45,
        "heading_deg": 41.1,
        "aoi": "r4-herttoniemi-n",
        "source_layer": "Ortoilmakuva_2025_5cm",
        "zoom": 16,
        "status": "confirmed",
        "class": "car"
      }
    },
    {
      "type": "Feature",
      "geometry": {
        "type": "Polygon",
        "coordinates": [
          [
            [
              25502547.991,
              6676422.635
            ],
            [
              25502550.409,
              6676422.796
            ],
            [
              25502550.087,
              6676427.601
            ],
            [
              25502547.67,
              6676427.439
            ],
            [
              25502547.991,
              6676422.635
            ]
          ]
        ]
      },
      "properties": {
        "confidence": 0.8921,
        "length_m": 4.82,
        "width_m": 2.42,
        "heading_deg": 176.2,
        "aoi": "r4-herttoniemi-n",
        "source_layer": "Ortoilmakuva_2025_5cm",
        "zoom": 16,
        "status": "confirmed",
        "class": "car"
      }
    },
    {
      "type": "Feature",
      "geometry": {
        "type": "Polygon",
        "coordinates": [
          [
            [
              25502459.937,
              6676472.357
            ],
            [
              25502462.06,
              6676471.155
            ],
            [
              25502464.449,
              6676475.375
            ],
            [
              25502462.326,
              6676476.576
            ],
            [
              25502459.937,
              6676472.357
            ]
          ]
        ]
      },
      "properties": {
        "confidence": 0.8911,
        "length_m": 4.85,
        "width_m": 2.44,
        "heading_deg": 29.5,
        "aoi": "r4-herttoniemi-n",
        "source_layer": "Ortoilmakuva_2025_5cm",
        "zoom": 16,
        "status": "confirmed",
        "class": "car"
      }
    },
    {
      "type": "Feature",
      "geometry": {
        "type": "Polygon",
        "coordinates": [
          [
            [
              25502447.013,
              6676473.051
            ],
            [
              25502448.959,
              6676471.708
            ],
            [
              25502451.611,
              6676475.551
            ],
            [
              25502449.665,
              6676476.893
            ],
            [
              25502447.013,
              6676473.051
            ]
          ]
        ]
      },
      "properties": {
        "confidence": 0.8911,
        "length_m": 4.67,
        "width_m": 2.36,
        "heading_deg": 34.6,
        "aoi": "r4-herttoniemi-n",
        "source_layer": "Ortoilmakuva_2025_5cm",
        "zoom": 16,
        "status": "confirmed",
        "class": "car"
      }
    },
    {
      "type": "Feature",
      "geometry": {
        "type": "Polygon",
        "coordinates": [
          [
            [
              25502411.244,
              6676545.765
            ],
            [
              25502412.936,
              6676544.535
            ],
            [
              25502415.39,
              6676547.909
            ],
            [
              25502413.698,
              6676549.139
            ],
            [
              25502411.244,
              6676545.765
            ]
          ]
        ]
      },
      "properties": {
        "confidence": 0.8908,
        "length_m": 4.17,
        "width_m": 2.09,
        "heading_deg": 36,
        "aoi": "r4-herttoniemi-n",
        "source_layer": "Ortoilmakuva_2025_5cm",
        "zoom": 16,
        "status": "confirmed",
        "class": "car"
      }
    },
    {
      "type": "Feature",
      "geometry": {
        "type": "Polygon",
        "coordinates": [
          [
            [
              25502526.197,
              6676574.938
            ],
            [
              25502527.943,
              6676573.764
            ],
            [
              25502530.444,
              6676577.482
            ],
            [
              25502528.698,
              6676578.656
            ],
            [
              25502526.197,
              6676574.938
            ]
          ]
        ]
      },
      "properties": {
        "confidence": 0.8896,
        "length_m": 4.48,
        "width_m": 2.1,
        "heading_deg": 33.9,
        "aoi": "r4-herttoniemi-n",
        "source_layer": "Ortoilmakuva_2025_5cm",
        "zoom": 16,
        "status": "confirmed",
        "class": "car"
      }
    },
    {
      "type": "Feature",
      "geometry": {
        "type": "Polygon",
        "coordinates": [
          [
            [
              25502541.654,
              6676547.321
            ],
            [
              25502542.911,
              6676549.376
            ],
            [
              25502538.14,
              6676552.295
            ],
            [
              25502536.883,
              6676550.24
            ],
            [
              25502541.654,
              6676547.321
            ]
          ]
        ]
      },
      "properties": {
        "confidence": 0.8893,
        "length_m": 5.59,
        "width_m": 2.41,
        "heading_deg": 121.5,
        "aoi": "r4-herttoniemi-n",
        "source_layer": "Ortoilmakuva_2025_5cm",
        "zoom": 16,
        "status": "confirmed",
        "class": "van"
      }
    },
    {
      "type": "Feature",
      "geometry": {
        "type": "Polygon",
        "coordinates": [
          [
            [
              25502529.022,
              6676595.598
            ],
            [
              25502530.457,
              6676597.374
            ],
            [
              25502526.907,
              6676600.243
            ],
            [
              25502525.471,
              6676598.467
            ],
            [
              25502529.022,
              6676595.598
            ]
          ]
        ]
      },
      "properties": {
        "confidence": 0.8891,
        "length_m": 4.56,
        "width_m": 2.28,
        "heading_deg": 128.9,
        "aoi": "r4-herttoniemi-n",
        "source_layer": "Ortoilmakuva_2025_5cm",
        "zoom": 16,
        "status": "confirmed",
        "class": "car"
      }
    },
    {
      "type": "Feature",
      "geometry": {
        "type": "Polygon",
        "coordinates": [
          [
            [
              25502523.939,
              6676576.145
            ],
            [
              25502525.887,
              6676574.941
            ],
            [
              25502528.325,
              6676578.884
            ],
            [
              25502526.377,
              6676580.088
            ],
            [
              25502523.939,
              6676576.145
            ]
          ]
        ]
      },
      "properties": {
        "confidence": 0.8881,
        "length_m": 4.64,
        "width_m": 2.29,
        "heading_deg": 31.7,
        "aoi": "r4-herttoniemi-n",
        "source_layer": "Ortoilmakuva_2025_5cm",
        "zoom": 16,
        "status": "confirmed",
        "class": "car"
      }
    },
    {
      "type": "Feature",
      "geometry": {
        "type": "Polygon",
        "coordinates": [
          [
            [
              25502484.267,
              6676597.018
            ],
            [
              25502486.054,
              6676595.879
            ],
            [
              25502488.273,
              6676599.359
            ],
            [
              25502486.486,
              6676600.499
            ],
            [
              25502484.267,
              6676597.018
            ]
          ]
        ]
      },
      "properties": {
        "confidence": 0.8872,
        "length_m": 4.13,
        "width_m": 2.12,
        "heading_deg": 32.5,
        "aoi": "r4-herttoniemi-n",
        "source_layer": "Ortoilmakuva_2025_5cm",
        "zoom": 16,
        "status": "confirmed",
        "class": "car"
      }
    },
    {
      "type": "Feature",
      "geometry": {
        "type": "Polygon",
        "coordinates": [
          [
            [
              25502425.516,
              6676516.222
            ],
            [
              25502427.421,
              6676514.971
            ],
            [
              25502429.813,
              6676518.61
            ],
            [
              25502427.909,
              6676519.862
            ],
            [
              25502425.516,
              6676516.222
            ]
          ]
        ]
      },
      "properties": {
        "confidence": 0.8868,
        "length_m": 4.35,
        "width_m": 2.28,
        "heading_deg": 33.3,
        "aoi": "r4-herttoniemi-n",
        "source_layer": "Ortoilmakuva_2025_5cm",
        "zoom": 16,
        "status": "confirmed",
        "class": "car"
      }
    },
    {
      "type": "Feature",
      "geometry": {
        "type": "Polygon",
        "coordinates": [
          [
            [
              25502404.975,
              6676535.196
            ],
            [
              25502406.802,
              6676534.126
            ],
            [
              25502408.851,
              6676537.623
            ],
            [
              25502407.024,
              6676538.694
            ],
            [
              25502404.975,
              6676535.196
            ]
          ]
        ]
      },
      "properties": {
        "confidence": 0.8867,
        "length_m": 4.05,
        "width_m": 2.12,
        "heading_deg": 30.4,
        "aoi": "r4-herttoniemi-n",
        "source_layer": "Ortoilmakuva_2025_5cm",
        "zoom": 16,
        "status": "confirmed",
        "class": "car"
      }
    },
    {
      "type": "Feature",
      "geometry": {
        "type": "Polygon",
        "coordinates": [
          [
            [
              25502651.449,
              6676431.714
            ],
            [
              25502651.368,
              6676434.046
            ],
            [
              25502645.819,
              6676433.853
            ],
            [
              25502645.901,
              6676431.521
            ],
            [
              25502651.449,
              6676431.714
            ]
          ]
        ]
      },
      "properties": {
        "confidence": 0.8849,
        "length_m": 5.55,
        "width_m": 2.33,
        "heading_deg": 88,
        "aoi": "r4-herttoniemi-n",
        "source_layer": "Ortoilmakuva_2025_5cm",
        "zoom": 16,
        "status": "confirmed",
        "class": "van"
      }
    },
    {
      "type": "Feature",
      "geometry": {
        "type": "Polygon",
        "coordinates": [
          [
            [
              25502469.062,
              6676557.154
            ],
            [
              25502467.865,
              6676558.733
            ],
            [
              25502464.422,
              6676556.121
            ],
            [
              25502465.619,
              6676554.542
            ],
            [
              25502469.062,
              6676557.154
            ]
          ]
        ]
      },
      "properties": {
        "confidence": 0.8843,
        "length_m": 4.32,
        "width_m": 1.98,
        "heading_deg": 52.8,
        "aoi": "r4-herttoniemi-n",
        "source_layer": "Ortoilmakuva_2025_5cm",
        "zoom": 16,
        "status": "confirmed",
        "class": "car"
      }
    },
    {
      "type": "Feature",
      "geometry": {
        "type": "Polygon",
        "coordinates": [
          [
            [
              25502587.046,
              6676608.096
            ],
            [
              25502588.115,
              6676610.107
            ],
            [
              25502583.679,
              6676612.465
            ],
            [
              25502582.61,
              6676610.454
            ],
            [
              25502587.046,
              6676608.096
            ]
          ]
        ]
      },
      "properties": {
        "confidence": 0.8841,
        "length_m": 5.02,
        "width_m": 2.28,
        "heading_deg": 118,
        "aoi": "r4-herttoniemi-n",
        "source_layer": "Ortoilmakuva_2025_5cm",
        "zoom": 16,
        "status": "confirmed",
        "class": "car"
      }
    },
    {
      "type": "Feature",
      "geometry": {
        "type": "Polygon",
        "coordinates": [
          [
            [
              25502596.638,
              6676588.875
            ],
            [
              25502594.988,
              6676577.545
            ],
            [
              25502592.192,
              6676577.952
            ],
            [
              25502593.843,
              6676589.282
            ],
            [
              25502596.638,
              6676588.875
            ]
          ]
        ]
      },
      "properties": {
        "confidence": 0.8829,
        "length_m": 11.45,
        "width_m": 2.82,
        "heading_deg": 8.3,
        "aoi": "r4-herttoniemi-n",
        "source_layer": "Ortoilmakuva_2025_5cm",
        "zoom": 16,
        "status": "confirmed",
        "class": "truck"
      }
    },
    {
      "type": "Feature",
      "geometry": {
        "type": "Polygon",
        "coordinates": [
          [
            [
              25502516.473,
              6676589.139
            ],
            [
              25502517.702,
              6676590.693
            ],
            [
              25502514.348,
              6676593.347
            ],
            [
              25502513.119,
              6676591.794
            ],
            [
              25502516.473,
              6676589.139
            ]
          ]
        ]
      },
      "properties": {
        "confidence": 0.8817,
        "length_m": 4.28,
        "width_m": 1.98,
        "heading_deg": 128.4,
        "aoi": "r4-herttoniemi-n",
        "source_layer": "Ortoilmakuva_2025_5cm",
        "zoom": 16,
        "status": "confirmed",
        "class": "car"
      }
    },
    {
      "type": "Feature",
      "geometry": {
        "type": "Polygon",
        "coordinates": [
          [
            [
              25502599.384,
              6676562.929
            ],
            [
              25502601.305,
              6676561.473
            ],
            [
              25502604.215,
              6676565.311
            ],
            [
              25502602.295,
              6676566.767
            ],
            [
              25502599.384,
              6676562.929
            ]
          ]
        ]
      },
      "properties": {
        "confidence": 0.8817,
        "length_m": 4.82,
        "width_m": 2.41,
        "heading_deg": 37.2,
        "aoi": "r4-herttoniemi-n",
        "source_layer": "Ortoilmakuva_2025_5cm",
        "zoom": 16,
        "status": "confirmed",
        "class": "car"
      }
    },
    {
      "type": "Feature",
      "geometry": {
        "type": "Polygon",
        "coordinates": [
          [
            [
              25502417.974,
              6676551.327
            ],
            [
              25502419.104,
              6676553.256
            ],
            [
              25502414.894,
              6676555.721
            ],
            [
              25502413.765,
              6676553.792
            ],
            [
              25502417.974,
              6676551.327
            ]
          ]
        ]
      },
      "properties": {
        "confidence": 0.8812,
        "length_m": 4.88,
        "width_m": 2.24,
        "heading_deg": 120.3,
        "aoi": "r4-herttoniemi-n",
        "source_layer": "Ortoilmakuva_2025_5cm",
        "zoom": 16,
        "status": "confirmed",
        "class": "car"
      }
    },
    {
      "type": "Feature",
      "geometry": {
        "type": "Polygon",
        "coordinates": [
          [
            [
              25502661.724,
              6676464.183
            ],
            [
              25502657.37,
              6676464.314
            ],
            [
              25502657.432,
              6676466.363
            ],
            [
              25502661.786,
              6676466.232
            ],
            [
              25502661.724,
              6676464.183
            ]
          ]
        ]
      },
      "properties": {
        "confidence": 0.88,
        "length_m": 4.36,
        "width_m": 2.05,
        "heading_deg": 91.7,
        "aoi": "r4-herttoniemi-n",
        "source_layer": "Ortoilmakuva_2025_5cm",
        "zoom": 16,
        "status": "confirmed",
        "class": "car"
      }
    },
    {
      "type": "Feature",
      "geometry": {
        "type": "Polygon",
        "coordinates": [
          [
            [
              25502397.239,
              6676563.35
            ],
            [
              25502398.504,
              6676565.368
            ],
            [
              25502394.171,
              6676568.084
            ],
            [
              25502392.906,
              6676566.066
            ],
            [
              25502397.239,
              6676563.35
            ]
          ]
        ]
      },
      "properties": {
        "confidence": 0.8798,
        "length_m": 5.11,
        "width_m": 2.38,
        "heading_deg": 122.1,
        "aoi": "r4-herttoniemi-n",
        "source_layer": "Ortoilmakuva_2025_5cm",
        "zoom": 16,
        "status": "confirmed",
        "class": "car"
      }
    },
    {
      "type": "Feature",
      "geometry": {
        "type": "Polygon",
        "coordinates": [
          [
            [
              25502387.229,
              6676530.489
            ],
            [
              25502384.423,
              6676525.777
            ],
            [
              25502382.292,
              6676527.046
            ],
            [
              25502385.098,
              6676531.758
            ],
            [
              25502387.229,
              6676530.489
            ]
          ]
        ]
      },
      "properties": {
        "confidence": 0.879,
        "length_m": 5.48,
        "width_m": 2.48,
        "heading_deg": 30.8,
        "aoi": "r4-herttoniemi-n",
        "source_layer": "Ortoilmakuva_2025_5cm",
        "zoom": 16,
        "status": "confirmed",
        "class": "car"
      }
    },
    {
      "type": "Feature",
      "geometry": {
        "type": "Polygon",
        "coordinates": [
          [
            [
              25502492.519,
              6676481.186
            ],
            [
              25502494.443,
              6676479.915
            ],
            [
              25502496.841,
              6676483.547
            ],
            [
              25502494.917,
              6676484.818
            ],
            [
              25502492.519,
              6676481.186
            ]
          ]
        ]
      },
      "properties": {
        "confidence": 0.8789,
        "length_m": 4.35,
        "width_m": 2.31,
        "heading_deg": 33.4,
        "aoi": "r4-herttoniemi-n",
        "source_layer": "Ortoilmakuva_2025_5cm",
        "zoom": 16,
        "status": "confirmed",
        "class": "car"
      }
    },
    {
      "type": "Feature",
      "geometry": {
        "type": "Polygon",
        "coordinates": [
          [
            [
              25502489.883,
              6676477.344
            ],
            [
              25502491.731,
              6676476.118
            ],
            [
              25502494.161,
              6676479.78
            ],
            [
              25502492.312,
              6676481.006
            ],
            [
              25502489.883,
              6676477.344
            ]
          ]
        ]
      },
      "properties": {
        "confidence": 0.8783,
        "length_m": 4.39,
        "width_m": 2.22,
        "heading_deg": 33.6,
        "aoi": "r4-herttoniemi-n",
        "source_layer": "Ortoilmakuva_2025_5cm",
        "zoom": 16,
        "status": "confirmed",
        "class": "car"
      }
    },
    {
      "type": "Feature",
      "geometry": {
        "type": "Polygon",
        "coordinates": [
          [
            [
              25502422.192,
              6676511.623
            ],
            [
              25502424.043,
              6676510.249
            ],
            [
              25502426.874,
              6676514.063
            ],
            [
              25502425.023,
              6676515.437
            ],
            [
              25502422.192,
              6676511.623
            ]
          ]
        ]
      },
      "properties": {
        "confidence": 0.8782,
        "length_m": 4.75,
        "width_m": 2.31,
        "heading_deg": 36.6,
        "aoi": "r4-herttoniemi-n",
        "source_layer": "Ortoilmakuva_2025_5cm",
        "zoom": 16,
        "status": "confirmed",
        "class": "car"
      }
    },
    {
      "type": "Feature",
      "geometry": {
        "type": "Polygon",
        "coordinates": [
          [
            [
              25502411.901,
              6676563.38
            ],
            [
              25502413.003,
              6676565.368
            ],
            [
              25502408.55,
              6676567.837
            ],
            [
              25502407.448,
              6676565.85
            ],
            [
              25502411.901,
              6676563.38
            ]
          ]
        ]
      },
      "properties": {
        "confidence": 0.8773,
        "length_m": 5.09,
        "width_m": 2.27,
        "heading_deg": 119,
        "aoi": "r4-herttoniemi-n",
        "source_layer": "Ortoilmakuva_2025_5cm",
        "zoom": 16,
        "status": "confirmed",
        "class": "car"
      }
    },
    {
      "type": "Feature",
      "geometry": {
        "type": "Polygon",
        "coordinates": [
          [
            [
              25502537.392,
              6676574.304
            ],
            [
              25502538.908,
              6676576.18
            ],
            [
              25502534.979,
              6676579.354
            ],
            [
              25502533.463,
              6676577.478
            ],
            [
              25502537.392,
              6676574.304
            ]
          ]
        ]
      },
      "properties": {
        "confidence": 0.8752,
        "length_m": 5.05,
        "width_m": 2.41,
        "heading_deg": 128.9,
        "aoi": "r4-herttoniemi-n",
        "source_layer": "Ortoilmakuva_2025_5cm",
        "zoom": 16,
        "status": "confirmed",
        "class": "car"
      }
    },
    {
      "type": "Feature",
      "geometry": {
        "type": "Polygon",
        "coordinates": [
          [
            [
              25502569.286,
              6676517.086
            ],
            [
              25502569.762,
              6676519.213
            ],
            [
              25502565.661,
              6676520.132
            ],
            [
              25502565.184,
              6676518.005
            ],
            [
              25502569.286,
              6676517.086
            ]
          ]
        ]
      },
      "properties": {
        "confidence": 0.8746,
        "length_m": 4.2,
        "width_m": 2.18,
        "heading_deg": 102.6,
        "aoi": "r4-herttoniemi-n",
        "source_layer": "Ortoilmakuva_2025_5cm",
        "zoom": 16,
        "status": "confirmed",
        "class": "car"
      }
    },
    {
      "type": "Feature",
      "geometry": {
        "type": "Polygon",
        "coordinates": [
          [
            [
              25502536.073,
              6676567.958
            ],
            [
              25502538.883,
              6676571.721
            ],
            [
              25502537.071,
              6676573.073
            ],
            [
              25502534.262,
              6676569.31
            ],
            [
              25502536.073,
              6676567.958
            ]
          ]
        ]
      },
      "properties": {
        "confidence": 0.8743,
        "length_m": 4.7,
        "width_m": 2.26,
        "heading_deg": 36.8,
        "aoi": "r4-herttoniemi-n",
        "source_layer": "Ortoilmakuva_2025_5cm",
        "zoom": 16,
        "status": "confirmed",
        "class": "car"
      }
    },
    {
      "type": "Feature",
      "geometry": {
        "type": "Polygon",
        "coordinates": [
          [
            [
              25502516.385,
              6676604.766
            ],
            [
              25502517.621,
              6676606.43
            ],
            [
              25502513.768,
              6676609.293
            ],
            [
              25502512.532,
              6676607.63
            ],
            [
              25502516.385,
              6676604.766
            ]
          ]
        ]
      },
      "properties": {
        "confidence": 0.8722,
        "length_m": 4.8,
        "width_m": 2.07,
        "heading_deg": 126.6,
        "aoi": "r4-herttoniemi-n",
        "source_layer": "Ortoilmakuva_2025_5cm",
        "zoom": 16,
        "status": "confirmed",
        "class": "car"
      }
    },
    {
      "type": "Feature",
      "geometry": {
        "type": "Polygon",
        "coordinates": [
          [
            [
              25502393.852,
              6676541.395
            ],
            [
              25502395.657,
              6676540.349
            ],
            [
              25502397.808,
              6676544.061
            ],
            [
              25502396.003,
              6676545.106
            ],
            [
              25502393.852,
              6676541.395
            ]
          ]
        ]
      },
      "properties": {
        "confidence": 0.8703,
        "length_m": 4.29,
        "width_m": 2.09,
        "heading_deg": 30.1,
        "aoi": "r4-herttoniemi-n",
        "source_layer": "Ortoilmakuva_2025_5cm",
        "zoom": 16,
        "status": "confirmed",
        "class": "car"
      }
    },
    {
      "type": "Feature",
      "geometry": {
        "type": "Polygon",
        "coordinates": [
          [
            [
              25502649.965,
              6676447.544
            ],
            [
              25502650.136,
              6676449.759
            ],
            [
              25502645.642,
              6676450.107
            ],
            [
              25502645.47,
              6676447.891
            ],
            [
              25502649.965,
              6676447.544
            ]
          ]
        ]
      },
      "properties": {
        "confidence": 0.8692,
        "length_m": 4.51,
        "width_m": 2.22,
        "heading_deg": 94.4,
        "aoi": "r4-herttoniemi-n",
        "source_layer": "Ortoilmakuva_2025_5cm",
        "zoom": 16,
        "status": "confirmed",
        "class": "car"
      }
    },
    {
      "type": "Feature",
      "geometry": {
        "type": "Polygon",
        "coordinates": [
          [
            [
              25502518.3,
              6676591.678
            ],
            [
              25502519.478,
              6676593.208
            ],
            [
              25502516.173,
              6676595.752
            ],
            [
              25502514.995,
              6676594.221
            ],
            [
              25502518.3,
              6676591.678
            ]
          ]
        ]
      },
      "properties": {
        "confidence": 0.8688,
        "length_m": 4.17,
        "width_m": 1.93,
        "heading_deg": 127.6,
        "aoi": "r4-herttoniemi-n",
        "source_layer": "Ortoilmakuva_2025_5cm",
        "zoom": 16,
        "status": "confirmed",
        "class": "car"
      }
    },
    {
      "type": "Feature",
      "geometry": {
        "type": "Polygon",
        "coordinates": [
          [
            [
              25502408.458,
              6676546.83
            ],
            [
              25502410.526,
              6676545.29
            ],
            [
              25502413.681,
              6676549.527
            ],
            [
              25502411.613,
              6676551.066
            ],
            [
              25502408.458,
              6676546.83
            ]
          ]
        ]
      },
      "properties": {
        "confidence": 0.8688,
        "length_m": 5.28,
        "width_m": 2.58,
        "heading_deg": 36.7,
        "aoi": "r4-herttoniemi-n",
        "source_layer": "Ortoilmakuva_2025_5cm",
        "zoom": 16,
        "status": "confirmed",
        "class": "car"
      }
    },
    {
      "type": "Feature",
      "geometry": {
        "type": "Polygon",
        "coordinates": [
          [
            [
              25502475.184,
              6676456.764
            ],
            [
              25502477.161,
              6676455.877
            ],
            [
              25502478.963,
              6676459.893
            ],
            [
              25502476.986,
              6676460.78
            ],
            [
              25502475.184,
              6676456.764
            ]
          ]
        ]
      },
      "properties": {
        "confidence": 0.8687,
        "length_m": 4.4,
        "width_m": 2.17,
        "heading_deg": 24.2,
        "aoi": "r4-herttoniemi-n",
        "source_layer": "Ortoilmakuva_2025_5cm",
        "zoom": 16,
        "status": "confirmed",
        "class": "car"
      }
    },
    {
      "type": "Feature",
      "geometry": {
        "type": "Polygon",
        "coordinates": [
          [
            [
              25502426.831,
              6676546.098
            ],
            [
              25502428.068,
              6676548.033
            ],
            [
              25502423.985,
              6676550.642
            ],
            [
              25502422.749,
              6676548.706
            ],
            [
              25502426.831,
              6676546.098
            ]
          ]
        ]
      },
      "properties": {
        "confidence": 0.8673,
        "length_m": 4.85,
        "width_m": 2.3,
        "heading_deg": 122.6,
        "aoi": "r4-herttoniemi-n",
        "source_layer": "Ortoilmakuva_2025_5cm",
        "zoom": 16,
        "status": "confirmed",
        "class": "car"
      }
    },
    {
      "type": "Feature",
      "geometry": {
        "type": "Polygon",
        "coordinates": [
          [
            [
              25502518.043,
              6676624.334
            ],
            [
              25502519.915,
              6676626.472
            ],
            [
              25502515.12,
              6676630.669
            ],
            [
              25502513.249,
              6676628.532
            ],
            [
              25502518.043,
              6676624.334
            ]
          ]
        ]
      },
      "properties": {
        "confidence": 0.867,
        "length_m": 6.37,
        "width_m": 2.84,
        "heading_deg": 131.2,
        "aoi": "r4-herttoniemi-n",
        "source_layer": "Ortoilmakuva_2025_5cm",
        "zoom": 16,
        "status": "confirmed",
        "class": "car"
      }
    },
    {
      "type": "Feature",
      "geometry": {
        "type": "Polygon",
        "coordinates": [
          [
            [
              25502473.471,
              6676464.482
            ],
            [
              25502475.462,
              6676463.138
            ],
            [
              25502478.313,
              6676467.364
            ],
            [
              25502476.322,
              6676468.707
            ],
            [
              25502473.471,
              6676464.482
            ]
          ]
        ]
      },
      "properties": {
        "confidence": 0.8669,
        "length_m": 5.1,
        "width_m": 2.4,
        "heading_deg": 34,
        "aoi": "r4-herttoniemi-n",
        "source_layer": "Ortoilmakuva_2025_5cm",
        "zoom": 16,
        "status": "confirmed",
        "class": "car"
      }
    },
    {
      "type": "Feature",
      "geometry": {
        "type": "Polygon",
        "coordinates": [
          [
            [
              25502493.11,
              6676474.154
            ],
            [
              25502496.109,
              6676477.857
            ],
            [
              25502494.38,
              6676479.258
            ],
            [
              25502491.381,
              6676475.555
            ],
            [
              25502493.11,
              6676474.154
            ]
          ]
        ]
      },
      "properties": {
        "confidence": 0.866,
        "length_m": 4.77,
        "width_m": 2.23,
        "heading_deg": 39,
        "aoi": "r4-herttoniemi-n",
        "source_layer": "Ortoilmakuva_2025_5cm",
        "zoom": 16,
        "status": "confirmed",
        "class": "car"
      }
    },
    {
      "type": "Feature",
      "geometry": {
        "type": "Polygon",
        "coordinates": [
          [
            [
              25502557.078,
              6676497.418
            ],
            [
              25502554.068,
              6676491.74
            ],
            [
              25502552.108,
              6676492.779
            ],
            [
              25502555.119,
              6676498.457
            ],
            [
              25502557.078,
              6676497.418
            ]
          ]
        ]
      },
      "properties": {
        "confidence": 0.8644,
        "length_m": 6.43,
        "width_m": 2.22,
        "heading_deg": 27.9,
        "aoi": "r4-herttoniemi-n",
        "source_layer": "Ortoilmakuva_2025_5cm",
        "zoom": 16,
        "status": "confirmed",
        "class": "van"
      }
    },
    {
      "type": "Feature",
      "geometry": {
        "type": "Polygon",
        "coordinates": [
          [
            [
              25502549.064,
              6676495.201
            ],
            [
              25502551.116,
              6676493.806
            ],
            [
              25502554.753,
              6676499.158
            ],
            [
              25502552.7,
              6676500.552
            ],
            [
              25502549.064,
              6676495.201
            ]
          ]
        ]
      },
      "properties": {
        "confidence": 0.8631,
        "length_m": 6.47,
        "width_m": 2.48,
        "heading_deg": 34.2,
        "aoi": "r4-herttoniemi-n",
        "source_layer": "Ortoilmakuva_2025_5cm",
        "zoom": 16,
        "status": "confirmed",
        "class": "truck"
      }
    },
    {
      "type": "Feature",
      "geometry": {
        "type": "Polygon",
        "coordinates": [
          [
            [
              25502605.964,
              6676562.668
            ],
            [
              25502607.833,
              6676561.436
            ],
            [
              25502610.213,
              6676565.045
            ],
            [
              25502608.344,
              6676566.277
            ],
            [
              25502605.964,
              6676562.668
            ]
          ]
        ]
      },
      "properties": {
        "confidence": 0.8619,
        "length_m": 4.32,
        "width_m": 2.24,
        "heading_deg": 33.4,
        "aoi": "r4-herttoniemi-n",
        "source_layer": "Ortoilmakuva_2025_5cm",
        "zoom": 16,
        "status": "confirmed",
        "class": "car"
      }
    },
    {
      "type": "Feature",
      "geometry": {
        "type": "Polygon",
        "coordinates": [
          [
            [
              25502577.907,
              6676536.475
            ],
            [
              25502579.467,
              6676537.572
            ],
            [
              25502576.971,
              6676541.119
            ],
            [
              25502575.412,
              6676540.021
            ],
            [
              25502577.907,
              6676536.475
            ]
          ]
        ]
      },
      "properties": {
        "confidence": 0.861,
        "length_m": 4.34,
        "width_m": 1.91,
        "heading_deg": 144.9,
        "aoi": "r4-herttoniemi-n",
        "source_layer": "Ortoilmakuva_2025_5cm",
        "zoom": 16,
        "status": "confirmed",
        "class": "car"
      }
    },
    {
      "type": "Feature",
      "geometry": {
        "type": "Polygon",
        "coordinates": [
          [
            [
              25502515.348,
              6676582.302
            ],
            [
              25502518.596,
              6676585.912
            ],
            [
              25502516.806,
              6676587.522
            ],
            [
              25502513.558,
              6676583.912
            ],
            [
              25502515.348,
              6676582.302
            ]
          ]
        ]
      },
      "properties": {
        "confidence": 0.8607,
        "length_m": 4.86,
        "width_m": 2.41,
        "heading_deg": 42,
        "aoi": "r4-herttoniemi-n",
        "source_layer": "Ortoilmakuva_2025_5cm",
        "zoom": 16,
        "status": "confirmed",
        "class": "van"
      }
    },
    {
      "type": "Feature",
      "geometry": {
        "type": "Polygon",
        "coordinates": [
          [
            [
              25502539.314,
              6676599.777
            ],
            [
              25502538.447,
              6676601.579
            ],
            [
              25502534.647,
              6676599.748
            ],
            [
              25502535.514,
              6676597.946
            ],
            [
              25502539.314,
              6676599.777
            ]
          ]
        ]
      },
      "properties": {
        "confidence": 0.8586,
        "length_m": 4.22,
        "width_m": 2,
        "heading_deg": 64.3,
        "aoi": "r4-herttoniemi-n",
        "source_layer": "Ortoilmakuva_2025_5cm",
        "zoom": 16,
        "status": "confirmed",
        "class": "car"
      }
    },
    {
      "type": "Feature",
      "geometry": {
        "type": "Polygon",
        "coordinates": [
          [
            [
              25502521.255,
              6676630.01
            ],
            [
              25502522.523,
              6676631.924
            ],
            [
              25502518.099,
              6676634.854
            ],
            [
              25502516.831,
              6676632.94
            ],
            [
              25502521.255,
              6676630.01
            ]
          ]
        ]
      },
      "properties": {
        "confidence": 0.8561,
        "length_m": 5.31,
        "width_m": 2.3,
        "heading_deg": 123.5,
        "aoi": "r4-herttoniemi-n",
        "source_layer": "Ortoilmakuva_2025_5cm",
        "zoom": 16,
        "status": "confirmed",
        "class": "car"
      }
    },
    {
      "type": "Feature",
      "geometry": {
        "type": "Polygon",
        "coordinates": [
          [
            [
              25502463.537,
              6676547.651
            ],
            [
              25502464.946,
              6676549.236
            ],
            [
              25502461.324,
              6676552.455
            ],
            [
              25502459.915,
              6676550.87
            ],
            [
              25502463.537,
              6676547.651
            ]
          ]
        ]
      },
      "properties": {
        "confidence": 0.8548,
        "length_m": 4.85,
        "width_m": 2.12,
        "heading_deg": 131.6,
        "aoi": "r4-herttoniemi-n",
        "source_layer": "Ortoilmakuva_2025_5cm",
        "zoom": 16,
        "status": "confirmed",
        "class": "car"
      }
    },
    {
      "type": "Feature",
      "geometry": {
        "type": "Polygon",
        "coordinates": [
          [
            [
              25502394.221,
              6676520.987
            ],
            [
              25502396.019,
              6676519.945
            ],
            [
              25502398.109,
              6676523.552
            ],
            [
              25502396.311,
              6676524.593
            ],
            [
              25502394.221,
              6676520.987
            ]
          ]
        ]
      },
      "properties": {
        "confidence": 0.8481,
        "length_m": 4.17,
        "width_m": 2.08,
        "heading_deg": 30.1,
        "aoi": "r4-herttoniemi-n",
        "source_layer": "Ortoilmakuva_2025_5cm",
        "zoom": 16,
        "status": "confirmed",
        "class": "car"
      }
    },
    {
      "type": "Feature",
      "geometry": {
        "type": "Polygon",
        "coordinates": [
          [
            [
              25502532.514,
              6676532.164
            ],
            [
              25502533.866,
              6676534.159
            ],
            [
              25502529.439,
              6676537.16
            ],
            [
              25502528.087,
              6676535.165
            ],
            [
              25502532.514,
              6676532.164
            ]
          ]
        ]
      },
      "properties": {
        "confidence": 0.8463,
        "length_m": 5.35,
        "width_m": 2.41,
        "heading_deg": 124.1,
        "aoi": "r4-herttoniemi-n",
        "source_layer": "Ortoilmakuva_2025_5cm",
        "zoom": 16,
        "status": "confirmed",
        "class": "car"
      }
    },
    {
      "type": "Feature",
      "geometry": {
        "type": "Polygon",
        "coordinates": [
          [
            [
              25502625.167,
              6676659.023
            ],
            [
              25502627.836,
              6676657.183
            ],
            [
              25502633.908,
              6676665.992
            ],
            [
              25502631.24,
              6676667.832
            ],
            [
              25502625.167,
              6676659.023
            ]
          ]
        ]
      },
      "properties": {
        "confidence": 0.839,
        "length_m": 10.7,
        "width_m": 3.24,
        "heading_deg": 34.6,
        "aoi": "r4-herttoniemi-n",
        "source_layer": "Ortoilmakuva_2025_5cm",
        "zoom": 16,
        "status": "confirmed",
        "class": "truck"
      }
    },
    {
      "type": "Feature",
      "geometry": {
        "type": "Polygon",
        "coordinates": [
          [
            [
              25502589.24,
              6676421.007
            ],
            [
              25502589.031,
              6676415.362
            ],
            [
              25502586.423,
              6676415.459
            ],
            [
              25502586.632,
              6676421.104
            ],
            [
              25502589.24,
              6676421.007
            ]
          ]
        ]
      },
      "properties": {
        "confidence": 0.8383,
        "length_m": 5.65,
        "width_m": 2.61,
        "heading_deg": 2.1,
        "aoi": "r4-herttoniemi-n",
        "source_layer": "Ortoilmakuva_2025_5cm",
        "zoom": 16,
        "status": "confirmed",
        "class": "car"
      }
    },
    {
      "type": "Feature",
      "geometry": {
        "type": "Polygon",
        "coordinates": [
          [
            [
              25502454.581,
              6676474.524
            ],
            [
              25502456.568,
              6676473.175
            ],
            [
              25502459.465,
              6676477.443
            ],
            [
              25502457.477,
              6676478.791
            ],
            [
              25502454.581,
              6676474.524
            ]
          ]
        ]
      },
      "properties": {
        "confidence": 0.8307,
        "length_m": 5.16,
        "width_m": 2.4,
        "heading_deg": 34.2,
        "aoi": "r4-herttoniemi-n",
        "source_layer": "Ortoilmakuva_2025_5cm",
        "zoom": 16,
        "status": "confirmed",
        "class": "car"
      }
    },
    {
      "type": "Feature",
      "geometry": {
        "type": "Polygon",
        "coordinates": [
          [
            [
              25502381.27,
              6676593.161
            ],
            [
              25502383.691,
              6676592.043
            ],
            [
              25502386.1,
              6676597.257
            ],
            [
              25502383.679,
              6676598.375
            ],
            [
              25502381.27,
              6676593.161
            ]
          ]
        ]
      },
      "properties": {
        "confidence": 0.8306,
        "length_m": 5.74,
        "width_m": 2.67,
        "heading_deg": 24.8,
        "aoi": "r4-herttoniemi-n",
        "source_layer": "Ortoilmakuva_2025_5cm",
        "zoom": 16,
        "status": "confirmed",
        "class": "van"
      }
    },
    {
      "type": "Feature",
      "geometry": {
        "type": "Polygon",
        "coordinates": [
          [
            [
              25502470.817,
              6676459.74
            ],
            [
              25502472.735,
              6676458.499
            ],
            [
              25502475.382,
              6676462.59
            ],
            [
              25502473.464,
              6676463.831
            ],
            [
              25502470.817,
              6676459.74
            ]
          ]
        ]
      },
      "properties": {
        "confidence": 0.8301,
        "length_m": 4.87,
        "width_m": 2.28,
        "heading_deg": 32.9,
        "aoi": "r4-herttoniemi-n",
        "source_layer": "Ortoilmakuva_2025_5cm",
        "zoom": 16,
        "status": "confirmed",
        "class": "car"
      }
    },
    {
      "type": "Feature",
      "geometry": {
        "type": "Polygon",
        "coordinates": [
          [
            [
              25502525.595,
              6676521.943
            ],
            [
              25502526.872,
              6676523.869
            ],
            [
              25502522.782,
              6676526.579
            ],
            [
              25502521.505,
              6676524.653
            ],
            [
              25502525.595,
              6676521.943
            ]
          ]
        ]
      },
      "properties": {
        "confidence": 0.83,
        "length_m": 4.91,
        "width_m": 2.31,
        "heading_deg": 123.5,
        "aoi": "r4-herttoniemi-n",
        "source_layer": "Ortoilmakuva_2025_5cm",
        "zoom": 16,
        "status": "confirmed",
        "class": "car"
      }
    },
    {
      "type": "Feature",
      "geometry": {
        "type": "Polygon",
        "coordinates": [
          [
            [
              25502519.433,
              6676578.536
            ],
            [
              25502521.402,
              6676577.191
            ],
            [
              25502524.302,
              6676581.438
            ],
            [
              25502522.332,
              6676582.782
            ],
            [
              25502519.433,
              6676578.536
            ]
          ]
        ]
      },
      "properties": {
        "confidence": 0.8294,
        "length_m": 5.14,
        "width_m": 2.38,
        "heading_deg": 34.3,
        "aoi": "r4-herttoniemi-n",
        "source_layer": "Ortoilmakuva_2025_5cm",
        "zoom": 16,
        "status": "confirmed",
        "class": "car"
      }
    },
    {
      "type": "Feature",
      "geometry": {
        "type": "Polygon",
        "coordinates": [
          [
            [
              25502507.365,
              6676524.459
            ],
            [
              25502508.564,
              6676526.142
            ],
            [
              25502504.516,
              6676529.025
            ],
            [
              25502503.317,
              6676527.342
            ],
            [
              25502507.365,
              6676524.459
            ]
          ]
        ]
      },
      "properties": {
        "confidence": 0.8283,
        "length_m": 4.97,
        "width_m": 2.07,
        "heading_deg": 125.5,
        "aoi": "r4-herttoniemi-n",
        "source_layer": "Ortoilmakuva_2025_5cm",
        "zoom": 16,
        "status": "confirmed",
        "class": "car"
      }
    },
    {
      "type": "Feature",
      "geometry": {
        "type": "Polygon",
        "coordinates": [
          [
            [
              25502376.531,
              6676621.962
            ],
            [
              25502378.107,
              6676623.9
            ],
            [
              25502373.844,
              6676627.367
            ],
            [
              25502372.268,
              6676625.429
            ],
            [
              25502376.531,
              6676621.962
            ]
          ]
        ]
      },
      "properties": {
        "confidence": 0.828,
        "length_m": 5.49,
        "width_m": 2.5,
        "heading_deg": 129.1,
        "aoi": "r4-herttoniemi-n",
        "source_layer": "Ortoilmakuva_2025_5cm",
        "zoom": 16,
        "status": "confirmed",
        "class": "car"
      }
    },
    {
      "type": "Feature",
      "geometry": {
        "type": "Polygon",
        "coordinates": [
          [
            [
              25502550.888,
              6676503.816
            ],
            [
              25502553.355,
              6676502.223
            ],
            [
              25502557.39,
              6676508.475
            ],
            [
              25502554.923,
              6676510.067
            ],
            [
              25502550.888,
              6676503.816
            ]
          ]
        ]
      },
      "properties": {
        "confidence": 0.828,
        "length_m": 7.44,
        "width_m": 2.94,
        "heading_deg": 32.8,
        "aoi": "r4-herttoniemi-n",
        "source_layer": "Ortoilmakuva_2025_5cm",
        "zoom": 16,
        "status": "confirmed",
        "class": "truck"
      }
    },
    {
      "type": "Feature",
      "geometry": {
        "type": "Polygon",
        "coordinates": [
          [
            [
              25502508.779,
              6676526.374
            ],
            [
              25502510.035,
              6676528.171
            ],
            [
              25502506.003,
              6676530.99
            ],
            [
              25502504.747,
              6676529.194
            ],
            [
              25502508.779,
              6676526.374
            ]
          ]
        ]
      },
      "properties": {
        "confidence": 0.8277,
        "length_m": 4.92,
        "width_m": 2.19,
        "heading_deg": 125,
        "aoi": "r4-herttoniemi-n",
        "source_layer": "Ortoilmakuva_2025_5cm",
        "zoom": 16,
        "status": "confirmed",
        "class": "car"
      }
    },
    {
      "type": "Feature",
      "geometry": {
        "type": "Polygon",
        "coordinates": [
          [
            [
              25502661.963,
              6676455.666
            ],
            [
              25502656.782,
              6676455.745
            ],
            [
              25502656.812,
              6676457.697
            ],
            [
              25502661.993,
              6676457.618
            ],
            [
              25502661.963,
              6676455.666
            ]
          ]
        ]
      },
      "properties": {
        "confidence": 0.8199,
        "length_m": 5.18,
        "width_m": 1.95,
        "heading_deg": 90.9,
        "aoi": "r4-herttoniemi-n",
        "source_layer": "Ortoilmakuva_2025_5cm",
        "zoom": 16,
        "status": "confirmed",
        "class": "van"
      }
    },
    {
      "type": "Feature",
      "geometry": {
        "type": "Polygon",
        "coordinates": [
          [
            [
              25502538.491,
              6676566.821
            ],
            [
              25502540.267,
              6676565.712
            ],
            [
              25502542.524,
              6676569.327
            ],
            [
              25502540.748,
              6676570.435
            ],
            [
              25502538.491,
              6676566.821
            ]
          ]
        ]
      },
      "properties": {
        "confidence": 0.8193,
        "length_m": 4.26,
        "width_m": 2.09,
        "heading_deg": 32,
        "aoi": "r4-herttoniemi-n",
        "source_layer": "Ortoilmakuva_2025_5cm",
        "zoom": 16,
        "status": "confirmed",
        "class": "car"
      }
    },
    {
      "type": "Feature",
      "geometry": {
        "type": "Polygon",
        "coordinates": [
          [
            [
              25502537.547,
              6676601.951
            ],
            [
              25502536.396,
              6676603.922
            ],
            [
              25502532.187,
              6676601.463
            ],
            [
              25502533.338,
              6676599.492
            ],
            [
              25502537.547,
              6676601.951
            ]
          ]
        ]
      },
      "properties": {
        "confidence": 0.8171,
        "length_m": 4.87,
        "width_m": 2.28,
        "heading_deg": 59.7,
        "aoi": "r4-herttoniemi-n",
        "source_layer": "Ortoilmakuva_2025_5cm",
        "zoom": 16,
        "status": "confirmed",
        "class": "car"
      }
    },
    {
      "type": "Feature",
      "geometry": {
        "type": "Polygon",
        "coordinates": [
          [
            [
              25502573.216,
              6676562.79
            ],
            [
              25502575.53,
              6676563.345
            ],
            [
              25502574.246,
              6676568.696
            ],
            [
              25502571.932,
              6676568.141
            ],
            [
              25502573.216,
              6676562.79
            ]
          ]
        ]
      },
      "properties": {
        "confidence": 0.8133,
        "length_m": 5.5,
        "width_m": 2.38,
        "heading_deg": 166.5,
        "aoi": "r4-herttoniemi-n",
        "source_layer": "Ortoilmakuva_2025_5cm",
        "zoom": 16,
        "status": "confirmed",
        "class": "van"
      }
    },
    {
      "type": "Feature",
      "geometry": {
        "type": "Polygon",
        "coordinates": [
          [
            [
              25502610.806,
              6676578.492
            ],
            [
              25502613.166,
              6676578.407
            ],
            [
              25502613.367,
              6676583.993
            ],
            [
              25502611.007,
              6676584.078
            ],
            [
              25502610.806,
              6676578.492
            ]
          ]
        ]
      },
      "properties": {
        "confidence": 0.8124,
        "length_m": 5.59,
        "width_m": 2.36,
        "heading_deg": 2.1,
        "aoi": "r4-herttoniemi-n",
        "source_layer": "Ortoilmakuva_2025_5cm",
        "zoom": 16,
        "status": "confirmed",
        "class": "van"
      }
    },
    {
      "type": "Feature",
      "geometry": {
        "type": "Polygon",
        "coordinates": [
          [
            [
              25502490.741,
              6676466.646
            ],
            [
              25502492.107,
              6676468.545
            ],
            [
              25502488.147,
              6676471.392
            ],
            [
              25502486.782,
              6676469.493
            ],
            [
              25502490.741,
              6676466.646
            ]
          ]
        ]
      },
      "properties": {
        "confidence": 0.81,
        "length_m": 4.88,
        "width_m": 2.34,
        "heading_deg": 125.7,
        "aoi": "r4-herttoniemi-n",
        "source_layer": "Ortoilmakuva_2025_5cm",
        "zoom": 16,
        "status": "confirmed",
        "class": "car"
      }
    },
    {
      "type": "Feature",
      "geometry": {
        "type": "Polygon",
        "coordinates": [
          [
            [
              25502590.468,
              6676415.316
            ],
            [
              25502592.861,
              6676415.368
            ],
            [
              25502592.744,
              6676420.808
            ],
            [
              25502590.351,
              6676420.756
            ],
            [
              25502590.468,
              6676415.316
            ]
          ]
        ]
      },
      "properties": {
        "confidence": 0.8083,
        "length_m": 5.44,
        "width_m": 2.39,
        "heading_deg": 178.8,
        "aoi": "r4-herttoniemi-n",
        "source_layer": "Ortoilmakuva_2025_5cm",
        "zoom": 16,
        "status": "confirmed",
        "class": "car"
      }
    },
    {
      "type": "Feature",
      "geometry": {
        "type": "Polygon",
        "coordinates": [
          [
            [
              25502400.37,
              6676583.716
            ],
            [
              25502402.844,
              6676583.8
            ],
            [
              25502402.65,
              6676589.501
            ],
            [
              25502400.177,
              6676589.417
            ],
            [
              25502400.37,
              6676583.716
            ]
          ]
        ]
      },
      "properties": {
        "confidence": 0.8074,
        "length_m": 5.7,
        "width_m": 2.48,
        "heading_deg": 178.1,
        "aoi": "r4-herttoniemi-n",
        "source_layer": "Ortoilmakuva_2025_5cm",
        "zoom": 16,
        "status": "confirmed",
        "class": "van"
      }
    },
    {
      "type": "Feature",
      "geometry": {
        "type": "Polygon",
        "coordinates": [
          [
            [
              25502521.484,
              6676560.072
            ],
            [
              25502522.869,
              6676561.767
            ],
            [
              25502518.935,
              6676564.981
            ],
            [
              25502517.55,
              6676563.286
            ],
            [
              25502521.484,
              6676560.072
            ]
          ]
        ]
      },
      "properties": {
        "confidence": 0.8046,
        "length_m": 5.08,
        "width_m": 2.19,
        "heading_deg": 129.2,
        "aoi": "r4-herttoniemi-n",
        "source_layer": "Ortoilmakuva_2025_5cm",
        "zoom": 16,
        "status": "confirmed",
        "class": "car"
      }
    },
    {
      "type": "Feature",
      "geometry": {
        "type": "Polygon",
        "coordinates": [
          [
            [
              25502406.723,
              6676533.284
            ],
            [
              25502403.871,
              6676528.523
            ],
            [
              25502401.712,
              6676529.817
            ],
            [
              25502404.565,
              6676534.578
            ],
            [
              25502406.723,
              6676533.284
            ]
          ]
        ]
      },
      "properties": {
        "confidence": 0.7858,
        "length_m": 5.55,
        "width_m": 2.52,
        "heading_deg": 30.9,
        "aoi": "r4-herttoniemi-n",
        "source_layer": "Ortoilmakuva_2025_5cm",
        "zoom": 16,
        "status": "confirmed",
        "class": "van"
      }
    },
    {
      "type": "Feature",
      "geometry": {
        "type": "Polygon",
        "coordinates": [
          [
            [
              25502396.246,
              6676515.11
            ],
            [
              25502393.549,
              6676511.436
            ],
            [
              25502391.291,
              6676513.094
            ],
            [
              25502393.988,
              6676516.768
            ],
            [
              25502396.246,
              6676515.11
            ]
          ]
        ]
      },
      "properties": {
        "confidence": 0.7805,
        "length_m": 4.56,
        "width_m": 2.8,
        "heading_deg": 36.3,
        "aoi": "r4-herttoniemi-n",
        "source_layer": "Ortoilmakuva_2025_5cm",
        "zoom": 16,
        "status": "confirmed",
        "class": "car"
      }
    },
    {
      "type": "Feature",
      "geometry": {
        "type": "Polygon",
        "coordinates": [
          [
            [
              25502517.522,
              6676615.059
            ],
            [
              25502516.913,
              6676617.09
            ],
            [
              25502512.359,
              6676615.725
            ],
            [
              25502512.968,
              6676613.694
            ],
            [
              25502517.522,
              6676615.059
            ]
          ]
        ]
      },
      "properties": {
        "confidence": 0.7802,
        "length_m": 4.75,
        "width_m": 2.12,
        "heading_deg": 73.3,
        "aoi": "r4-herttoniemi-n",
        "source_layer": "Ortoilmakuva_2025_5cm",
        "zoom": 16,
        "status": "confirmed",
        "class": "car"
      }
    },
    {
      "type": "Feature",
      "geometry": {
        "type": "Polygon",
        "coordinates": [
          [
            [
              25502576.601,
              6676512.498
            ],
            [
              25502576.783,
              6676514.806
            ],
            [
              25502572.423,
              6676515.149
            ],
            [
              25502572.242,
              6676512.841
            ],
            [
              25502576.601,
              6676512.498
            ]
          ]
        ]
      },
      "properties": {
        "confidence": 0.7798,
        "length_m": 4.37,
        "width_m": 2.32,
        "heading_deg": 94.5,
        "aoi": "r4-herttoniemi-n",
        "source_layer": "Ortoilmakuva_2025_5cm",
        "zoom": 16,
        "status": "confirmed",
        "class": "car"
      }
    },
    {
      "type": "Feature",
      "geometry": {
        "type": "Polygon",
        "coordinates": [
          [
            [
              25502417.837,
              6676559.794
            ],
            [
              25502419.071,
              6676561.847
            ],
            [
              25502414.674,
              6676564.49
            ],
            [
              25502413.44,
              6676562.437
            ],
            [
              25502417.837,
              6676559.794
            ]
          ]
        ]
      },
      "properties": {
        "confidence": 0.7783,
        "length_m": 5.13,
        "width_m": 2.4,
        "heading_deg": 121,
        "aoi": "r4-herttoniemi-n",
        "source_layer": "Ortoilmakuva_2025_5cm",
        "zoom": 16,
        "status": "confirmed",
        "class": "car"
      }
    },
    {
      "type": "Feature",
      "geometry": {
        "type": "Polygon",
        "coordinates": [
          [
            [
              25502378.928,
              6676510.738
            ],
            [
              25502380.879,
              6676509.477
            ],
            [
              25502383.448,
              6676513.452
            ],
            [
              25502381.497,
              6676514.713
            ],
            [
              25502378.928,
              6676510.738
            ]
          ]
        ]
      },
      "properties": {
        "confidence": 0.7766,
        "length_m": 4.73,
        "width_m": 2.32,
        "heading_deg": 32.9,
        "aoi": "r4-herttoniemi-n",
        "source_layer": "Ortoilmakuva_2025_5cm",
        "zoom": 16,
        "status": "confirmed",
        "class": "car"
      }
    },
    {
      "type": "Feature",
      "geometry": {
        "type": "Polygon",
        "coordinates": [
          [
            [
              25502513.137,
              6676514.586
            ],
            [
              25502515.058,
              6676513.495
            ],
            [
              25502517.472,
              6676517.747
            ],
            [
              25502515.551,
              6676518.838
            ],
            [
              25502513.137,
              6676514.586
            ]
          ]
        ]
      },
      "properties": {
        "confidence": 0.7673,
        "length_m": 4.89,
        "width_m": 2.21,
        "heading_deg": 29.6,
        "aoi": "r4-herttoniemi-n",
        "source_layer": "Ortoilmakuva_2025_5cm",
        "zoom": 16,
        "status": "confirmed",
        "class": "car"
      }
    },
    {
      "type": "Feature",
      "geometry": {
        "type": "Polygon",
        "coordinates": [
          [
            [
              25502391.787,
              6676522.176
            ],
            [
              25502393.744,
              6676521.081
            ],
            [
              25502396.017,
              6676525.142
            ],
            [
              25502394.06,
              6676526.237
            ],
            [
              25502391.787,
              6676522.176
            ]
          ]
        ]
      },
      "properties": {
        "confidence": 0.767,
        "length_m": 4.65,
        "width_m": 2.24,
        "heading_deg": 29.2,
        "aoi": "r4-herttoniemi-n",
        "source_layer": "Ortoilmakuva_2025_5cm",
        "zoom": 16,
        "status": "confirmed",
        "class": "car"
      }
    },
    {
      "type": "Feature",
      "geometry": {
        "type": "Polygon",
        "coordinates": [
          [
            [
              25502617.037,
              6676603.295
            ],
            [
              25502618.448,
              6676605.327
            ],
            [
              25502613.74,
              6676608.596
            ],
            [
              25502612.329,
              6676606.565
            ],
            [
              25502617.037,
              6676603.295
            ]
          ]
        ]
      },
      "properties": {
        "confidence": 0.7597,
        "length_m": 5.73,
        "width_m": 2.47,
        "heading_deg": 124.8,
        "aoi": "r4-herttoniemi-n",
        "source_layer": "Ortoilmakuva_2025_5cm",
        "zoom": 16,
        "status": "confirmed",
        "class": "van"
      }
    },
    {
      "type": "Feature",
      "geometry": {
        "type": "Polygon",
        "coordinates": [
          [
            [
              25502553.419,
              6676363.101
            ],
            [
              25502555.787,
              6676362.828
            ],
            [
              25502556.407,
              6676368.199
            ],
            [
              25502554.039,
              6676368.472
            ],
            [
              25502553.419,
              6676363.101
            ]
          ]
        ]
      },
      "properties": {
        "confidence": 0.7576,
        "length_m": 5.41,
        "width_m": 2.38,
        "heading_deg": 6.6,
        "aoi": "r4-herttoniemi-n",
        "source_layer": "Ortoilmakuva_2025_5cm",
        "zoom": 16,
        "status": "confirmed",
        "class": "van"
      }
    },
    {
      "type": "Feature",
      "geometry": {
        "type": "Polygon",
        "coordinates": [
          [
            [
              25502392.762,
              6676515.361
            ],
            [
              25502395.644,
              6676519.061
            ],
            [
              25502393.885,
              6676520.432
            ],
            [
              25502391.003,
              6676516.731
            ],
            [
              25502392.762,
              6676515.361
            ]
          ]
        ]
      },
      "properties": {
        "confidence": 0.757,
        "length_m": 4.69,
        "width_m": 2.23,
        "heading_deg": 37.9,
        "aoi": "r4-herttoniemi-n",
        "source_layer": "Ortoilmakuva_2025_5cm",
        "zoom": 16,
        "status": "confirmed",
        "class": "car"
      }
    },
    {
      "type": "Feature",
      "geometry": {
        "type": "Polygon",
        "coordinates": [
          [
            [
              25502391.127,
              6676536.932
            ],
            [
              25502393.03,
              6676535.766
            ],
            [
              25502395.507,
              6676539.808
            ],
            [
              25502393.605,
              6676540.974
            ],
            [
              25502391.127,
              6676536.932
            ]
          ]
        ]
      },
      "properties": {
        "confidence": 0.7472,
        "length_m": 4.74,
        "width_m": 2.23,
        "heading_deg": 31.5,
        "aoi": "r4-herttoniemi-n",
        "source_layer": "Ortoilmakuva_2025_5cm",
        "zoom": 16,
        "status": "confirmed",
        "class": "car"
      }
    },
    {
      "type": "Feature",
      "geometry": {
        "type": "Polygon",
        "coordinates": [
          [
            [
              25502521.082,
              6676613.125
            ],
            [
              25502515.692,
              6676611.439
            ],
            [
              25502515.027,
              6676613.567
            ],
            [
              25502520.416,
              6676615.253
            ],
            [
              25502521.082,
              6676613.125
            ]
          ]
        ]
      },
      "properties": {
        "confidence": 0.7423,
        "length_m": 5.65,
        "width_m": 2.23,
        "heading_deg": 72.6,
        "aoi": "r4-herttoniemi-n",
        "source_layer": "Ortoilmakuva_2025_5cm",
        "zoom": 16,
        "status": "confirmed",
        "class": "van"
      }
    },
    {
      "type": "Feature",
      "geometry": {
        "type": "Polygon",
        "coordinates": [
          [
            [
              25502603.113,
              6676562.818
            ],
            [
              25502604.967,
              6676561.613
            ],
            [
              25502607.309,
              6676565.215
            ],
            [
              25502605.455,
              6676566.42
            ],
            [
              25502603.113,
              6676562.818
            ]
          ]
        ]
      },
      "properties": {
        "confidence": 0.7385,
        "length_m": 4.3,
        "width_m": 2.21,
        "heading_deg": 33,
        "aoi": "r4-herttoniemi-n",
        "source_layer": "Ortoilmakuva_2025_5cm",
        "zoom": 16,
        "status": "confirmed",
        "class": "car"
      }
    },
    {
      "type": "Feature",
      "geometry": {
        "type": "Polygon",
        "coordinates": [
          [
            [
              25502393.757,
              6676619.987
            ],
            [
              25502395.761,
              6676618.466
            ],
            [
              25502398.94,
              6676622.656
            ],
            [
              25502396.936,
              6676624.176
            ],
            [
              25502393.757,
              6676619.987
            ]
          ]
        ]
      },
      "properties": {
        "confidence": 0.7373,
        "length_m": 5.26,
        "width_m": 2.52,
        "heading_deg": 37.2,
        "aoi": "r4-herttoniemi-n",
        "source_layer": "Ortoilmakuva_2025_5cm",
        "zoom": 16,
        "status": "confirmed",
        "class": "car"
      }
    },
    {
      "type": "Feature",
      "geometry": {
        "type": "Polygon",
        "coordinates": [
          [
            [
              25502386.394,
              6676518.59
            ],
            [
              25502388.483,
              6676517.374
            ],
            [
              25502391.035,
              6676521.756
            ],
            [
              25502388.945,
              6676522.973
            ],
            [
              25502386.394,
              6676518.59
            ]
          ]
        ]
      },
      "properties": {
        "confidence": 0.7324,
        "length_m": 5.07,
        "width_m": 2.42,
        "heading_deg": 30.2,
        "aoi": "r4-herttoniemi-n",
        "source_layer": "Ortoilmakuva_2025_5cm",
        "zoom": 16,
        "status": "confirmed",
        "class": "car"
      }
    },
    {
      "type": "Feature",
      "geometry": {
        "type": "Polygon",
        "coordinates": [
          [
            [
              25502374.469,
              6676513.618
            ],
            [
              25502376.527,
              6676512.375
            ],
            [
              25502379.061,
              6676516.571
            ],
            [
              25502377.003,
              6676517.814
            ],
            [
              25502374.469,
              6676513.618
            ]
          ]
        ]
      },
      "properties": {
        "confidence": 0.7296,
        "length_m": 4.9,
        "width_m": 2.4,
        "heading_deg": 31.1,
        "aoi": "r4-herttoniemi-n",
        "source_layer": "Ortoilmakuva_2025_5cm",
        "zoom": 16,
        "status": "confirmed",
        "class": "car"
      }
    },
    {
      "type": "Feature",
      "geometry": {
        "type": "Polygon",
        "coordinates": [
          [
            [
              25502456.893,
              6676467.726
            ],
            [
              25502458.826,
              6676466.384
            ],
            [
              25502461.766,
              6676470.618
            ],
            [
              25502459.832,
              6676471.96
            ],
            [
              25502456.893,
              6676467.726
            ]
          ]
        ]
      },
      "properties": {
        "confidence": 0.7293,
        "length_m": 5.15,
        "width_m": 2.35,
        "heading_deg": 34.8,
        "aoi": "r4-herttoniemi-n",
        "source_layer": "Ortoilmakuva_2025_5cm",
        "zoom": 16,
        "status": "confirmed",
        "class": "car"
      }
    },
    {
      "type": "Feature",
      "geometry": {
        "type": "Polygon",
        "coordinates": [
          [
            [
              25502670.793,
              6676608.828
            ],
            [
              25502670.421,
              6676603.292
            ],
            [
              25502667.89,
              6676603.462
            ],
            [
              25502668.262,
              6676608.998
            ],
            [
              25502670.793,
              6676608.828
            ]
          ]
        ]
      },
      "properties": {
        "confidence": 0.726,
        "length_m": 5.55,
        "width_m": 2.54,
        "heading_deg": 3.8,
        "aoi": "r4-herttoniemi-n",
        "source_layer": "Ortoilmakuva_2025_5cm",
        "zoom": 16,
        "status": "confirmed",
        "class": "van"
      }
    },
    {
      "type": "Feature",
      "geometry": {
        "type": "Polygon",
        "coordinates": [
          [
            [
              25502585.928,
              6676405.559
            ],
            [
              25502588.054,
              6676405.607
            ],
            [
              25502587.957,
              6676409.84
            ],
            [
              25502585.831,
              6676409.791
            ],
            [
              25502585.928,
              6676405.559
            ]
          ]
        ]
      },
      "properties": {
        "confidence": 0.7248,
        "length_m": 4.23,
        "width_m": 2.13,
        "heading_deg": 178.7,
        "aoi": "r4-herttoniemi-n",
        "source_layer": "Ortoilmakuva_2025_5cm",
        "zoom": 16,
        "status": "confirmed",
        "class": "car"
      }
    },
    {
      "type": "Feature",
      "geometry": {
        "type": "Polygon",
        "coordinates": [
          [
            [
              25502643.772,
              6676666.56
            ],
            [
              25502646.408,
              6676670.188
            ],
            [
              25502644.731,
              6676671.406
            ],
            [
              25502642.096,
              6676667.777
            ],
            [
              25502643.772,
              6676666.56
            ]
          ]
        ]
      },
      "properties": {
        "confidence": 0.7239,
        "length_m": 4.48,
        "width_m": 2.07,
        "heading_deg": 36,
        "aoi": "r4-herttoniemi-n",
        "source_layer": "Ortoilmakuva_2025_5cm",
        "zoom": 16,
        "status": "confirmed",
        "class": "car"
      }
    },
    {
      "type": "Feature",
      "geometry": {
        "type": "Polygon",
        "coordinates": [
          [
            [
              25502534.614,
              6676574.548
            ],
            [
              25502531.45,
              6676570.366
            ],
            [
              25502529.626,
              6676571.745
            ],
            [
              25502532.791,
              6676575.928
            ],
            [
              25502534.614,
              6676574.548
            ]
          ]
        ]
      },
      "properties": {
        "confidence": 0.7094,
        "length_m": 5.24,
        "width_m": 2.29,
        "heading_deg": 37.1,
        "aoi": "r4-herttoniemi-n",
        "source_layer": "Ortoilmakuva_2025_5cm",
        "zoom": 16,
        "status": "confirmed",
        "class": "van"
      }
    },
    {
      "type": "Feature",
      "geometry": {
        "type": "Polygon",
        "coordinates": [
          [
            [
              25502469.014,
              6676478.261
            ],
            [
              25502471.083,
              6676477.192
            ],
            [
              25502473.132,
              6676481.159
            ],
            [
              25502471.063,
              6676482.228
            ],
            [
              25502469.014,
              6676478.261
            ]
          ]
        ]
      },
      "properties": {
        "confidence": 0.7037,
        "length_m": 4.46,
        "width_m": 2.33,
        "heading_deg": 27.3,
        "aoi": "r4-herttoniemi-n",
        "source_layer": "Ortoilmakuva_2025_5cm",
        "zoom": 16,
        "status": "confirmed",
        "class": "car"
      }
    },
    {
      "type": "Feature",
      "geometry": {
        "type": "Polygon",
        "coordinates": [
          [
            [
              25502578.355,
              6676520.11
            ],
            [
              25502578.47,
              6676522.428
            ],
            [
              25502573.645,
              6676522.667
            ],
            [
              25502573.53,
              6676520.35
            ],
            [
              25502578.355,
              6676520.11
            ]
          ]
        ]
      },
      "properties": {
        "confidence": 0.7034,
        "length_m": 4.83,
        "width_m": 2.32,
        "heading_deg": 92.8,
        "aoi": "r4-herttoniemi-n",
        "source_layer": "Ortoilmakuva_2025_5cm",
        "zoom": 16,
        "status": "confirmed",
        "class": "car"
      }
    },
    {
      "type": "Feature",
      "geometry": {
        "type": "Polygon",
        "coordinates": [
          [
            [
              25502555.874,
              6676422.363
            ],
            [
              25502558.158,
              6676422.551
            ],
            [
              25502557.74,
              6676427.618
            ],
            [
              25502555.456,
              6676427.429
            ],
            [
              25502555.874,
              6676422.363
            ]
          ]
        ]
      },
      "properties": {
        "confidence": 0.6908,
        "length_m": 5.08,
        "width_m": 2.29,
        "heading_deg": 175.3,
        "aoi": "r4-herttoniemi-n",
        "source_layer": "Ortoilmakuva_2025_5cm",
        "zoom": 16,
        "status": "confirmed",
        "class": "car"
      }
    },
    {
      "type": "Feature",
      "geometry": {
        "type": "Polygon",
        "coordinates": [
          [
            [
              25502513.923,
              6676620.206
            ],
            [
              25502515.222,
              6676621.804
            ],
            [
              25502511.762,
              6676624.619
            ],
            [
              25502510.462,
              6676623.021
            ],
            [
              25502513.923,
              6676620.206
            ]
          ]
        ]
      },
      "properties": {
        "confidence": 0.6878,
        "length_m": 4.46,
        "width_m": 2.06,
        "heading_deg": 129.1,
        "aoi": "r4-herttoniemi-n",
        "source_layer": "Ortoilmakuva_2025_5cm",
        "zoom": 16,
        "status": "confirmed",
        "class": "car"
      }
    },
    {
      "type": "Feature",
      "geometry": {
        "type": "Polygon",
        "coordinates": [
          [
            [
              25502510.997,
              6676516.18
            ],
            [
              25502512.796,
              6676515.108
            ],
            [
              25502514.912,
              6676518.658
            ],
            [
              25502513.113,
              6676519.731
            ],
            [
              25502510.997,
              6676516.18
            ]
          ]
        ]
      },
      "properties": {
        "confidence": 0.6825,
        "length_m": 4.13,
        "width_m": 2.09,
        "heading_deg": 30.8,
        "aoi": "r4-herttoniemi-n",
        "source_layer": "Ortoilmakuva_2025_5cm",
        "zoom": 16,
        "status": "confirmed",
        "class": "car"
      }
    },
    {
      "type": "Feature",
      "geometry": {
        "type": "Polygon",
        "coordinates": [
          [
            [
              25502401.737,
              6676627.651
            ],
            [
              25502398.707,
              6676623.246
            ],
            [
              25502396.762,
              6676624.585
            ],
            [
              25502399.792,
              6676628.99
            ],
            [
              25502401.737,
              6676627.651
            ]
          ]
        ]
      },
      "properties": {
        "confidence": 0.6749,
        "length_m": 5.35,
        "width_m": 2.36,
        "heading_deg": 34.5,
        "aoi": "r4-herttoniemi-n",
        "source_layer": "Ortoilmakuva_2025_5cm",
        "zoom": 16,
        "status": "confirmed",
        "class": "car"
      }
    },
    {
      "type": "Feature",
      "geometry": {
        "type": "Polygon",
        "coordinates": [
          [
            [
              25502561.954,
              6676591.637
            ],
            [
              25502564.608,
              6676594.801
            ],
            [
              25502563.039,
              6676596.117
            ],
            [
              25502560.385,
              6676592.953
            ],
            [
              25502561.954,
              6676591.637
            ]
          ]
        ]
      },
      "properties": {
        "confidence": 0.6744,
        "length_m": 4.13,
        "width_m": 2.05,
        "heading_deg": 40,
        "aoi": "r4-herttoniemi-n",
        "source_layer": "Ortoilmakuva_2025_5cm",
        "zoom": 16,
        "status": "confirmed",
        "class": "car"
      }
    },
    {
      "type": "Feature",
      "geometry": {
        "type": "Polygon",
        "coordinates": [
          [
            [
              25502583.072,
              6676533.021
            ],
            [
              25502583.415,
              6676535.793
            ],
            [
              25502576.927,
              6676536.595
            ],
            [
              25502576.584,
              6676533.823
            ],
            [
              25502583.072,
              6676533.021
            ]
          ]
        ]
      },
      "properties": {
        "confidence": 0.6698,
        "length_m": 6.54,
        "width_m": 2.79,
        "heading_deg": 97,
        "aoi": "r4-herttoniemi-n",
        "source_layer": "Ortoilmakuva_2025_5cm",
        "zoom": 16,
        "status": "confirmed",
        "class": "truck"
      }
    },
    {
      "type": "Feature",
      "geometry": {
        "type": "Polygon",
        "coordinates": [
          [
            [
              25502377.628,
              6676582.753
            ],
            [
              25502378.74,
              6676584.88
            ],
            [
              25502374.604,
              6676587.042
            ],
            [
              25502373.493,
              6676584.916
            ],
            [
              25502377.628,
              6676582.753
            ]
          ]
        ]
      },
      "properties": {
        "confidence": 0.6697,
        "length_m": 4.67,
        "width_m": 2.4,
        "heading_deg": 117.6,
        "aoi": "r4-herttoniemi-n",
        "source_layer": "Ortoilmakuva_2025_5cm",
        "zoom": 16,
        "status": "confirmed",
        "class": "car"
      }
    },
    {
      "type": "Feature",
      "geometry": {
        "type": "Polygon",
        "coordinates": [
          [
            [
              25502382.285,
              6676521.744
            ],
            [
              25502384.246,
              6676520.596
            ],
            [
              25502386.423,
              6676524.318
            ],
            [
              25502384.461,
              6676525.465
            ],
            [
              25502382.285,
              6676521.744
            ]
          ]
        ]
      },
      "properties": {
        "confidence": 0.6653,
        "length_m": 4.31,
        "width_m": 2.27,
        "heading_deg": 30.3,
        "aoi": "r4-herttoniemi-n",
        "source_layer": "Ortoilmakuva_2025_5cm",
        "zoom": 16,
        "status": "confirmed",
        "class": "car"
      }
    },
    {
      "type": "Feature",
      "geometry": {
        "type": "Polygon",
        "coordinates": [
          [
            [
              25502400.767,
              6676554.572
            ],
            [
              25502398.195,
              6676550.594
            ],
            [
              25502396.289,
              6676551.827
            ],
            [
              25502398.861,
              6676555.805
            ],
            [
              25502400.767,
              6676554.572
            ]
          ]
        ]
      },
      "properties": {
        "confidence": 0.6649,
        "length_m": 4.74,
        "width_m": 2.27,
        "heading_deg": 32.9,
        "aoi": "r4-herttoniemi-n",
        "source_layer": "Ortoilmakuva_2025_5cm",
        "zoom": 16,
        "status": "confirmed",
        "class": "car"
      }
    },
    {
      "type": "Feature",
      "geometry": {
        "type": "Polygon",
        "coordinates": [
          [
            [
              25502486.166,
              6676477.295
            ],
            [
              25502488.459,
              6676475.877
            ],
            [
              25502491.625,
              6676480.997
            ],
            [
              25502489.331,
              6676482.415
            ],
            [
              25502486.166,
              6676477.295
            ]
          ]
        ]
      },
      "properties": {
        "confidence": 0.6559,
        "length_m": 6.02,
        "width_m": 2.7,
        "heading_deg": 31.7,
        "aoi": "r4-herttoniemi-n",
        "source_layer": "Ortoilmakuva_2025_5cm",
        "zoom": 16,
        "status": "confirmed",
        "class": "van"
      }
    },
    {
      "type": "Feature",
      "geometry": {
        "type": "Polygon",
        "coordinates": [
          [
            [
              25502524.985,
              6676635.165
            ],
            [
              25502526.323,
              6676637.045
            ],
            [
              25502521.916,
              6676640.181
            ],
            [
              25502520.578,
              6676638.301
            ],
            [
              25502524.985,
              6676635.165
            ]
          ]
        ]
      },
      "properties": {
        "confidence": 0.6545,
        "length_m": 5.41,
        "width_m": 2.31,
        "heading_deg": 125.4,
        "aoi": "r4-herttoniemi-n",
        "source_layer": "Ortoilmakuva_2025_5cm",
        "zoom": 16,
        "status": "confirmed",
        "class": "car"
      }
    },
    {
      "type": "Feature",
      "geometry": {
        "type": "Polygon",
        "coordinates": [
          [
            [
              25502399.797,
              6676637.403
            ],
            [
              25502402.456,
              6676637.666
            ],
            [
              25502401.734,
              6676644.971
            ],
            [
              25502399.076,
              6676644.708
            ],
            [
              25502399.797,
              6676637.403
            ]
          ]
        ]
      },
      "properties": {
        "confidence": 0.6482,
        "length_m": 7.34,
        "width_m": 2.67,
        "heading_deg": 174.4,
        "aoi": "r4-herttoniemi-n",
        "source_layer": "Ortoilmakuva_2025_5cm",
        "zoom": 16,
        "status": "rejected",
        "class": ""
      }
    },
    {
      "type": "Feature",
      "geometry": {
        "type": "Polygon",
        "coordinates": [
          [
            [
              25502563.082,
              6676427.557
            ],
            [
              25502562.944,
              6676422.429
            ],
            [
              25502560.467,
              6676422.496
            ],
            [
              25502560.605,
              6676427.624
            ],
            [
              25502563.082,
              6676427.557
            ]
          ]
        ]
      },
      "properties": {
        "confidence": 0.6469,
        "length_m": 5.13,
        "width_m": 2.48,
        "heading_deg": 1.5,
        "aoi": "r4-herttoniemi-n",
        "source_layer": "Ortoilmakuva_2025_5cm",
        "zoom": 16,
        "status": "confirmed",
        "class": "van"
      }
    },
    {
      "type": "Feature",
      "geometry": {
        "type": "Polygon",
        "coordinates": [
          [
            [
              25502576.624,
              6676582.56
            ],
            [
              25502578.77,
              6676583.223
            ],
            [
              25502577.264,
              6676588.095
            ],
            [
              25502575.119,
              6676587.432
            ],
            [
              25502576.624,
              6676582.56
            ]
          ]
        ]
      },
      "properties": {
        "confidence": 0.6389,
        "length_m": 5.1,
        "width_m": 2.25,
        "heading_deg": 162.8,
        "aoi": "r4-herttoniemi-n",
        "source_layer": "Ortoilmakuva_2025_5cm",
        "zoom": 16,
        "status": "confirmed",
        "class": "van"
      }
    },
    {
      "type": "Feature",
      "geometry": {
        "type": "Polygon",
        "coordinates": [
          [
            [
              25502384.822,
              6676520.668
            ],
            [
              25502386.77,
              6676519.544
            ],
            [
              25502388.967,
              6676523.349
            ],
            [
              25502387.019,
              6676524.473
            ],
            [
              25502384.822,
              6676520.668
            ]
          ]
        ]
      },
      "properties": {
        "confidence": 0.622,
        "length_m": 4.39,
        "width_m": 2.25,
        "heading_deg": 30,
        "aoi": "r4-herttoniemi-n",
        "source_layer": "Ortoilmakuva_2025_5cm",
        "zoom": 16,
        "status": "confirmed",
        "class": "car"
      }
    },
    {
      "type": "Feature",
      "geometry": {
        "type": "Polygon",
        "coordinates": [
          [
            [
              25502543.405,
              6676498.173
            ],
            [
              25502545.878,
              6676496.535
            ],
            [
              25502553.017,
              6676507.315
            ],
            [
              25502550.544,
              6676508.953
            ],
            [
              25502543.405,
              6676498.173
            ]
          ]
        ]
      },
      "properties": {
        "confidence": 0.6151,
        "length_m": 12.93,
        "width_m": 2.97,
        "heading_deg": 33.5,
        "aoi": "r4-herttoniemi-n",
        "source_layer": "Ortoilmakuva_2025_5cm",
        "zoom": 16,
        "status": "rejected",
        "class": ""
      }
    },
    {
      "type": "Feature",
      "geometry": {
        "type": "Polygon",
        "coordinates": [
          [
            [
              25502660.365,
              6676634.437
            ],
            [
              25502658.618,
              6676629.38
            ],
            [
              25502656.429,
              6676630.137
            ],
            [
              25502658.176,
              6676635.194
            ],
            [
              25502660.365,
              6676634.437
            ]
          ]
        ]
      },
      "properties": {
        "confidence": 0.599,
        "length_m": 5.35,
        "width_m": 2.32,
        "heading_deg": 19.1,
        "aoi": "r4-herttoniemi-n",
        "source_layer": "Ortoilmakuva_2025_5cm",
        "zoom": 16,
        "status": "confirmed",
        "class": "van"
      }
    },
    {
      "type": "Feature",
      "geometry": {
        "type": "Polygon",
        "coordinates": [
          [
            [
              25502597.267,
              6676519.397
            ],
            [
              25502597.268,
              6676521.497
            ],
            [
              25502592.306,
              6676521.5
            ],
            [
              25502592.304,
              6676519.4
            ],
            [
              25502597.267,
              6676519.397
            ]
          ]
        ]
      },
      "properties": {
        "confidence": 0.5976,
        "length_m": 4.96,
        "width_m": 2.1,
        "heading_deg": 90,
        "aoi": "r4-herttoniemi-n",
        "source_layer": "Ortoilmakuva_2025_5cm",
        "zoom": 16,
        "status": "confirmed",
        "class": "car"
      }
    },
    {
      "type": "Feature",
      "geometry": {
        "type": "Polygon",
        "coordinates": [
          [
            [
              25502522.897,
              6676517.222
            ],
            [
              25502524.258,
              6676518.976
            ],
            [
              25502520.604,
              6676521.813
            ],
            [
              25502519.242,
              6676520.06
            ],
            [
              25502522.897,
              6676517.222
            ]
          ]
        ]
      },
      "properties": {
        "confidence": 0.5961,
        "length_m": 4.63,
        "width_m": 2.22,
        "heading_deg": 127.8,
        "aoi": "r4-herttoniemi-n",
        "source_layer": "Ortoilmakuva_2025_5cm",
        "zoom": 16,
        "status": "confirmed",
        "class": "car"
      }
    },
    {
      "type": "Feature",
      "geometry": {
        "type": "Polygon",
        "coordinates": [
          [
            [
              25502587.608,
              6676509.097
            ],
            [
              25502589.863,
              6676508.921
            ],
            [
              25502590.218,
              6676513.474
            ],
            [
              25502587.964,
              6676513.65
            ],
            [
              25502587.608,
              6676509.097
            ]
          ]
        ]
      },
      "properties": {
        "confidence": 0.592,
        "length_m": 4.57,
        "width_m": 2.26,
        "heading_deg": 4.5,
        "aoi": "r4-herttoniemi-n",
        "source_layer": "Ortoilmakuva_2025_5cm",
        "zoom": 16,
        "status": "confirmed",
        "class": "car"
      }
    },
    {
      "type": "Feature",
      "geometry": {
        "type": "Polygon",
        "coordinates": [
          [
            [
              25502668.501,
              6676494.04
            ],
            [
              25502670.901,
              6676494.045
            ],
            [
              25502670.89,
              6676500.09
            ],
            [
              25502668.49,
              6676500.086
            ],
            [
              25502668.501,
              6676494.04
            ]
          ]
        ]
      },
      "properties": {
        "confidence": 0.5913,
        "length_m": 6.05,
        "width_m": 2.4,
        "heading_deg": 179.9,
        "aoi": "r4-herttoniemi-n",
        "source_layer": "Ortoilmakuva_2025_5cm",
        "zoom": 16,
        "status": "confirmed",
        "class": "van"
      }
    },
    {
      "type": "Feature",
      "geometry": {
        "type": "Polygon",
        "coordinates": [
          [
            [
              25502577.182,
              6676401.01
            ],
            [
              25502577.153,
              6676403.477
            ],
            [
              25502572.591,
              6676403.424
            ],
            [
              25502572.62,
              6676400.957
            ],
            [
              25502577.182,
              6676401.01
            ]
          ]
        ]
      },
      "properties": {
        "confidence": 0.5719,
        "length_m": 4.56,
        "width_m": 2.47,
        "heading_deg": 89.3,
        "aoi": "r4-herttoniemi-n",
        "source_layer": "Ortoilmakuva_2025_5cm",
        "zoom": 16,
        "status": "confirmed",
        "class": "car"
      }
    },
    {
      "type": "Feature",
      "geometry": {
        "type": "Polygon",
        "coordinates": [
          [
            [
              25502581.783,
              6676527.769
            ],
            [
              25502581.989,
              6676530.146
            ],
            [
              25502575.191,
              6676530.734
            ],
            [
              25502574.985,
              6676528.357
            ],
            [
              25502581.783,
              6676527.769
            ]
          ]
        ]
      },
      "properties": {
        "confidence": 0.5675,
        "length_m": 6.82,
        "width_m": 2.39,
        "heading_deg": 94.9,
        "aoi": "r4-herttoniemi-n",
        "source_layer": "Ortoilmakuva_2025_5cm",
        "zoom": 16,
        "status": "rejected",
        "class": ""
      }
    },
    {
      "type": "Feature",
      "geometry": {
        "type": "Polygon",
        "coordinates": [
          [
            [
              25502593.185,
              6676415.329
            ],
            [
              25502595.856,
              6676415.537
            ],
            [
              25502595.44,
              6676420.874
            ],
            [
              25502592.768,
              6676420.665
            ],
            [
              25502593.185,
              6676415.329
            ]
          ]
        ]
      },
      "properties": {
        "confidence": 0.5637,
        "length_m": 5.35,
        "width_m": 2.68,
        "heading_deg": 175.5,
        "aoi": "r4-herttoniemi-n",
        "source_layer": "Ortoilmakuva_2025_5cm",
        "zoom": 16,
        "status": "confirmed",
        "class": "car"
      }
    },
    {
      "type": "Feature",
      "geometry": {
        "type": "Polygon",
        "coordinates": [
          [
            [
              25502648.045,
              6676486.533
            ],
            [
              25502650.472,
              6676486.538
            ],
            [
              25502650.438,
              6676502.858
            ],
            [
              25502648.011,
              6676502.852
            ],
            [
              25502648.045,
              6676486.533
            ]
          ]
        ]
      },
      "properties": {
        "confidence": 0.5405,
        "length_m": 16.32,
        "width_m": 2.43,
        "heading_deg": 179.9,
        "aoi": "r4-herttoniemi-n",
        "source_layer": "Ortoilmakuva_2025_5cm",
        "zoom": 16,
        "status": "rejected",
        "class": ""
      }
    },
    {
      "type": "Feature",
      "geometry": {
        "type": "Polygon",
        "coordinates": [
          [
            [
              25502382.708,
              6676361.197
            ],
            [
              25502383.953,
              6676363.281
            ],
            [
              25502378.343,
              6676366.633
            ],
            [
              25502377.098,
              6676364.549
            ],
            [
              25502382.708,
              6676361.197
            ]
          ]
        ]
      },
      "properties": {
        "confidence": 0.5393,
        "length_m": 6.54,
        "width_m": 2.43,
        "heading_deg": 120.9,
        "aoi": "r4-herttoniemi-n",
        "source_layer": "Ortoilmakuva_2025_5cm",
        "zoom": 16,
        "status": "rejected",
        "class": ""
      }
    },
    {
      "type": "Feature",
      "geometry": {
        "type": "Polygon",
        "coordinates": [
          [
            [
              25502447.042,
              6676562.818
            ],
            [
              25502449.031,
              6676561.377
            ],
            [
              25502452.129,
              6676565.654
            ],
            [
              25502450.14,
              6676567.095
            ],
            [
              25502447.042,
              6676562.818
            ]
          ]
        ]
      },
      "properties": {
        "confidence": 0.5262,
        "length_m": 5.28,
        "width_m": 2.46,
        "heading_deg": 35.9,
        "aoi": "r4-herttoniemi-n",
        "source_layer": "Ortoilmakuva_2025_5cm",
        "zoom": 16,
        "status": "confirmed",
        "class": "van"
      }
    },
    {
      "type": "Feature",
      "geometry": {
        "type": "Polygon",
        "coordinates": [
          [
            [
              25502539.106,
              6676542.833
            ],
            [
              25502540.379,
              6676544.922
            ],
            [
              25502535.798,
              6676547.714
            ],
            [
              25502534.525,
              6676545.625
            ],
            [
              25502539.106,
              6676542.833
            ]
          ]
        ]
      },
      "properties": {
        "confidence": 0.5244,
        "length_m": 5.36,
        "width_m": 2.45,
        "heading_deg": 121.4,
        "aoi": "r4-herttoniemi-n",
        "source_layer": "Ortoilmakuva_2025_5cm",
        "zoom": 16,
        "status": "rejected",
        "class": ""
      }
    },
    {
      "type": "Feature",
      "geometry": {
        "type": "Polygon",
        "coordinates": [
          [
            [
              25502661.781,
              6676461.356
            ],
            [
              25502661.686,
              6676463.409
            ],
            [
              25502657.46,
              6676463.213
            ],
            [
              25502657.555,
              6676461.159
            ],
            [
              25502661.781,
              6676461.356
            ]
          ]
        ]
      },
      "properties": {
        "confidence": 0.5198,
        "length_m": 4.23,
        "width_m": 2.06,
        "heading_deg": 87.3,
        "aoi": "r4-herttoniemi-n",
        "source_layer": "Ortoilmakuva_2025_5cm",
        "zoom": 16,
        "status": "confirmed",
        "class": "car"
      }
    },
    {
      "type": "Feature",
      "geometry": {
        "type": "Polygon",
        "coordinates": [
          [
            [
              25502515.552,
              6676621.803
            ],
            [
              25502517.139,
              6676623.798
            ],
            [
              25502512.954,
              6676627.128
            ],
            [
              25502511.366,
              6676625.134
            ],
            [
              25502515.552,
              6676621.803
            ]
          ]
        ]
      },
      "properties": {
        "confidence": 0.5012,
        "length_m": 5.35,
        "width_m": 2.55,
        "heading_deg": 128.5,
        "aoi": "r4-herttoniemi-n",
        "source_layer": "Ortoilmakuva_2025_5cm",
        "zoom": 16,
        "status": "confirmed",
        "class": "car"
      }
    },
    {
      "type": "Feature",
      "geometry": {
        "type": "Polygon",
        "coordinates": [
          [
            [
              25502471.758,
              6676580.311
            ],
            [
              25502473.759,
              6676578.917
            ],
            [
              25502476.928,
              6676583.466
            ],
            [
              25502474.928,
              6676584.86
            ],
            [
              25502471.758,
              6676580.311
            ]
          ]
        ]
      },
      "properties": {
        "confidence": 0.4772,
        "length_m": 5.54,
        "width_m": 2.44,
        "heading_deg": 34.9,
        "aoi": "r4-herttoniemi-n",
        "source_layer": "Ortoilmakuva_2025_5cm",
        "zoom": 16,
        "status": "confirmed",
        "class": "van"
      }
    },
    {
      "type": "Feature",
      "geometry": {
        "type": "Polygon",
        "coordinates": [
          [
            [
              25502388.368,
              6676363.28
            ],
            [
              25502382.441,
              6676367.133
            ],
            [
              25502383.875,
              6676369.34
            ],
            [
              25502389.802,
              6676365.487
            ],
            [
              25502388.368,
              6676363.28
            ]
          ]
        ]
      },
      "properties": {
        "confidence": 0.4669,
        "length_m": 7.07,
        "width_m": 2.63,
        "heading_deg": 123,
        "aoi": "r4-herttoniemi-n",
        "source_layer": "Ortoilmakuva_2025_5cm",
        "zoom": 16,
        "status": "confirmed",
        "class": "truck"
      }
    },
    {
      "type": "Feature",
      "geometry": {
        "type": "Polygon",
        "coordinates": [
          [
            [
              25502523.587,
              6676611.362
            ],
            [
              25502522.974,
              6676613.184
            ],
            [
              25502518.426,
              6676611.654
            ],
            [
              25502519.039,
              6676609.832
            ],
            [
              25502523.587,
              6676611.362
            ]
          ]
        ]
      },
      "properties": {
        "confidence": 0.4556,
        "length_m": 4.8,
        "width_m": 1.92,
        "heading_deg": 71.4,
        "aoi": "r4-herttoniemi-n",
        "source_layer": "Ortoilmakuva_2025_5cm",
        "zoom": 16,
        "status": "confirmed",
        "class": "car"
      }
    },
    {
      "type": "Feature",
      "geometry": {
        "type": "Polygon",
        "coordinates": [
          [
            [
              25502567.923,
              6676506.551
            ],
            [
              25502561.508,
              6676507.147
            ],
            [
              25502561.761,
              6676509.861
            ],
            [
              25502568.175,
              6676509.264
            ],
            [
              25502567.923,
              6676506.551
            ]
          ]
        ]
      },
      "properties": {
        "confidence": 0.4508,
        "length_m": 6.44,
        "width_m": 2.72,
        "heading_deg": 95.3,
        "aoi": "r4-herttoniemi-n",
        "source_layer": "Ortoilmakuva_2025_5cm",
        "zoom": 16,
        "status": "confirmed",
        "class": "truck"
      }
    },
    {
      "type": "Feature",
      "geometry": {
        "type": "Polygon",
        "coordinates": [
          [
            [
              25502669.886,
              6676521.539
            ],
            [
              25502671.29,
              6676521.465
            ],
            [
              25502671.65,
              6676528.242
            ],
            [
              25502670.246,
              6676528.317
            ],
            [
              25502669.886,
              6676521.539
            ]
          ]
        ]
      },
      "properties": {
        "confidence": 0.4493,
        "length_m": 6.79,
        "width_m": 1.41,
        "heading_deg": 3,
        "aoi": "r4-herttoniemi-n",
        "source_layer": "Ortoilmakuva_2025_5cm",
        "zoom": 16,
        "status": "rejected",
        "class": ""
      }
    },
    {
      "type": "Feature",
      "geometry": {
        "type": "Polygon",
        "coordinates": [
          [
            [
              25502542.263,
              6676425.647
            ],
            [
              25502541.902,
              6676417.888
            ],
            [
              25502538.866,
              6676418.029
            ],
            [
              25502539.227,
              6676425.789
            ],
            [
              25502542.263,
              6676425.647
            ]
          ]
        ]
      },
      "properties": {
        "confidence": 0.4166,
        "length_m": 7.77,
        "width_m": 3.04,
        "heading_deg": 2.7,
        "aoi": "r4-herttoniemi-n",
        "source_layer": "Ortoilmakuva_2025_5cm",
        "zoom": 16,
        "status": "confirmed",
        "class": "truck"
      }
    },
    {
      "type": "Feature",
      "geometry": {
        "type": "Polygon",
        "coordinates": [
          [
            [
              25502565.502,
              6676545.987
            ],
            [
              25502556.357,
              6676541.893
            ],
            [
              25502555.084,
              6676544.737
            ],
            [
              25502564.228,
              6676548.832
            ],
            [
              25502565.502,
              6676545.987
            ]
          ]
        ]
      },
      "properties": {
        "confidence": 0.3937,
        "length_m": 10.02,
        "width_m": 3.12,
        "heading_deg": 65.9,
        "aoi": "r4-herttoniemi-n",
        "source_layer": "Ortoilmakuva_2025_5cm",
        "zoom": 16,
        "status": "confirmed",
        "class": "truck"
      }
    },
    {
      "type": "Feature",
      "geometry": {
        "type": "Polygon",
        "coordinates": [
          [
            [
              25502573.076,
              6676379.667
            ],
            [
              25502572.882,
              6676381.841
            ],
            [
              25502567.742,
              6676381.382
            ],
            [
              25502567.936,
              6676379.208
            ],
            [
              25502573.076,
              6676379.667
            ]
          ]
        ]
      },
      "properties": {
        "confidence": 0.393,
        "length_m": 5.16,
        "width_m": 2.18,
        "heading_deg": 84.9,
        "aoi": "r4-herttoniemi-n",
        "source_layer": "Ortoilmakuva_2025_5cm",
        "zoom": 16,
        "status": "confirmed",
        "class": "car"
      }
    },
    {
      "type": "Feature",
      "geometry": {
        "type": "Polygon",
        "coordinates": [
          [
            [
              25502379.561,
              6676522.123
            ],
            [
              25502381.784,
              6676521.311
            ],
            [
              25502383.333,
              6676525.553
            ],
            [
              25502381.11,
              6676526.365
            ],
            [
              25502379.561,
              6676522.123
            ]
          ]
        ]
      },
      "properties": {
        "confidence": 0.3761,
        "length_m": 4.52,
        "width_m": 2.37,
        "heading_deg": 20.1,
        "aoi": "r4-herttoniemi-n",
        "source_layer": "Ortoilmakuva_2025_5cm",
        "zoom": 16,
        "status": "confirmed",
        "class": "car"
      }
    },
    {
      "type": "Feature",
      "geometry": {
        "type": "Polygon",
        "coordinates": [
          [
            [
              25502520.702,
              6676515.373
            ],
            [
              25502522.03,
              6676517.057
            ],
            [
              25502518.756,
              6676519.639
            ],
            [
              25502517.428,
              6676517.956
            ],
            [
              25502520.702,
              6676515.373
            ]
          ]
        ]
      },
      "properties": {
        "confidence": 0.3732,
        "length_m": 4.17,
        "width_m": 2.14,
        "heading_deg": 128.3,
        "aoi": "r4-herttoniemi-n",
        "source_layer": "Ortoilmakuva_2025_5cm",
        "zoom": 16,
        "status": "confirmed",
        "class": "car"
      }
    },
    {
      "type": "Feature",
      "geometry": {
        "type": "Polygon",
        "coordinates": [
          [
            [
              25502541.52,
              6676563.736
            ],
            [
              25502544.693,
              6676567.154
            ],
            [
              25502543.112,
              6676568.622
            ],
            [
              25502539.939,
              6676565.205
            ],
            [
              25502541.52,
              6676563.736
            ]
          ]
        ]
      },
      "properties": {
        "confidence": 0.354,
        "length_m": 4.66,
        "width_m": 2.16,
        "heading_deg": 42.9,
        "aoi": "r4-herttoniemi-n",
        "source_layer": "Ortoilmakuva_2025_5cm",
        "zoom": 16,
        "status": "rejected",
        "class": ""
      }
    },
    {
      "type": "Feature",
      "geometry": {
        "type": "Polygon",
        "coordinates": [
          [
            [
              25502569.239,
              6676544.301
            ],
            [
              25502568.291,
              6676546.673
            ],
            [
              25502562.606,
              6676544.402
            ],
            [
              25502563.554,
              6676542.029
            ],
            [
              25502569.239,
              6676544.301
            ]
          ]
        ]
      },
      "properties": {
        "confidence": 0.3467,
        "length_m": 6.12,
        "width_m": 2.55,
        "heading_deg": 68.2,
        "aoi": "r4-herttoniemi-n",
        "source_layer": "Ortoilmakuva_2025_5cm",
        "zoom": 16,
        "status": "rejected",
        "class": ""
      }
    },
    {
      "type": "Feature",
      "geometry": {
        "type": "Polygon",
        "coordinates": [
          [
            [
              25502665.368,
              6676547.71
            ],
            [
              25502667.687,
              6676547.528
            ],
            [
              25502668.079,
              6676552.534
            ],
            [
              25502665.76,
              6676552.715
            ],
            [
              25502665.368,
              6676547.71
            ]
          ]
        ]
      },
      "properties": {
        "confidence": 0.3243,
        "length_m": 5.02,
        "width_m": 2.33,
        "heading_deg": 4.5,
        "aoi": "r4-herttoniemi-n",
        "source_layer": "Ortoilmakuva_2025_5cm",
        "zoom": 16,
        "status": "confirmed",
        "class": "car"
      }
    },
    {
      "type": "Feature",
      "geometry": {
        "type": "Polygon",
        "coordinates": [
          [
            [
              25502586.263,
              6676548.863
            ],
            [
              25502586.058,
              6676551.311
            ],
            [
              25502580.825,
              6676550.872
            ],
            [
              25502581.03,
              6676548.424
            ],
            [
              25502586.263,
              6676548.863
            ]
          ]
        ]
      },
      "properties": {
        "confidence": 0.3167,
        "length_m": 5.25,
        "width_m": 2.46,
        "heading_deg": 85.2,
        "aoi": "r4-herttoniemi-n",
        "source_layer": "Ortoilmakuva_2025_5cm",
        "zoom": 16,
        "status": "confirmed",
        "class": "car"
      }
    },
    {
      "type": "Feature",
      "geometry": {
        "type": "Polygon",
        "coordinates": [
          [
            [
              25502524.703,
              6676519.483
            ],
            [
              25502526.049,
              6676521.654
            ],
            [
              25502521.431,
              6676524.516
            ],
            [
              25502520.085,
              6676522.345
            ],
            [
              25502524.703,
              6676519.483
            ]
          ]
        ]
      },
      "properties": {
        "confidence": 0.2926,
        "length_m": 5.43,
        "width_m": 2.55,
        "heading_deg": 121.8,
        "aoi": "r4-herttoniemi-n",
        "source_layer": "Ortoilmakuva_2025_5cm",
        "zoom": 16,
        "status": "confirmed",
        "class": "car"
      }
    },
    {
      "type": "Feature",
      "geometry": {
        "type": "Polygon",
        "coordinates": [
          [
            [
              25502545.949,
              6676496.32
            ],
            [
              25502548.084,
              6676494.838
            ],
            [
              25502551.825,
              6676500.229
            ],
            [
              25502549.691,
              6676501.711
            ],
            [
              25502545.949,
              6676496.32
            ]
          ]
        ]
      },
      "properties": {
        "confidence": 0.2796,
        "length_m": 6.56,
        "width_m": 2.6,
        "heading_deg": 34.8,
        "aoi": "r4-herttoniemi-n",
        "source_layer": "Ortoilmakuva_2025_5cm",
        "zoom": 16,
        "status": "rejected",
        "class": ""
      }
    },
    {
      "type": "Feature",
      "geometry": {
        "type": "Polygon",
        "coordinates": [
          [
            [
              25502569.665,
              6676543.899
            ],
            [
              25502560.105,
              6676539.607
            ],
            [
              25502558.869,
              6676542.36
            ],
            [
              25502568.43,
              6676546.652
            ],
            [
              25502569.665,
              6676543.899
            ]
          ]
        ]
      },
      "properties": {
        "class": "truck",
        "status": "added",
        "confidence": null,
        "aoi": "r4-herttoniemi-n",
        "source_layer": "Ortoilmakuva_2025_5cm",
        "zoom": 16,
        "length_m": 10.48,
        "width_m": 3.02,
        "heading_deg": 65.8
      }
    },
    {
      "type": "Feature",
      "geometry": {
        "type": "Polygon",
        "coordinates": [
          [
            [
              25502592.659,
              6676404.531
            ],
            [
              25502592.9,
              6676409.873
            ],
            [
              25502594.82,
              6676409.787
            ],
            [
              25502594.578,
              6676404.444
            ],
            [
              25502592.659,
              6676404.531
            ]
          ]
        ]
      },
      "properties": {
        "class": "car",
        "status": "added",
        "confidence": null,
        "aoi": "r4-herttoniemi-n",
        "source_layer": "Ortoilmakuva_2025_5cm",
        "zoom": 16,
        "length_m": 5.35,
        "width_m": 1.92,
        "heading_deg": 2.6
      }
    },
    {
      "type": "Feature",
      "geometry": {
        "type": "Polygon",
        "coordinates": [
          [
            [
              25502409.067,
              6676663.031
            ],
            [
              25502412.977,
              6676669.098
            ],
            [
              25502414.845,
              6676667.895
            ],
            [
              25502410.935,
              6676661.827
            ],
            [
              25502409.067,
              6676663.031
            ]
          ]
        ]
      },
      "properties": {
        "class": "van",
        "status": "added",
        "confidence": null,
        "aoi": "r4-herttoniemi-n",
        "source_layer": "Ortoilmakuva_2025_5cm",
        "zoom": 16,
        "length_m": 7.22,
        "width_m": 2.22,
        "heading_deg": 32.8
      }
    },
    {
      "type": "Feature",
      "geometry": {
        "type": "Polygon",
        "coordinates": [
          [
            [
              25502383.846,
              6676571.245
            ],
            [
              25502380.707,
              6676573.098
            ],
            [
              25502381.582,
              6676574.581
            ],
            [
              25502384.721,
              6676572.728
            ],
            [
              25502383.846,
              6676571.245
            ]
          ]
        ]
      },
      "properties": {
        "class": "car",
        "status": "added",
        "confidence": null,
        "aoi": "r4-herttoniemi-n",
        "source_layer": "Ortoilmakuva_2025_5cm",
        "zoom": 16,
        "length_m": 3.65,
        "width_m": 1.72,
        "heading_deg": 120.6
      }
    }
  ]
}
