{
  "type": "FeatureCollection",
  "crs": {
    "type": "name",
    "properties": {
      "name": "urn:ogc:def:crs:EPSG::3879"
    }
  },
  "features": [
    {
      "type": "Feature",
      "geometry": {
        "type": "Polygon",
        "coordinates": [
          [
            [
              25491532.984,
              6680831.472
            ],
            [
              25491534.596,
              6680833.332
            ],
            [
              25491530.73,
              6680836.682
            ],
            [
              25491529.118,
              6680834.822
            ],
            [
              25491532.984,
              6680831.472
            ]
          ]
        ]
      },
      "properties": {
        "confidence": 0.9478,
        "length_m": 5.12,
        "width_m": 2.46,
        "heading_deg": 130.9,
        "aoi": "r4-konala",
        "source_layer": "Ortoilmakuva_2025_5cm",
        "zoom": 16,
        "status": "confirmed",
        "class": "van"
      }
    },
    {
      "type": "Feature",
      "geometry": {
        "type": "Polygon",
        "coordinates": [
          [
            [
              25491452.84,
              6680758.912
            ],
            [
              25491454.513,
              6680760.271
            ],
            [
              25491451.62,
              6680763.832
            ],
            [
              25491449.947,
              6680762.472
            ],
            [
              25491452.84,
              6680758.912
            ]
          ]
        ]
      },
      "properties": {
        "confidence": 0.9474,
        "length_m": 4.59,
        "width_m": 2.16,
        "heading_deg": 140.9,
        "aoi": "r4-konala",
        "source_layer": "Ortoilmakuva_2025_5cm",
        "zoom": 16,
        "status": "confirmed",
        "class": "car"
      }
    },
    {
      "type": "Feature",
      "geometry": {
        "type": "Polygon",
        "coordinates": [
          [
            [
              25491508.701,
              6680823.208
            ],
            [
              25491510.691,
              6680825.496
            ],
            [
              25491502.934,
              6680832.241
            ],
            [
              25491500.944,
              6680829.953
            ],
            [
              25491508.701,
              6680823.208
            ]
          ]
        ]
      },
      "properties": {
        "confidence": 0.9472,
        "length_m": 10.28,
        "width_m": 3.03,
        "heading_deg": 131,
        "aoi": "r4-konala",
        "source_layer": "Ortoilmakuva_2025_5cm",
        "zoom": 16,
        "status": "confirmed",
        "class": "truck"
      }
    },
    {
      "type": "Feature",
      "geometry": {
        "type": "Polygon",
        "coordinates": [
          [
            [
              25491522.423,
              6680812.752
            ],
            [
              25491523.997,
              6680814.391
            ],
            [
              25491520.41,
              6680817.836
            ],
            [
              25491518.836,
              6680816.197
            ],
            [
              25491522.423,
              6680812.752
            ]
          ]
        ]
      },
      "properties": {
        "confidence": 0.9464,
        "length_m": 4.97,
        "width_m": 2.27,
        "heading_deg": 133.8,
        "aoi": "r4-konala",
        "source_layer": "Ortoilmakuva_2025_5cm",
        "zoom": 16,
        "status": "confirmed",
        "class": "car"
      }
    },
    {
      "type": "Feature",
      "geometry": {
        "type": "Polygon",
        "coordinates": [
          [
            [
              25491695.19,
              6680816.397
            ],
            [
              25491697.026,
              6680817.764
            ],
            [
              25491694.122,
              6680821.666
            ],
            [
              25491692.286,
              6680820.299
            ],
            [
              25491695.19,
              6680816.397
            ]
          ]
        ]
      },
      "properties": {
        "confidence": 0.9433,
        "length_m": 4.86,
        "width_m": 2.29,
        "heading_deg": 143.3,
        "aoi": "r4-konala",
        "source_layer": "Ortoilmakuva_2025_5cm",
        "zoom": 16,
        "status": "confirmed",
        "class": "car"
      }
    },
    {
      "type": "Feature",
      "geometry": {
        "type": "Polygon",
        "coordinates": [
          [
            [
              25491549.974,
              6680759.003
            ],
            [
              25491551.491,
              6680760.439
            ],
            [
              25491548.472,
              6680763.631
            ],
            [
              25491546.954,
              6680762.195
            ],
            [
              25491549.974,
              6680759.003
            ]
          ]
        ]
      },
      "properties": {
        "confidence": 0.9432,
        "length_m": 4.39,
        "width_m": 2.09,
        "heading_deg": 136.6,
        "aoi": "r4-konala",
        "source_layer": "Ortoilmakuva_2025_5cm",
        "zoom": 16,
        "status": "confirmed",
        "class": "car"
      }
    },
    {
      "type": "Feature",
      "geometry": {
        "type": "Polygon",
        "coordinates": [
          [
            [
              25491698.525,
              6680819.952
            ],
            [
              25491700.325,
              6680821.143
            ],
            [
              25491697.981,
              6680824.683
            ],
            [
              25491696.181,
              6680823.491
            ],
            [
              25491698.525,
              6680819.952
            ]
          ]
        ]
      },
      "properties": {
        "confidence": 0.943,
        "length_m": 4.25,
        "width_m": 2.16,
        "heading_deg": 146.5,
        "aoi": "r4-konala",
        "source_layer": "Ortoilmakuva_2025_5cm",
        "zoom": 16,
        "status": "confirmed",
        "class": "car"
      }
    },
    {
      "type": "Feature",
      "geometry": {
        "type": "Polygon",
        "coordinates": [
          [
            [
              25491520.514,
              6680818.002
            ],
            [
              25491522.133,
              6680819.725
            ],
            [
              25491518.284,
              6680823.342
            ],
            [
              25491516.665,
              6680821.62
            ],
            [
              25491520.514,
              6680818.002
            ]
          ]
        ]
      },
      "properties": {
        "confidence": 0.9426,
        "length_m": 5.28,
        "width_m": 2.36,
        "heading_deg": 133.2,
        "aoi": "r4-konala",
        "source_layer": "Ortoilmakuva_2025_5cm",
        "zoom": 16,
        "status": "confirmed",
        "class": "car"
      }
    },
    {
      "type": "Feature",
      "geometry": {
        "type": "Polygon",
        "coordinates": [
          [
            [
              25491553.135,
              6680690.071
            ],
            [
              25491552.972,
              6680692.37
            ],
            [
              25491548.155,
              6680692.028
            ],
            [
              25491548.318,
              6680689.729
            ],
            [
              25491553.135,
              6680690.071
            ]
          ]
        ]
      },
      "properties": {
        "confidence": 0.9414,
        "length_m": 4.83,
        "width_m": 2.3,
        "heading_deg": 85.9,
        "aoi": "r4-konala",
        "source_layer": "Ortoilmakuva_2025_5cm",
        "zoom": 16,
        "status": "confirmed",
        "class": "car"
      }
    },
    {
      "type": "Feature",
      "geometry": {
        "type": "Polygon",
        "coordinates": [
          [
            [
              25491696.625,
              6680676.332
            ],
            [
              25491696.206,
              6680678.623
            ],
            [
              25491691.351,
              6680677.735
            ],
            [
              25491691.77,
              6680675.444
            ],
            [
              25491696.625,
              6680676.332
            ]
          ]
        ]
      },
      "properties": {
        "confidence": 0.9395,
        "length_m": 4.94,
        "width_m": 2.33,
        "heading_deg": 79.6,
        "aoi": "r4-konala",
        "source_layer": "Ortoilmakuva_2025_5cm",
        "zoom": 16,
        "status": "confirmed",
        "class": "car"
      }
    },
    {
      "type": "Feature",
      "geometry": {
        "type": "Polygon",
        "coordinates": [
          [
            [
              25491586.915,
              6680672.492
            ],
            [
              25491586.722,
              6680674.676
            ],
            [
              25491582.137,
              6680674.27
            ],
            [
              25491582.33,
              6680672.086
            ],
            [
              25491586.915,
              6680672.492
            ]
          ]
        ]
      },
      "properties": {
        "confidence": 0.9392,
        "length_m": 4.6,
        "width_m": 2.19,
        "heading_deg": 84.9,
        "aoi": "r4-konala",
        "source_layer": "Ortoilmakuva_2025_5cm",
        "zoom": 16,
        "status": "confirmed",
        "class": "car"
      }
    },
    {
      "type": "Feature",
      "geometry": {
        "type": "Polygon",
        "coordinates": [
          [
            [
              25491529.456,
              6680827.326
            ],
            [
              25491531.15,
              6680829.265
            ],
            [
              25491526.522,
              6680833.309
            ],
            [
              25491524.828,
              6680831.37
            ],
            [
              25491529.456,
              6680827.326
            ]
          ]
        ]
      },
      "properties": {
        "confidence": 0.9391,
        "length_m": 6.15,
        "width_m": 2.57,
        "heading_deg": 131.1,
        "aoi": "r4-konala",
        "source_layer": "Ortoilmakuva_2025_5cm",
        "zoom": 16,
        "status": "confirmed",
        "class": "van"
      }
    },
    {
      "type": "Feature",
      "geometry": {
        "type": "Polygon",
        "coordinates": [
          [
            [
              25491537.428,
              6680827.858
            ],
            [
              25491539.067,
              6680829.669
            ],
            [
              25491535.321,
              6680833.062
            ],
            [
              25491533.681,
              6680831.252
            ],
            [
              25491537.428,
              6680827.858
            ]
          ]
        ]
      },
      "properties": {
        "confidence": 0.9391,
        "length_m": 5.05,
        "width_m": 2.44,
        "heading_deg": 132.2,
        "aoi": "r4-konala",
        "source_layer": "Ortoilmakuva_2025_5cm",
        "zoom": 16,
        "status": "confirmed",
        "class": "car"
      }
    },
    {
      "type": "Feature",
      "geometry": {
        "type": "Polygon",
        "coordinates": [
          [
            [
              25491448.699,
              6680584.686
            ],
            [
              25491450.755,
              6680584.667
            ],
            [
              25491450.794,
              6680588.954
            ],
            [
              25491448.737,
              6680588.973
            ],
            [
              25491448.699,
              6680584.686
            ]
          ]
        ]
      },
      "properties": {
        "confidence": 0.9385,
        "length_m": 4.29,
        "width_m": 2.06,
        "heading_deg": 0.5,
        "aoi": "r4-konala",
        "source_layer": "Ortoilmakuva_2025_5cm",
        "zoom": 16,
        "status": "confirmed",
        "class": "car"
      }
    },
    {
      "type": "Feature",
      "geometry": {
        "type": "Polygon",
        "coordinates": [
          [
            [
              25491607.534,
              6680555.999
            ],
            [
              25491606.853,
              6680558.342
            ],
            [
              25491602.06,
              6680556.95
            ],
            [
              25491602.74,
              6680554.606
            ],
            [
              25491607.534,
              6680555.999
            ]
          ]
        ]
      },
      "properties": {
        "confidence": 0.9384,
        "length_m": 4.99,
        "width_m": 2.44,
        "heading_deg": 73.8,
        "aoi": "r4-konala",
        "source_layer": "Ortoilmakuva_2025_5cm",
        "zoom": 16,
        "status": "confirmed",
        "class": "car"
      }
    },
    {
      "type": "Feature",
      "geometry": {
        "type": "Polygon",
        "coordinates": [
          [
            [
              25491713.426,
              6680815.179
            ],
            [
              25491715.212,
              6680816.481
            ],
            [
              25491712.3,
              6680820.479
            ],
            [
              25491710.513,
              6680819.178
            ],
            [
              25491713.426,
              6680815.179
            ]
          ]
        ]
      },
      "properties": {
        "confidence": 0.9384,
        "length_m": 4.95,
        "width_m": 2.21,
        "heading_deg": 143.9,
        "aoi": "r4-konala",
        "source_layer": "Ortoilmakuva_2025_5cm",
        "zoom": 16,
        "status": "confirmed",
        "class": "car"
      }
    },
    {
      "type": "Feature",
      "geometry": {
        "type": "Polygon",
        "coordinates": [
          [
            [
              25491702.15,
              6680668.679
            ],
            [
              25491701.851,
              6680670.795
            ],
            [
              25491697.36,
              6680670.161
            ],
            [
              25491697.659,
              6680668.045
            ],
            [
              25491702.15,
              6680668.679
            ]
          ]
        ]
      },
      "properties": {
        "confidence": 0.9382,
        "length_m": 4.54,
        "width_m": 2.14,
        "heading_deg": 82,
        "aoi": "r4-konala",
        "source_layer": "Ortoilmakuva_2025_5cm",
        "zoom": 16,
        "status": "confirmed",
        "class": "car"
      }
    },
    {
      "type": "Feature",
      "geometry": {
        "type": "Polygon",
        "coordinates": [
          [
            [
              25491716.952,
              6680679.985
            ],
            [
              25491716.48,
              6680682.424
            ],
            [
              25491710.353,
              6680681.237
            ],
            [
              25491710.825,
              6680678.798
            ],
            [
              25491716.952,
              6680679.985
            ]
          ]
        ]
      },
      "properties": {
        "confidence": 0.9376,
        "length_m": 6.24,
        "width_m": 2.48,
        "heading_deg": 79,
        "aoi": "r4-konala",
        "source_layer": "Ortoilmakuva_2025_5cm",
        "zoom": 16,
        "status": "confirmed",
        "class": "van"
      }
    },
    {
      "type": "Feature",
      "geometry": {
        "type": "Polygon",
        "coordinates": [
          [
            [
              25491597.288,
              6680602.505
            ],
            [
              25491599.531,
              6680602.866
            ],
            [
              25491598.841,
              6680607.156
            ],
            [
              25491596.598,
              6680606.795
            ],
            [
              25491597.288,
              6680602.505
            ]
          ]
        ]
      },
      "properties": {
        "confidence": 0.9376,
        "length_m": 4.35,
        "width_m": 2.27,
        "heading_deg": 170.9,
        "aoi": "r4-konala",
        "source_layer": "Ortoilmakuva_2025_5cm",
        "zoom": 16,
        "status": "confirmed",
        "class": "car"
      }
    },
    {
      "type": "Feature",
      "geometry": {
        "type": "Polygon",
        "coordinates": [
          [
            [
              25491596.703,
              6680698.509
            ],
            [
              25491598.962,
              6680698.726
            ],
            [
              25491598.509,
              6680703.443
            ],
            [
              25491596.25,
              6680703.226
            ],
            [
              25491596.703,
              6680698.509
            ]
          ]
        ]
      },
      "properties": {
        "confidence": 0.9368,
        "length_m": 4.74,
        "width_m": 2.27,
        "heading_deg": 174.5,
        "aoi": "r4-konala",
        "source_layer": "Ortoilmakuva_2025_5cm",
        "zoom": 16,
        "status": "confirmed",
        "class": "car"
      }
    },
    {
      "type": "Feature",
      "geometry": {
        "type": "Polygon",
        "coordinates": [
          [
            [
              25491441.745,
              6680770.319
            ],
            [
              25491443.217,
              6680771.909
            ],
            [
              25491439.893,
              6680774.987
            ],
            [
              25491438.421,
              6680773.397
            ],
            [
              25491441.745,
              6680770.319
            ]
          ]
        ]
      },
      "properties": {
        "confidence": 0.9366,
        "length_m": 4.53,
        "width_m": 2.17,
        "heading_deg": 132.8,
        "aoi": "r4-konala",
        "source_layer": "Ortoilmakuva_2025_5cm",
        "zoom": 16,
        "status": "confirmed",
        "class": "car"
      }
    },
    {
      "type": "Feature",
      "geometry": {
        "type": "Polygon",
        "coordinates": [
          [
            [
              25491532.159,
              6680821.618
            ],
            [
              25491533.855,
              6680823.602
            ],
            [
              25491528.964,
              6680827.784
            ],
            [
              25491527.268,
              6680825.8
            ],
            [
              25491532.159,
              6680821.618
            ]
          ]
        ]
      },
      "properties": {
        "confidence": 0.9357,
        "length_m": 6.44,
        "width_m": 2.61,
        "heading_deg": 130.5,
        "aoi": "r4-konala",
        "source_layer": "Ortoilmakuva_2025_5cm",
        "zoom": 16,
        "status": "confirmed",
        "class": "van"
      }
    },
    {
      "type": "Feature",
      "geometry": {
        "type": "Polygon",
        "coordinates": [
          [
            [
              25491535.189,
              6680825.998
            ],
            [
              25491536.781,
              6680827.836
            ],
            [
              25491533.01,
              6680831.102
            ],
            [
              25491531.418,
              6680829.265
            ],
            [
              25491535.189,
              6680825.998
            ]
          ]
        ]
      },
      "properties": {
        "confidence": 0.9351,
        "length_m": 4.99,
        "width_m": 2.43,
        "heading_deg": 130.9,
        "aoi": "r4-konala",
        "source_layer": "Ortoilmakuva_2025_5cm",
        "zoom": 16,
        "status": "confirmed",
        "class": "car"
      }
    },
    {
      "type": "Feature",
      "geometry": {
        "type": "Polygon",
        "coordinates": [
          [
            [
              25491530.503,
              6680761.682
            ],
            [
              25491532.574,
              6680761.622
            ],
            [
              25491532.691,
              6680765.63
            ],
            [
              25491530.62,
              6680765.69
            ],
            [
              25491530.503,
              6680761.682
            ]
          ]
        ]
      },
      "properties": {
        "confidence": 0.9349,
        "length_m": 4.01,
        "width_m": 2.07,
        "heading_deg": 1.7,
        "aoi": "r4-konala",
        "source_layer": "Ortoilmakuva_2025_5cm",
        "zoom": 16,
        "status": "confirmed",
        "class": "car"
      }
    },
    {
      "type": "Feature",
      "geometry": {
        "type": "Polygon",
        "coordinates": [
          [
            [
              25491569.895,
              6680690.808
            ],
            [
              25491572.085,
              6680691.008
            ],
            [
              25491571.65,
              6680695.76
            ],
            [
              25491569.46,
              6680695.56
            ],
            [
              25491569.895,
              6680690.808
            ]
          ]
        ]
      },
      "properties": {
        "confidence": 0.9348,
        "length_m": 4.77,
        "width_m": 2.2,
        "heading_deg": 174.8,
        "aoi": "r4-konala",
        "source_layer": "Ortoilmakuva_2025_5cm",
        "zoom": 16,
        "status": "confirmed",
        "class": "car"
      }
    },
    {
      "type": "Feature",
      "geometry": {
        "type": "Polygon",
        "coordinates": [
          [
            [
              25491447.724,
              6680764.593
            ],
            [
              25491449.348,
              6680766.18
            ],
            [
              25491445.772,
              6680769.838
            ],
            [
              25491444.148,
              6680768.251
            ],
            [
              25491447.724,
              6680764.593
            ]
          ]
        ]
      },
      "properties": {
        "confidence": 0.9348,
        "length_m": 5.12,
        "width_m": 2.27,
        "heading_deg": 135.6,
        "aoi": "r4-konala",
        "source_layer": "Ortoilmakuva_2025_5cm",
        "zoom": 16,
        "status": "confirmed",
        "class": "car"
      }
    },
    {
      "type": "Feature",
      "geometry": {
        "type": "Polygon",
        "coordinates": [
          [
            [
              25491499.838,
              6680821.548
            ],
            [
              25491501.627,
              6680823.233
            ],
            [
              25491497.543,
              6680827.572
            ],
            [
              25491495.754,
              6680825.887
            ],
            [
              25491499.838,
              6680821.548
            ]
          ]
        ]
      },
      "properties": {
        "confidence": 0.9347,
        "length_m": 5.96,
        "width_m": 2.46,
        "heading_deg": 136.7,
        "aoi": "r4-konala",
        "source_layer": "Ortoilmakuva_2025_5cm",
        "zoom": 16,
        "status": "confirmed",
        "class": "van"
      }
    },
    {
      "type": "Feature",
      "geometry": {
        "type": "Polygon",
        "coordinates": [
          [
            [
              25491617.812,
              6680569.662
            ],
            [
              25491617.388,
              6680571.888
            ],
            [
              25491612.407,
              6680570.938
            ],
            [
              25491612.831,
              6680568.713
            ],
            [
              25491617.812,
              6680569.662
            ]
          ]
        ]
      },
      "properties": {
        "confidence": 0.9346,
        "length_m": 5.07,
        "width_m": 2.27,
        "heading_deg": 79.2,
        "aoi": "r4-konala",
        "source_layer": "Ortoilmakuva_2025_5cm",
        "zoom": 16,
        "status": "confirmed",
        "class": "car"
      }
    },
    {
      "type": "Feature",
      "geometry": {
        "type": "Polygon",
        "coordinates": [
          [
            [
              25491586.984,
              6680729.336
            ],
            [
              25491589.109,
              6680729.589
            ],
            [
              25491588.548,
              6680734.297
            ],
            [
              25491586.423,
              6680734.043
            ],
            [
              25491586.984,
              6680729.336
            ]
          ]
        ]
      },
      "properties": {
        "confidence": 0.9343,
        "length_m": 4.74,
        "width_m": 2.14,
        "heading_deg": 173.2,
        "aoi": "r4-konala",
        "source_layer": "Ortoilmakuva_2025_5cm",
        "zoom": 16,
        "status": "confirmed",
        "class": "car"
      }
    },
    {
      "type": "Feature",
      "geometry": {
        "type": "Polygon",
        "coordinates": [
          [
            [
              25491480.465,
              6680594.112
            ],
            [
              25491480.554,
              6680596.473
            ],
            [
              25491475.644,
              6680596.658
            ],
            [
              25491475.555,
              6680594.297
            ],
            [
              25491480.465,
              6680594.112
            ]
          ]
        ]
      },
      "properties": {
        "confidence": 0.934,
        "length_m": 4.91,
        "width_m": 2.36,
        "heading_deg": 92.2,
        "aoi": "r4-konala",
        "source_layer": "Ortoilmakuva_2025_5cm",
        "zoom": 16,
        "status": "confirmed",
        "class": "car"
      }
    },
    {
      "type": "Feature",
      "geometry": {
        "type": "Polygon",
        "coordinates": [
          [
            [
              25491593.266,
              6680680.821
            ],
            [
              25491595.57,
              6680681.148
            ],
            [
              25491594.864,
              6680686.122
            ],
            [
              25491592.56,
              6680685.795
            ],
            [
              25491593.266,
              6680680.821
            ]
          ]
        ]
      },
      "properties": {
        "confidence": 0.9338,
        "length_m": 5.02,
        "width_m": 2.33,
        "heading_deg": 171.9,
        "aoi": "r4-konala",
        "source_layer": "Ortoilmakuva_2025_5cm",
        "zoom": 16,
        "status": "confirmed",
        "class": "car"
      }
    },
    {
      "type": "Feature",
      "geometry": {
        "type": "Polygon",
        "coordinates": [
          [
            [
              25491581.376,
              6680733.944
            ],
            [
              25491583.541,
              6680734.244
            ],
            [
              25491582.943,
              6680738.554
            ],
            [
              25491580.778,
              6680738.254
            ],
            [
              25491581.376,
              6680733.944
            ]
          ]
        ]
      },
      "properties": {
        "confidence": 0.9338,
        "length_m": 4.35,
        "width_m": 2.19,
        "heading_deg": 172.1,
        "aoi": "r4-konala",
        "source_layer": "Ortoilmakuva_2025_5cm",
        "zoom": 16,
        "status": "confirmed",
        "class": "car"
      }
    },
    {
      "type": "Feature",
      "geometry": {
        "type": "Polygon",
        "coordinates": [
          [
            [
              25491544.346,
              6680764.202
            ],
            [
              25491545.983,
              6680765.762
            ],
            [
              25491542.684,
              6680769.222
            ],
            [
              25491541.048,
              6680767.662
            ],
            [
              25491544.346,
              6680764.202
            ]
          ]
        ]
      },
      "properties": {
        "confidence": 0.9331,
        "length_m": 4.78,
        "width_m": 2.26,
        "heading_deg": 136.4,
        "aoi": "r4-konala",
        "source_layer": "Ortoilmakuva_2025_5cm",
        "zoom": 16,
        "status": "confirmed",
        "class": "car"
      }
    },
    {
      "type": "Feature",
      "geometry": {
        "type": "Polygon",
        "coordinates": [
          [
            [
              25491569.139,
              6680733.566
            ],
            [
              25491571.312,
              6680733.919
            ],
            [
              25491570.543,
              6680738.655
            ],
            [
              25491568.37,
              6680738.302
            ],
            [
              25491569.139,
              6680733.566
            ]
          ]
        ]
      },
      "properties": {
        "confidence": 0.9329,
        "length_m": 4.8,
        "width_m": 2.2,
        "heading_deg": 170.8,
        "aoi": "r4-konala",
        "source_layer": "Ortoilmakuva_2025_5cm",
        "zoom": 16,
        "status": "confirmed",
        "class": "car"
      }
    },
    {
      "type": "Feature",
      "geometry": {
        "type": "Polygon",
        "coordinates": [
          [
            [
              25491586.751,
              6680697.058
            ],
            [
              25491588.985,
              6680697.307
            ],
            [
              25491588.43,
              6680702.306
            ],
            [
              25491586.195,
              6680702.058
            ],
            [
              25491586.751,
              6680697.058
            ]
          ]
        ]
      },
      "properties": {
        "confidence": 0.9326,
        "length_m": 5.03,
        "width_m": 2.25,
        "heading_deg": 173.7,
        "aoi": "r4-konala",
        "source_layer": "Ortoilmakuva_2025_5cm",
        "zoom": 16,
        "status": "confirmed",
        "class": "car"
      }
    },
    {
      "type": "Feature",
      "geometry": {
        "type": "Polygon",
        "coordinates": [
          [
            [
              25491448.487,
              6680543.787
            ],
            [
              25491450.718,
              6680543.852
            ],
            [
              25491450.583,
              6680548.481
            ],
            [
              25491448.351,
              6680548.416
            ],
            [
              25491448.487,
              6680543.787
            ]
          ]
        ]
      },
      "properties": {
        "confidence": 0.9324,
        "length_m": 4.63,
        "width_m": 2.23,
        "heading_deg": 178.3,
        "aoi": "r4-konala",
        "source_layer": "Ortoilmakuva_2025_5cm",
        "zoom": 16,
        "status": "confirmed",
        "class": "car"
      }
    },
    {
      "type": "Feature",
      "geometry": {
        "type": "Polygon",
        "coordinates": [
          [
            [
              25491580.432,
              6680716.437
            ],
            [
              25491582.575,
              6680716.615
            ],
            [
              25491582.208,
              6680721.035
            ],
            [
              25491580.065,
              6680720.857
            ],
            [
              25491580.432,
              6680716.437
            ]
          ]
        ]
      },
      "properties": {
        "confidence": 0.9323,
        "length_m": 4.44,
        "width_m": 2.15,
        "heading_deg": 175.3,
        "aoi": "r4-konala",
        "source_layer": "Ortoilmakuva_2025_5cm",
        "zoom": 16,
        "status": "confirmed",
        "class": "car"
      }
    },
    {
      "type": "Feature",
      "geometry": {
        "type": "Polygon",
        "coordinates": [
          [
            [
              25491574.356,
              6680708.321
            ],
            [
              25491576.585,
              6680708.602
            ],
            [
              25491575.964,
              6680713.535
            ],
            [
              25491573.735,
              6680713.255
            ],
            [
              25491574.356,
              6680708.321
            ]
          ]
        ]
      },
      "properties": {
        "confidence": 0.9322,
        "length_m": 4.97,
        "width_m": 2.25,
        "heading_deg": 172.8,
        "aoi": "r4-konala",
        "source_layer": "Ortoilmakuva_2025_5cm",
        "zoom": 16,
        "status": "confirmed",
        "class": "car"
      }
    },
    {
      "type": "Feature",
      "geometry": {
        "type": "Polygon",
        "coordinates": [
          [
            [
              25491732.991,
              6680698.558
            ],
            [
              25491732.866,
              6680700.621
            ],
            [
              25491728.553,
              6680700.36
            ],
            [
              25491728.677,
              6680698.297
            ],
            [
              25491732.991,
              6680698.558
            ]
          ]
        ]
      },
      "properties": {
        "confidence": 0.9322,
        "length_m": 4.32,
        "width_m": 2.07,
        "heading_deg": 86.5,
        "aoi": "r4-konala",
        "source_layer": "Ortoilmakuva_2025_5cm",
        "zoom": 16,
        "status": "confirmed",
        "class": "car"
      }
    },
    {
      "type": "Feature",
      "geometry": {
        "type": "Polygon",
        "coordinates": [
          [
            [
              25491536.792,
              6680658.695
            ],
            [
              25491536.668,
              6680660.964
            ],
            [
              25491531.701,
              6680660.692
            ],
            [
              25491531.825,
              6680658.423
            ],
            [
              25491536.792,
              6680658.695
            ]
          ]
        ]
      },
      "properties": {
        "confidence": 0.9322,
        "length_m": 4.97,
        "width_m": 2.27,
        "heading_deg": 86.9,
        "aoi": "r4-konala",
        "source_layer": "Ortoilmakuva_2025_5cm",
        "zoom": 16,
        "status": "confirmed",
        "class": "car"
      }
    },
    {
      "type": "Feature",
      "geometry": {
        "type": "Polygon",
        "coordinates": [
          [
            [
              25491514.738,
              6680829.35
            ],
            [
              25491516.407,
              6680831.143
            ],
            [
              25491512.566,
              6680834.718
            ],
            [
              25491510.897,
              6680832.925
            ],
            [
              25491514.738,
              6680829.35
            ]
          ]
        ]
      },
      "properties": {
        "confidence": 0.9319,
        "length_m": 5.25,
        "width_m": 2.45,
        "heading_deg": 132.9,
        "aoi": "r4-konala",
        "source_layer": "Ortoilmakuva_2025_5cm",
        "zoom": 16,
        "status": "confirmed",
        "class": "car"
      }
    },
    {
      "type": "Feature",
      "geometry": {
        "type": "Polygon",
        "coordinates": [
          [
            [
              25491597.327,
              6680729.555
            ],
            [
              25491599.591,
              6680729.982
            ],
            [
              25491598.724,
              6680734.576
            ],
            [
              25491596.46,
              6680734.148
            ],
            [
              25491597.327,
              6680729.555
            ]
          ]
        ]
      },
      "properties": {
        "confidence": 0.9317,
        "length_m": 4.68,
        "width_m": 2.3,
        "heading_deg": 169.3,
        "aoi": "r4-konala",
        "source_layer": "Ortoilmakuva_2025_5cm",
        "zoom": 16,
        "status": "confirmed",
        "class": "car"
      }
    },
    {
      "type": "Feature",
      "geometry": {
        "type": "Polygon",
        "coordinates": [
          [
            [
              25491448.508,
              6680568.666
            ],
            [
              25491450.612,
              6680568.6
            ],
            [
              25491450.746,
              6680572.88
            ],
            [
              25491448.642,
              6680572.946
            ],
            [
              25491448.508,
              6680568.666
            ]
          ]
        ]
      },
      "properties": {
        "confidence": 0.9315,
        "length_m": 4.28,
        "width_m": 2.11,
        "heading_deg": 1.8,
        "aoi": "r4-konala",
        "source_layer": "Ortoilmakuva_2025_5cm",
        "zoom": 16,
        "status": "confirmed",
        "class": "car"
      }
    },
    {
      "type": "Feature",
      "geometry": {
        "type": "Polygon",
        "coordinates": [
          [
            [
              25491567.158,
              6680690.995
            ],
            [
              25491569.486,
              6680691.283
            ],
            [
              25491568.945,
              6680695.659
            ],
            [
              25491566.617,
              6680695.371
            ],
            [
              25491567.158,
              6680690.995
            ]
          ]
        ]
      },
      "properties": {
        "confidence": 0.9311,
        "length_m": 4.41,
        "width_m": 2.35,
        "heading_deg": 173,
        "aoi": "r4-konala",
        "source_layer": "Ortoilmakuva_2025_5cm",
        "zoom": 16,
        "status": "confirmed",
        "class": "car"
      }
    },
    {
      "type": "Feature",
      "geometry": {
        "type": "Polygon",
        "coordinates": [
          [
            [
              25491592.783,
              6680710.143
            ],
            [
              25491595.122,
              6680710.423
            ],
            [
              25491594.509,
              6680715.558
            ],
            [
              25491592.17,
              6680715.278
            ],
            [
              25491592.783,
              6680710.143
            ]
          ]
        ]
      },
      "properties": {
        "confidence": 0.9311,
        "length_m": 5.17,
        "width_m": 2.36,
        "heading_deg": 173.2,
        "aoi": "r4-konala",
        "source_layer": "Ortoilmakuva_2025_5cm",
        "zoom": 16,
        "status": "confirmed",
        "class": "car"
      }
    },
    {
      "type": "Feature",
      "geometry": {
        "type": "Polygon",
        "coordinates": [
          [
            [
              25491524.146,
              6680814.878
            ],
            [
              25491525.64,
              6680816.399
            ],
            [
              25491522.551,
              6680819.436
            ],
            [
              25491521.056,
              6680817.916
            ],
            [
              25491524.146,
              6680814.878
            ]
          ]
        ]
      },
      "properties": {
        "confidence": 0.9303,
        "length_m": 4.33,
        "width_m": 2.13,
        "heading_deg": 134.5,
        "aoi": "r4-konala",
        "source_layer": "Ortoilmakuva_2025_5cm",
        "zoom": 16,
        "status": "confirmed",
        "class": "car"
      }
    },
    {
      "type": "Feature",
      "geometry": {
        "type": "Polygon",
        "coordinates": [
          [
            [
              25491466.567,
              6680604.152
            ],
            [
              25491466.602,
              6680606.484
            ],
            [
              25491461.052,
              6680606.568
            ],
            [
              25491461.017,
              6680604.236
            ],
            [
              25491466.567,
              6680604.152
            ]
          ]
        ]
      },
      "properties": {
        "confidence": 0.9301,
        "length_m": 5.55,
        "width_m": 2.33,
        "heading_deg": 90.9,
        "aoi": "r4-konala",
        "source_layer": "Ortoilmakuva_2025_5cm",
        "zoom": 16,
        "status": "confirmed",
        "class": "van"
      }
    },
    {
      "type": "Feature",
      "geometry": {
        "type": "Polygon",
        "coordinates": [
          [
            [
              25491615.593,
              6680712.663
            ],
            [
              25491617.706,
              6680712.975
            ],
            [
              25491617.102,
              6680717.076
            ],
            [
              25491614.989,
              6680716.765
            ],
            [
              25491615.593,
              6680712.663
            ]
          ]
        ]
      },
      "properties": {
        "confidence": 0.9301,
        "length_m": 4.15,
        "width_m": 2.14,
        "heading_deg": 171.6,
        "aoi": "r4-konala",
        "source_layer": "Ortoilmakuva_2025_5cm",
        "zoom": 16,
        "status": "confirmed",
        "class": "car"
      }
    },
    {
      "type": "Feature",
      "geometry": {
        "type": "Polygon",
        "coordinates": [
          [
            [
              25491705.257,
              6680808.593
            ],
            [
              25491707.173,
              6680809.846
            ],
            [
              25491704.264,
              6680814.294
            ],
            [
              25491702.348,
              6680813.04
            ],
            [
              25491705.257,
              6680808.593
            ]
          ]
        ]
      },
      "properties": {
        "confidence": 0.9301,
        "length_m": 5.31,
        "width_m": 2.29,
        "heading_deg": 146.8,
        "aoi": "r4-konala",
        "source_layer": "Ortoilmakuva_2025_5cm",
        "zoom": 16,
        "status": "confirmed",
        "class": "van"
      }
    },
    {
      "type": "Feature",
      "geometry": {
        "type": "Polygon",
        "coordinates": [
          [
            [
              25491553.672,
              6680756.003
            ],
            [
              25491555.161,
              6680757.505
            ],
            [
              25491552.105,
              6680760.534
            ],
            [
              25491550.616,
              6680759.032
            ],
            [
              25491553.672,
              6680756.003
            ]
          ]
        ]
      },
      "properties": {
        "confidence": 0.93,
        "length_m": 4.3,
        "width_m": 2.11,
        "heading_deg": 134.7,
        "aoi": "r4-konala",
        "source_layer": "Ortoilmakuva_2025_5cm",
        "zoom": 16,
        "status": "confirmed",
        "class": "car"
      }
    },
    {
      "type": "Feature",
      "geometry": {
        "type": "Polygon",
        "coordinates": [
          [
            [
              25491527.348,
              6680818.865
            ],
            [
              25491528.895,
              6680820.527
            ],
            [
              25491525.345,
              6680823.832
            ],
            [
              25491523.798,
              6680822.17
            ],
            [
              25491527.348,
              6680818.865
            ]
          ]
        ]
      },
      "properties": {
        "confidence": 0.9299,
        "length_m": 4.85,
        "width_m": 2.27,
        "heading_deg": 133,
        "aoi": "r4-konala",
        "source_layer": "Ortoilmakuva_2025_5cm",
        "zoom": 16,
        "status": "confirmed",
        "class": "car"
      }
    },
    {
      "type": "Feature",
      "geometry": {
        "type": "Polygon",
        "coordinates": [
          [
            [
              25491434.459,
              6680558.203
            ],
            [
              25491434.37,
              6680553.838
            ],
            [
              25491432.241,
              6680553.881
            ],
            [
              25491432.329,
              6680558.246
            ],
            [
              25491434.459,
              6680558.203
            ]
          ]
        ]
      },
      "properties": {
        "confidence": 0.9293,
        "length_m": 4.37,
        "width_m": 2.13,
        "heading_deg": 1.2,
        "aoi": "r4-konala",
        "source_layer": "Ortoilmakuva_2025_5cm",
        "zoom": 16,
        "status": "confirmed",
        "class": "car"
      }
    },
    {
      "type": "Feature",
      "geometry": {
        "type": "Polygon",
        "coordinates": [
          [
            [
              25491592.297,
              6680692.986
            ],
            [
              25491594.577,
              6680693.299
            ],
            [
              25491593.869,
              6680698.455
            ],
            [
              25491591.59,
              6680698.142
            ],
            [
              25491592.297,
              6680692.986
            ]
          ]
        ]
      },
      "properties": {
        "confidence": 0.9293,
        "length_m": 5.2,
        "width_m": 2.3,
        "heading_deg": 172.2,
        "aoi": "r4-konala",
        "source_layer": "Ortoilmakuva_2025_5cm",
        "zoom": 16,
        "status": "confirmed",
        "class": "car"
      }
    },
    {
      "type": "Feature",
      "geometry": {
        "type": "Polygon",
        "coordinates": [
          [
            [
              25491611.217,
              6680700.14
            ],
            [
              25491613.316,
              6680700.424
            ],
            [
              25491612.654,
              6680705.302
            ],
            [
              25491610.555,
              6680705.017
            ],
            [
              25491611.217,
              6680700.14
            ]
          ]
        ]
      },
      "properties": {
        "confidence": 0.9293,
        "length_m": 4.92,
        "width_m": 2.12,
        "heading_deg": 172.3,
        "aoi": "r4-konala",
        "source_layer": "Ortoilmakuva_2025_5cm",
        "zoom": 16,
        "status": "confirmed",
        "class": "car"
      }
    },
    {
      "type": "Feature",
      "geometry": {
        "type": "Polygon",
        "coordinates": [
          [
            [
              25491478.716,
              6680610.488
            ],
            [
              25491480.965,
              6680610.65
            ],
            [
              25491480.61,
              6680615.586
            ],
            [
              25491478.361,
              6680615.425
            ],
            [
              25491478.716,
              6680610.488
            ]
          ]
        ]
      },
      "properties": {
        "confidence": 0.9287,
        "length_m": 4.95,
        "width_m": 2.25,
        "heading_deg": 175.9,
        "aoi": "r4-konala",
        "source_layer": "Ortoilmakuva_2025_5cm",
        "zoom": 16,
        "status": "confirmed",
        "class": "car"
      }
    },
    {
      "type": "Feature",
      "geometry": {
        "type": "Polygon",
        "coordinates": [
          [
            [
              25491691.448,
              6680813.008
            ],
            [
              25491693.327,
              6680814.435
            ],
            [
              25491690.245,
              6680818.493
            ],
            [
              25491688.366,
              6680817.066
            ],
            [
              25491691.448,
              6680813.008
            ]
          ]
        ]
      },
      "properties": {
        "confidence": 0.9286,
        "length_m": 5.1,
        "width_m": 2.36,
        "heading_deg": 142.8,
        "aoi": "r4-konala",
        "source_layer": "Ortoilmakuva_2025_5cm",
        "zoom": 16,
        "status": "confirmed",
        "class": "car"
      }
    },
    {
      "type": "Feature",
      "geometry": {
        "type": "Polygon",
        "coordinates": [
          [
            [
              25491709.716,
              6680811.873
            ],
            [
              25491711.515,
              6680813.171
            ],
            [
              25491708.491,
              6680817.364
            ],
            [
              25491706.691,
              6680816.067
            ],
            [
              25491709.716,
              6680811.873
            ]
          ]
        ]
      },
      "properties": {
        "confidence": 0.928,
        "length_m": 5.17,
        "width_m": 2.22,
        "heading_deg": 144.2,
        "aoi": "r4-konala",
        "source_layer": "Ortoilmakuva_2025_5cm",
        "zoom": 16,
        "status": "confirmed",
        "class": "car"
      }
    },
    {
      "type": "Feature",
      "geometry": {
        "type": "Polygon",
        "coordinates": [
          [
            [
              25491733.166,
              6680706.726
            ],
            [
              25491732.755,
              6680708.953
            ],
            [
              25491728.356,
              6680708.142
            ],
            [
              25491728.767,
              6680705.915
            ],
            [
              25491733.166,
              6680706.726
            ]
          ]
        ]
      },
      "properties": {
        "confidence": 0.9279,
        "length_m": 4.47,
        "width_m": 2.26,
        "heading_deg": 79.6,
        "aoi": "r4-konala",
        "source_layer": "Ortoilmakuva_2025_5cm",
        "zoom": 16,
        "status": "confirmed",
        "class": "car"
      }
    },
    {
      "type": "Feature",
      "geometry": {
        "type": "Polygon",
        "coordinates": [
          [
            [
              25491702.73,
              6680677.359
            ],
            [
              25491702.436,
              6680679.586
            ],
            [
              25491697.797,
              6680678.974
            ],
            [
              25491698.091,
              6680676.747
            ],
            [
              25491702.73,
              6680677.359
            ]
          ]
        ]
      },
      "properties": {
        "confidence": 0.9278,
        "length_m": 4.68,
        "width_m": 2.25,
        "heading_deg": 82.5,
        "aoi": "r4-konala",
        "source_layer": "Ortoilmakuva_2025_5cm",
        "zoom": 16,
        "status": "confirmed",
        "class": "car"
      }
    },
    {
      "type": "Feature",
      "geometry": {
        "type": "Polygon",
        "coordinates": [
          [
            [
              25491574.619,
              6680696.972
            ],
            [
              25491576.925,
              6680697.186
            ],
            [
              25491576.46,
              6680702.189
            ],
            [
              25491574.155,
              6680701.975
            ],
            [
              25491574.619,
              6680696.972
            ]
          ]
        ]
      },
      "properties": {
        "confidence": 0.9277,
        "length_m": 5.02,
        "width_m": 2.32,
        "heading_deg": 174.7,
        "aoi": "r4-konala",
        "source_layer": "Ortoilmakuva_2025_5cm",
        "zoom": 16,
        "status": "confirmed",
        "class": "car"
      }
    },
    {
      "type": "Feature",
      "geometry": {
        "type": "Polygon",
        "coordinates": [
          [
            [
              25491612.523,
              6680712.119
            ],
            [
              25491614.692,
              6680712.328
            ],
            [
              25491614.252,
              6680716.917
            ],
            [
              25491612.082,
              6680716.709
            ],
            [
              25491612.523,
              6680712.119
            ]
          ]
        ]
      },
      "properties": {
        "confidence": 0.9276,
        "length_m": 4.61,
        "width_m": 2.18,
        "heading_deg": 174.5,
        "aoi": "r4-konala",
        "source_layer": "Ortoilmakuva_2025_5cm",
        "zoom": 16,
        "status": "confirmed",
        "class": "car"
      }
    },
    {
      "type": "Feature",
      "geometry": {
        "type": "Polygon",
        "coordinates": [
          [
            [
              25491579.603,
              6680728.058
            ],
            [
              25491581.752,
              6680728.305
            ],
            [
              25491581.225,
              6680732.882
            ],
            [
              25491579.076,
              6680732.634
            ],
            [
              25491579.603,
              6680728.058
            ]
          ]
        ]
      },
      "properties": {
        "confidence": 0.9275,
        "length_m": 4.61,
        "width_m": 2.16,
        "heading_deg": 173.4,
        "aoi": "r4-konala",
        "source_layer": "Ortoilmakuva_2025_5cm",
        "zoom": 16,
        "status": "confirmed",
        "class": "car"
      }
    },
    {
      "type": "Feature",
      "geometry": {
        "type": "Polygon",
        "coordinates": [
          [
            [
              25491582.914,
              6680709.175
            ],
            [
              25491585.254,
              6680709.336
            ],
            [
              25491584.913,
              6680714.272
            ],
            [
              25491582.574,
              6680714.11
            ],
            [
              25491582.914,
              6680709.175
            ]
          ]
        ]
      },
      "properties": {
        "confidence": 0.927,
        "length_m": 4.95,
        "width_m": 2.35,
        "heading_deg": 176,
        "aoi": "r4-konala",
        "source_layer": "Ortoilmakuva_2025_5cm",
        "zoom": 16,
        "status": "confirmed",
        "class": "car"
      }
    },
    {
      "type": "Feature",
      "geometry": {
        "type": "Polygon",
        "coordinates": [
          [
            [
              25491481.775,
              6680656.111
            ],
            [
              25491483.822,
              6680656.564
            ],
            [
              25491482.454,
              6680662.747
            ],
            [
              25491480.407,
              6680662.294
            ],
            [
              25491481.775,
              6680656.111
            ]
          ]
        ]
      },
      "properties": {
        "confidence": 0.9269,
        "length_m": 6.33,
        "width_m": 2.1,
        "heading_deg": 167.5,
        "aoi": "r4-konala",
        "source_layer": "Ortoilmakuva_2025_5cm",
        "zoom": 16,
        "status": "rejected",
        "class": ""
      }
    },
    {
      "type": "Feature",
      "geometry": {
        "type": "Polygon",
        "coordinates": [
          [
            [
              25491732.924,
              6680714.453
            ],
            [
              25491732.575,
              6680716.591
            ],
            [
              25491727.858,
              6680715.821
            ],
            [
              25491728.207,
              6680713.683
            ],
            [
              25491732.924,
              6680714.453
            ]
          ]
        ]
      },
      "properties": {
        "confidence": 0.9268,
        "length_m": 4.78,
        "width_m": 2.17,
        "heading_deg": 80.7,
        "aoi": "r4-konala",
        "source_layer": "Ortoilmakuva_2025_5cm",
        "zoom": 16,
        "status": "confirmed",
        "class": "car"
      }
    },
    {
      "type": "Feature",
      "geometry": {
        "type": "Polygon",
        "coordinates": [
          [
            [
              25491579.947,
              6680814.027
            ],
            [
              25491578.674,
              6680815.722
            ],
            [
              25491575.268,
              6680813.165
            ],
            [
              25491576.54,
              6680811.47
            ],
            [
              25491579.947,
              6680814.027
            ]
          ]
        ]
      },
      "properties": {
        "confidence": 0.9265,
        "length_m": 4.26,
        "width_m": 2.12,
        "heading_deg": 53.1,
        "aoi": "r4-konala",
        "source_layer": "Ortoilmakuva_2025_5cm",
        "zoom": 16,
        "status": "confirmed",
        "class": "car"
      }
    },
    {
      "type": "Feature",
      "geometry": {
        "type": "Polygon",
        "coordinates": [
          [
            [
              25491551.735,
              6680744.571
            ],
            [
              25491553.874,
              6680744.637
            ],
            [
              25491553.722,
              6680749.573
            ],
            [
              25491551.583,
              6680749.507
            ],
            [
              25491551.735,
              6680744.571
            ]
          ]
        ]
      },
      "properties": {
        "confidence": 0.9261,
        "length_m": 4.94,
        "width_m": 2.14,
        "heading_deg": 178.2,
        "aoi": "r4-konala",
        "source_layer": "Ortoilmakuva_2025_5cm",
        "zoom": 16,
        "status": "confirmed",
        "class": "car"
      }
    },
    {
      "type": "Feature",
      "geometry": {
        "type": "Polygon",
        "coordinates": [
          [
            [
              25491448.402,
              6680563.201
            ],
            [
              25491450.483,
              6680563.127
            ],
            [
              25491450.628,
              6680567.194
            ],
            [
              25491448.546,
              6680567.268
            ],
            [
              25491448.402,
              6680563.201
            ]
          ]
        ]
      },
      "properties": {
        "confidence": 0.926,
        "length_m": 4.07,
        "width_m": 2.08,
        "heading_deg": 2,
        "aoi": "r4-konala",
        "source_layer": "Ortoilmakuva_2025_5cm",
        "zoom": 16,
        "status": "confirmed",
        "class": "car"
      }
    },
    {
      "type": "Feature",
      "geometry": {
        "type": "Polygon",
        "coordinates": [
          [
            [
              25491572.024,
              6680696.438
            ],
            [
              25491574.288,
              6680696.711
            ],
            [
              25491573.702,
              6680701.567
            ],
            [
              25491571.438,
              6680701.294
            ],
            [
              25491572.024,
              6680696.438
            ]
          ]
        ]
      },
      "properties": {
        "confidence": 0.9258,
        "length_m": 4.89,
        "width_m": 2.28,
        "heading_deg": 173.1,
        "aoi": "r4-konala",
        "source_layer": "Ortoilmakuva_2025_5cm",
        "zoom": 16,
        "status": "confirmed",
        "class": "car"
      }
    },
    {
      "type": "Feature",
      "geometry": {
        "type": "Polygon",
        "coordinates": [
          [
            [
              25491689.909,
              6680675.475
            ],
            [
              25491689.585,
              6680677.598
            ],
            [
              25491684.693,
              6680676.851
            ],
            [
              25491685.017,
              6680674.728
            ],
            [
              25491689.909,
              6680675.475
            ]
          ]
        ]
      },
      "properties": {
        "confidence": 0.9257,
        "length_m": 4.95,
        "width_m": 2.15,
        "heading_deg": 81.3,
        "aoi": "r4-konala",
        "source_layer": "Ortoilmakuva_2025_5cm",
        "zoom": 16,
        "status": "confirmed",
        "class": "car"
      }
    },
    {
      "type": "Feature",
      "geometry": {
        "type": "Polygon",
        "coordinates": [
          [
            [
              25491594.28,
              6680729.218
            ],
            [
              25491596.448,
              6680729.399
            ],
            [
              25491596.044,
              6680734.218
            ],
            [
              25491593.876,
              6680734.036
            ],
            [
              25491594.28,
              6680729.218
            ]
          ]
        ]
      },
      "properties": {
        "confidence": 0.9249,
        "length_m": 4.84,
        "width_m": 2.18,
        "heading_deg": 175.2,
        "aoi": "r4-konala",
        "source_layer": "Ortoilmakuva_2025_5cm",
        "zoom": 16,
        "status": "confirmed",
        "class": "car"
      }
    },
    {
      "type": "Feature",
      "geometry": {
        "type": "Polygon",
        "coordinates": [
          [
            [
              25491525.709,
              6680816.422
            ],
            [
              25491527.406,
              6680817.945
            ],
            [
              25491524.299,
              6680821.405
            ],
            [
              25491522.603,
              6680819.882
            ],
            [
              25491525.709,
              6680816.422
            ]
          ]
        ]
      },
      "properties": {
        "confidence": 0.9248,
        "length_m": 4.65,
        "width_m": 2.28,
        "heading_deg": 138.1,
        "aoi": "r4-konala",
        "source_layer": "Ortoilmakuva_2025_5cm",
        "zoom": 16,
        "status": "confirmed",
        "class": "car"
      }
    },
    {
      "type": "Feature",
      "geometry": {
        "type": "Polygon",
        "coordinates": [
          [
            [
              25491571.866,
              6680733.433
            ],
            [
              25491573.934,
              6680733.705
            ],
            [
              25491573.412,
              6680737.673
            ],
            [
              25491571.344,
              6680737.4
            ],
            [
              25491571.866,
              6680733.433
            ]
          ]
        ]
      },
      "properties": {
        "confidence": 0.9248,
        "length_m": 4,
        "width_m": 2.09,
        "heading_deg": 172.5,
        "aoi": "r4-konala",
        "source_layer": "Ortoilmakuva_2025_5cm",
        "zoom": 16,
        "status": "confirmed",
        "class": "car"
      }
    },
    {
      "type": "Feature",
      "geometry": {
        "type": "Polygon",
        "coordinates": [
          [
            [
              25491589.524,
              6680729.078
            ],
            [
              25491591.896,
              6680729.294
            ],
            [
              25491591.445,
              6680734.224
            ],
            [
              25491589.074,
              6680734.008
            ],
            [
              25491589.524,
              6680729.078
            ]
          ]
        ]
      },
      "properties": {
        "confidence": 0.9248,
        "length_m": 4.95,
        "width_m": 2.38,
        "heading_deg": 174.8,
        "aoi": "r4-konala",
        "source_layer": "Ortoilmakuva_2025_5cm",
        "zoom": 16,
        "status": "confirmed",
        "class": "car"
      }
    },
    {
      "type": "Feature",
      "geometry": {
        "type": "Polygon",
        "coordinates": [
          [
            [
              25491569.358,
              6680727.853
            ],
            [
              25491571.52,
              6680728.021
            ],
            [
              25491571.156,
              6680732.684
            ],
            [
              25491568.994,
              6680732.516
            ],
            [
              25491569.358,
              6680727.853
            ]
          ]
        ]
      },
      "properties": {
        "confidence": 0.9248,
        "length_m": 4.68,
        "width_m": 2.17,
        "heading_deg": 175.5,
        "aoi": "r4-konala",
        "source_layer": "Ortoilmakuva_2025_5cm",
        "zoom": 16,
        "status": "confirmed",
        "class": "car"
      }
    },
    {
      "type": "Feature",
      "geometry": {
        "type": "Polygon",
        "coordinates": [
          [
            [
              25491439.238,
              6680551.244
            ],
            [
              25491441.469,
              6680551.24
            ],
            [
              25491441.479,
              6680556.437
            ],
            [
              25491439.248,
              6680556.441
            ],
            [
              25491439.238,
              6680551.244
            ]
          ]
        ]
      },
      "properties": {
        "confidence": 0.9248,
        "length_m": 5.2,
        "width_m": 2.23,
        "heading_deg": 0.1,
        "aoi": "r4-konala",
        "source_layer": "Ortoilmakuva_2025_5cm",
        "zoom": 16,
        "status": "confirmed",
        "class": "van"
      }
    },
    {
      "type": "Feature",
      "geometry": {
        "type": "Polygon",
        "coordinates": [
          [
            [
              25491448.798,
              6680574
            ],
            [
              25491450.965,
              6680574.006
            ],
            [
              25491450.954,
              6680578.473
            ],
            [
              25491448.787,
              6680578.467
            ],
            [
              25491448.798,
              6680574
            ]
          ]
        ]
      },
      "properties": {
        "confidence": 0.9244,
        "length_m": 4.47,
        "width_m": 2.17,
        "heading_deg": 179.9,
        "aoi": "r4-konala",
        "source_layer": "Ortoilmakuva_2025_5cm",
        "zoom": 16,
        "status": "confirmed",
        "class": "car"
      }
    },
    {
      "type": "Feature",
      "geometry": {
        "type": "Polygon",
        "coordinates": [
          [
            [
              25491584.76,
              6680692.143
            ],
            [
              25491586.962,
              6680692.365
            ],
            [
              25491586.48,
              6680697.16
            ],
            [
              25491584.277,
              6680696.938
            ],
            [
              25491584.76,
              6680692.143
            ]
          ]
        ]
      },
      "properties": {
        "confidence": 0.9243,
        "length_m": 4.82,
        "width_m": 2.21,
        "heading_deg": 174.3,
        "aoi": "r4-konala",
        "source_layer": "Ortoilmakuva_2025_5cm",
        "zoom": 16,
        "status": "confirmed",
        "class": "car"
      }
    },
    {
      "type": "Feature",
      "geometry": {
        "type": "Polygon",
        "coordinates": [
          [
            [
              25491573.488,
              6680679.242
            ],
            [
              25491575.579,
              6680679.496
            ],
            [
              25491575.09,
              6680683.526
            ],
            [
              25491572.998,
              6680683.272
            ],
            [
              25491573.488,
              6680679.242
            ]
          ]
        ]
      },
      "properties": {
        "confidence": 0.9241,
        "length_m": 4.06,
        "width_m": 2.11,
        "heading_deg": 173.1,
        "aoi": "r4-konala",
        "source_layer": "Ortoilmakuva_2025_5cm",
        "zoom": 16,
        "status": "confirmed",
        "class": "car"
      }
    },
    {
      "type": "Feature",
      "geometry": {
        "type": "Polygon",
        "coordinates": [
          [
            [
              25491722.8,
              6680770.405
            ],
            [
              25491724.252,
              6680772.022
            ],
            [
              25491720.838,
              6680775.09
            ],
            [
              25491719.385,
              6680773.473
            ],
            [
              25491722.8,
              6680770.405
            ]
          ]
        ]
      },
      "properties": {
        "confidence": 0.9241,
        "length_m": 4.59,
        "width_m": 2.17,
        "heading_deg": 131.9,
        "aoi": "r4-konala",
        "source_layer": "Ortoilmakuva_2025_5cm",
        "zoom": 16,
        "status": "confirmed",
        "class": "car"
      }
    },
    {
      "type": "Feature",
      "geometry": {
        "type": "Polygon",
        "coordinates": [
          [
            [
              25491678.092,
              6680629.608
            ],
            [
              25491677.525,
              6680631.887
            ],
            [
              25491672.75,
              6680630.699
            ],
            [
              25491673.317,
              6680628.42
            ],
            [
              25491678.092,
              6680629.608
            ]
          ]
        ]
      },
      "properties": {
        "confidence": 0.9239,
        "length_m": 4.92,
        "width_m": 2.35,
        "heading_deg": 76,
        "aoi": "r4-konala",
        "source_layer": "Ortoilmakuva_2025_5cm",
        "zoom": 16,
        "status": "confirmed",
        "class": "car"
      }
    },
    {
      "type": "Feature",
      "geometry": {
        "type": "Polygon",
        "coordinates": [
          [
            [
              25491551.812,
              6680692.708
            ],
            [
              25491551.792,
              6680694.721
            ],
            [
              25491547.584,
              6680694.68
            ],
            [
              25491547.604,
              6680692.667
            ],
            [
              25491551.812,
              6680692.708
            ]
          ]
        ]
      },
      "properties": {
        "confidence": 0.9239,
        "length_m": 4.21,
        "width_m": 2.01,
        "heading_deg": 89.4,
        "aoi": "r4-konala",
        "source_layer": "Ortoilmakuva_2025_5cm",
        "zoom": 16,
        "status": "confirmed",
        "class": "car"
      }
    },
    {
      "type": "Feature",
      "geometry": {
        "type": "Polygon",
        "coordinates": [
          [
            [
              25491581.133,
              6680544.197
            ],
            [
              25491582.567,
              6680545.647
            ],
            [
              25491579.446,
              6680548.733
            ],
            [
              25491578.012,
              6680547.282
            ],
            [
              25491581.133,
              6680544.197
            ]
          ]
        ]
      },
      "properties": {
        "confidence": 0.9237,
        "length_m": 4.39,
        "width_m": 2.04,
        "heading_deg": 134.7,
        "aoi": "r4-konala",
        "source_layer": "Ortoilmakuva_2025_5cm",
        "zoom": 16,
        "status": "confirmed",
        "class": "car"
      }
    },
    {
      "type": "Feature",
      "geometry": {
        "type": "Polygon",
        "coordinates": [
          [
            [
              25491733.961,
              6680695.429
            ],
            [
              25491729.481,
              6680694.699
            ],
            [
              25491729.191,
              6680696.473
            ],
            [
              25491733.671,
              6680697.204
            ],
            [
              25491733.961,
              6680695.429
            ]
          ]
        ]
      },
      "properties": {
        "confidence": 0.9232,
        "length_m": 4.54,
        "width_m": 1.8,
        "heading_deg": 80.7,
        "aoi": "r4-konala",
        "source_layer": "Ortoilmakuva_2025_5cm",
        "zoom": 16,
        "status": "confirmed",
        "class": "car"
      }
    },
    {
      "type": "Feature",
      "geometry": {
        "type": "Polygon",
        "coordinates": [
          [
            [
              25491735.965,
              6680683.437
            ],
            [
              25491735.601,
              6680685.374
            ],
            [
              25491731.596,
              6680684.622
            ],
            [
              25491731.96,
              6680682.685
            ],
            [
              25491735.965,
              6680683.437
            ]
          ]
        ]
      },
      "properties": {
        "confidence": 0.9231,
        "length_m": 4.07,
        "width_m": 1.97,
        "heading_deg": 79.4,
        "aoi": "r4-konala",
        "source_layer": "Ortoilmakuva_2025_5cm",
        "zoom": 16,
        "status": "confirmed",
        "class": "car"
      }
    },
    {
      "type": "Feature",
      "geometry": {
        "type": "Polygon",
        "coordinates": [
          [
            [
              25491572.968,
              6680715.556
            ],
            [
              25491575.136,
              6680715.842
            ],
            [
              25491574.493,
              6680720.702
            ],
            [
              25491572.325,
              6680720.415
            ],
            [
              25491572.968,
              6680715.556
            ]
          ]
        ]
      },
      "properties": {
        "confidence": 0.9222,
        "length_m": 4.9,
        "width_m": 2.19,
        "heading_deg": 172.5,
        "aoi": "r4-konala",
        "source_layer": "Ortoilmakuva_2025_5cm",
        "zoom": 16,
        "status": "confirmed",
        "class": "car"
      }
    },
    {
      "type": "Feature",
      "geometry": {
        "type": "Polygon",
        "coordinates": [
          [
            [
              25491525.31,
              6680823.731
            ],
            [
              25491527.043,
              6680825.292
            ],
            [
              25491523.781,
              6680828.912
            ],
            [
              25491522.048,
              6680827.351
            ],
            [
              25491525.31,
              6680823.731
            ]
          ]
        ]
      },
      "properties": {
        "confidence": 0.9206,
        "length_m": 4.87,
        "width_m": 2.33,
        "heading_deg": 138,
        "aoi": "r4-konala",
        "source_layer": "Ortoilmakuva_2025_5cm",
        "zoom": 16,
        "status": "confirmed",
        "class": "car"
      }
    },
    {
      "type": "Feature",
      "geometry": {
        "type": "Polygon",
        "coordinates": [
          [
            [
              25491725.35,
              6680681.142
            ],
            [
              25491724.979,
              6680683.659
            ],
            [
              25491718.425,
              6680682.691
            ],
            [
              25491718.797,
              6680680.175
            ],
            [
              25491725.35,
              6680681.142
            ]
          ]
        ]
      },
      "properties": {
        "confidence": 0.92,
        "length_m": 6.63,
        "width_m": 2.54,
        "heading_deg": 81.6,
        "aoi": "r4-konala",
        "source_layer": "Ortoilmakuva_2025_5cm",
        "zoom": 16,
        "status": "confirmed",
        "class": "van"
      }
    },
    {
      "type": "Feature",
      "geometry": {
        "type": "Polygon",
        "coordinates": [
          [
            [
              25491607.493,
              6680711.174
            ],
            [
              25491609.645,
              6680711.503
            ],
            [
              25491608.869,
              6680716.58
            ],
            [
              25491606.717,
              6680716.251
            ],
            [
              25491607.493,
              6680711.174
            ]
          ]
        ]
      },
      "properties": {
        "confidence": 0.9195,
        "length_m": 5.14,
        "width_m": 2.18,
        "heading_deg": 171.3,
        "aoi": "r4-konala",
        "source_layer": "Ortoilmakuva_2025_5cm",
        "zoom": 16,
        "status": "confirmed",
        "class": "car"
      }
    },
    {
      "type": "Feature",
      "geometry": {
        "type": "Polygon",
        "coordinates": [
          [
            [
              25491448.385,
              6680557.624
            ],
            [
              25491450.636,
              6680557.58
            ],
            [
              25491450.73,
              6680562.444
            ],
            [
              25491448.479,
              6680562.488
            ],
            [
              25491448.385,
              6680557.624
            ]
          ]
        ]
      },
      "properties": {
        "confidence": 0.919,
        "length_m": 4.86,
        "width_m": 2.25,
        "heading_deg": 1.1,
        "aoi": "r4-konala",
        "source_layer": "Ortoilmakuva_2025_5cm",
        "zoom": 16,
        "status": "confirmed",
        "class": "car"
      }
    },
    {
      "type": "Feature",
      "geometry": {
        "type": "Polygon",
        "coordinates": [
          [
            [
              25491578.33,
              6680815.963
            ],
            [
              25491576.974,
              6680817.654
            ],
            [
              25491573.519,
              6680814.884
            ],
            [
              25491574.875,
              6680813.193
            ],
            [
              25491578.33,
              6680815.963
            ]
          ]
        ]
      },
      "properties": {
        "confidence": 0.9185,
        "length_m": 4.43,
        "width_m": 2.17,
        "heading_deg": 51.3,
        "aoi": "r4-konala",
        "source_layer": "Ortoilmakuva_2025_5cm",
        "zoom": 16,
        "status": "confirmed",
        "class": "car"
      }
    },
    {
      "type": "Feature",
      "geometry": {
        "type": "Polygon",
        "coordinates": [
          [
            [
              25491698.786,
              6680564.538
            ],
            [
              25491698.207,
              6680566.561
            ],
            [
              25491693.978,
              6680565.352
            ],
            [
              25491694.556,
              6680563.329
            ],
            [
              25491698.786,
              6680564.538
            ]
          ]
        ]
      },
      "properties": {
        "confidence": 0.9181,
        "length_m": 4.4,
        "width_m": 2.1,
        "heading_deg": 74,
        "aoi": "r4-konala",
        "source_layer": "Ortoilmakuva_2025_5cm",
        "zoom": 16,
        "status": "confirmed",
        "class": "car"
      }
    },
    {
      "type": "Feature",
      "geometry": {
        "type": "Polygon",
        "coordinates": [
          [
            [
              25491735.082,
              6680743.167
            ],
            [
              25491731.269,
              6680740.125
            ],
            [
              25491729.986,
              6680741.732
            ],
            [
              25491733.8,
              6680744.775
            ],
            [
              25491735.082,
              6680743.167
            ]
          ]
        ]
      },
      "properties": {
        "confidence": 0.918,
        "length_m": 4.88,
        "width_m": 2.06,
        "heading_deg": 51.4,
        "aoi": "r4-konala",
        "source_layer": "Ortoilmakuva_2025_5cm",
        "zoom": 16,
        "status": "confirmed",
        "class": "car"
      }
    },
    {
      "type": "Feature",
      "geometry": {
        "type": "Polygon",
        "coordinates": [
          [
            [
              25491517.157,
              6680832.699
            ],
            [
              25491518.651,
              6680834.295
            ],
            [
              25491515.264,
              6680837.467
            ],
            [
              25491513.769,
              6680835.871
            ],
            [
              25491517.157,
              6680832.699
            ]
          ]
        ]
      },
      "properties": {
        "confidence": 0.9179,
        "length_m": 4.64,
        "width_m": 2.19,
        "heading_deg": 133.1,
        "aoi": "r4-konala",
        "source_layer": "Ortoilmakuva_2025_5cm",
        "zoom": 16,
        "status": "confirmed",
        "class": "car"
      }
    },
    {
      "type": "Feature",
      "geometry": {
        "type": "Polygon",
        "coordinates": [
          [
            [
              25491463.008,
              6680748.038
            ],
            [
              25491464.783,
              6680749.475
            ],
            [
              25491461.567,
              6680753.447
            ],
            [
              25491459.792,
              6680752.01
            ],
            [
              25491463.008,
              6680748.038
            ]
          ]
        ]
      },
      "properties": {
        "confidence": 0.9161,
        "length_m": 5.11,
        "width_m": 2.28,
        "heading_deg": 141,
        "aoi": "r4-konala",
        "source_layer": "Ortoilmakuva_2025_5cm",
        "zoom": 16,
        "status": "confirmed",
        "class": "car"
      }
    },
    {
      "type": "Feature",
      "geometry": {
        "type": "Polygon",
        "coordinates": [
          [
            [
              25491546.849,
              6680809.258
            ],
            [
              25491544.108,
              6680805.988
            ],
            [
              25491542.551,
              6680807.293
            ],
            [
              25491545.292,
              6680810.563
            ],
            [
              25491546.849,
              6680809.258
            ]
          ]
        ]
      },
      "properties": {
        "confidence": 0.9159,
        "length_m": 4.27,
        "width_m": 2.03,
        "heading_deg": 40,
        "aoi": "r4-konala",
        "source_layer": "Ortoilmakuva_2025_5cm",
        "zoom": 16,
        "status": "confirmed",
        "class": "car"
      }
    },
    {
      "type": "Feature",
      "geometry": {
        "type": "Polygon",
        "coordinates": [
          [
            [
              25491582.126,
              6680691.968
            ],
            [
              25491584.248,
              6680692.165
            ],
            [
              25491583.858,
              6680696.381
            ],
            [
              25491581.736,
              6680696.184
            ],
            [
              25491582.126,
              6680691.968
            ]
          ]
        ]
      },
      "properties": {
        "confidence": 0.9158,
        "length_m": 4.23,
        "width_m": 2.13,
        "heading_deg": 174.7,
        "aoi": "r4-konala",
        "source_layer": "Ortoilmakuva_2025_5cm",
        "zoom": 16,
        "status": "confirmed",
        "class": "car"
      }
    },
    {
      "type": "Feature",
      "geometry": {
        "type": "Polygon",
        "coordinates": [
          [
            [
              25491616.448,
              6680775.492
            ],
            [
              25491618.353,
              6680776.94
            ],
            [
              25491614.965,
              6680781.397
            ],
            [
              25491613.06,
              6680779.949
            ],
            [
              25491616.448,
              6680775.492
            ]
          ]
        ]
      },
      "properties": {
        "confidence": 0.9157,
        "length_m": 5.6,
        "width_m": 2.39,
        "heading_deg": 142.8,
        "aoi": "r4-konala",
        "source_layer": "Ortoilmakuva_2025_5cm",
        "zoom": 16,
        "status": "confirmed",
        "class": "van"
      }
    },
    {
      "type": "Feature",
      "geometry": {
        "type": "Polygon",
        "coordinates": [
          [
            [
              25491700.862,
              6680559.65
            ],
            [
              25491700.235,
              6680561.828
            ],
            [
              25491695.575,
              6680560.486
            ],
            [
              25491696.203,
              6680558.308
            ],
            [
              25491700.862,
              6680559.65
            ]
          ]
        ]
      },
      "properties": {
        "confidence": 0.9153,
        "length_m": 4.85,
        "width_m": 2.27,
        "heading_deg": 73.9,
        "aoi": "r4-konala",
        "source_layer": "Ortoilmakuva_2025_5cm",
        "zoom": 16,
        "status": "confirmed",
        "class": "car"
      }
    },
    {
      "type": "Feature",
      "geometry": {
        "type": "Polygon",
        "coordinates": [
          [
            [
              25491732.69,
              6680843.457
            ],
            [
              25491735.829,
              6680839.593
            ],
            [
              25491734.016,
              6680838.12
            ],
            [
              25491730.877,
              6680841.985
            ],
            [
              25491732.69,
              6680843.457
            ]
          ]
        ]
      },
      "properties": {
        "confidence": 0.9134,
        "length_m": 4.98,
        "width_m": 2.34,
        "heading_deg": 140.9,
        "aoi": "r4-konala",
        "source_layer": "Ortoilmakuva_2025_5cm",
        "zoom": 16,
        "status": "confirmed",
        "class": "car"
      }
    },
    {
      "type": "Feature",
      "geometry": {
        "type": "Polygon",
        "coordinates": [
          [
            [
              25491737.033,
              6680741.327
            ],
            [
              25491735.561,
              6680743.151
            ],
            [
              25491731.498,
              6680739.875
            ],
            [
              25491732.97,
              6680738.05
            ],
            [
              25491737.033,
              6680741.327
            ]
          ]
        ]
      },
      "properties": {
        "confidence": 0.9127,
        "length_m": 5.22,
        "width_m": 2.34,
        "heading_deg": 51.1,
        "aoi": "r4-konala",
        "source_layer": "Ortoilmakuva_2025_5cm",
        "zoom": 16,
        "status": "confirmed",
        "class": "car"
      }
    },
    {
      "type": "Feature",
      "geometry": {
        "type": "Polygon",
        "coordinates": [
          [
            [
              25491716.819,
              6680672.223
            ],
            [
              25491716.15,
              6680674.761
            ],
            [
              25491710.236,
              6680673.201
            ],
            [
              25491710.905,
              6680670.664
            ],
            [
              25491716.819,
              6680672.223
            ]
          ]
        ]
      },
      "properties": {
        "confidence": 0.9113,
        "length_m": 6.12,
        "width_m": 2.62,
        "heading_deg": 75.2,
        "aoi": "r4-konala",
        "source_layer": "Ortoilmakuva_2025_5cm",
        "zoom": 16,
        "status": "confirmed",
        "class": "van"
      }
    },
    {
      "type": "Feature",
      "geometry": {
        "type": "Polygon",
        "coordinates": [
          [
            [
              25491539.921,
              6680768.491
            ],
            [
              25491541.555,
              6680770.176
            ],
            [
              25491537.957,
              6680773.666
            ],
            [
              25491536.322,
              6680771.982
            ],
            [
              25491539.921,
              6680768.491
            ]
          ]
        ]
      },
      "properties": {
        "confidence": 0.9105,
        "length_m": 5.01,
        "width_m": 2.35,
        "heading_deg": 134.1,
        "aoi": "r4-konala",
        "source_layer": "Ortoilmakuva_2025_5cm",
        "zoom": 16,
        "status": "confirmed",
        "class": "car"
      }
    },
    {
      "type": "Feature",
      "geometry": {
        "type": "Polygon",
        "coordinates": [
          [
            [
              25491596.829,
              6680772.497
            ],
            [
              25491600.141,
              6680775.567
            ],
            [
              25491598.7,
              6680777.121
            ],
            [
              25491595.388,
              6680774.051
            ],
            [
              25491596.829,
              6680772.497
            ]
          ]
        ]
      },
      "properties": {
        "confidence": 0.9096,
        "length_m": 4.52,
        "width_m": 2.12,
        "heading_deg": 47.2,
        "aoi": "r4-konala",
        "source_layer": "Ortoilmakuva_2025_5cm",
        "zoom": 16,
        "status": "confirmed",
        "class": "car"
      }
    },
    {
      "type": "Feature",
      "geometry": {
        "type": "Polygon",
        "coordinates": [
          [
            [
              25491630.313,
              6680666.857
            ],
            [
              25491630.117,
              6680668.946
            ],
            [
              25491625.645,
              6680668.526
            ],
            [
              25491625.841,
              6680666.438
            ],
            [
              25491630.313,
              6680666.857
            ]
          ]
        ]
      },
      "properties": {
        "confidence": 0.9095,
        "length_m": 4.49,
        "width_m": 2.1,
        "heading_deg": 84.6,
        "aoi": "r4-konala",
        "source_layer": "Ortoilmakuva_2025_5cm",
        "zoom": 16,
        "status": "confirmed",
        "class": "car"
      }
    },
    {
      "type": "Feature",
      "geometry": {
        "type": "Polygon",
        "coordinates": [
          [
            [
              25491583.447,
              6680679.877
            ],
            [
              25491585.719,
              6680680.278
            ],
            [
              25491584.783,
              6680685.579
            ],
            [
              25491582.511,
              6680685.177
            ],
            [
              25491583.447,
              6680679.877
            ]
          ]
        ]
      },
      "properties": {
        "confidence": 0.9094,
        "length_m": 5.38,
        "width_m": 2.31,
        "heading_deg": 170,
        "aoi": "r4-konala",
        "source_layer": "Ortoilmakuva_2025_5cm",
        "zoom": 16,
        "status": "confirmed",
        "class": "car"
      }
    },
    {
      "type": "Feature",
      "geometry": {
        "type": "Polygon",
        "coordinates": [
          [
            [
              25491576.096,
              6680662.404
            ],
            [
              25491575.763,
              6680664.594
            ],
            [
              25491570.966,
              6680663.865
            ],
            [
              25491571.299,
              6680661.675
            ],
            [
              25491576.096,
              6680662.404
            ]
          ]
        ]
      },
      "properties": {
        "confidence": 0.9094,
        "length_m": 4.85,
        "width_m": 2.22,
        "heading_deg": 81.4,
        "aoi": "r4-konala",
        "source_layer": "Ortoilmakuva_2025_5cm",
        "zoom": 16,
        "status": "confirmed",
        "class": "car"
      }
    },
    {
      "type": "Feature",
      "geometry": {
        "type": "Polygon",
        "coordinates": [
          [
            [
              25491580.589,
              6680837.32
            ],
            [
              25491582.557,
              6680836.1
            ],
            [
              25491585.101,
              6680840.202
            ],
            [
              25491583.133,
              6680841.422
            ],
            [
              25491580.589,
              6680837.32
            ]
          ]
        ]
      },
      "properties": {
        "confidence": 0.9076,
        "length_m": 4.83,
        "width_m": 2.32,
        "heading_deg": 31.8,
        "aoi": "r4-konala",
        "source_layer": "Ortoilmakuva_2025_5cm",
        "zoom": 16,
        "status": "confirmed",
        "class": "car"
      }
    },
    {
      "type": "Feature",
      "geometry": {
        "type": "Polygon",
        "coordinates": [
          [
            [
              25491670.425,
              6680544.78
            ],
            [
              25491669.558,
              6680546.765
            ],
            [
              25491665.577,
              6680545.025
            ],
            [
              25491666.444,
              6680543.041
            ],
            [
              25491670.425,
              6680544.78
            ]
          ]
        ]
      },
      "properties": {
        "confidence": 0.9071,
        "length_m": 4.34,
        "width_m": 2.17,
        "heading_deg": 66.4,
        "aoi": "r4-konala",
        "source_layer": "Ortoilmakuva_2025_5cm",
        "zoom": 16,
        "status": "confirmed",
        "class": "car"
      }
    },
    {
      "type": "Feature",
      "geometry": {
        "type": "Polygon",
        "coordinates": [
          [
            [
              25491536.514,
              6680797.107
            ],
            [
              25491540.013,
              6680800.9
            ],
            [
              25491538.338,
              6680802.446
            ],
            [
              25491534.838,
              6680798.653
            ],
            [
              25491536.514,
              6680797.107
            ]
          ]
        ]
      },
      "properties": {
        "confidence": 0.907,
        "length_m": 5.16,
        "width_m": 2.28,
        "heading_deg": 42.7,
        "aoi": "r4-konala",
        "source_layer": "Ortoilmakuva_2025_5cm",
        "zoom": 16,
        "status": "confirmed",
        "class": "car"
      }
    },
    {
      "type": "Feature",
      "geometry": {
        "type": "Polygon",
        "coordinates": [
          [
            [
              25491509.311,
              6680756.812
            ],
            [
              25491506.365,
              6680753.663
            ],
            [
              25491505.011,
              6680754.931
            ],
            [
              25491507.957,
              6680758.08
            ],
            [
              25491509.311,
              6680756.812
            ]
          ]
        ]
      },
      "properties": {
        "confidence": 0.9062,
        "length_m": 4.31,
        "width_m": 1.86,
        "heading_deg": 43.1,
        "aoi": "r4-konala",
        "source_layer": "Ortoilmakuva_2025_5cm",
        "zoom": 16,
        "status": "confirmed",
        "class": "car"
      }
    },
    {
      "type": "Feature",
      "geometry": {
        "type": "Polygon",
        "coordinates": [
          [
            [
              25491587.3,
              6680829.241
            ],
            [
              25491583.839,
              6680826.094
            ],
            [
              25491582.41,
              6680827.665
            ],
            [
              25491585.87,
              6680830.812
            ],
            [
              25491587.3,
              6680829.241
            ]
          ]
        ]
      },
      "properties": {
        "confidence": 0.905,
        "length_m": 4.68,
        "width_m": 2.12,
        "heading_deg": 47.7,
        "aoi": "r4-konala",
        "source_layer": "Ortoilmakuva_2025_5cm",
        "zoom": 16,
        "status": "confirmed",
        "class": "car"
      }
    },
    {
      "type": "Feature",
      "geometry": {
        "type": "Polygon",
        "coordinates": [
          [
            [
              25491543.001,
              6680804.509
            ],
            [
              25491539.759,
              6680801.37
            ],
            [
              25491538.422,
              6680802.75
            ],
            [
              25491541.665,
              6680805.89
            ],
            [
              25491543.001,
              6680804.509
            ]
          ]
        ]
      },
      "properties": {
        "confidence": 0.905,
        "length_m": 4.51,
        "width_m": 1.92,
        "heading_deg": 45.9,
        "aoi": "r4-konala",
        "source_layer": "Ortoilmakuva_2025_5cm",
        "zoom": 16,
        "status": "confirmed",
        "class": "car"
      }
    },
    {
      "type": "Feature",
      "geometry": {
        "type": "Polygon",
        "coordinates": [
          [
            [
              25491681.1,
              6680795.424
            ],
            [
              25491680.466,
              6680789.205
            ],
            [
              25491677.686,
              6680789.489
            ],
            [
              25491678.32,
              6680795.708
            ],
            [
              25491681.1,
              6680795.424
            ]
          ]
        ]
      },
      "properties": {
        "confidence": 0.9039,
        "length_m": 6.25,
        "width_m": 2.79,
        "heading_deg": 5.8,
        "aoi": "r4-konala",
        "source_layer": "Ortoilmakuva_2025_5cm",
        "zoom": 16,
        "status": "confirmed",
        "class": "car"
      }
    },
    {
      "type": "Feature",
      "geometry": {
        "type": "Polygon",
        "coordinates": [
          [
            [
              25491437.612,
              6680714.788
            ],
            [
              25491438.801,
              6680715.955
            ],
            [
              25491435.139,
              6680719.685
            ],
            [
              25491433.95,
              6680718.518
            ],
            [
              25491437.612,
              6680714.788
            ]
          ]
        ]
      },
      "properties": {
        "confidence": 0.9031,
        "length_m": 5.23,
        "width_m": 1.67,
        "heading_deg": 135.5,
        "aoi": "r4-konala",
        "source_layer": "Ortoilmakuva_2025_5cm",
        "zoom": 16,
        "status": "rejected",
        "class": ""
      }
    },
    {
      "type": "Feature",
      "geometry": {
        "type": "Polygon",
        "coordinates": [
          [
            [
              25491560.88,
              6680833.709
            ],
            [
              25491562.848,
              6680832.831
            ],
            [
              25491564.631,
              6680836.825
            ],
            [
              25491562.663,
              6680837.703
            ],
            [
              25491560.88,
              6680833.709
            ]
          ]
        ]
      },
      "properties": {
        "confidence": 0.9029,
        "length_m": 4.37,
        "width_m": 2.15,
        "heading_deg": 24.1,
        "aoi": "r4-konala",
        "source_layer": "Ortoilmakuva_2025_5cm",
        "zoom": 16,
        "status": "confirmed",
        "class": "car"
      }
    },
    {
      "type": "Feature",
      "geometry": {
        "type": "Polygon",
        "coordinates": [
          [
            [
              25491595.424,
              6680802.982
            ],
            [
              25491597.386,
              6680804.423
            ],
            [
              25491594.207,
              6680808.751
            ],
            [
              25491592.245,
              6680807.31
            ],
            [
              25491595.424,
              6680802.982
            ]
          ]
        ]
      },
      "properties": {
        "confidence": 0.9029,
        "length_m": 5.37,
        "width_m": 2.43,
        "heading_deg": 143.7,
        "aoi": "r4-konala",
        "source_layer": "Ortoilmakuva_2025_5cm",
        "zoom": 16,
        "status": "confirmed",
        "class": "car"
      }
    },
    {
      "type": "Feature",
      "geometry": {
        "type": "Polygon",
        "coordinates": [
          [
            [
              25491598.289,
              6680824.374
            ],
            [
              25491596.756,
              6680826.118
            ],
            [
              25491592.857,
              6680822.69
            ],
            [
              25491594.389,
              6680820.946
            ],
            [
              25491598.289,
              6680824.374
            ]
          ]
        ]
      },
      "properties": {
        "confidence": 0.9015,
        "length_m": 5.19,
        "width_m": 2.32,
        "heading_deg": 48.7,
        "aoi": "r4-konala",
        "source_layer": "Ortoilmakuva_2025_5cm",
        "zoom": 16,
        "status": "confirmed",
        "class": "car"
      }
    },
    {
      "type": "Feature",
      "geometry": {
        "type": "Polygon",
        "coordinates": [
          [
            [
              25491596.608,
              6680779.378
            ],
            [
              25491592.007,
              6680776.41
            ],
            [
              25491590.83,
              6680778.235
            ],
            [
              25491595.431,
              6680781.203
            ],
            [
              25491596.608,
              6680779.378
            ]
          ]
        ]
      },
      "properties": {
        "confidence": 0.9011,
        "length_m": 5.47,
        "width_m": 2.17,
        "heading_deg": 57.2,
        "aoi": "r4-konala",
        "source_layer": "Ortoilmakuva_2025_5cm",
        "zoom": 16,
        "status": "confirmed",
        "class": "van"
      }
    },
    {
      "type": "Feature",
      "geometry": {
        "type": "Polygon",
        "coordinates": [
          [
            [
              25491535.55,
              6680719.36
            ],
            [
              25491535.546,
              6680721.452
            ],
            [
              25491531.158,
              6680721.444
            ],
            [
              25491531.162,
              6680719.352
            ],
            [
              25491535.55,
              6680719.36
            ]
          ]
        ]
      },
      "properties": {
        "confidence": 0.9001,
        "length_m": 4.39,
        "width_m": 2.09,
        "heading_deg": 89.9,
        "aoi": "r4-konala",
        "source_layer": "Ortoilmakuva_2025_5cm",
        "zoom": 16,
        "status": "confirmed",
        "class": "car"
      }
    },
    {
      "type": "Feature",
      "geometry": {
        "type": "Polygon",
        "coordinates": [
          [
            [
              25491589.1,
              6680734.398
            ],
            [
              25491591.417,
              6680734.564
            ],
            [
              25491591.08,
              6680739.276
            ],
            [
              25491588.764,
              6680739.111
            ],
            [
              25491589.1,
              6680734.398
            ]
          ]
        ]
      },
      "properties": {
        "confidence": 0.8999,
        "length_m": 4.72,
        "width_m": 2.32,
        "heading_deg": 175.9,
        "aoi": "r4-konala",
        "source_layer": "Ortoilmakuva_2025_5cm",
        "zoom": 16,
        "status": "confirmed",
        "class": "car"
      }
    },
    {
      "type": "Feature",
      "geometry": {
        "type": "Polygon",
        "coordinates": [
          [
            [
              25491586.63,
              6680831.846
            ],
            [
              25491590.288,
              6680835.511
            ],
            [
              25491588.57,
              6680837.226
            ],
            [
              25491584.912,
              6680833.561
            ],
            [
              25491586.63,
              6680831.846
            ]
          ]
        ]
      },
      "properties": {
        "confidence": 0.8997,
        "length_m": 5.18,
        "width_m": 2.43,
        "heading_deg": 44.9,
        "aoi": "r4-konala",
        "source_layer": "Ortoilmakuva_2025_5cm",
        "zoom": 16,
        "status": "confirmed",
        "class": "car"
      }
    },
    {
      "type": "Feature",
      "geometry": {
        "type": "Polygon",
        "coordinates": [
          [
            [
              25491707.819,
              6680809.994
            ],
            [
              25491709.856,
              6680811.459
            ],
            [
              25491706.526,
              6680816.093
            ],
            [
              25491704.489,
              6680814.628
            ],
            [
              25491707.819,
              6680809.994
            ]
          ]
        ]
      },
      "properties": {
        "confidence": 0.8996,
        "length_m": 5.71,
        "width_m": 2.51,
        "heading_deg": 144.3,
        "aoi": "r4-konala",
        "source_layer": "Ortoilmakuva_2025_5cm",
        "zoom": 16,
        "status": "confirmed",
        "class": "van"
      }
    },
    {
      "type": "Feature",
      "geometry": {
        "type": "Polygon",
        "coordinates": [
          [
            [
              25491513.485,
              6680772.516
            ],
            [
              25491510.446,
              6680769.267
            ],
            [
              25491509.038,
              6680770.583
            ],
            [
              25491512.078,
              6680773.833
            ],
            [
              25491513.485,
              6680772.516
            ]
          ]
        ]
      },
      "properties": {
        "confidence": 0.8992,
        "length_m": 4.45,
        "width_m": 1.93,
        "heading_deg": 43.1,
        "aoi": "r4-konala",
        "source_layer": "Ortoilmakuva_2025_5cm",
        "zoom": 16,
        "status": "confirmed",
        "class": "car"
      }
    },
    {
      "type": "Feature",
      "geometry": {
        "type": "Polygon",
        "coordinates": [
          [
            [
              25491637.99,
              6680770.181
            ],
            [
              25491640.18,
              6680770.456
            ],
            [
              25491639.599,
              6680775.077
            ],
            [
              25491637.409,
              6680774.801
            ],
            [
              25491637.99,
              6680770.181
            ]
          ]
        ]
      },
      "properties": {
        "confidence": 0.8987,
        "length_m": 4.66,
        "width_m": 2.21,
        "heading_deg": 172.8,
        "aoi": "r4-konala",
        "source_layer": "Ortoilmakuva_2025_5cm",
        "zoom": 16,
        "status": "confirmed",
        "class": "car"
      }
    },
    {
      "type": "Feature",
      "geometry": {
        "type": "Polygon",
        "coordinates": [
          [
            [
              25491734.115,
              6680712.509
            ],
            [
              25491728.562,
              6680711.432
            ],
            [
              25491728.173,
              6680713.44
            ],
            [
              25491733.725,
              6680714.517
            ],
            [
              25491734.115,
              6680712.509
            ]
          ]
        ]
      },
      "properties": {
        "confidence": 0.898,
        "length_m": 5.66,
        "width_m": 2.05,
        "heading_deg": 79,
        "aoi": "r4-konala",
        "source_layer": "Ortoilmakuva_2025_5cm",
        "zoom": 16,
        "status": "confirmed",
        "class": "van"
      }
    },
    {
      "type": "Feature",
      "geometry": {
        "type": "Polygon",
        "coordinates": [
          [
            [
              25491626.15,
              6680546.957
            ],
            [
              25491625.371,
              6680549.151
            ],
            [
              25491620.864,
              6680547.551
            ],
            [
              25491621.643,
              6680545.357
            ],
            [
              25491626.15,
              6680546.957
            ]
          ]
        ]
      },
      "properties": {
        "confidence": 0.8968,
        "length_m": 4.78,
        "width_m": 2.33,
        "heading_deg": 70.5,
        "aoi": "r4-konala",
        "source_layer": "Ortoilmakuva_2025_5cm",
        "zoom": 16,
        "status": "confirmed",
        "class": "car"
      }
    },
    {
      "type": "Feature",
      "geometry": {
        "type": "Polygon",
        "coordinates": [
          [
            [
              25491589.354,
              6680823.597
            ],
            [
              25491587.899,
              6680825.331
            ],
            [
              25491583.846,
              6680821.928
            ],
            [
              25491585.301,
              6680820.194
            ],
            [
              25491589.354,
              6680823.597
            ]
          ]
        ]
      },
      "properties": {
        "confidence": 0.8942,
        "length_m": 5.29,
        "width_m": 2.26,
        "heading_deg": 50,
        "aoi": "r4-konala",
        "source_layer": "Ortoilmakuva_2025_5cm",
        "zoom": 16,
        "status": "confirmed",
        "class": "car"
      }
    },
    {
      "type": "Feature",
      "geometry": {
        "type": "Polygon",
        "coordinates": [
          [
            [
              25491723.851,
              6680730.541
            ],
            [
              25491722.256,
              6680732.392
            ],
            [
              25491718.497,
              6680729.152
            ],
            [
              25491720.092,
              6680727.302
            ],
            [
              25491723.851,
              6680730.541
            ]
          ]
        ]
      },
      "properties": {
        "confidence": 0.8937,
        "length_m": 4.96,
        "width_m": 2.44,
        "heading_deg": 49.2,
        "aoi": "r4-konala",
        "source_layer": "Ortoilmakuva_2025_5cm",
        "zoom": 16,
        "status": "confirmed",
        "class": "car"
      }
    },
    {
      "type": "Feature",
      "geometry": {
        "type": "Polygon",
        "coordinates": [
          [
            [
              25491547.911,
              6680810.131
            ],
            [
              25491551.048,
              6680813.747
            ],
            [
              25491549.292,
              6680815.271
            ],
            [
              25491546.155,
              6680811.654
            ],
            [
              25491547.911,
              6680810.131
            ]
          ]
        ]
      },
      "properties": {
        "confidence": 0.8929,
        "length_m": 4.79,
        "width_m": 2.33,
        "heading_deg": 40.9,
        "aoi": "r4-konala",
        "source_layer": "Ortoilmakuva_2025_5cm",
        "zoom": 16,
        "status": "confirmed",
        "class": "car"
      }
    },
    {
      "type": "Feature",
      "geometry": {
        "type": "Polygon",
        "coordinates": [
          [
            [
              25491596.671,
              6680579.121
            ],
            [
              25491598.95,
              6680579.654
            ],
            [
              25491597.558,
              6680585.607
            ],
            [
              25491595.279,
              6680585.074
            ],
            [
              25491596.671,
              6680579.121
            ]
          ]
        ]
      },
      "properties": {
        "confidence": 0.892,
        "length_m": 6.11,
        "width_m": 2.34,
        "heading_deg": 166.8,
        "aoi": "r4-konala",
        "source_layer": "Ortoilmakuva_2025_5cm",
        "zoom": 16,
        "status": "confirmed",
        "class": "van"
      }
    },
    {
      "type": "Feature",
      "geometry": {
        "type": "Polygon",
        "coordinates": [
          [
            [
              25491510.226,
              6680680.132
            ],
            [
              25491509.656,
              6680682.57
            ],
            [
              25491504.168,
              6680681.288
            ],
            [
              25491504.738,
              6680678.85
            ],
            [
              25491510.226,
              6680680.132
            ]
          ]
        ]
      },
      "properties": {
        "confidence": 0.8897,
        "length_m": 5.64,
        "width_m": 2.5,
        "heading_deg": 76.9,
        "aoi": "r4-konala",
        "source_layer": "Ortoilmakuva_2025_5cm",
        "zoom": 16,
        "status": "confirmed",
        "class": "van"
      }
    },
    {
      "type": "Feature",
      "geometry": {
        "type": "Polygon",
        "coordinates": [
          [
            [
              25491728.358,
              6680724.801
            ],
            [
              25491726.828,
              6680726.588
            ],
            [
              25491723.241,
              6680723.519
            ],
            [
              25491724.771,
              6680721.731
            ],
            [
              25491728.358,
              6680724.801
            ]
          ]
        ]
      },
      "properties": {
        "confidence": 0.8896,
        "length_m": 4.72,
        "width_m": 2.35,
        "heading_deg": 49.5,
        "aoi": "r4-konala",
        "source_layer": "Ortoilmakuva_2025_5cm",
        "zoom": 16,
        "status": "confirmed",
        "class": "car"
      }
    },
    {
      "type": "Feature",
      "geometry": {
        "type": "Polygon",
        "coordinates": [
          [
            [
              25491524.206,
              6680783.843
            ],
            [
              25491521.04,
              6680780.104
            ],
            [
              25491519.199,
              6680781.663
            ],
            [
              25491522.364,
              6680785.402
            ],
            [
              25491524.206,
              6680783.843
            ]
          ]
        ]
      },
      "properties": {
        "confidence": 0.8894,
        "length_m": 4.9,
        "width_m": 2.41,
        "heading_deg": 40.2,
        "aoi": "r4-konala",
        "source_layer": "Ortoilmakuva_2025_5cm",
        "zoom": 16,
        "status": "confirmed",
        "class": "car"
      }
    },
    {
      "type": "Feature",
      "geometry": {
        "type": "Polygon",
        "coordinates": [
          [
            [
              25491707.3,
              6680545.304
            ],
            [
              25491706.115,
              6680546.922
            ],
            [
              25491702.64,
              6680544.375
            ],
            [
              25491703.825,
              6680542.758
            ],
            [
              25491707.3,
              6680545.304
            ]
          ]
        ]
      },
      "properties": {
        "confidence": 0.8853,
        "length_m": 4.31,
        "width_m": 2.01,
        "heading_deg": 53.8,
        "aoi": "r4-konala",
        "source_layer": "Ortoilmakuva_2025_5cm",
        "zoom": 16,
        "status": "confirmed",
        "class": "car"
      }
    },
    {
      "type": "Feature",
      "geometry": {
        "type": "Polygon",
        "coordinates": [
          [
            [
              25491526.806,
              6680719.68
            ],
            [
              25491526.796,
              6680721.955
            ],
            [
              25491521.575,
              6680721.933
            ],
            [
              25491521.584,
              6680719.658
            ],
            [
              25491526.806,
              6680719.68
            ]
          ]
        ]
      },
      "properties": {
        "confidence": 0.8845,
        "length_m": 5.22,
        "width_m": 2.28,
        "heading_deg": 89.8,
        "aoi": "r4-konala",
        "source_layer": "Ortoilmakuva_2025_5cm",
        "zoom": 16,
        "status": "confirmed",
        "class": "car"
      }
    },
    {
      "type": "Feature",
      "geometry": {
        "type": "Polygon",
        "coordinates": [
          [
            [
              25491488.326,
              6680603.448
            ],
            [
              25491488.422,
              6680605.983
            ],
            [
              25491481.717,
              6680606.238
            ],
            [
              25491481.62,
              6680603.703
            ],
            [
              25491488.326,
              6680603.448
            ]
          ]
        ]
      },
      "properties": {
        "confidence": 0.8843,
        "length_m": 6.71,
        "width_m": 2.54,
        "heading_deg": 92.2,
        "aoi": "r4-konala",
        "source_layer": "Ortoilmakuva_2025_5cm",
        "zoom": 16,
        "status": "confirmed",
        "class": "truck"
      }
    },
    {
      "type": "Feature",
      "geometry": {
        "type": "Polygon",
        "coordinates": [
          [
            [
              25491639.412,
              6680667.669
            ],
            [
              25491639.216,
              6680669.941
            ],
            [
              25491633.737,
              6680669.47
            ],
            [
              25491633.932,
              6680667.198
            ],
            [
              25491639.412,
              6680667.669
            ]
          ]
        ]
      },
      "properties": {
        "confidence": 0.8829,
        "length_m": 5.5,
        "width_m": 2.28,
        "heading_deg": 85.1,
        "aoi": "r4-konala",
        "source_layer": "Ortoilmakuva_2025_5cm",
        "zoom": 16,
        "status": "confirmed",
        "class": "van"
      }
    },
    {
      "type": "Feature",
      "geometry": {
        "type": "Polygon",
        "coordinates": [
          [
            [
              25491618.05,
              6680665.405
            ],
            [
              25491617.799,
              6680667.673
            ],
            [
              25491612.797,
              6680667.121
            ],
            [
              25491613.047,
              6680664.852
            ],
            [
              25491618.05,
              6680665.405
            ]
          ]
        ]
      },
      "properties": {
        "confidence": 0.8828,
        "length_m": 5.03,
        "width_m": 2.28,
        "heading_deg": 83.7,
        "aoi": "r4-konala",
        "source_layer": "Ortoilmakuva_2025_5cm",
        "zoom": 16,
        "status": "confirmed",
        "class": "car"
      }
    },
    {
      "type": "Feature",
      "geometry": {
        "type": "Polygon",
        "coordinates": [
          [
            [
              25491592.379,
              6680766.051
            ],
            [
              25491591.091,
              6680767.996
            ],
            [
              25491587.225,
              6680765.434
            ],
            [
              25491588.514,
              6680763.49
            ],
            [
              25491592.379,
              6680766.051
            ]
          ]
        ]
      },
      "properties": {
        "confidence": 0.8816,
        "length_m": 4.64,
        "width_m": 2.33,
        "heading_deg": 56.5,
        "aoi": "r4-konala",
        "source_layer": "Ortoilmakuva_2025_5cm",
        "zoom": 16,
        "status": "confirmed",
        "class": "car"
      }
    },
    {
      "type": "Feature",
      "geometry": {
        "type": "Polygon",
        "coordinates": [
          [
            [
              25491594.996,
              6680817.901
            ],
            [
              25491593.589,
              6680819.636
            ],
            [
              25491590.167,
              6680816.859
            ],
            [
              25491591.575,
              6680815.125
            ],
            [
              25491594.996,
              6680817.901
            ]
          ]
        ]
      },
      "properties": {
        "confidence": 0.8812,
        "length_m": 4.41,
        "width_m": 2.23,
        "heading_deg": 50.9,
        "aoi": "r4-konala",
        "source_layer": "Ortoilmakuva_2025_5cm",
        "zoom": 16,
        "status": "confirmed",
        "class": "car"
      }
    },
    {
      "type": "Feature",
      "geometry": {
        "type": "Polygon",
        "coordinates": [
          [
            [
              25491606.115,
              6680778.448
            ],
            [
              25491604.337,
              6680780.375
            ],
            [
              25491600.309,
              6680776.659
            ],
            [
              25491602.086,
              6680774.732
            ],
            [
              25491606.115,
              6680778.448
            ]
          ]
        ]
      },
      "properties": {
        "confidence": 0.8812,
        "length_m": 5.48,
        "width_m": 2.62,
        "heading_deg": 47.3,
        "aoi": "r4-konala",
        "source_layer": "Ortoilmakuva_2025_5cm",
        "zoom": 16,
        "status": "confirmed",
        "class": "van"
      }
    },
    {
      "type": "Feature",
      "geometry": {
        "type": "Polygon",
        "coordinates": [
          [
            [
              25491603.446,
              6680771.475
            ],
            [
              25491602.195,
              6680773.048
            ],
            [
              25491598.913,
              6680770.439
            ],
            [
              25491600.164,
              6680768.865
            ],
            [
              25491603.446,
              6680771.475
            ]
          ]
        ]
      },
      "properties": {
        "confidence": 0.8795,
        "length_m": 4.19,
        "width_m": 2.01,
        "heading_deg": 51.5,
        "aoi": "r4-konala",
        "source_layer": "Ortoilmakuva_2025_5cm",
        "zoom": 16,
        "status": "confirmed",
        "class": "car"
      }
    },
    {
      "type": "Feature",
      "geometry": {
        "type": "Polygon",
        "coordinates": [
          [
            [
              25491473.961,
              6680668.26
            ],
            [
              25491472.965,
              6680670.314
            ],
            [
              25491468.518,
              6680668.158
            ],
            [
              25491469.514,
              6680666.104
            ],
            [
              25491473.961,
              6680668.26
            ]
          ]
        ]
      },
      "properties": {
        "confidence": 0.8792,
        "length_m": 4.94,
        "width_m": 2.28,
        "heading_deg": 64.1,
        "aoi": "r4-konala",
        "source_layer": "Ortoilmakuva_2025_5cm",
        "zoom": 16,
        "status": "confirmed",
        "class": "car"
      }
    },
    {
      "type": "Feature",
      "geometry": {
        "type": "Polygon",
        "coordinates": [
          [
            [
              25491696.471,
              6680668.271
            ],
            [
              25491691.738,
              6680667.751
            ],
            [
              25491691.512,
              6680669.803
            ],
            [
              25491696.245,
              6680670.323
            ],
            [
              25491696.471,
              6680668.271
            ]
          ]
        ]
      },
      "properties": {
        "confidence": 0.8758,
        "length_m": 4.76,
        "width_m": 2.06,
        "heading_deg": 83.7,
        "aoi": "r4-konala",
        "source_layer": "Ortoilmakuva_2025_5cm",
        "zoom": 16,
        "status": "confirmed",
        "class": "car"
      }
    },
    {
      "type": "Feature",
      "geometry": {
        "type": "Polygon",
        "coordinates": [
          [
            [
              25491570.702,
              6680680.127
            ],
            [
              25491572.715,
              6680680.392
            ],
            [
              25491572.179,
              6680684.466
            ],
            [
              25491570.166,
              6680684.201
            ],
            [
              25491570.702,
              6680680.127
            ]
          ]
        ]
      },
      "properties": {
        "confidence": 0.8738,
        "length_m": 4.11,
        "width_m": 2.03,
        "heading_deg": 172.5,
        "aoi": "r4-konala",
        "source_layer": "Ortoilmakuva_2025_5cm",
        "zoom": 16,
        "status": "confirmed",
        "class": "car"
      }
    },
    {
      "type": "Feature",
      "geometry": {
        "type": "Polygon",
        "coordinates": [
          [
            [
              25491554.287,
              6680818.439
            ],
            [
              25491551.239,
              6680814.408
            ],
            [
              25491549.392,
              6680815.804
            ],
            [
              25491552.44,
              6680819.835
            ],
            [
              25491554.287,
              6680818.439
            ]
          ]
        ]
      },
      "properties": {
        "confidence": 0.8727,
        "length_m": 5.05,
        "width_m": 2.32,
        "heading_deg": 37.1,
        "aoi": "r4-konala",
        "source_layer": "Ortoilmakuva_2025_5cm",
        "zoom": 16,
        "status": "confirmed",
        "class": "car"
      }
    },
    {
      "type": "Feature",
      "geometry": {
        "type": "Polygon",
        "coordinates": [
          [
            [
              25491707.423,
              6680826.245
            ],
            [
              25491709.315,
              6680827.593
            ],
            [
              25491706.212,
              6680831.948
            ],
            [
              25491704.32,
              6680830.599
            ],
            [
              25491707.423,
              6680826.245
            ]
          ]
        ]
      },
      "properties": {
        "confidence": 0.8715,
        "length_m": 5.35,
        "width_m": 2.32,
        "heading_deg": 144.5,
        "aoi": "r4-konala",
        "source_layer": "Ortoilmakuva_2025_5cm",
        "zoom": 16,
        "status": "confirmed",
        "class": "car"
      }
    },
    {
      "type": "Feature",
      "geometry": {
        "type": "Polygon",
        "coordinates": [
          [
            [
              25491637.337,
              6680677.282
            ],
            [
              25491637.172,
              6680679.097
            ],
            [
              25491632.842,
              6680678.701
            ],
            [
              25491633.008,
              6680676.887
            ],
            [
              25491637.337,
              6680677.282
            ]
          ]
        ]
      },
      "properties": {
        "confidence": 0.8706,
        "length_m": 4.35,
        "width_m": 1.82,
        "heading_deg": 84.8,
        "aoi": "r4-konala",
        "source_layer": "Ortoilmakuva_2025_5cm",
        "zoom": 16,
        "status": "confirmed",
        "class": "car"
      }
    },
    {
      "type": "Feature",
      "geometry": {
        "type": "Polygon",
        "coordinates": [
          [
            [
              25491553.114,
              6680684.136
            ],
            [
              25491553.062,
              6680686.498
            ],
            [
              25491547.959,
              6680686.386
            ],
            [
              25491548.011,
              6680684.024
            ],
            [
              25491553.114,
              6680684.136
            ]
          ]
        ]
      },
      "properties": {
        "confidence": 0.8643,
        "length_m": 5.1,
        "width_m": 2.36,
        "heading_deg": 88.7,
        "aoi": "r4-konala",
        "source_layer": "Ortoilmakuva_2025_5cm",
        "zoom": 16,
        "status": "confirmed",
        "class": "car"
      }
    },
    {
      "type": "Feature",
      "geometry": {
        "type": "Polygon",
        "coordinates": [
          [
            [
              25491713.93,
              6680536.844
            ],
            [
              25491712.643,
              6680538.541
            ],
            [
              25491708.95,
              6680535.739
            ],
            [
              25491710.237,
              6680534.043
            ],
            [
              25491713.93,
              6680536.844
            ]
          ]
        ]
      },
      "properties": {
        "confidence": 0.8642,
        "length_m": 4.64,
        "width_m": 2.13,
        "heading_deg": 52.8,
        "aoi": "r4-konala",
        "source_layer": "Ortoilmakuva_2025_5cm",
        "zoom": 16,
        "status": "confirmed",
        "class": "car"
      }
    },
    {
      "type": "Feature",
      "geometry": {
        "type": "Polygon",
        "coordinates": [
          [
            [
              25491725.616,
              6680728.475
            ],
            [
              25491724.062,
              6680730.245
            ],
            [
              25491720.304,
              6680726.947
            ],
            [
              25491721.858,
              6680725.176
            ],
            [
              25491725.616,
              6680728.475
            ]
          ]
        ]
      },
      "properties": {
        "confidence": 0.8622,
        "length_m": 5,
        "width_m": 2.36,
        "heading_deg": 48.7,
        "aoi": "r4-konala",
        "source_layer": "Ortoilmakuva_2025_5cm",
        "zoom": 16,
        "status": "confirmed",
        "class": "van"
      }
    },
    {
      "type": "Feature",
      "geometry": {
        "type": "Polygon",
        "coordinates": [
          [
            [
              25491596.984,
              6680692.536
            ],
            [
              25491599.249,
              6680692.675
            ],
            [
              25491598.917,
              6680698.093
            ],
            [
              25491596.652,
              6680697.954
            ],
            [
              25491596.984,
              6680692.536
            ]
          ]
        ]
      },
      "properties": {
        "confidence": 0.8622,
        "length_m": 5.43,
        "width_m": 2.27,
        "heading_deg": 176.5,
        "aoi": "r4-konala",
        "source_layer": "Ortoilmakuva_2025_5cm",
        "zoom": 16,
        "status": "confirmed",
        "class": "van"
      }
    },
    {
      "type": "Feature",
      "geometry": {
        "type": "Polygon",
        "coordinates": [
          [
            [
              25491703.704,
              6680822.794
            ],
            [
              25491705.675,
              6680824.131
            ],
            [
              25491702.501,
              6680828.808
            ],
            [
              25491700.531,
              6680827.47
            ],
            [
              25491703.704,
              6680822.794
            ]
          ]
        ]
      },
      "properties": {
        "confidence": 0.8609,
        "length_m": 5.65,
        "width_m": 2.38,
        "heading_deg": 145.8,
        "aoi": "r4-konala",
        "source_layer": "Ortoilmakuva_2025_5cm",
        "zoom": 16,
        "status": "confirmed",
        "class": "car"
      }
    },
    {
      "type": "Feature",
      "geometry": {
        "type": "Polygon",
        "coordinates": [
          [
            [
              25491589.361,
              6680770.709
            ],
            [
              25491587.811,
              6680772.54
            ],
            [
              25491583.479,
              6680768.872
            ],
            [
              25491585.029,
              6680767.041
            ],
            [
              25491589.361,
              6680770.709
            ]
          ]
        ]
      },
      "properties": {
        "confidence": 0.8569,
        "length_m": 5.68,
        "width_m": 2.4,
        "heading_deg": 49.7,
        "aoi": "r4-konala",
        "source_layer": "Ortoilmakuva_2025_5cm",
        "zoom": 16,
        "status": "confirmed",
        "class": "van"
      }
    },
    {
      "type": "Feature",
      "geometry": {
        "type": "Polygon",
        "coordinates": [
          [
            [
              25491722.177,
              6680732.971
            ],
            [
              25491720.467,
              6680734.942
            ],
            [
              25491716.57,
              6680731.56
            ],
            [
              25491718.28,
              6680729.59
            ],
            [
              25491722.177,
              6680732.971
            ]
          ]
        ]
      },
      "properties": {
        "confidence": 0.8525,
        "length_m": 5.16,
        "width_m": 2.61,
        "heading_deg": 49,
        "aoi": "r4-konala",
        "source_layer": "Ortoilmakuva_2025_5cm",
        "zoom": 16,
        "status": "confirmed",
        "class": "car"
      }
    },
    {
      "type": "Feature",
      "geometry": {
        "type": "Polygon",
        "coordinates": [
          [
            [
              25491599.545,
              6680698.16
            ],
            [
              25491602.014,
              6680698.509
            ],
            [
              25491601.247,
              6680703.933
            ],
            [
              25491598.778,
              6680703.584
            ],
            [
              25491599.545,
              6680698.16
            ]
          ]
        ]
      },
      "properties": {
        "confidence": 0.8495,
        "length_m": 5.48,
        "width_m": 2.49,
        "heading_deg": 172,
        "aoi": "r4-konala",
        "source_layer": "Ortoilmakuva_2025_5cm",
        "zoom": 16,
        "status": "confirmed",
        "class": "van"
      }
    },
    {
      "type": "Feature",
      "geometry": {
        "type": "Polygon",
        "coordinates": [
          [
            [
              25491577.895,
              6680679.734
            ],
            [
              25491580.197,
              6680679.852
            ],
            [
              25491579.938,
              6680684.901
            ],
            [
              25491577.636,
              6680684.783
            ],
            [
              25491577.895,
              6680679.734
            ]
          ]
        ]
      },
      "properties": {
        "confidence": 0.849,
        "length_m": 5.06,
        "width_m": 2.31,
        "heading_deg": 177.1,
        "aoi": "r4-konala",
        "source_layer": "Ortoilmakuva_2025_5cm",
        "zoom": 16,
        "status": "confirmed",
        "class": "car"
      }
    },
    {
      "type": "Feature",
      "geometry": {
        "type": "Polygon",
        "coordinates": [
          [
            [
              25491525.279,
              6680761.965
            ],
            [
              25491527.376,
              6680761.846
            ],
            [
              25491527.619,
              6680766.104
            ],
            [
              25491525.522,
              6680766.224
            ],
            [
              25491525.279,
              6680761.965
            ]
          ]
        ]
      },
      "properties": {
        "confidence": 0.8459,
        "length_m": 4.26,
        "width_m": 2.1,
        "heading_deg": 3.3,
        "aoi": "r4-konala",
        "source_layer": "Ortoilmakuva_2025_5cm",
        "zoom": 16,
        "status": "confirmed",
        "class": "car"
      }
    },
    {
      "type": "Feature",
      "geometry": {
        "type": "Polygon",
        "coordinates": [
          [
            [
              25491592.688,
              6680759.166
            ],
            [
              25491595.707,
              6680762.454
            ],
            [
              25491594.082,
              6680763.946
            ],
            [
              25491591.063,
              6680760.658
            ],
            [
              25491592.688,
              6680759.166
            ]
          ]
        ]
      },
      "properties": {
        "confidence": 0.8444,
        "length_m": 4.46,
        "width_m": 2.21,
        "heading_deg": 42.6,
        "aoi": "r4-konala",
        "source_layer": "Ortoilmakuva_2025_5cm",
        "zoom": 16,
        "status": "confirmed",
        "class": "car"
      }
    },
    {
      "type": "Feature",
      "geometry": {
        "type": "Polygon",
        "coordinates": [
          [
            [
              25491590.928,
              6680680.566
            ],
            [
              25491593.131,
              6680680.922
            ],
            [
              25491592.341,
              6680685.811
            ],
            [
              25491590.138,
              6680685.455
            ],
            [
              25491590.928,
              6680680.566
            ]
          ]
        ]
      },
      "properties": {
        "confidence": 0.8421,
        "length_m": 4.95,
        "width_m": 2.23,
        "heading_deg": 170.8,
        "aoi": "r4-konala",
        "source_layer": "Ortoilmakuva_2025_5cm",
        "zoom": 16,
        "status": "confirmed",
        "class": "car"
      }
    },
    {
      "type": "Feature",
      "geometry": {
        "type": "Polygon",
        "coordinates": [
          [
            [
              25491598.437,
              6680740.541
            ],
            [
              25491598.651,
              6680735.11
            ],
            [
              25491596.365,
              6680735.02
            ],
            [
              25491596.151,
              6680740.451
            ],
            [
              25491598.437,
              6680740.541
            ]
          ]
        ]
      },
      "properties": {
        "confidence": 0.8414,
        "length_m": 5.44,
        "width_m": 2.29,
        "heading_deg": 177.7,
        "aoi": "r4-konala",
        "source_layer": "Ortoilmakuva_2025_5cm",
        "zoom": 16,
        "status": "confirmed",
        "class": "van"
      }
    },
    {
      "type": "Feature",
      "geometry": {
        "type": "Polygon",
        "coordinates": [
          [
            [
              25491553.272,
              6680687.042
            ],
            [
              25491553.152,
              6680689.615
            ],
            [
              25491547.076,
              6680689.332
            ],
            [
              25491547.196,
              6680686.759
            ],
            [
              25491553.272,
              6680687.042
            ]
          ]
        ]
      },
      "properties": {
        "confidence": 0.8323,
        "length_m": 6.08,
        "width_m": 2.58,
        "heading_deg": 87.3,
        "aoi": "r4-konala",
        "source_layer": "Ortoilmakuva_2025_5cm",
        "zoom": 16,
        "status": "confirmed",
        "class": "van"
      }
    },
    {
      "type": "Feature",
      "geometry": {
        "type": "Polygon",
        "coordinates": [
          [
            [
              25491537.19,
              6680692.058
            ],
            [
              25491536.931,
              6680694.383
            ],
            [
              25491531.827,
              6680693.814
            ],
            [
              25491532.086,
              6680691.489
            ],
            [
              25491537.19,
              6680692.058
            ]
          ]
        ]
      },
      "properties": {
        "confidence": 0.8287,
        "length_m": 5.14,
        "width_m": 2.34,
        "heading_deg": 83.6,
        "aoi": "r4-konala",
        "source_layer": "Ortoilmakuva_2025_5cm",
        "zoom": 16,
        "status": "confirmed",
        "class": "car"
      }
    },
    {
      "type": "Feature",
      "geometry": {
        "type": "Polygon",
        "coordinates": [
          [
            [
              25491527.763,
              6680761.694
            ],
            [
              25491530.015,
              6680761.636
            ],
            [
              25491530.145,
              6680766.701
            ],
            [
              25491527.892,
              6680766.759
            ],
            [
              25491527.763,
              6680761.694
            ]
          ]
        ]
      },
      "properties": {
        "confidence": 0.8251,
        "length_m": 5.07,
        "width_m": 2.25,
        "heading_deg": 1.5,
        "aoi": "r4-konala",
        "source_layer": "Ortoilmakuva_2025_5cm",
        "zoom": 16,
        "status": "confirmed",
        "class": "van"
      }
    },
    {
      "type": "Feature",
      "geometry": {
        "type": "Polygon",
        "coordinates": [
          [
            [
              25491582.427,
              6680832.341
            ],
            [
              25491579.559,
              6680829.372
            ],
            [
              25491578.21,
              6680830.675
            ],
            [
              25491581.077,
              6680833.645
            ],
            [
              25491582.427,
              6680832.341
            ]
          ]
        ]
      },
      "properties": {
        "confidence": 0.8226,
        "length_m": 4.13,
        "width_m": 1.88,
        "heading_deg": 44,
        "aoi": "r4-konala",
        "source_layer": "Ortoilmakuva_2025_5cm",
        "zoom": 16,
        "status": "confirmed",
        "class": "car"
      }
    },
    {
      "type": "Feature",
      "geometry": {
        "type": "Polygon",
        "coordinates": [
          [
            [
              25491614.975,
              6680800.652
            ],
            [
              25491613.572,
              6680802.465
            ],
            [
              25491609.393,
              6680799.233
            ],
            [
              25491610.796,
              6680797.42
            ],
            [
              25491614.975,
              6680800.652
            ]
          ]
        ]
      },
      "properties": {
        "confidence": 0.8223,
        "length_m": 5.28,
        "width_m": 2.29,
        "heading_deg": 52.3,
        "aoi": "r4-konala",
        "source_layer": "Ortoilmakuva_2025_5cm",
        "zoom": 16,
        "status": "confirmed",
        "class": "car"
      }
    },
    {
      "type": "Feature",
      "geometry": {
        "type": "Polygon",
        "coordinates": [
          [
            [
              25491601.002,
              6680741.2
            ],
            [
              25491602.314,
              6680742.87
            ],
            [
              25491598.932,
              6680745.527
            ],
            [
              25491597.62,
              6680743.857
            ],
            [
              25491601.002,
              6680741.2
            ]
          ]
        ]
      },
      "properties": {
        "confidence": 0.8211,
        "length_m": 4.3,
        "width_m": 2.12,
        "heading_deg": 128.2,
        "aoi": "r4-konala",
        "source_layer": "Ortoilmakuva_2025_5cm",
        "zoom": 16,
        "status": "confirmed",
        "class": "car"
      }
    },
    {
      "type": "Feature",
      "geometry": {
        "type": "Polygon",
        "coordinates": [
          [
            [
              25491585.828,
              6680831.486
            ],
            [
              25491581.917,
              6680828.103
            ],
            [
              25491580.522,
              6680829.716
            ],
            [
              25491584.432,
              6680833.099
            ],
            [
              25491585.828,
              6680831.486
            ]
          ]
        ]
      },
      "properties": {
        "confidence": 0.8206,
        "length_m": 5.17,
        "width_m": 2.13,
        "heading_deg": 49.1,
        "aoi": "r4-konala",
        "source_layer": "Ortoilmakuva_2025_5cm",
        "zoom": 16,
        "status": "confirmed",
        "class": "van"
      }
    },
    {
      "type": "Feature",
      "geometry": {
        "type": "Polygon",
        "coordinates": [
          [
            [
              25491600.813,
              6680809.014
            ],
            [
              25491600.587,
              6680811.35
            ],
            [
              25491595.552,
              6680810.864
            ],
            [
              25491595.777,
              6680808.528
            ],
            [
              25491600.813,
              6680809.014
            ]
          ]
        ]
      },
      "properties": {
        "confidence": 0.8196,
        "length_m": 5.06,
        "width_m": 2.35,
        "heading_deg": 84.5,
        "aoi": "r4-konala",
        "source_layer": "Ortoilmakuva_2025_5cm",
        "zoom": 16,
        "status": "confirmed",
        "class": "car"
      }
    },
    {
      "type": "Feature",
      "geometry": {
        "type": "Polygon",
        "coordinates": [
          [
            [
              25491432.397,
              6680779.259
            ],
            [
              25491428.644,
              6680782.598
            ],
            [
              25491429.999,
              6680784.121
            ],
            [
              25491433.752,
              6680780.782
            ],
            [
              25491432.397,
              6680779.259
            ]
          ]
        ]
      },
      "properties": {
        "confidence": 0.8196,
        "length_m": 5.02,
        "width_m": 2.04,
        "heading_deg": 131.7,
        "aoi": "r4-konala",
        "source_layer": "Ortoilmakuva_2025_5cm",
        "zoom": 16,
        "status": "confirmed",
        "class": "van"
      }
    },
    {
      "type": "Feature",
      "geometry": {
        "type": "Polygon",
        "coordinates": [
          [
            [
              25491545.637,
              6680744.107
            ],
            [
              25491548.02,
              6680744.086
            ],
            [
              25491548.07,
              6680749.584
            ],
            [
              25491545.687,
              6680749.606
            ],
            [
              25491545.637,
              6680744.107
            ]
          ]
        ]
      },
      "properties": {
        "confidence": 0.8125,
        "length_m": 5.5,
        "width_m": 2.38,
        "heading_deg": 0.5,
        "aoi": "r4-konala",
        "source_layer": "Ortoilmakuva_2025_5cm",
        "zoom": 16,
        "status": "confirmed",
        "class": "car"
      }
    },
    {
      "type": "Feature",
      "geometry": {
        "type": "Polygon",
        "coordinates": [
          [
            [
              25491515.981,
              6680774.552
            ],
            [
              25491519.985,
              6680778.837
            ],
            [
              25491518.01,
              6680780.683
            ],
            [
              25491514.006,
              6680776.398
            ],
            [
              25491515.981,
              6680774.552
            ]
          ]
        ]
      },
      "properties": {
        "confidence": 0.8115,
        "length_m": 5.86,
        "width_m": 2.7,
        "heading_deg": 43.1,
        "aoi": "r4-konala",
        "source_layer": "Ortoilmakuva_2025_5cm",
        "zoom": 16,
        "status": "confirmed",
        "class": "van"
      }
    },
    {
      "type": "Feature",
      "geometry": {
        "type": "Polygon",
        "coordinates": [
          [
            [
              25491581.515,
              6680771.158
            ],
            [
              25491585.01,
              6680774.825
            ],
            [
              25491583.216,
              6680776.536
            ],
            [
              25491579.721,
              6680772.869
            ],
            [
              25491581.515,
              6680771.158
            ]
          ]
        ]
      },
      "properties": {
        "confidence": 0.8098,
        "length_m": 5.07,
        "width_m": 2.48,
        "heading_deg": 43.6,
        "aoi": "r4-konala",
        "source_layer": "Ortoilmakuva_2025_5cm",
        "zoom": 16,
        "status": "confirmed",
        "class": "car"
      }
    },
    {
      "type": "Feature",
      "geometry": {
        "type": "Polygon",
        "coordinates": [
          [
            [
              25491608.83,
              6680681.784
            ],
            [
              25491611.021,
              6680681.901
            ],
            [
              25491610.761,
              6680686.776
            ],
            [
              25491608.57,
              6680686.659
            ],
            [
              25491608.83,
              6680681.784
            ]
          ]
        ]
      },
      "properties": {
        "confidence": 0.8071,
        "length_m": 4.88,
        "width_m": 2.19,
        "heading_deg": 176.9,
        "aoi": "r4-konala",
        "source_layer": "Ortoilmakuva_2025_5cm",
        "zoom": 16,
        "status": "confirmed",
        "class": "car"
      }
    },
    {
      "type": "Feature",
      "geometry": {
        "type": "Polygon",
        "coordinates": [
          [
            [
              25491512.954,
              6680760.482
            ],
            [
              25491509.534,
              6680757.064
            ],
            [
              25491508.012,
              6680758.587
            ],
            [
              25491511.432,
              6680762.005
            ],
            [
              25491512.954,
              6680760.482
            ]
          ]
        ]
      },
      "properties": {
        "confidence": 0.8054,
        "length_m": 4.84,
        "width_m": 2.15,
        "heading_deg": 45,
        "aoi": "r4-konala",
        "source_layer": "Ortoilmakuva_2025_5cm",
        "zoom": 16,
        "status": "confirmed",
        "class": "car"
      }
    },
    {
      "type": "Feature",
      "geometry": {
        "type": "Polygon",
        "coordinates": [
          [
            [
              25491578.676,
              6680733.463
            ],
            [
              25491581.001,
              6680733.672
            ],
            [
              25491580.496,
              6680739.265
            ],
            [
              25491578.172,
              6680739.056
            ],
            [
              25491578.676,
              6680733.463
            ]
          ]
        ]
      },
      "properties": {
        "confidence": 0.8049,
        "length_m": 5.62,
        "width_m": 2.33,
        "heading_deg": 174.8,
        "aoi": "r4-konala",
        "source_layer": "Ortoilmakuva_2025_5cm",
        "zoom": 16,
        "status": "confirmed",
        "class": "van"
      }
    },
    {
      "type": "Feature",
      "geometry": {
        "type": "Polygon",
        "coordinates": [
          [
            [
              25491601.207,
              6680773.55
            ],
            [
              25491597.856,
              6680770.11
            ],
            [
              25491596.457,
              6680771.473
            ],
            [
              25491599.808,
              6680774.913
            ],
            [
              25491601.207,
              6680773.55
            ]
          ]
        ]
      },
      "properties": {
        "confidence": 0.8019,
        "length_m": 4.8,
        "width_m": 1.95,
        "heading_deg": 44.3,
        "aoi": "r4-konala",
        "source_layer": "Ortoilmakuva_2025_5cm",
        "zoom": 16,
        "status": "confirmed",
        "class": "car"
      }
    },
    {
      "type": "Feature",
      "geometry": {
        "type": "Polygon",
        "coordinates": [
          [
            [
              25491605.858,
              6680664.637
            ],
            [
              25491605.48,
              6680666.961
            ],
            [
              25491600.482,
              6680666.148
            ],
            [
              25491600.859,
              6680663.824
            ],
            [
              25491605.858,
              6680664.637
            ]
          ]
        ]
      },
      "properties": {
        "confidence": 0.801,
        "length_m": 5.06,
        "width_m": 2.35,
        "heading_deg": 80.8,
        "aoi": "r4-konala",
        "source_layer": "Ortoilmakuva_2025_5cm",
        "zoom": 16,
        "status": "confirmed",
        "class": "car"
      }
    },
    {
      "type": "Feature",
      "geometry": {
        "type": "Polygon",
        "coordinates": [
          [
            [
              25491551.005,
              6680726.964
            ],
            [
              25491553.45,
              6680726.965
            ],
            [
              25491553.447,
              6680732.298
            ],
            [
              25491551.003,
              6680732.297
            ],
            [
              25491551.005,
              6680726.964
            ]
          ]
        ]
      },
      "properties": {
        "confidence": 0.7972,
        "length_m": 5.33,
        "width_m": 2.45,
        "heading_deg": 180,
        "aoi": "r4-konala",
        "source_layer": "Ortoilmakuva_2025_5cm",
        "zoom": 16,
        "status": "confirmed",
        "class": "van"
      }
    },
    {
      "type": "Feature",
      "geometry": {
        "type": "Polygon",
        "coordinates": [
          [
            [
              25491510.767,
              6680825.918
            ],
            [
              25491506.063,
              6680830.49
            ],
            [
              25491507.692,
              6680832.166
            ],
            [
              25491512.396,
              6680827.594
            ],
            [
              25491510.767,
              6680825.918
            ]
          ]
        ]
      },
      "properties": {
        "confidence": 0.7964,
        "length_m": 6.56,
        "width_m": 2.34,
        "heading_deg": 134.2,
        "aoi": "r4-konala",
        "source_layer": "Ortoilmakuva_2025_5cm",
        "zoom": 16,
        "status": "confirmed",
        "class": "van"
      }
    },
    {
      "type": "Feature",
      "geometry": {
        "type": "Polygon",
        "coordinates": [
          [
            [
              25491550.338,
              6680838.096
            ],
            [
              25491552.948,
              6680836.582
            ],
            [
              25491556.438,
              6680842.601
            ],
            [
              25491553.828,
              6680844.115
            ],
            [
              25491550.338,
              6680838.096
            ]
          ]
        ]
      },
      "properties": {
        "confidence": 0.7924,
        "length_m": 6.96,
        "width_m": 3.02,
        "heading_deg": 30.1,
        "aoi": "r4-konala",
        "source_layer": "Ortoilmakuva_2025_5cm",
        "zoom": 16,
        "status": "confirmed",
        "class": "van"
      }
    },
    {
      "type": "Feature",
      "geometry": {
        "type": "Polygon",
        "coordinates": [
          [
            [
              25491593.07,
              6680823.543
            ],
            [
              25491596.621,
              6680827.032
            ],
            [
              25491595.06,
              6680828.62
            ],
            [
              25491591.509,
              6680825.132
            ],
            [
              25491593.07,
              6680823.543
            ]
          ]
        ]
      },
      "properties": {
        "confidence": 0.7871,
        "length_m": 4.98,
        "width_m": 2.23,
        "heading_deg": 45.5,
        "aoi": "r4-konala",
        "source_layer": "Ortoilmakuva_2025_5cm",
        "zoom": 16,
        "status": "confirmed",
        "class": "car"
      }
    },
    {
      "type": "Feature",
      "geometry": {
        "type": "Polygon",
        "coordinates": [
          [
            [
              25491598.395,
              6680596.144
            ],
            [
              25491600.605,
              6680596.601
            ],
            [
              25491599.449,
              6680602.19
            ],
            [
              25491597.239,
              6680601.733
            ],
            [
              25491598.395,
              6680596.144
            ]
          ]
        ]
      },
      "properties": {
        "confidence": 0.7841,
        "length_m": 5.71,
        "width_m": 2.26,
        "heading_deg": 168.3,
        "aoi": "r4-konala",
        "source_layer": "Ortoilmakuva_2025_5cm",
        "zoom": 16,
        "status": "confirmed",
        "class": "van"
      }
    },
    {
      "type": "Feature",
      "geometry": {
        "type": "Polygon",
        "coordinates": [
          [
            [
              25491729.87,
              6680723.08
            ],
            [
              25491728.51,
              6680724.747
            ],
            [
              25491724.934,
              6680721.829
            ],
            [
              25491726.294,
              6680720.161
            ],
            [
              25491729.87,
              6680723.08
            ]
          ]
        ]
      },
      "properties": {
        "confidence": 0.7808,
        "length_m": 4.62,
        "width_m": 2.15,
        "heading_deg": 50.8,
        "aoi": "r4-konala",
        "source_layer": "Ortoilmakuva_2025_5cm",
        "zoom": 16,
        "status": "confirmed",
        "class": "car"
      }
    },
    {
      "type": "Feature",
      "geometry": {
        "type": "Polygon",
        "coordinates": [
          [
            [
              25491608.12,
              6680693.531
            ],
            [
              25491610.665,
              6680693.676
            ],
            [
              25491610.349,
              6680699.219
            ],
            [
              25491607.804,
              6680699.074
            ],
            [
              25491608.12,
              6680693.531
            ]
          ]
        ]
      },
      "properties": {
        "confidence": 0.7788,
        "length_m": 5.55,
        "width_m": 2.55,
        "heading_deg": 176.7,
        "aoi": "r4-konala",
        "source_layer": "Ortoilmakuva_2025_5cm",
        "zoom": 16,
        "status": "confirmed",
        "class": "van"
      }
    },
    {
      "type": "Feature",
      "geometry": {
        "type": "Polygon",
        "coordinates": [
          [
            [
              25491518.029,
              6680765.115
            ],
            [
              25491513.61,
              6680760.834
            ],
            [
              25491511.674,
              6680762.833
            ],
            [
              25491516.092,
              6680767.113
            ],
            [
              25491518.029,
              6680765.115
            ]
          ]
        ]
      },
      "properties": {
        "confidence": 0.7685,
        "length_m": 6.15,
        "width_m": 2.78,
        "heading_deg": 45.9,
        "aoi": "r4-konala",
        "source_layer": "Ortoilmakuva_2025_5cm",
        "zoom": 16,
        "status": "confirmed",
        "class": "van"
      }
    },
    {
      "type": "Feature",
      "geometry": {
        "type": "Polygon",
        "coordinates": [
          [
            [
              25491589.144,
              6680697.526
            ],
            [
              25491591.621,
              6680697.765
            ],
            [
              25491591.127,
              6680702.902
            ],
            [
              25491588.649,
              6680702.664
            ],
            [
              25491589.144,
              6680697.526
            ]
          ]
        ]
      },
      "properties": {
        "confidence": 0.7662,
        "length_m": 5.16,
        "width_m": 2.49,
        "heading_deg": 174.5,
        "aoi": "r4-konala",
        "source_layer": "Ortoilmakuva_2025_5cm",
        "zoom": 16,
        "status": "confirmed",
        "class": "van"
      }
    },
    {
      "type": "Feature",
      "geometry": {
        "type": "Polygon",
        "coordinates": [
          [
            [
              25491442.52,
              6680538.981
            ],
            [
              25491442.345,
              6680533.323
            ],
            [
              25491439.905,
              6680533.398
            ],
            [
              25491440.08,
              6680539.057
            ],
            [
              25491442.52,
              6680538.981
            ]
          ]
        ]
      },
      "properties": {
        "confidence": 0.7656,
        "length_m": 5.66,
        "width_m": 2.44,
        "heading_deg": 1.8,
        "aoi": "r4-konala",
        "source_layer": "Ortoilmakuva_2025_5cm",
        "zoom": 16,
        "status": "confirmed",
        "class": "van"
      }
    },
    {
      "type": "Feature",
      "geometry": {
        "type": "Polygon",
        "coordinates": [
          [
            [
              25491597.472,
              6680760.111
            ],
            [
              25491596.206,
              6680761.811
            ],
            [
              25491592.583,
              6680759.114
            ],
            [
              25491593.849,
              6680757.413
            ],
            [
              25491597.472,
              6680760.111
            ]
          ]
        ]
      },
      "properties": {
        "confidence": 0.7575,
        "length_m": 4.52,
        "width_m": 2.12,
        "heading_deg": 53.3,
        "aoi": "r4-konala",
        "source_layer": "Ortoilmakuva_2025_5cm",
        "zoom": 16,
        "status": "confirmed",
        "class": "car"
      }
    },
    {
      "type": "Feature",
      "geometry": {
        "type": "Polygon",
        "coordinates": [
          [
            [
              25491530.23,
              6680790.205
            ],
            [
              25491533.25,
              6680793.766
            ],
            [
              25491531.375,
              6680795.355
            ],
            [
              25491528.356,
              6680791.794
            ],
            [
              25491530.23,
              6680790.205
            ]
          ]
        ]
      },
      "properties": {
        "confidence": 0.7516,
        "length_m": 4.67,
        "width_m": 2.46,
        "heading_deg": 40.3,
        "aoi": "r4-konala",
        "source_layer": "Ortoilmakuva_2025_5cm",
        "zoom": 16,
        "status": "confirmed",
        "class": "van"
      }
    },
    {
      "type": "Feature",
      "geometry": {
        "type": "Polygon",
        "coordinates": [
          [
            [
              25491586.463,
              6680734.457
            ],
            [
              25491588.672,
              6680734.556
            ],
            [
              25491588.455,
              6680739.379
            ],
            [
              25491586.245,
              6680739.28
            ],
            [
              25491586.463,
              6680734.457
            ]
          ]
        ]
      },
      "properties": {
        "confidence": 0.7354,
        "length_m": 4.83,
        "width_m": 2.21,
        "heading_deg": 177.4,
        "aoi": "r4-konala",
        "source_layer": "Ortoilmakuva_2025_5cm",
        "zoom": 16,
        "status": "confirmed",
        "class": "car"
      }
    },
    {
      "type": "Feature",
      "geometry": {
        "type": "Polygon",
        "coordinates": [
          [
            [
              25491588.909,
              6680826.598
            ],
            [
              25491587.557,
              6680828.319
            ],
            [
              25491583.481,
              6680825.116
            ],
            [
              25491584.833,
              6680823.395
            ],
            [
              25491588.909,
              6680826.598
            ]
          ]
        ]
      },
      "properties": {
        "confidence": 0.7329,
        "length_m": 5.18,
        "width_m": 2.19,
        "heading_deg": 51.8,
        "aoi": "r4-konala",
        "source_layer": "Ortoilmakuva_2025_5cm",
        "zoom": 16,
        "status": "confirmed",
        "class": "van"
      }
    },
    {
      "type": "Feature",
      "geometry": {
        "type": "Polygon",
        "coordinates": [
          [
            [
              25491592.183,
              6680722.764
            ],
            [
              25491592.533,
              6680717.495
            ],
            [
              25491590.187,
              6680717.339
            ],
            [
              25491589.836,
              6680722.607
            ],
            [
              25491592.183,
              6680722.764
            ]
          ]
        ]
      },
      "properties": {
        "confidence": 0.7239,
        "length_m": 5.28,
        "width_m": 2.35,
        "heading_deg": 176.2,
        "aoi": "r4-konala",
        "source_layer": "Ortoilmakuva_2025_5cm",
        "zoom": 16,
        "status": "confirmed",
        "class": "car"
      }
    },
    {
      "type": "Feature",
      "geometry": {
        "type": "Polygon",
        "coordinates": [
          [
            [
              25491565.307,
              6680677.264
            ],
            [
              25491567.899,
              6680677.37
            ],
            [
              25491567.636,
              6680683.784
            ],
            [
              25491565.044,
              6680683.677
            ],
            [
              25491565.307,
              6680677.264
            ]
          ]
        ]
      },
      "properties": {
        "confidence": 0.7018,
        "length_m": 6.42,
        "width_m": 2.59,
        "heading_deg": 177.7,
        "aoi": "r4-konala",
        "source_layer": "Ortoilmakuva_2025_5cm",
        "zoom": 16,
        "status": "confirmed",
        "class": "van"
      }
    },
    {
      "type": "Feature",
      "geometry": {
        "type": "Polygon",
        "coordinates": [
          [
            [
              25491623.91,
              6680666.63
            ],
            [
              25491618.41,
              6680665.716
            ],
            [
              25491618.064,
              6680667.798
            ],
            [
              25491623.564,
              6680668.712
            ],
            [
              25491623.91,
              6680666.63
            ]
          ]
        ]
      },
      "properties": {
        "confidence": 0.7003,
        "length_m": 5.58,
        "width_m": 2.11,
        "heading_deg": 80.6,
        "aoi": "r4-konala",
        "source_layer": "Ortoilmakuva_2025_5cm",
        "zoom": 16,
        "status": "confirmed",
        "class": "van"
      }
    },
    {
      "type": "Feature",
      "geometry": {
        "type": "Polygon",
        "coordinates": [
          [
            [
              25491612.873,
              6680804.153
            ],
            [
              25491611.488,
              6680805.866
            ],
            [
              25491607.313,
              6680802.492
            ],
            [
              25491608.698,
              6680800.779
            ],
            [
              25491612.873,
              6680804.153
            ]
          ]
        ]
      },
      "properties": {
        "confidence": 0.6949,
        "length_m": 5.37,
        "width_m": 2.2,
        "heading_deg": 51.1,
        "aoi": "r4-konala",
        "source_layer": "Ortoilmakuva_2025_5cm",
        "zoom": 16,
        "status": "confirmed",
        "class": "van"
      }
    },
    {
      "type": "Feature",
      "geometry": {
        "type": "Polygon",
        "coordinates": [
          [
            [
              25491585.869,
              6680739.475
            ],
            [
              25491586.152,
              6680733.789
            ],
            [
              25491583.778,
              6680733.671
            ],
            [
              25491583.495,
              6680739.357
            ],
            [
              25491585.869,
              6680739.475
            ]
          ]
        ]
      },
      "properties": {
        "confidence": 0.6931,
        "length_m": 5.69,
        "width_m": 2.38,
        "heading_deg": 177.2,
        "aoi": "r4-konala",
        "source_layer": "Ortoilmakuva_2025_5cm",
        "zoom": 16,
        "status": "confirmed",
        "class": "van"
      }
    },
    {
      "type": "Feature",
      "geometry": {
        "type": "Polygon",
        "coordinates": [
          [
            [
              25491522.035,
              6680839.619
            ],
            [
              25491518.048,
              6680843.432
            ],
            [
              25491519.602,
              6680845.057
            ],
            [
              25491523.59,
              6680841.244
            ],
            [
              25491522.035,
              6680839.619
            ]
          ]
        ]
      },
      "properties": {
        "confidence": 0.6926,
        "length_m": 5.52,
        "width_m": 2.25,
        "heading_deg": 133.7,
        "aoi": "r4-konala",
        "source_layer": "Ortoilmakuva_2025_5cm",
        "zoom": 16,
        "status": "confirmed",
        "class": "car"
      }
    },
    {
      "type": "Feature",
      "geometry": {
        "type": "Polygon",
        "coordinates": [
          [
            [
              25491594.873,
              6680773.584
            ],
            [
              25491598.498,
              6680777.315
            ],
            [
              25491596.771,
              6680778.993
            ],
            [
              25491593.146,
              6680775.262
            ],
            [
              25491594.873,
              6680773.584
            ]
          ]
        ]
      },
      "properties": {
        "confidence": 0.6847,
        "length_m": 5.2,
        "width_m": 2.41,
        "heading_deg": 44.2,
        "aoi": "r4-konala",
        "source_layer": "Ortoilmakuva_2025_5cm",
        "zoom": 16,
        "status": "confirmed",
        "class": "van"
      }
    },
    {
      "type": "Feature",
      "geometry": {
        "type": "Polygon",
        "coordinates": [
          [
            [
              25491681.914,
              6680552.117
            ],
            [
              25491681.044,
              6680554.059
            ],
            [
              25491677.109,
              6680552.297
            ],
            [
              25491677.979,
              6680550.354
            ],
            [
              25491681.914,
              6680552.117
            ]
          ]
        ]
      },
      "properties": {
        "confidence": 0.6773,
        "length_m": 4.31,
        "width_m": 2.13,
        "heading_deg": 65.9,
        "aoi": "r4-konala",
        "source_layer": "Ortoilmakuva_2025_5cm",
        "zoom": 16,
        "status": "confirmed",
        "class": "car"
      }
    },
    {
      "type": "Feature",
      "geometry": {
        "type": "Polygon",
        "coordinates": [
          [
            [
              25491599.096,
              6680779.048
            ],
            [
              25491602.562,
              6680783.161
            ],
            [
              25491600.592,
              6680784.821
            ],
            [
              25491597.126,
              6680780.708
            ],
            [
              25491599.096,
              6680779.048
            ]
          ]
        ]
      },
      "properties": {
        "confidence": 0.6638,
        "length_m": 5.38,
        "width_m": 2.58,
        "heading_deg": 40.1,
        "aoi": "r4-konala",
        "source_layer": "Ortoilmakuva_2025_5cm",
        "zoom": 16,
        "status": "confirmed",
        "class": "van"
      }
    },
    {
      "type": "Feature",
      "geometry": {
        "type": "Polygon",
        "coordinates": [
          [
            [
              25491605.067,
              6680769.317
            ],
            [
              25491603.595,
              6680771.173
            ],
            [
              25491599.968,
              6680768.296
            ],
            [
              25491601.44,
              6680766.44
            ],
            [
              25491605.067,
              6680769.317
            ]
          ]
        ]
      },
      "properties": {
        "confidence": 0.6599,
        "length_m": 4.63,
        "width_m": 2.37,
        "heading_deg": 51.6,
        "aoi": "r4-konala",
        "source_layer": "Ortoilmakuva_2025_5cm",
        "zoom": 16,
        "status": "confirmed",
        "class": "car"
      }
    },
    {
      "type": "Feature",
      "geometry": {
        "type": "Polygon",
        "coordinates": [
          [
            [
              25491585.789,
              6680755.364
            ],
            [
              25491587.89,
              6680757.03
            ],
            [
              25491583.467,
              6680762.609
            ],
            [
              25491581.366,
              6680760.943
            ],
            [
              25491585.789,
              6680755.364
            ]
          ]
        ]
      },
      "properties": {
        "confidence": 0.6511,
        "length_m": 7.12,
        "width_m": 2.68,
        "heading_deg": 141.6,
        "aoi": "r4-konala",
        "source_layer": "Ortoilmakuva_2025_5cm",
        "zoom": 16,
        "status": "confirmed",
        "class": "van"
      }
    },
    {
      "type": "Feature",
      "geometry": {
        "type": "Polygon",
        "coordinates": [
          [
            [
              25491600.882,
              6680681.403
            ],
            [
              25491603.153,
              6680681.706
            ],
            [
              25491602.394,
              6680687.389
            ],
            [
              25491600.124,
              6680687.087
            ],
            [
              25491600.882,
              6680681.403
            ]
          ]
        ]
      },
      "properties": {
        "confidence": 0.6426,
        "length_m": 5.73,
        "width_m": 2.29,
        "heading_deg": 172.4,
        "aoi": "r4-konala",
        "source_layer": "Ortoilmakuva_2025_5cm",
        "zoom": 16,
        "status": "confirmed",
        "class": "car"
      }
    },
    {
      "type": "Feature",
      "geometry": {
        "type": "Polygon",
        "coordinates": [
          [
            [
              25491590.671,
              6680768.137
            ],
            [
              25491589.556,
              6680769.98
            ],
            [
              25491585.675,
              6680767.633
            ],
            [
              25491586.79,
              6680765.79
            ],
            [
              25491590.671,
              6680768.137
            ]
          ]
        ]
      },
      "properties": {
        "confidence": 0.6409,
        "length_m": 4.54,
        "width_m": 2.15,
        "heading_deg": 58.8,
        "aoi": "r4-konala",
        "source_layer": "Ortoilmakuva_2025_5cm",
        "zoom": 16,
        "status": "confirmed",
        "class": "car"
      }
    },
    {
      "type": "Feature",
      "geometry": {
        "type": "Polygon",
        "coordinates": [
          [
            [
              25491733.784,
              6680704.403
            ],
            [
              25491733.425,
              6680706.43
            ],
            [
              25491728.481,
              6680705.553
            ],
            [
              25491728.84,
              6680703.526
            ],
            [
              25491733.784,
              6680704.403
            ]
          ]
        ]
      },
      "properties": {
        "confidence": 0.6392,
        "length_m": 5.02,
        "width_m": 2.06,
        "heading_deg": 79.9,
        "aoi": "r4-konala",
        "source_layer": "Ortoilmakuva_2025_5cm",
        "zoom": 16,
        "status": "confirmed",
        "class": "car"
      }
    },
    {
      "type": "Feature",
      "geometry": {
        "type": "Polygon",
        "coordinates": [
          [
            [
              25491591.535,
              6680822.143
            ],
            [
              25491587.539,
              6680818.79
            ],
            [
              25491586.11,
              6680820.494
            ],
            [
              25491590.106,
              6680823.847
            ],
            [
              25491591.535,
              6680822.143
            ]
          ]
        ]
      },
      "properties": {
        "confidence": 0.6173,
        "length_m": 5.22,
        "width_m": 2.22,
        "heading_deg": 50,
        "aoi": "r4-konala",
        "source_layer": "Ortoilmakuva_2025_5cm",
        "zoom": 16,
        "status": "confirmed",
        "class": "van"
      }
    },
    {
      "type": "Feature",
      "geometry": {
        "type": "Polygon",
        "coordinates": [
          [
            [
              25491563.395,
              6680661.482
            ],
            [
              25491563.46,
              6680663.525
            ],
            [
              25491558.627,
              6680663.678
            ],
            [
              25491558.562,
              6680661.635
            ],
            [
              25491563.395,
              6680661.482
            ]
          ]
        ]
      },
      "properties": {
        "confidence": 0.6063,
        "length_m": 4.84,
        "width_m": 2.04,
        "heading_deg": 91.8,
        "aoi": "r4-konala",
        "source_layer": "Ortoilmakuva_2025_5cm",
        "zoom": 16,
        "status": "confirmed",
        "class": "car"
      }
    },
    {
      "type": "Feature",
      "geometry": {
        "type": "Polygon",
        "coordinates": [
          [
            [
              25491511.34,
              6680677.593
            ],
            [
              25491510.923,
              6680679.724
            ],
            [
              25491504.917,
              6680678.551
            ],
            [
              25491505.334,
              6680676.42
            ],
            [
              25491511.34,
              6680677.593
            ]
          ]
        ]
      },
      "properties": {
        "confidence": 0.603,
        "length_m": 6.12,
        "width_m": 2.17,
        "heading_deg": 78.9,
        "aoi": "r4-konala",
        "source_layer": "Ortoilmakuva_2025_5cm",
        "zoom": 16,
        "status": "confirmed",
        "class": "van"
      }
    },
    {
      "type": "Feature",
      "geometry": {
        "type": "Polygon",
        "coordinates": [
          [
            [
              25491716.346,
              6680745.432
            ],
            [
              25491715.999,
              6680747.856
            ],
            [
              25491711.076,
              6680747.151
            ],
            [
              25491711.423,
              6680744.727
            ],
            [
              25491716.346,
              6680745.432
            ]
          ]
        ]
      },
      "properties": {
        "confidence": 0.5992,
        "length_m": 4.97,
        "width_m": 2.45,
        "heading_deg": 81.9,
        "aoi": "r4-konala",
        "source_layer": "Ortoilmakuva_2025_5cm",
        "zoom": 16,
        "status": "confirmed",
        "class": "car"
      }
    },
    {
      "type": "Feature",
      "geometry": {
        "type": "Polygon",
        "coordinates": [
          [
            [
              25491709.271,
              6680670.746
            ],
            [
              25491708.723,
              6680672.616
            ],
            [
              25491704.865,
              6680671.486
            ],
            [
              25491705.413,
              6680669.616
            ],
            [
              25491709.271,
              6680670.746
            ]
          ]
        ]
      },
      "properties": {
        "confidence": 0.5579,
        "length_m": 4.02,
        "width_m": 1.95,
        "heading_deg": 73.7,
        "aoi": "r4-konala",
        "source_layer": "Ortoilmakuva_2025_5cm",
        "zoom": 16,
        "status": "confirmed",
        "class": "car"
      }
    },
    {
      "type": "Feature",
      "geometry": {
        "type": "Polygon",
        "coordinates": [
          [
            [
              25491599.438,
              6680821.587
            ],
            [
              25491597.888,
              6680823.579
            ],
            [
              25491593.69,
              6680820.311
            ],
            [
              25491595.24,
              6680818.32
            ],
            [
              25491599.438,
              6680821.587
            ]
          ]
        ]
      },
      "properties": {
        "confidence": 0.5352,
        "length_m": 5.32,
        "width_m": 2.52,
        "heading_deg": 52.1,
        "aoi": "r4-konala",
        "source_layer": "Ortoilmakuva_2025_5cm",
        "zoom": 16,
        "status": "confirmed",
        "class": "van"
      }
    },
    {
      "type": "Feature",
      "geometry": {
        "type": "Polygon",
        "coordinates": [
          [
            [
              25491579.691,
              6680837.363
            ],
            [
              25491583.796,
              6680842.379
            ],
            [
              25491581.713,
              6680844.084
            ],
            [
              25491577.608,
              6680839.067
            ],
            [
              25491579.691,
              6680837.363
            ]
          ]
        ]
      },
      "properties": {
        "confidence": 0.5136,
        "length_m": 6.48,
        "width_m": 2.69,
        "heading_deg": 39.3,
        "aoi": "r4-konala",
        "source_layer": "Ortoilmakuva_2025_5cm",
        "zoom": 16,
        "status": "confirmed",
        "class": "truck"
      }
    },
    {
      "type": "Feature",
      "geometry": {
        "type": "Polygon",
        "coordinates": [
          [
            [
              25491606.996,
              6680767.567
            ],
            [
              25491605.512,
              6680769.303
            ],
            [
              25491601.798,
              6680766.127
            ],
            [
              25491603.282,
              6680764.391
            ],
            [
              25491606.996,
              6680767.567
            ]
          ]
        ]
      },
      "properties": {
        "confidence": 0.5022,
        "length_m": 4.89,
        "width_m": 2.28,
        "heading_deg": 49.5,
        "aoi": "r4-konala",
        "source_layer": "Ortoilmakuva_2025_5cm",
        "zoom": 16,
        "status": "confirmed",
        "class": "car"
      }
    },
    {
      "type": "Feature",
      "geometry": {
        "type": "Polygon",
        "coordinates": [
          [
            [
              25491553.323,
              6680694.603
            ],
            [
              25491553.5,
              6680696.789
            ],
            [
              25491548.753,
              6680697.172
            ],
            [
              25491548.576,
              6680694.986
            ],
            [
              25491553.323,
              6680694.603
            ]
          ]
        ]
      },
      "properties": {
        "confidence": 0.497,
        "length_m": 4.76,
        "width_m": 2.19,
        "heading_deg": 94.6,
        "aoi": "r4-konala",
        "source_layer": "Ortoilmakuva_2025_5cm",
        "zoom": 16,
        "status": "rejected",
        "class": ""
      }
    },
    {
      "type": "Feature",
      "geometry": {
        "type": "Polygon",
        "coordinates": [
          [
            [
              25491584.942,
              6680586.442
            ],
            [
              25491584.409,
              6680588.72
            ],
            [
              25491579,
              6680587.455
            ],
            [
              25491579.533,
              6680585.177
            ],
            [
              25491584.942,
              6680586.442
            ]
          ]
        ]
      },
      "properties": {
        "confidence": 0.4907,
        "length_m": 5.55,
        "width_m": 2.34,
        "heading_deg": 76.8,
        "aoi": "r4-konala",
        "source_layer": "Ortoilmakuva_2025_5cm",
        "zoom": 16,
        "status": "confirmed",
        "class": "car"
      }
    },
    {
      "type": "Feature",
      "geometry": {
        "type": "Polygon",
        "coordinates": [
          [
            [
              25491578.284,
              6680831.36
            ],
            [
              25491581.964,
              6680835.539
            ],
            [
              25491580.023,
              6680837.248
            ],
            [
              25491576.343,
              6680833.07
            ],
            [
              25491578.284,
              6680831.36
            ]
          ]
        ]
      },
      "properties": {
        "confidence": 0.4491,
        "length_m": 5.57,
        "width_m": 2.59,
        "heading_deg": 41.4,
        "aoi": "r4-konala",
        "source_layer": "Ortoilmakuva_2025_5cm",
        "zoom": 16,
        "status": "confirmed",
        "class": "van"
      }
    },
    {
      "type": "Feature",
      "geometry": {
        "type": "Polygon",
        "coordinates": [
          [
            [
              25491595.597,
              6680739.455
            ],
            [
              25491595.834,
              6680734.685
            ],
            [
              25491593.725,
              6680734.581
            ],
            [
              25491593.489,
              6680739.35
            ],
            [
              25491595.597,
              6680739.455
            ]
          ]
        ]
      },
      "properties": {
        "confidence": 0.4359,
        "length_m": 4.78,
        "width_m": 2.11,
        "heading_deg": 177.2,
        "aoi": "r4-konala",
        "source_layer": "Ortoilmakuva_2025_5cm",
        "zoom": 16,
        "status": "confirmed",
        "class": "van"
      }
    },
    {
      "type": "Feature",
      "geometry": {
        "type": "Polygon",
        "coordinates": [
          [
            [
              25491682.801,
              6680777.693
            ],
            [
              25491682.783,
              6680779.579
            ],
            [
              25491678.527,
              6680779.539
            ],
            [
              25491678.545,
              6680777.654
            ],
            [
              25491682.801,
              6680777.693
            ]
          ]
        ]
      },
      "properties": {
        "confidence": 0.3922,
        "length_m": 4.26,
        "width_m": 1.89,
        "heading_deg": 89.5,
        "aoi": "r4-konala",
        "source_layer": "Ortoilmakuva_2025_5cm",
        "zoom": 16,
        "status": "confirmed",
        "class": "car"
      }
    },
    {
      "type": "Feature",
      "geometry": {
        "type": "Polygon",
        "coordinates": [
          [
            [
              25491620.932,
              6680675.445
            ],
            [
              25491620.845,
              6680677.415
            ],
            [
              25491616.297,
              6680677.214
            ],
            [
              25491616.384,
              6680675.244
            ],
            [
              25491620.932,
              6680675.445
            ]
          ]
        ]
      },
      "properties": {
        "confidence": 0.3845,
        "length_m": 4.55,
        "width_m": 1.97,
        "heading_deg": 87.5,
        "aoi": "r4-konala",
        "source_layer": "Ortoilmakuva_2025_5cm",
        "zoom": 16,
        "status": "confirmed",
        "class": "car"
      }
    },
    {
      "type": "Feature",
      "geometry": {
        "type": "Polygon",
        "coordinates": [
          [
            [
              25491594.088,
              6680821.015
            ],
            [
              25491592.537,
              6680822.801
            ],
            [
              25491588.055,
              6680818.907
            ],
            [
              25491589.606,
              6680817.121
            ],
            [
              25491594.088,
              6680821.015
            ]
          ]
        ]
      },
      "properties": {
        "confidence": 0.3436,
        "length_m": 5.94,
        "width_m": 2.37,
        "heading_deg": 49,
        "aoi": "r4-konala",
        "source_layer": "Ortoilmakuva_2025_5cm",
        "zoom": 16,
        "status": "confirmed",
        "class": "car"
      }
    },
    {
      "type": "Feature",
      "geometry": {
        "type": "Polygon",
        "coordinates": [
          [
            [
              25491595.631,
              6680829.142
            ],
            [
              25491589.366,
              6680823.983
            ],
            [
              25491587.857,
              6680825.816
            ],
            [
              25491594.122,
              6680830.975
            ],
            [
              25491595.631,
              6680829.142
            ]
          ]
        ]
      },
      "properties": {
        "confidence": 0.3363,
        "length_m": 8.12,
        "width_m": 2.37,
        "heading_deg": 50.5,
        "aoi": "r4-konala",
        "source_layer": "Ortoilmakuva_2025_5cm",
        "zoom": 16,
        "status": "rejected",
        "class": ""
      }
    },
    {
      "type": "Feature",
      "geometry": {
        "type": "Polygon",
        "coordinates": [
          [
            [
              25491688.054,
              6680553.654
            ],
            [
              25491687.299,
              6680556.208
            ],
            [
              25491682.297,
              6680554.73
            ],
            [
              25491683.052,
              6680552.176
            ],
            [
              25491688.054,
              6680553.654
            ]
          ]
        ]
      },
      "properties": {
        "confidence": 0.3343,
        "length_m": 5.22,
        "width_m": 2.66,
        "heading_deg": 73.5,
        "aoi": "r4-konala",
        "source_layer": "Ortoilmakuva_2025_5cm",
        "zoom": 16,
        "status": "confirmed",
        "class": "car"
      }
    },
    {
      "type": "Feature",
      "geometry": {
        "type": "Polygon",
        "coordinates": [
          [
            [
              25491603.003,
              6680820.842
            ],
            [
              25491600.966,
              6680823.16
            ],
            [
              25491595.108,
              6680818.013
            ],
            [
              25491597.145,
              6680815.695
            ],
            [
              25491603.003,
              6680820.842
            ]
          ]
        ]
      },
      "properties": {
        "confidence": 0.3255,
        "length_m": 7.8,
        "width_m": 3.09,
        "heading_deg": 48.7,
        "aoi": "r4-konala",
        "source_layer": "Ortoilmakuva_2025_5cm",
        "zoom": 16,
        "status": "rejected",
        "class": ""
      }
    },
    {
      "type": "Feature",
      "geometry": {
        "type": "Polygon",
        "coordinates": [
          [
            [
              25491584.301,
              6680833.484
            ],
            [
              25491588.93,
              6680838.001
            ],
            [
              25491586.974,
              6680840.005
            ],
            [
              25491582.345,
              6680835.488
            ],
            [
              25491584.301,
              6680833.484
            ]
          ]
        ]
      },
      "properties": {
        "confidence": 0.2851,
        "length_m": 6.47,
        "width_m": 2.8,
        "heading_deg": 45.7,
        "aoi": "r4-konala",
        "source_layer": "Ortoilmakuva_2025_5cm",
        "zoom": 16,
        "status": "rejected",
        "class": ""
      }
    },
    {
      "type": "Feature",
      "geometry": {
        "type": "Polygon",
        "coordinates": [
          [
            [
              25491560.611,
              6680751.419
            ],
            [
              25491561.828,
              6680752.602
            ],
            [
              25491556.852,
              6680757.722
            ],
            [
              25491555.635,
              6680756.538
            ],
            [
              25491560.611,
              6680751.419
            ]
          ]
        ]
      },
      "properties": {
        "confidence": 0.2799,
        "length_m": 7.14,
        "width_m": 1.7,
        "heading_deg": 135.8,
        "aoi": "r4-konala",
        "source_layer": "Ortoilmakuva_2025_5cm",
        "zoom": 16,
        "status": "rejected",
        "class": ""
      }
    },
    {
      "type": "Feature",
      "geometry": {
        "type": "Polygon",
        "coordinates": [
          [
            [
              25491598.537,
              6680813.953
            ],
            [
              25491597.129,
              6680815.792
            ],
            [
              25491592.733,
              6680812.428
            ],
            [
              25491594.141,
              6680810.589
            ],
            [
              25491598.537,
              6680813.953
            ]
          ]
        ]
      },
      "properties": {
        "confidence": 0.2797,
        "length_m": 5.54,
        "width_m": 2.32,
        "heading_deg": 52.6,
        "aoi": "r4-konala",
        "source_layer": "Ortoilmakuva_2025_5cm",
        "zoom": 16,
        "status": "confirmed",
        "class": "car"
      }
    },
    {
      "type": "Feature",
      "geometry": {
        "type": "Polygon",
        "coordinates": [
          [
            [
              25491732.568,
              6680715.337
            ],
            [
              25491732.587,
              6680716.483
            ],
            [
              25491727.807,
              6680716.561
            ],
            [
              25491727.789,
              6680715.414
            ],
            [
              25491732.568,
              6680715.337
            ]
          ]
        ]
      },
      "properties": {
        "confidence": 0.267,
        "length_m": 4.78,
        "width_m": 1.15,
        "heading_deg": 90.9,
        "aoi": "r4-konala",
        "source_layer": "Ortoilmakuva_2025_5cm",
        "zoom": 16,
        "status": "rejected",
        "class": ""
      }
    },
    {
      "type": "Feature",
      "geometry": {
        "type": "Polygon",
        "coordinates": [
          [
            [
              25491590.707,
              6680760.862
            ],
            [
              25491593.962,
              6680764.003
            ],
            [
              25491592.264,
              6680765.762
            ],
            [
              25491589.01,
              6680762.621
            ],
            [
              25491590.707,
              6680760.862
            ]
          ]
        ]
      },
      "properties": {
        "confidence": 0.2652,
        "length_m": 4.52,
        "width_m": 2.44,
        "heading_deg": 46,
        "aoi": "r4-konala",
        "source_layer": "Ortoilmakuva_2025_5cm",
        "zoom": 16,
        "status": "confirmed",
        "class": "car"
      }
    }
  ]
}
