{
  "type": "FeatureCollection",
  "crs": {
    "type": "name",
    "properties": {
      "name": "urn:ogc:def:crs:EPSG::3879"
    }
  },
  "features": [
    {
      "type": "Feature",
      "geometry": {
        "type": "Polygon",
        "coordinates": [
          [
            [
              25503017.289,
              6677369.403
            ],
            [
              25503018.681,
              6677372.367
            ],
            [
              25503010.711,
              6677376.11
            ],
            [
              25503009.319,
              6677373.146
            ],
            [
              25503017.289,
              6677369.403
            ]
          ]
        ]
      },
      "properties": {
        "confidence": 0.9588,
        "length_m": 8.81,
        "width_m": 3.27,
        "heading_deg": 115.2,
        "aoi": "r4-laippatie",
        "source_layer": "Ortoilmakuva_2025_5cm",
        "zoom": 16,
        "status": "confirmed",
        "class": "truck"
      }
    },
    {
      "type": "Feature",
      "geometry": {
        "type": "Polygon",
        "coordinates": [
          [
            [
              25503054.664,
              6677512.017
            ],
            [
              25503055.487,
              6677514.372
            ],
            [
              25503050.389,
              6677516.153
            ],
            [
              25503049.566,
              6677513.798
            ],
            [
              25503054.664,
              6677512.017
            ]
          ]
        ]
      },
      "properties": {
        "confidence": 0.9533,
        "length_m": 5.4,
        "width_m": 2.49,
        "heading_deg": 109.3,
        "aoi": "r4-laippatie",
        "source_layer": "Ortoilmakuva_2025_5cm",
        "zoom": 16,
        "status": "confirmed",
        "class": "van"
      }
    },
    {
      "type": "Feature",
      "geometry": {
        "type": "Polygon",
        "coordinates": [
          [
            [
              25503062.809,
              6677498.61
            ],
            [
              25503063.7,
              6677500.835
            ],
            [
              25503059.523,
              6677502.508
            ],
            [
              25503058.633,
              6677500.282
            ],
            [
              25503062.809,
              6677498.61
            ]
          ]
        ]
      },
      "properties": {
        "confidence": 0.9492,
        "length_m": 4.5,
        "width_m": 2.4,
        "heading_deg": 111.8,
        "aoi": "r4-laippatie",
        "source_layer": "Ortoilmakuva_2025_5cm",
        "zoom": 16,
        "status": "confirmed",
        "class": "car"
      }
    },
    {
      "type": "Feature",
      "geometry": {
        "type": "Polygon",
        "coordinates": [
          [
            [
              25503047.576,
              6677558.236
            ],
            [
              25503048.329,
              6677560.187
            ],
            [
              25503044.37,
              6677561.715
            ],
            [
              25503043.617,
              6677559.764
            ],
            [
              25503047.576,
              6677558.236
            ]
          ]
        ]
      },
      "properties": {
        "confidence": 0.948,
        "length_m": 4.24,
        "width_m": 2.09,
        "heading_deg": 111.1,
        "aoi": "r4-laippatie",
        "source_layer": "Ortoilmakuva_2025_5cm",
        "zoom": 16,
        "status": "confirmed",
        "class": "car"
      }
    },
    {
      "type": "Feature",
      "geometry": {
        "type": "Polygon",
        "coordinates": [
          [
            [
              25503005.971,
              6677418.926
            ],
            [
              25503006.809,
              6677421.087
            ],
            [
              25503002.57,
              6677422.733
            ],
            [
              25503001.731,
              6677420.572
            ],
            [
              25503005.971,
              6677418.926
            ]
          ]
        ]
      },
      "properties": {
        "confidence": 0.9477,
        "length_m": 4.55,
        "width_m": 2.32,
        "heading_deg": 111.2,
        "aoi": "r4-laippatie",
        "source_layer": "Ortoilmakuva_2025_5cm",
        "zoom": 16,
        "status": "confirmed",
        "class": "car"
      }
    },
    {
      "type": "Feature",
      "geometry": {
        "type": "Polygon",
        "coordinates": [
          [
            [
              25503049.94,
              6677548.886
            ],
            [
              25503050.847,
              6677550.976
            ],
            [
              25503046.264,
              6677552.965
            ],
            [
              25503045.357,
              6677550.876
            ],
            [
              25503049.94,
              6677548.886
            ]
          ]
        ]
      },
      "properties": {
        "confidence": 0.9473,
        "length_m": 5,
        "width_m": 2.28,
        "heading_deg": 113.5,
        "aoi": "r4-laippatie",
        "source_layer": "Ortoilmakuva_2025_5cm",
        "zoom": 16,
        "status": "confirmed",
        "class": "car"
      }
    },
    {
      "type": "Feature",
      "geometry": {
        "type": "Polygon",
        "coordinates": [
          [
            [
              25503036.921,
              6677366.818
            ],
            [
              25503037.859,
              6677368.905
            ],
            [
              25503033.257,
              6677370.972
            ],
            [
              25503032.32,
              6677368.886
            ],
            [
              25503036.921,
              6677366.818
            ]
          ]
        ]
      },
      "properties": {
        "confidence": 0.9471,
        "length_m": 5.04,
        "width_m": 2.29,
        "heading_deg": 114.2,
        "aoi": "r4-laippatie",
        "source_layer": "Ortoilmakuva_2025_5cm",
        "zoom": 16,
        "status": "confirmed",
        "class": "car"
      }
    },
    {
      "type": "Feature",
      "geometry": {
        "type": "Polygon",
        "coordinates": [
          [
            [
              25502945.645,
              6677442.887
            ],
            [
              25502946.392,
              6677445.14
            ],
            [
              25502941.586,
              6677446.733
            ],
            [
              25502940.839,
              6677444.48
            ],
            [
              25502945.645,
              6677442.887
            ]
          ]
        ]
      },
      "properties": {
        "confidence": 0.9451,
        "length_m": 5.06,
        "width_m": 2.37,
        "heading_deg": 108.3,
        "aoi": "r4-laippatie",
        "source_layer": "Ortoilmakuva_2025_5cm",
        "zoom": 16,
        "status": "confirmed",
        "class": "car"
      }
    },
    {
      "type": "Feature",
      "geometry": {
        "type": "Polygon",
        "coordinates": [
          [
            [
              25503053.748,
              6677509.261
            ],
            [
              25503054.671,
              6677511.455
            ],
            [
              25503049.488,
              6677513.634
            ],
            [
              25503048.566,
              6677511.44
            ],
            [
              25503053.748,
              6677509.261
            ]
          ]
        ]
      },
      "properties": {
        "confidence": 0.9447,
        "length_m": 5.62,
        "width_m": 2.38,
        "heading_deg": 112.8,
        "aoi": "r4-laippatie",
        "source_layer": "Ortoilmakuva_2025_5cm",
        "zoom": 16,
        "status": "confirmed",
        "class": "van"
      }
    },
    {
      "type": "Feature",
      "geometry": {
        "type": "Polygon",
        "coordinates": [
          [
            [
              25503029.694,
              6677551.791
            ],
            [
              25503030.439,
              6677553.766
            ],
            [
              25503026.239,
              6677555.35
            ],
            [
              25503025.494,
              6677553.374
            ],
            [
              25503029.694,
              6677551.791
            ]
          ]
        ]
      },
      "properties": {
        "confidence": 0.944,
        "length_m": 4.49,
        "width_m": 2.11,
        "heading_deg": 110.7,
        "aoi": "r4-laippatie",
        "source_layer": "Ortoilmakuva_2025_5cm",
        "zoom": 16,
        "status": "confirmed",
        "class": "car"
      }
    },
    {
      "type": "Feature",
      "geometry": {
        "type": "Polygon",
        "coordinates": [
          [
            [
              25503035.18,
              6677364.487
            ],
            [
              25503036.274,
              6677366.73
            ],
            [
              25503031.562,
              6677369.029
            ],
            [
              25503030.468,
              6677366.787
            ],
            [
              25503035.18,
              6677364.487
            ]
          ]
        ]
      },
      "properties": {
        "confidence": 0.9439,
        "length_m": 5.24,
        "width_m": 2.5,
        "heading_deg": 116,
        "aoi": "r4-laippatie",
        "source_layer": "Ortoilmakuva_2025_5cm",
        "zoom": 16,
        "status": "confirmed",
        "class": "car"
      }
    },
    {
      "type": "Feature",
      "geometry": {
        "type": "Polygon",
        "coordinates": [
          [
            [
              25503000.995,
              6677475.772
            ],
            [
              25503001.847,
              6677477.885
            ],
            [
              25502997.48,
              6677479.647
            ],
            [
              25502996.627,
              6677477.533
            ],
            [
              25503000.995,
              6677475.772
            ]
          ]
        ]
      },
      "properties": {
        "confidence": 0.9438,
        "length_m": 4.71,
        "width_m": 2.28,
        "heading_deg": 112,
        "aoi": "r4-laippatie",
        "source_layer": "Ortoilmakuva_2025_5cm",
        "zoom": 16,
        "status": "confirmed",
        "class": "car"
      }
    },
    {
      "type": "Feature",
      "geometry": {
        "type": "Polygon",
        "coordinates": [
          [
            [
              25503048.393,
              6677351.535
            ],
            [
              25503049.31,
              6677353.693
            ],
            [
              25503044.461,
              6677355.752
            ],
            [
              25503043.545,
              6677353.594
            ],
            [
              25503048.393,
              6677351.535
            ]
          ]
        ]
      },
      "properties": {
        "confidence": 0.9438,
        "length_m": 5.27,
        "width_m": 2.34,
        "heading_deg": 113,
        "aoi": "r4-laippatie",
        "source_layer": "Ortoilmakuva_2025_5cm",
        "zoom": 16,
        "status": "confirmed",
        "class": "car"
      }
    },
    {
      "type": "Feature",
      "geometry": {
        "type": "Polygon",
        "coordinates": [
          [
            [
              25503036.14,
              6677565.671
            ],
            [
              25503037.065,
              6677567.866
            ],
            [
              25503032.27,
              6677569.886
            ],
            [
              25503031.345,
              6677567.691
            ],
            [
              25503036.14,
              6677565.671
            ]
          ]
        ]
      },
      "properties": {
        "confidence": 0.9435,
        "length_m": 5.2,
        "width_m": 2.38,
        "heading_deg": 112.8,
        "aoi": "r4-laippatie",
        "source_layer": "Ortoilmakuva_2025_5cm",
        "zoom": 16,
        "status": "confirmed",
        "class": "car"
      }
    },
    {
      "type": "Feature",
      "geometry": {
        "type": "Polygon",
        "coordinates": [
          [
            [
              25502953.504,
              6677542.973
            ],
            [
              25502954.404,
              6677545.143
            ],
            [
              25502949.7,
              6677547.095
            ],
            [
              25502948.799,
              6677544.925
            ],
            [
              25502953.504,
              6677542.973
            ]
          ]
        ]
      },
      "properties": {
        "confidence": 0.9434,
        "length_m": 5.09,
        "width_m": 2.35,
        "heading_deg": 112.5,
        "aoi": "r4-laippatie",
        "source_layer": "Ortoilmakuva_2025_5cm",
        "zoom": 16,
        "status": "confirmed",
        "class": "car"
      }
    },
    {
      "type": "Feature",
      "geometry": {
        "type": "Polygon",
        "coordinates": [
          [
            [
              25503046.403,
              6677555.95
            ],
            [
              25503047.305,
              6677557.874
            ],
            [
              25503043.347,
              6677559.729
            ],
            [
              25503042.446,
              6677557.806
            ],
            [
              25503046.403,
              6677555.95
            ]
          ]
        ]
      },
      "properties": {
        "confidence": 0.9433,
        "length_m": 4.37,
        "width_m": 2.12,
        "heading_deg": 115.1,
        "aoi": "r4-laippatie",
        "source_layer": "Ortoilmakuva_2025_5cm",
        "zoom": 16,
        "status": "confirmed",
        "class": "car"
      }
    },
    {
      "type": "Feature",
      "geometry": {
        "type": "Polygon",
        "coordinates": [
          [
            [
              25503049.361,
              6677514.403
            ],
            [
              25503044.659,
              6677516.059
            ],
            [
              25503045.37,
              6677518.077
            ],
            [
              25503050.072,
              6677516.422
            ],
            [
              25503049.361,
              6677514.403
            ]
          ]
        ]
      },
      "properties": {
        "confidence": 0.943,
        "length_m": 4.98,
        "width_m": 2.14,
        "heading_deg": 109.4,
        "aoi": "r4-laippatie",
        "source_layer": "Ortoilmakuva_2025_5cm",
        "zoom": 16,
        "status": "confirmed",
        "class": "car"
      }
    },
    {
      "type": "Feature",
      "geometry": {
        "type": "Polygon",
        "coordinates": [
          [
            [
              25503052.468,
              6677570.474
            ],
            [
              25503053.32,
              6677572.408
            ],
            [
              25503049.421,
              6677574.126
            ],
            [
              25503048.569,
              6677572.192
            ],
            [
              25503052.468,
              6677570.474
            ]
          ]
        ]
      },
      "properties": {
        "confidence": 0.9426,
        "length_m": 4.26,
        "width_m": 2.11,
        "heading_deg": 113.8,
        "aoi": "r4-laippatie",
        "source_layer": "Ortoilmakuva_2025_5cm",
        "zoom": 16,
        "status": "confirmed",
        "class": "car"
      }
    },
    {
      "type": "Feature",
      "geometry": {
        "type": "Polygon",
        "coordinates": [
          [
            [
              25502941.97,
              6677538.716
            ],
            [
              25502942.903,
              6677540.961
            ],
            [
              25502938.089,
              6677542.961
            ],
            [
              25502937.156,
              6677540.716
            ],
            [
              25502941.97,
              6677538.716
            ]
          ]
        ]
      },
      "properties": {
        "confidence": 0.9424,
        "length_m": 5.21,
        "width_m": 2.43,
        "heading_deg": 112.6,
        "aoi": "r4-laippatie",
        "source_layer": "Ortoilmakuva_2025_5cm",
        "zoom": 16,
        "status": "confirmed",
        "class": "car"
      }
    },
    {
      "type": "Feature",
      "geometry": {
        "type": "Polygon",
        "coordinates": [
          [
            [
              25503051.553,
              6677553.892
            ],
            [
              25503052.515,
              6677555.993
            ],
            [
              25503047.883,
              6677558.115
            ],
            [
              25503046.92,
              6677556.013
            ],
            [
              25503051.553,
              6677553.892
            ]
          ]
        ]
      },
      "properties": {
        "confidence": 0.9422,
        "length_m": 5.09,
        "width_m": 2.31,
        "heading_deg": 114.6,
        "aoi": "r4-laippatie",
        "source_layer": "Ortoilmakuva_2025_5cm",
        "zoom": 16,
        "status": "confirmed",
        "class": "car"
      }
    },
    {
      "type": "Feature",
      "geometry": {
        "type": "Polygon",
        "coordinates": [
          [
            [
              25503243.011,
              6677576.553
            ],
            [
              25503243.921,
              6677578.822
            ],
            [
              25503239.283,
              6677580.682
            ],
            [
              25503238.373,
              6677578.412
            ],
            [
              25503243.011,
              6677576.553
            ]
          ]
        ]
      },
      "properties": {
        "confidence": 0.9421,
        "length_m": 5,
        "width_m": 2.44,
        "heading_deg": 111.9,
        "aoi": "r4-laippatie",
        "source_layer": "Ortoilmakuva_2025_5cm",
        "zoom": 16,
        "status": "confirmed",
        "class": "car"
      }
    },
    {
      "type": "Feature",
      "geometry": {
        "type": "Polygon",
        "coordinates": [
          [
            [
              25503034.564,
              6677560.633
            ],
            [
              25503029.936,
              6677562.667
            ],
            [
              25503030.783,
              6677564.595
            ],
            [
              25503035.412,
              6677562.562
            ],
            [
              25503034.564,
              6677560.633
            ]
          ]
        ]
      },
      "properties": {
        "confidence": 0.942,
        "length_m": 5.06,
        "width_m": 2.11,
        "heading_deg": 113.7,
        "aoi": "r4-laippatie",
        "source_layer": "Ortoilmakuva_2025_5cm",
        "zoom": 16,
        "status": "confirmed",
        "class": "car"
      }
    },
    {
      "type": "Feature",
      "geometry": {
        "type": "Polygon",
        "coordinates": [
          [
            [
              25503009.022,
              6677467.029
            ],
            [
              25503009.737,
              6677469.024
            ],
            [
              25503005.652,
              6677470.487
            ],
            [
              25503004.937,
              6677468.492
            ],
            [
              25503009.022,
              6677467.029
            ]
          ]
        ]
      },
      "properties": {
        "confidence": 0.9419,
        "length_m": 4.34,
        "width_m": 2.12,
        "heading_deg": 109.7,
        "aoi": "r4-laippatie",
        "source_layer": "Ortoilmakuva_2025_5cm",
        "zoom": 16,
        "status": "confirmed",
        "class": "car"
      }
    },
    {
      "type": "Feature",
      "geometry": {
        "type": "Polygon",
        "coordinates": [
          [
            [
              25503121.413,
              6677578.126
            ],
            [
              25503122.306,
              6677580.24
            ],
            [
              25503117.828,
              6677582.131
            ],
            [
              25503116.935,
              6677580.017
            ],
            [
              25503121.413,
              6677578.126
            ]
          ]
        ]
      },
      "properties": {
        "confidence": 0.9413,
        "length_m": 4.86,
        "width_m": 2.29,
        "heading_deg": 112.9,
        "aoi": "r4-laippatie",
        "source_layer": "Ortoilmakuva_2025_5cm",
        "zoom": 16,
        "status": "confirmed",
        "class": "car"
      }
    },
    {
      "type": "Feature",
      "geometry": {
        "type": "Polygon",
        "coordinates": [
          [
            [
              25503038.254,
              6677573.196
            ],
            [
              25503039.229,
              6677575.414
            ],
            [
              25503034.49,
              6677577.497
            ],
            [
              25503033.515,
              6677575.279
            ],
            [
              25503038.254,
              6677573.196
            ]
          ]
        ]
      },
      "properties": {
        "confidence": 0.9411,
        "length_m": 5.18,
        "width_m": 2.42,
        "heading_deg": 113.7,
        "aoi": "r4-laippatie",
        "source_layer": "Ortoilmakuva_2025_5cm",
        "zoom": 16,
        "status": "confirmed",
        "class": "car"
      }
    },
    {
      "type": "Feature",
      "geometry": {
        "type": "Polygon",
        "coordinates": [
          [
            [
              25502946.905,
              6677537.106
            ],
            [
              25502947.689,
              6677538.921
            ],
            [
              25502943.797,
              6677540.605
            ],
            [
              25502943.012,
              6677538.79
            ],
            [
              25502946.905,
              6677537.106
            ]
          ]
        ]
      },
      "properties": {
        "confidence": 0.941,
        "length_m": 4.24,
        "width_m": 1.98,
        "heading_deg": 113.4,
        "aoi": "r4-laippatie",
        "source_layer": "Ortoilmakuva_2025_5cm",
        "zoom": 16,
        "status": "confirmed",
        "class": "car"
      }
    },
    {
      "type": "Feature",
      "geometry": {
        "type": "Polygon",
        "coordinates": [
          [
            [
              25503051.112,
              6677568.186
            ],
            [
              25503052.014,
              6677570.241
            ],
            [
              25503047.861,
              6677572.065
            ],
            [
              25503046.958,
              6677570.01
            ],
            [
              25503051.112,
              6677568.186
            ]
          ]
        ]
      },
      "properties": {
        "confidence": 0.9407,
        "length_m": 4.54,
        "width_m": 2.24,
        "heading_deg": 113.7,
        "aoi": "r4-laippatie",
        "source_layer": "Ortoilmakuva_2025_5cm",
        "zoom": 16,
        "status": "confirmed",
        "class": "car"
      }
    },
    {
      "type": "Feature",
      "geometry": {
        "type": "Polygon",
        "coordinates": [
          [
            [
              25503127.528,
              6677575.19
            ],
            [
              25503128.565,
              6677577.394
            ],
            [
              25503123.774,
              6677579.648
            ],
            [
              25503122.737,
              6677577.444
            ],
            [
              25503127.528,
              6677575.19
            ]
          ]
        ]
      },
      "properties": {
        "confidence": 0.9404,
        "length_m": 5.29,
        "width_m": 2.44,
        "heading_deg": 115.2,
        "aoi": "r4-laippatie",
        "source_layer": "Ortoilmakuva_2025_5cm",
        "zoom": 16,
        "status": "confirmed",
        "class": "car"
      }
    },
    {
      "type": "Feature",
      "geometry": {
        "type": "Polygon",
        "coordinates": [
          [
            [
              25503036.528,
              6677406.855
            ],
            [
              25503037.206,
              6677408.887
            ],
            [
              25503032.998,
              6677410.291
            ],
            [
              25503032.32,
              6677408.259
            ],
            [
              25503036.528,
              6677406.855
            ]
          ]
        ]
      },
      "properties": {
        "confidence": 0.9398,
        "length_m": 4.44,
        "width_m": 2.14,
        "heading_deg": 108.5,
        "aoi": "r4-laippatie",
        "source_layer": "Ortoilmakuva_2025_5cm",
        "zoom": 16,
        "status": "confirmed",
        "class": "car"
      }
    },
    {
      "type": "Feature",
      "geometry": {
        "type": "Polygon",
        "coordinates": [
          [
            [
              25503038.383,
              6677372.069
            ],
            [
              25503039.114,
              6677374.093
            ],
            [
              25503034.591,
              6677375.729
            ],
            [
              25503033.859,
              6677373.704
            ],
            [
              25503038.383,
              6677372.069
            ]
          ]
        ]
      },
      "properties": {
        "confidence": 0.9397,
        "length_m": 4.81,
        "width_m": 2.15,
        "heading_deg": 109.9,
        "aoi": "r4-laippatie",
        "source_layer": "Ortoilmakuva_2025_5cm",
        "zoom": 16,
        "status": "confirmed",
        "class": "car"
      }
    },
    {
      "type": "Feature",
      "geometry": {
        "type": "Polygon",
        "coordinates": [
          [
            [
              25503109.186,
              6677582.965
            ],
            [
              25503110.081,
              6677585.03
            ],
            [
              25503105.528,
              6677587.003
            ],
            [
              25503104.633,
              6677584.939
            ],
            [
              25503109.186,
              6677582.965
            ]
          ]
        ]
      },
      "properties": {
        "confidence": 0.9394,
        "length_m": 4.96,
        "width_m": 2.25,
        "heading_deg": 113.4,
        "aoi": "r4-laippatie",
        "source_layer": "Ortoilmakuva_2025_5cm",
        "zoom": 16,
        "status": "confirmed",
        "class": "car"
      }
    },
    {
      "type": "Feature",
      "geometry": {
        "type": "Polygon",
        "coordinates": [
          [
            [
              25503072.457,
              6677408.984
            ],
            [
              25503073.25,
              6677410.822
            ],
            [
              25503069.519,
              6677412.431
            ],
            [
              25503068.727,
              6677410.593
            ],
            [
              25503072.457,
              6677408.984
            ]
          ]
        ]
      },
      "properties": {
        "confidence": 0.9394,
        "length_m": 4.06,
        "width_m": 2,
        "heading_deg": 113.3,
        "aoi": "r4-laippatie",
        "source_layer": "Ortoilmakuva_2025_5cm",
        "zoom": 16,
        "status": "confirmed",
        "class": "car"
      }
    },
    {
      "type": "Feature",
      "geometry": {
        "type": "Polygon",
        "coordinates": [
          [
            [
              25503175.619,
              6677330.836
            ],
            [
              25503177.032,
              6677332.746
            ],
            [
              25503173.081,
              6677335.67
            ],
            [
              25503171.667,
              6677333.76
            ],
            [
              25503175.619,
              6677330.836
            ]
          ]
        ]
      },
      "properties": {
        "confidence": 0.9392,
        "length_m": 4.92,
        "width_m": 2.38,
        "heading_deg": 126.5,
        "aoi": "r4-laippatie",
        "source_layer": "Ortoilmakuva_2025_5cm",
        "zoom": 16,
        "status": "confirmed",
        "class": "car"
      }
    },
    {
      "type": "Feature",
      "geometry": {
        "type": "Polygon",
        "coordinates": [
          [
            [
              25503074.748,
              6677413.245
            ],
            [
              25503075.545,
              6677415.176
            ],
            [
              25503071.244,
              6677416.953
            ],
            [
              25503070.446,
              6677415.021
            ],
            [
              25503074.748,
              6677413.245
            ]
          ]
        ]
      },
      "properties": {
        "confidence": 0.9392,
        "length_m": 4.65,
        "width_m": 2.09,
        "heading_deg": 112.4,
        "aoi": "r4-laippatie",
        "source_layer": "Ortoilmakuva_2025_5cm",
        "zoom": 16,
        "status": "confirmed",
        "class": "car"
      }
    },
    {
      "type": "Feature",
      "geometry": {
        "type": "Polygon",
        "coordinates": [
          [
            [
              25503081.431,
              6677429.212
            ],
            [
              25503082.36,
              6677431.304
            ],
            [
              25503077.844,
              6677433.311
            ],
            [
              25503076.915,
              6677431.219
            ],
            [
              25503081.431,
              6677429.212
            ]
          ]
        ]
      },
      "properties": {
        "confidence": 0.9388,
        "length_m": 4.94,
        "width_m": 2.29,
        "heading_deg": 114,
        "aoi": "r4-laippatie",
        "source_layer": "Ortoilmakuva_2025_5cm",
        "zoom": 16,
        "status": "confirmed",
        "class": "car"
      }
    },
    {
      "type": "Feature",
      "geometry": {
        "type": "Polygon",
        "coordinates": [
          [
            [
              25503095.106,
              6677423.827
            ],
            [
              25503096.015,
              6677426.025
            ],
            [
              25503091.19,
              6677428.02
            ],
            [
              25503090.281,
              6677425.822
            ],
            [
              25503095.106,
              6677423.827
            ]
          ]
        ]
      },
      "properties": {
        "confidence": 0.9388,
        "length_m": 5.22,
        "width_m": 2.38,
        "heading_deg": 112.5,
        "aoi": "r4-laippatie",
        "source_layer": "Ortoilmakuva_2025_5cm",
        "zoom": 16,
        "status": "confirmed",
        "class": "car"
      }
    },
    {
      "type": "Feature",
      "geometry": {
        "type": "Polygon",
        "coordinates": [
          [
            [
              25503055.552,
              6677398.862
            ],
            [
              25503056.536,
              6677401.136
            ],
            [
              25503051.549,
              6677403.295
            ],
            [
              25503050.565,
              6677401.021
            ],
            [
              25503055.552,
              6677398.862
            ]
          ]
        ]
      },
      "properties": {
        "confidence": 0.9386,
        "length_m": 5.43,
        "width_m": 2.48,
        "heading_deg": 113.4,
        "aoi": "r4-laippatie",
        "source_layer": "Ortoilmakuva_2025_5cm",
        "zoom": 16,
        "status": "confirmed",
        "class": "car"
      }
    },
    {
      "type": "Feature",
      "geometry": {
        "type": "Polygon",
        "coordinates": [
          [
            [
              25503038.436,
              6677521.198
            ],
            [
              25503039.326,
              6677523.315
            ],
            [
              25503034.683,
              6677525.268
            ],
            [
              25503033.793,
              6677523.151
            ],
            [
              25503038.436,
              6677521.198
            ]
          ]
        ]
      },
      "properties": {
        "confidence": 0.9384,
        "length_m": 5.04,
        "width_m": 2.3,
        "heading_deg": 112.8,
        "aoi": "r4-laippatie",
        "source_layer": "Ortoilmakuva_2025_5cm",
        "zoom": 16,
        "status": "confirmed",
        "class": "car"
      }
    },
    {
      "type": "Feature",
      "geometry": {
        "type": "Polygon",
        "coordinates": [
          [
            [
              25503062.071,
              6677496.259
            ],
            [
              25503062.959,
              6677498.351
            ],
            [
              25503058.856,
              6677500.094
            ],
            [
              25503057.968,
              6677498.003
            ],
            [
              25503062.071,
              6677496.259
            ]
          ]
        ]
      },
      "properties": {
        "confidence": 0.9379,
        "length_m": 4.46,
        "width_m": 2.27,
        "heading_deg": 113,
        "aoi": "r4-laippatie",
        "source_layer": "Ortoilmakuva_2025_5cm",
        "zoom": 16,
        "status": "confirmed",
        "class": "car"
      }
    },
    {
      "type": "Feature",
      "geometry": {
        "type": "Polygon",
        "coordinates": [
          [
            [
              25503051.294,
              6677519.238
            ],
            [
              25503052.178,
              6677521.182
            ],
            [
              25503048.324,
              6677522.934
            ],
            [
              25503047.44,
              6677520.99
            ],
            [
              25503051.294,
              6677519.238
            ]
          ]
        ]
      },
      "properties": {
        "confidence": 0.9377,
        "length_m": 4.23,
        "width_m": 2.14,
        "heading_deg": 114.4,
        "aoi": "r4-laippatie",
        "source_layer": "Ortoilmakuva_2025_5cm",
        "zoom": 16,
        "status": "confirmed",
        "class": "car"
      }
    },
    {
      "type": "Feature",
      "geometry": {
        "type": "Polygon",
        "coordinates": [
          [
            [
              25503087.098,
              6677402.733
            ],
            [
              25503088.024,
              6677404.854
            ],
            [
              25503083.571,
              6677406.799
            ],
            [
              25503082.645,
              6677404.678
            ],
            [
              25503087.098,
              6677402.733
            ]
          ]
        ]
      },
      "properties": {
        "confidence": 0.9372,
        "length_m": 4.86,
        "width_m": 2.31,
        "heading_deg": 113.6,
        "aoi": "r4-laippatie",
        "source_layer": "Ortoilmakuva_2025_5cm",
        "zoom": 16,
        "status": "confirmed",
        "class": "car"
      }
    },
    {
      "type": "Feature",
      "geometry": {
        "type": "Polygon",
        "coordinates": [
          [
            [
              25503041.048,
              6677362.732
            ],
            [
              25503041.911,
              6677365.057
            ],
            [
              25503036.589,
              6677367.032
            ],
            [
              25503035.727,
              6677364.707
            ],
            [
              25503041.048,
              6677362.732
            ]
          ]
        ]
      },
      "properties": {
        "confidence": 0.9363,
        "length_m": 5.68,
        "width_m": 2.48,
        "heading_deg": 110.4,
        "aoi": "r4-laippatie",
        "source_layer": "Ortoilmakuva_2025_5cm",
        "zoom": 16,
        "status": "confirmed",
        "class": "car"
      }
    },
    {
      "type": "Feature",
      "geometry": {
        "type": "Polygon",
        "coordinates": [
          [
            [
              25503128.082,
              6677567.723
            ],
            [
              25503128.912,
              6677569.717
            ],
            [
              25503124.516,
              6677571.547
            ],
            [
              25503123.687,
              6677569.552
            ],
            [
              25503128.082,
              6677567.723
            ]
          ]
        ]
      },
      "properties": {
        "confidence": 0.9361,
        "length_m": 4.76,
        "width_m": 2.16,
        "heading_deg": 112.6,
        "aoi": "r4-laippatie",
        "source_layer": "Ortoilmakuva_2025_5cm",
        "zoom": 16,
        "status": "confirmed",
        "class": "car"
      }
    },
    {
      "type": "Feature",
      "geometry": {
        "type": "Polygon",
        "coordinates": [
          [
            [
              25503041.912,
              6677583.147
            ],
            [
              25503042.768,
              6677585.252
            ],
            [
              25503038.306,
              6677587.067
            ],
            [
              25503037.449,
              6677584.962
            ],
            [
              25503041.912,
              6677583.147
            ]
          ]
        ]
      },
      "properties": {
        "confidence": 0.9361,
        "length_m": 4.82,
        "width_m": 2.27,
        "heading_deg": 112.1,
        "aoi": "r4-laippatie",
        "source_layer": "Ortoilmakuva_2025_5cm",
        "zoom": 16,
        "status": "confirmed",
        "class": "car"
      }
    },
    {
      "type": "Feature",
      "geometry": {
        "type": "Polygon",
        "coordinates": [
          [
            [
              25503094.903,
              6677580.465
            ],
            [
              25503095.966,
              6677582.58
            ],
            [
              25503091.435,
              6677584.856
            ],
            [
              25503090.373,
              6677582.742
            ],
            [
              25503094.903,
              6677580.465
            ]
          ]
        ]
      },
      "properties": {
        "confidence": 0.9359,
        "length_m": 5.07,
        "width_m": 2.37,
        "heading_deg": 116.7,
        "aoi": "r4-laippatie",
        "source_layer": "Ortoilmakuva_2025_5cm",
        "zoom": 16,
        "status": "confirmed",
        "class": "car"
      }
    },
    {
      "type": "Feature",
      "geometry": {
        "type": "Polygon",
        "coordinates": [
          [
            [
              25503012.81,
              6677476.31
            ],
            [
              25503013.617,
              6677478.384
            ],
            [
              25503009.226,
              6677480.091
            ],
            [
              25503008.42,
              6677478.016
            ],
            [
              25503012.81,
              6677476.31
            ]
          ]
        ]
      },
      "properties": {
        "confidence": 0.9358,
        "length_m": 4.71,
        "width_m": 2.23,
        "heading_deg": 111.2,
        "aoi": "r4-laippatie",
        "source_layer": "Ortoilmakuva_2025_5cm",
        "zoom": 16,
        "status": "confirmed",
        "class": "car"
      }
    },
    {
      "type": "Feature",
      "geometry": {
        "type": "Polygon",
        "coordinates": [
          [
            [
              25503097.612,
              6677428.217
            ],
            [
              25503098.527,
              6677430.506
            ],
            [
              25503093.51,
              6677432.512
            ],
            [
              25503092.595,
              6677430.224
            ],
            [
              25503097.612,
              6677428.217
            ]
          ]
        ]
      },
      "properties": {
        "confidence": 0.9354,
        "length_m": 5.4,
        "width_m": 2.47,
        "heading_deg": 111.8,
        "aoi": "r4-laippatie",
        "source_layer": "Ortoilmakuva_2025_5cm",
        "zoom": 16,
        "status": "confirmed",
        "class": "car"
      }
    },
    {
      "type": "Feature",
      "geometry": {
        "type": "Polygon",
        "coordinates": [
          [
            [
              25503036.739,
              6677353.323
            ],
            [
              25503037.893,
              6677355.947
            ],
            [
              25503030.815,
              6677359.058
            ],
            [
              25503029.661,
              6677356.434
            ],
            [
              25503036.739,
              6677353.323
            ]
          ]
        ]
      },
      "properties": {
        "confidence": 0.9354,
        "length_m": 7.73,
        "width_m": 2.87,
        "heading_deg": 113.7,
        "aoi": "r4-laippatie",
        "source_layer": "Ortoilmakuva_2025_5cm",
        "zoom": 16,
        "status": "confirmed",
        "class": "truck"
      }
    },
    {
      "type": "Feature",
      "geometry": {
        "type": "Polygon",
        "coordinates": [
          [
            [
              25503059.786,
              6677491.389
            ],
            [
              25503060.656,
              6677493.421
            ],
            [
              25503056.237,
              6677495.312
            ],
            [
              25503055.367,
              6677493.28
            ],
            [
              25503059.786,
              6677491.389
            ]
          ]
        ]
      },
      "properties": {
        "confidence": 0.9354,
        "length_m": 4.81,
        "width_m": 2.21,
        "heading_deg": 113.2,
        "aoi": "r4-laippatie",
        "source_layer": "Ortoilmakuva_2025_5cm",
        "zoom": 16,
        "status": "confirmed",
        "class": "car"
      }
    },
    {
      "type": "Feature",
      "geometry": {
        "type": "Polygon",
        "coordinates": [
          [
            [
              25503017.274,
              6677471.566
            ],
            [
              25503018.252,
              6677473.705
            ],
            [
              25503013.967,
              6677475.665
            ],
            [
              25503012.989,
              6677473.526
            ],
            [
              25503017.274,
              6677471.566
            ]
          ]
        ]
      },
      "properties": {
        "confidence": 0.9353,
        "length_m": 4.71,
        "width_m": 2.35,
        "heading_deg": 114.6,
        "aoi": "r4-laippatie",
        "source_layer": "Ortoilmakuva_2025_5cm",
        "zoom": 16,
        "status": "confirmed",
        "class": "car"
      }
    },
    {
      "type": "Feature",
      "geometry": {
        "type": "Polygon",
        "coordinates": [
          [
            [
              25503055.395,
              6677354.343
            ],
            [
              25503056.29,
              6677356.413
            ],
            [
              25503051.886,
              6677358.317
            ],
            [
              25503050.991,
              6677356.246
            ],
            [
              25503055.395,
              6677354.343
            ]
          ]
        ]
      },
      "properties": {
        "confidence": 0.935,
        "length_m": 4.8,
        "width_m": 2.26,
        "heading_deg": 113.4,
        "aoi": "r4-laippatie",
        "source_layer": "Ortoilmakuva_2025_5cm",
        "zoom": 16,
        "status": "confirmed",
        "class": "car"
      }
    },
    {
      "type": "Feature",
      "geometry": {
        "type": "Polygon",
        "coordinates": [
          [
            [
              25503041.525,
              6677404.46
            ],
            [
              25503042.322,
              6677406.502
            ],
            [
              25503037.873,
              6677408.238
            ],
            [
              25503037.076,
              6677406.196
            ],
            [
              25503041.525,
              6677404.46
            ]
          ]
        ]
      },
      "properties": {
        "confidence": 0.935,
        "length_m": 4.78,
        "width_m": 2.19,
        "heading_deg": 111.3,
        "aoi": "r4-laippatie",
        "source_layer": "Ortoilmakuva_2025_5cm",
        "zoom": 16,
        "status": "confirmed",
        "class": "car"
      }
    },
    {
      "type": "Feature",
      "geometry": {
        "type": "Polygon",
        "coordinates": [
          [
            [
              25503018.323,
              6677473.861
            ],
            [
              25503019.277,
              6677476.042
            ],
            [
              25503014.666,
              6677478.061
            ],
            [
              25503013.712,
              6677475.881
            ],
            [
              25503018.323,
              6677473.861
            ]
          ]
        ]
      },
      "properties": {
        "confidence": 0.9342,
        "length_m": 5.03,
        "width_m": 2.38,
        "heading_deg": 113.6,
        "aoi": "r4-laippatie",
        "source_layer": "Ortoilmakuva_2025_5cm",
        "zoom": 16,
        "status": "confirmed",
        "class": "car"
      }
    },
    {
      "type": "Feature",
      "geometry": {
        "type": "Polygon",
        "coordinates": [
          [
            [
              25503043.542,
              6677548.609
            ],
            [
              25503044.465,
              6677550.892
            ],
            [
              25503039.254,
              6677552.999
            ],
            [
              25503038.331,
              6677550.715
            ],
            [
              25503043.542,
              6677548.609
            ]
          ]
        ]
      },
      "properties": {
        "confidence": 0.9339,
        "length_m": 5.62,
        "width_m": 2.46,
        "heading_deg": 112,
        "aoi": "r4-laippatie",
        "source_layer": "Ortoilmakuva_2025_5cm",
        "zoom": 16,
        "status": "confirmed",
        "class": "van"
      }
    },
    {
      "type": "Feature",
      "geometry": {
        "type": "Polygon",
        "coordinates": [
          [
            [
              25503154.167,
              6677443.589
            ],
            [
              25503156.245,
              6677442.739
            ],
            [
              25503157.98,
              6677446.982
            ],
            [
              25503155.902,
              6677447.832
            ],
            [
              25503154.167,
              6677443.589
            ]
          ]
        ]
      },
      "properties": {
        "confidence": 0.9338,
        "length_m": 4.58,
        "width_m": 2.25,
        "heading_deg": 22.2,
        "aoi": "r4-laippatie",
        "source_layer": "Ortoilmakuva_2025_5cm",
        "zoom": 16,
        "status": "confirmed",
        "class": "car"
      }
    },
    {
      "type": "Feature",
      "geometry": {
        "type": "Polygon",
        "coordinates": [
          [
            [
              25502951.864,
              6677534.861
            ],
            [
              25502952.764,
              6677536.898
            ],
            [
              25502948.496,
              6677538.783
            ],
            [
              25502947.596,
              6677536.746
            ],
            [
              25502951.864,
              6677534.861
            ]
          ]
        ]
      },
      "properties": {
        "confidence": 0.9331,
        "length_m": 4.67,
        "width_m": 2.23,
        "heading_deg": 113.8,
        "aoi": "r4-laippatie",
        "source_layer": "Ortoilmakuva_2025_5cm",
        "zoom": 16,
        "status": "confirmed",
        "class": "car"
      }
    },
    {
      "type": "Feature",
      "geometry": {
        "type": "Polygon",
        "coordinates": [
          [
            [
              25503083.486,
              6677434.465
            ],
            [
              25503084.461,
              6677436.755
            ],
            [
              25503079.635,
              6677438.81
            ],
            [
              25503078.659,
              6677436.52
            ],
            [
              25503083.486,
              6677434.465
            ]
          ]
        ]
      },
      "properties": {
        "confidence": 0.9329,
        "length_m": 5.25,
        "width_m": 2.49,
        "heading_deg": 113.1,
        "aoi": "r4-laippatie",
        "source_layer": "Ortoilmakuva_2025_5cm",
        "zoom": 16,
        "status": "confirmed",
        "class": "car"
      }
    },
    {
      "type": "Feature",
      "geometry": {
        "type": "Polygon",
        "coordinates": [
          [
            [
              25502999.856,
              6677468.393
            ],
            [
              25503000.546,
              6677470.825
            ],
            [
              25502994.99,
              6677472.401
            ],
            [
              25502994.301,
              6677469.968
            ],
            [
              25502999.856,
              6677468.393
            ]
          ]
        ]
      },
      "properties": {
        "confidence": 0.9329,
        "length_m": 5.78,
        "width_m": 2.53,
        "heading_deg": 105.8,
        "aoi": "r4-laippatie",
        "source_layer": "Ortoilmakuva_2025_5cm",
        "zoom": 16,
        "status": "confirmed",
        "class": "car"
      }
    },
    {
      "type": "Feature",
      "geometry": {
        "type": "Polygon",
        "coordinates": [
          [
            [
              25503085,
              6677437.358
            ],
            [
              25503085.893,
              6677439.482
            ],
            [
              25503081.391,
              6677441.374
            ],
            [
              25503080.498,
              6677439.25
            ],
            [
              25503085,
              6677437.358
            ]
          ]
        ]
      },
      "properties": {
        "confidence": 0.9328,
        "length_m": 4.88,
        "width_m": 2.3,
        "heading_deg": 112.8,
        "aoi": "r4-laippatie",
        "source_layer": "Ortoilmakuva_2025_5cm",
        "zoom": 16,
        "status": "confirmed",
        "class": "car"
      }
    },
    {
      "type": "Feature",
      "geometry": {
        "type": "Polygon",
        "coordinates": [
          [
            [
              25503056.829,
              6677356.611
            ],
            [
              25503057.69,
              6677358.743
            ],
            [
              25503052.913,
              6677360.673
            ],
            [
              25503052.052,
              6677358.542
            ],
            [
              25503056.829,
              6677356.611
            ]
          ]
        ]
      },
      "properties": {
        "confidence": 0.9324,
        "length_m": 5.15,
        "width_m": 2.3,
        "heading_deg": 112,
        "aoi": "r4-laippatie",
        "source_layer": "Ortoilmakuva_2025_5cm",
        "zoom": 16,
        "status": "confirmed",
        "class": "car"
      }
    },
    {
      "type": "Feature",
      "geometry": {
        "type": "Polygon",
        "coordinates": [
          [
            [
              25502946.417,
              6677433.72
            ],
            [
              25502947.274,
              6677435.716
            ],
            [
              25502943.052,
              6677437.529
            ],
            [
              25502942.195,
              6677435.533
            ],
            [
              25502946.417,
              6677433.72
            ]
          ]
        ]
      },
      "properties": {
        "confidence": 0.9324,
        "length_m": 4.59,
        "width_m": 2.17,
        "heading_deg": 113.2,
        "aoi": "r4-laippatie",
        "source_layer": "Ortoilmakuva_2025_5cm",
        "zoom": 16,
        "status": "confirmed",
        "class": "car"
      }
    },
    {
      "type": "Feature",
      "geometry": {
        "type": "Polygon",
        "coordinates": [
          [
            [
              25503132.945,
              6677432.561
            ],
            [
              25503135.288,
              6677431.863
            ],
            [
              25503136.714,
              6677436.656
            ],
            [
              25503134.371,
              6677437.353
            ],
            [
              25503132.945,
              6677432.561
            ]
          ]
        ]
      },
      "properties": {
        "confidence": 0.9322,
        "length_m": 5,
        "width_m": 2.44,
        "heading_deg": 16.6,
        "aoi": "r4-laippatie",
        "source_layer": "Ortoilmakuva_2025_5cm",
        "zoom": 16,
        "status": "confirmed",
        "class": "car"
      }
    },
    {
      "type": "Feature",
      "geometry": {
        "type": "Polygon",
        "coordinates": [
          [
            [
              25503053.464,
              6677558.763
            ],
            [
              25503054.426,
              6677560.882
            ],
            [
              25503050.002,
              6677562.89
            ],
            [
              25503049.04,
              6677560.771
            ],
            [
              25503053.464,
              6677558.763
            ]
          ]
        ]
      },
      "properties": {
        "confidence": 0.9318,
        "length_m": 4.86,
        "width_m": 2.33,
        "heading_deg": 114.4,
        "aoi": "r4-laippatie",
        "source_layer": "Ortoilmakuva_2025_5cm",
        "zoom": 16,
        "status": "confirmed",
        "class": "car"
      }
    },
    {
      "type": "Feature",
      "geometry": {
        "type": "Polygon",
        "coordinates": [
          [
            [
              25503033.294,
              6677505.868
            ],
            [
              25503034.364,
              6677508.307
            ],
            [
              25503028.788,
              6677510.755
            ],
            [
              25503027.717,
              6677508.316
            ],
            [
              25503033.294,
              6677505.868
            ]
          ]
        ]
      },
      "properties": {
        "confidence": 0.9318,
        "length_m": 6.09,
        "width_m": 2.66,
        "heading_deg": 113.7,
        "aoi": "r4-laippatie",
        "source_layer": "Ortoilmakuva_2025_5cm",
        "zoom": 16,
        "status": "confirmed",
        "class": "van"
      }
    },
    {
      "type": "Feature",
      "geometry": {
        "type": "Polygon",
        "coordinates": [
          [
            [
              25503050.214,
              6677551.628
            ],
            [
              25503051.076,
              6677553.652
            ],
            [
              25503046.913,
              6677555.423
            ],
            [
              25503046.052,
              6677553.398
            ],
            [
              25503050.214,
              6677551.628
            ]
          ]
        ]
      },
      "properties": {
        "confidence": 0.9317,
        "length_m": 4.52,
        "width_m": 2.2,
        "heading_deg": 113,
        "aoi": "r4-laippatie",
        "source_layer": "Ortoilmakuva_2025_5cm",
        "zoom": 16,
        "status": "confirmed",
        "class": "car"
      }
    },
    {
      "type": "Feature",
      "geometry": {
        "type": "Polygon",
        "coordinates": [
          [
            [
              25503118.135,
              6677414.443
            ],
            [
              25503118.769,
              6677416.976
            ],
            [
              25503110.475,
              6677419.05
            ],
            [
              25503109.841,
              6677416.516
            ],
            [
              25503118.135,
              6677414.443
            ]
          ]
        ]
      },
      "properties": {
        "confidence": 0.9315,
        "length_m": 8.55,
        "width_m": 2.61,
        "heading_deg": 104,
        "aoi": "r4-laippatie",
        "source_layer": "Ortoilmakuva_2025_5cm",
        "zoom": 16,
        "status": "rejected",
        "class": ""
      }
    },
    {
      "type": "Feature",
      "geometry": {
        "type": "Polygon",
        "coordinates": [
          [
            [
              25503050.079,
              6677401.274
            ],
            [
              25503050.993,
              6677403.24
            ],
            [
              25503046.915,
              6677405.134
            ],
            [
              25503046.002,
              6677403.167
            ],
            [
              25503050.079,
              6677401.274
            ]
          ]
        ]
      },
      "properties": {
        "confidence": 0.9315,
        "length_m": 4.5,
        "width_m": 2.17,
        "heading_deg": 114.9,
        "aoi": "r4-laippatie",
        "source_layer": "Ortoilmakuva_2025_5cm",
        "zoom": 16,
        "status": "confirmed",
        "class": "car"
      }
    },
    {
      "type": "Feature",
      "geometry": {
        "type": "Polygon",
        "coordinates": [
          [
            [
              25503053.334,
              6677363.207
            ],
            [
              25503054.257,
              6677365.212
            ],
            [
              25503049.964,
              6677367.19
            ],
            [
              25503049.04,
              6677365.186
            ],
            [
              25503053.334,
              6677363.207
            ]
          ]
        ]
      },
      "properties": {
        "confidence": 0.9312,
        "length_m": 4.73,
        "width_m": 2.21,
        "heading_deg": 114.7,
        "aoi": "r4-laippatie",
        "source_layer": "Ortoilmakuva_2025_5cm",
        "zoom": 16,
        "status": "confirmed",
        "class": "car"
      }
    },
    {
      "type": "Feature",
      "geometry": {
        "type": "Polygon",
        "coordinates": [
          [
            [
              25503051.945,
              6677360.999
            ],
            [
              25503052.872,
              6677363.086
            ],
            [
              25503048.315,
              6677365.11
            ],
            [
              25503047.388,
              6677363.023
            ],
            [
              25503051.945,
              6677360.999
            ]
          ]
        ]
      },
      "properties": {
        "confidence": 0.9309,
        "length_m": 4.99,
        "width_m": 2.28,
        "heading_deg": 113.9,
        "aoi": "r4-laippatie",
        "source_layer": "Ortoilmakuva_2025_5cm",
        "zoom": 16,
        "status": "confirmed",
        "class": "car"
      }
    },
    {
      "type": "Feature",
      "geometry": {
        "type": "Polygon",
        "coordinates": [
          [
            [
              25503149.31,
              6677452.506
            ],
            [
              25503151.498,
              6677451.742
            ],
            [
              25503153.117,
              6677456.379
            ],
            [
              25503150.929,
              6677457.143
            ],
            [
              25503149.31,
              6677452.506
            ]
          ]
        ]
      },
      "properties": {
        "confidence": 0.9308,
        "length_m": 4.91,
        "width_m": 2.32,
        "heading_deg": 19.2,
        "aoi": "r4-laippatie",
        "source_layer": "Ortoilmakuva_2025_5cm",
        "zoom": 16,
        "status": "confirmed",
        "class": "car"
      }
    },
    {
      "type": "Feature",
      "geometry": {
        "type": "Polygon",
        "coordinates": [
          [
            [
              25503137.371,
              6677436.448
            ],
            [
              25503139.607,
              6677435.784
            ],
            [
              25503141.036,
              6677440.597
            ],
            [
              25503138.799,
              6677441.261
            ],
            [
              25503137.371,
              6677436.448
            ]
          ]
        ]
      },
      "properties": {
        "confidence": 0.9304,
        "length_m": 5.02,
        "width_m": 2.33,
        "heading_deg": 16.5,
        "aoi": "r4-laippatie",
        "source_layer": "Ortoilmakuva_2025_5cm",
        "zoom": 16,
        "status": "confirmed",
        "class": "car"
      }
    },
    {
      "type": "Feature",
      "geometry": {
        "type": "Polygon",
        "coordinates": [
          [
            [
              25503031.81,
              6677408.565
            ],
            [
              25503032.548,
              6677410.57
            ],
            [
              25503028.135,
              6677412.195
            ],
            [
              25503027.397,
              6677410.19
            ],
            [
              25503031.81,
              6677408.565
            ]
          ]
        ]
      },
      "properties": {
        "confidence": 0.9303,
        "length_m": 4.7,
        "width_m": 2.14,
        "heading_deg": 110.2,
        "aoi": "r4-laippatie",
        "source_layer": "Ortoilmakuva_2025_5cm",
        "zoom": 16,
        "status": "confirmed",
        "class": "car"
      }
    },
    {
      "type": "Feature",
      "geometry": {
        "type": "Polygon",
        "coordinates": [
          [
            [
              25503054.483,
              6677561.363
            ],
            [
              25503055.394,
              6677563.274
            ],
            [
              25503051.111,
              6677565.317
            ],
            [
              25503050.2,
              6677563.406
            ],
            [
              25503054.483,
              6677561.363
            ]
          ]
        ]
      },
      "properties": {
        "confidence": 0.93,
        "length_m": 4.75,
        "width_m": 2.12,
        "heading_deg": 115.5,
        "aoi": "r4-laippatie",
        "source_layer": "Ortoilmakuva_2025_5cm",
        "zoom": 16,
        "status": "confirmed",
        "class": "car"
      }
    },
    {
      "type": "Feature",
      "geometry": {
        "type": "Polygon",
        "coordinates": [
          [
            [
              25503058.402,
              6677361.345
            ],
            [
              25503059.309,
              6677363.427
            ],
            [
              25503055.099,
              6677365.262
            ],
            [
              25503054.192,
              6677363.18
            ],
            [
              25503058.402,
              6677361.345
            ]
          ]
        ]
      },
      "properties": {
        "confidence": 0.93,
        "length_m": 4.59,
        "width_m": 2.27,
        "heading_deg": 113.6,
        "aoi": "r4-laippatie",
        "source_layer": "Ortoilmakuva_2025_5cm",
        "zoom": 16,
        "status": "confirmed",
        "class": "car"
      }
    },
    {
      "type": "Feature",
      "geometry": {
        "type": "Polygon",
        "coordinates": [
          [
            [
              25503012.399,
              6677366.751
            ],
            [
              25503013.486,
              6677369.192
            ],
            [
              25503008.602,
              6677371.367
            ],
            [
              25503007.515,
              6677368.926
            ],
            [
              25503012.399,
              6677366.751
            ]
          ]
        ]
      },
      "properties": {
        "confidence": 0.93,
        "length_m": 5.35,
        "width_m": 2.67,
        "heading_deg": 114,
        "aoi": "r4-laippatie",
        "source_layer": "Ortoilmakuva_2025_5cm",
        "zoom": 16,
        "status": "confirmed",
        "class": "truck"
      }
    },
    {
      "type": "Feature",
      "geometry": {
        "type": "Polygon",
        "coordinates": [
          [
            [
              25503049.572,
              6677563.25
            ],
            [
              25503050.414,
              6677565.308
            ],
            [
              25503045.834,
              6677567.18
            ],
            [
              25503044.993,
              6677565.122
            ],
            [
              25503049.572,
              6677563.25
            ]
          ]
        ]
      },
      "properties": {
        "confidence": 0.93,
        "length_m": 4.95,
        "width_m": 2.22,
        "heading_deg": 112.2,
        "aoi": "r4-laippatie",
        "source_layer": "Ortoilmakuva_2025_5cm",
        "zoom": 16,
        "status": "confirmed",
        "class": "car"
      }
    },
    {
      "type": "Feature",
      "geometry": {
        "type": "Polygon",
        "coordinates": [
          [
            [
              25503061.343,
              6677365.277
            ],
            [
              25503062.425,
              6677367.57
            ],
            [
              25503056.573,
              6677370.332
            ],
            [
              25503055.491,
              6677368.04
            ],
            [
              25503061.343,
              6677365.277
            ]
          ]
        ]
      },
      "properties": {
        "confidence": 0.9297,
        "length_m": 6.47,
        "width_m": 2.54,
        "heading_deg": 115.3,
        "aoi": "r4-laippatie",
        "source_layer": "Ortoilmakuva_2025_5cm",
        "zoom": 16,
        "status": "confirmed",
        "class": "van"
      }
    },
    {
      "type": "Feature",
      "geometry": {
        "type": "Polygon",
        "coordinates": [
          [
            [
              25502990.469,
              6677425.054
            ],
            [
              25502991.274,
              6677427.182
            ],
            [
              25502986.569,
              6677428.963
            ],
            [
              25502985.764,
              6677426.836
            ],
            [
              25502990.469,
              6677425.054
            ]
          ]
        ]
      },
      "properties": {
        "confidence": 0.9294,
        "length_m": 5.03,
        "width_m": 2.28,
        "heading_deg": 110.7,
        "aoi": "r4-laippatie",
        "source_layer": "Ortoilmakuva_2025_5cm",
        "zoom": 16,
        "status": "confirmed",
        "class": "car"
      }
    },
    {
      "type": "Feature",
      "geometry": {
        "type": "Polygon",
        "coordinates": [
          [
            [
              25503100.465,
              6677435.134
            ],
            [
              25503101.518,
              6677437.384
            ],
            [
              25503096.879,
              6677439.555
            ],
            [
              25503095.826,
              6677437.306
            ],
            [
              25503100.465,
              6677435.134
            ]
          ]
        ]
      },
      "properties": {
        "confidence": 0.9289,
        "length_m": 5.12,
        "width_m": 2.48,
        "heading_deg": 115.1,
        "aoi": "r4-laippatie",
        "source_layer": "Ortoilmakuva_2025_5cm",
        "zoom": 16,
        "status": "confirmed",
        "class": "car"
      }
    },
    {
      "type": "Feature",
      "geometry": {
        "type": "Polygon",
        "coordinates": [
          [
            [
              25503092.247,
              6677414.105
            ],
            [
              25503093.299,
              6677416.353
            ],
            [
              25503088.522,
              6677418.589
            ],
            [
              25503087.47,
              6677416.341
            ],
            [
              25503092.247,
              6677414.105
            ]
          ]
        ]
      },
      "properties": {
        "confidence": 0.9289,
        "length_m": 5.27,
        "width_m": 2.48,
        "heading_deg": 115.1,
        "aoi": "r4-laippatie",
        "source_layer": "Ortoilmakuva_2025_5cm",
        "zoom": 16,
        "status": "confirmed",
        "class": "car"
      }
    },
    {
      "type": "Feature",
      "geometry": {
        "type": "Polygon",
        "coordinates": [
          [
            [
              25503089.705,
              6677410.011
            ],
            [
              25503090.521,
              6677412.031
            ],
            [
              25503086.551,
              6677413.634
            ],
            [
              25503085.735,
              6677411.614
            ],
            [
              25503089.705,
              6677410.011
            ]
          ]
        ]
      },
      "properties": {
        "confidence": 0.9287,
        "length_m": 4.28,
        "width_m": 2.18,
        "heading_deg": 112,
        "aoi": "r4-laippatie",
        "source_layer": "Ortoilmakuva_2025_5cm",
        "zoom": 16,
        "status": "confirmed",
        "class": "car"
      }
    },
    {
      "type": "Feature",
      "geometry": {
        "type": "Polygon",
        "coordinates": [
          [
            [
              25503166.199,
              6677479.515
            ],
            [
              25503168.218,
              6677478.897
            ],
            [
              25503169.403,
              6677482.771
            ],
            [
              25503167.384,
              6677483.389
            ],
            [
              25503166.199,
              6677479.515
            ]
          ]
        ]
      },
      "properties": {
        "confidence": 0.9287,
        "length_m": 4.05,
        "width_m": 2.11,
        "heading_deg": 17,
        "aoi": "r4-laippatie",
        "source_layer": "Ortoilmakuva_2025_5cm",
        "zoom": 16,
        "status": "confirmed",
        "class": "car"
      }
    },
    {
      "type": "Feature",
      "geometry": {
        "type": "Polygon",
        "coordinates": [
          [
            [
              25502942.395,
              6677487.884
            ],
            [
              25502944.451,
              6677487.148
            ],
            [
              25502945.874,
              6677491.123
            ],
            [
              25502943.818,
              6677491.859
            ],
            [
              25502942.395,
              6677487.884
            ]
          ]
        ]
      },
      "properties": {
        "confidence": 0.9284,
        "length_m": 4.22,
        "width_m": 2.18,
        "heading_deg": 19.7,
        "aoi": "r4-laippatie",
        "source_layer": "Ortoilmakuva_2025_5cm",
        "zoom": 16,
        "status": "confirmed",
        "class": "car"
      }
    },
    {
      "type": "Feature",
      "geometry": {
        "type": "Polygon",
        "coordinates": [
          [
            [
              25503009.352,
              6677577.212
            ],
            [
              25503009.187,
              6677579.361
            ],
            [
              25503004.656,
              6677579.014
            ],
            [
              25503004.82,
              6677576.865
            ],
            [
              25503009.352,
              6677577.212
            ]
          ]
        ]
      },
      "properties": {
        "confidence": 0.9284,
        "length_m": 4.54,
        "width_m": 2.16,
        "heading_deg": 85.6,
        "aoi": "r4-laippatie",
        "source_layer": "Ortoilmakuva_2025_5cm",
        "zoom": 16,
        "status": "confirmed",
        "class": "car"
      }
    },
    {
      "type": "Feature",
      "geometry": {
        "type": "Polygon",
        "coordinates": [
          [
            [
              25503032.97,
              6677493.17
            ],
            [
              25503035.005,
              6677492.35
            ],
            [
              25503036.797,
              6677496.798
            ],
            [
              25503034.762,
              6677497.618
            ],
            [
              25503032.97,
              6677493.17
            ]
          ]
        ]
      },
      "properties": {
        "confidence": 0.9284,
        "length_m": 4.8,
        "width_m": 2.19,
        "heading_deg": 21.9,
        "aoi": "r4-laippatie",
        "source_layer": "Ortoilmakuva_2025_5cm",
        "zoom": 16,
        "status": "confirmed",
        "class": "car"
      }
    },
    {
      "type": "Feature",
      "geometry": {
        "type": "Polygon",
        "coordinates": [
          [
            [
              25503041.791,
              6677579.225
            ],
            [
              25503042.523,
              6677581.665
            ],
            [
              25503036.757,
              6677583.394
            ],
            [
              25503036.025,
              6677580.953
            ],
            [
              25503041.791,
              6677579.225
            ]
          ]
        ]
      },
      "properties": {
        "confidence": 0.9282,
        "length_m": 6.02,
        "width_m": 2.55,
        "heading_deg": 106.7,
        "aoi": "r4-laippatie",
        "source_layer": "Ortoilmakuva_2025_5cm",
        "zoom": 16,
        "status": "confirmed",
        "class": "van"
      }
    },
    {
      "type": "Feature",
      "geometry": {
        "type": "Polygon",
        "coordinates": [
          [
            [
              25503032.448,
              6677555.776
            ],
            [
              25503033.387,
              6677558.068
            ],
            [
              25503028.448,
              6677560.091
            ],
            [
              25503027.509,
              6677557.8
            ],
            [
              25503032.448,
              6677555.776
            ]
          ]
        ]
      },
      "properties": {
        "confidence": 0.9281,
        "length_m": 5.34,
        "width_m": 2.48,
        "heading_deg": 112.3,
        "aoi": "r4-laippatie",
        "source_layer": "Ortoilmakuva_2025_5cm",
        "zoom": 16,
        "status": "confirmed",
        "class": "car"
      }
    },
    {
      "type": "Feature",
      "geometry": {
        "type": "Polygon",
        "coordinates": [
          [
            [
              25503141.831,
              6677469.928
            ],
            [
              25503143.917,
              6677469.062
            ],
            [
              25503145.566,
              6677473.032
            ],
            [
              25503143.479,
              6677473.898
            ],
            [
              25503141.831,
              6677469.928
            ]
          ]
        ]
      },
      "properties": {
        "confidence": 0.9278,
        "length_m": 4.3,
        "width_m": 2.26,
        "heading_deg": 22.6,
        "aoi": "r4-laippatie",
        "source_layer": "Ortoilmakuva_2025_5cm",
        "zoom": 16,
        "status": "confirmed",
        "class": "car"
      }
    },
    {
      "type": "Feature",
      "geometry": {
        "type": "Polygon",
        "coordinates": [
          [
            [
              25503115.585,
              6677580.531
            ],
            [
              25503116.471,
              6677582.68
            ],
            [
              25503111.749,
              6677584.628
            ],
            [
              25503110.863,
              6677582.479
            ],
            [
              25503115.585,
              6677580.531
            ]
          ]
        ]
      },
      "properties": {
        "confidence": 0.9276,
        "length_m": 5.11,
        "width_m": 2.32,
        "heading_deg": 112.4,
        "aoi": "r4-laippatie",
        "source_layer": "Ortoilmakuva_2025_5cm",
        "zoom": 16,
        "status": "confirmed",
        "class": "car"
      }
    },
    {
      "type": "Feature",
      "geometry": {
        "type": "Polygon",
        "coordinates": [
          [
            [
              25503109.39,
              6677423.482
            ],
            [
              25503111.519,
              6677422.583
            ],
            [
              25503113.363,
              6677426.954
            ],
            [
              25503111.234,
              6677427.852
            ],
            [
              25503109.39,
              6677423.482
            ]
          ]
        ]
      },
      "properties": {
        "confidence": 0.9274,
        "length_m": 4.74,
        "width_m": 2.31,
        "heading_deg": 22.9,
        "aoi": "r4-laippatie",
        "source_layer": "Ortoilmakuva_2025_5cm",
        "zoom": 16,
        "status": "confirmed",
        "class": "car"
      }
    },
    {
      "type": "Feature",
      "geometry": {
        "type": "Polygon",
        "coordinates": [
          [
            [
              25503048.501,
              6677560.907
            ],
            [
              25503049.324,
              6677562.982
            ],
            [
              25503045.078,
              6677564.666
            ],
            [
              25503044.255,
              6677562.591
            ],
            [
              25503048.501,
              6677560.907
            ]
          ]
        ]
      },
      "properties": {
        "confidence": 0.9269,
        "length_m": 4.57,
        "width_m": 2.23,
        "heading_deg": 111.6,
        "aoi": "r4-laippatie",
        "source_layer": "Ortoilmakuva_2025_5cm",
        "zoom": 16,
        "status": "confirmed",
        "class": "car"
      }
    },
    {
      "type": "Feature",
      "geometry": {
        "type": "Polygon",
        "coordinates": [
          [
            [
              25503070.726,
              6677373.146
            ],
            [
              25503071.756,
              6677376.024
            ],
            [
              25503060.455,
              6677380.071
            ],
            [
              25503059.425,
              6677377.193
            ],
            [
              25503070.726,
              6677373.146
            ]
          ]
        ]
      },
      "properties": {
        "confidence": 0.9266,
        "length_m": 12,
        "width_m": 3.06,
        "heading_deg": 109.7,
        "aoi": "r4-laippatie",
        "source_layer": "Ortoilmakuva_2025_5cm",
        "zoom": 16,
        "status": "confirmed",
        "class": "truck"
      }
    },
    {
      "type": "Feature",
      "geometry": {
        "type": "Polygon",
        "coordinates": [
          [
            [
              25503161.08,
              6677481.76
            ],
            [
              25503163.252,
              6677480.885
            ],
            [
              25503165.041,
              6677485.322
            ],
            [
              25503162.868,
              6677486.198
            ],
            [
              25503161.08,
              6677481.76
            ]
          ]
        ]
      },
      "properties": {
        "confidence": 0.9261,
        "length_m": 4.78,
        "width_m": 2.34,
        "heading_deg": 22,
        "aoi": "r4-laippatie",
        "source_layer": "Ortoilmakuva_2025_5cm",
        "zoom": 16,
        "status": "confirmed",
        "class": "car"
      }
    },
    {
      "type": "Feature",
      "geometry": {
        "type": "Polygon",
        "coordinates": [
          [
            [
              25503139.958,
              6677430.561
            ],
            [
              25503141.975,
              6677429.578
            ],
            [
              25503143.995,
              6677433.723
            ],
            [
              25503141.979,
              6677434.706
            ],
            [
              25503139.958,
              6677430.561
            ]
          ]
        ]
      },
      "properties": {
        "confidence": 0.9261,
        "length_m": 4.61,
        "width_m": 2.24,
        "heading_deg": 26,
        "aoi": "r4-laippatie",
        "source_layer": "Ortoilmakuva_2025_5cm",
        "zoom": 16,
        "status": "confirmed",
        "class": "car"
      }
    },
    {
      "type": "Feature",
      "geometry": {
        "type": "Polygon",
        "coordinates": [
          [
            [
              25503163.54,
              6677467.667
            ],
            [
              25503165.715,
              6677466.751
            ],
            [
              25503167.552,
              6677471.114
            ],
            [
              25503165.377,
              6677472.029
            ],
            [
              25503163.54,
              6677467.667
            ]
          ]
        ]
      },
      "properties": {
        "confidence": 0.9258,
        "length_m": 4.73,
        "width_m": 2.36,
        "heading_deg": 22.8,
        "aoi": "r4-laippatie",
        "source_layer": "Ortoilmakuva_2025_5cm",
        "zoom": 16,
        "status": "confirmed",
        "class": "van"
      }
    },
    {
      "type": "Feature",
      "geometry": {
        "type": "Polygon",
        "coordinates": [
          [
            [
              25503036.357,
              6677568.522
            ],
            [
              25503037.197,
              6677570.513
            ],
            [
              25503033.132,
              6677572.227
            ],
            [
              25503032.292,
              6677570.235
            ],
            [
              25503036.357,
              6677568.522
            ]
          ]
        ]
      },
      "properties": {
        "confidence": 0.9256,
        "length_m": 4.41,
        "width_m": 2.16,
        "heading_deg": 112.9,
        "aoi": "r4-laippatie",
        "source_layer": "Ortoilmakuva_2025_5cm",
        "zoom": 16,
        "status": "confirmed",
        "class": "car"
      }
    },
    {
      "type": "Feature",
      "geometry": {
        "type": "Polygon",
        "coordinates": [
          [
            [
              25503158.773,
              6677441.887
            ],
            [
              25503160.978,
              6677440.85
            ],
            [
              25503163.054,
              6677445.263
            ],
            [
              25503160.849,
              6677446.301
            ],
            [
              25503158.773,
              6677441.887
            ]
          ]
        ]
      },
      "properties": {
        "confidence": 0.9256,
        "length_m": 4.88,
        "width_m": 2.44,
        "heading_deg": 25.2,
        "aoi": "r4-laippatie",
        "source_layer": "Ortoilmakuva_2025_5cm",
        "zoom": 16,
        "status": "confirmed",
        "class": "car"
      }
    },
    {
      "type": "Feature",
      "geometry": {
        "type": "Polygon",
        "coordinates": [
          [
            [
              25503017.812,
              6677413.938
            ],
            [
              25503018.801,
              6677416.022
            ],
            [
              25503014.227,
              6677418.192
            ],
            [
              25503013.239,
              6677416.108
            ],
            [
              25503017.812,
              6677413.938
            ]
          ]
        ]
      },
      "properties": {
        "confidence": 0.9253,
        "length_m": 5.06,
        "width_m": 2.31,
        "heading_deg": 115.4,
        "aoi": "r4-laippatie",
        "source_layer": "Ortoilmakuva_2025_5cm",
        "zoom": 16,
        "status": "confirmed",
        "class": "car"
      }
    },
    {
      "type": "Feature",
      "geometry": {
        "type": "Polygon",
        "coordinates": [
          [
            [
              25503044.779,
              6677382.527
            ],
            [
              25503047.075,
              6677381.627
            ],
            [
              25503048.829,
              6677386.099
            ],
            [
              25503046.533,
              6677387
            ],
            [
              25503044.779,
              6677382.527
            ]
          ]
        ]
      },
      "properties": {
        "confidence": 0.9249,
        "length_m": 4.8,
        "width_m": 2.47,
        "heading_deg": 21.4,
        "aoi": "r4-laippatie",
        "source_layer": "Ortoilmakuva_2025_5cm",
        "zoom": 16,
        "status": "confirmed",
        "class": "car"
      }
    },
    {
      "type": "Feature",
      "geometry": {
        "type": "Polygon",
        "coordinates": [
          [
            [
              25503129.799,
              6677453.791
            ],
            [
              25503131.789,
              6677452.739
            ],
            [
              25503133.835,
              6677456.608
            ],
            [
              25503131.844,
              6677457.661
            ],
            [
              25503129.799,
              6677453.791
            ]
          ]
        ]
      },
      "properties": {
        "confidence": 0.9249,
        "length_m": 4.38,
        "width_m": 2.25,
        "heading_deg": 27.9,
        "aoi": "r4-laippatie",
        "source_layer": "Ortoilmakuva_2025_5cm",
        "zoom": 16,
        "status": "confirmed",
        "class": "car"
      }
    },
    {
      "type": "Feature",
      "geometry": {
        "type": "Polygon",
        "coordinates": [
          [
            [
              25502985.13,
              6677564.477
            ],
            [
              25502987.218,
              6677563.598
            ],
            [
              25502989.04,
              6677567.927
            ],
            [
              25502986.953,
              6677568.806
            ],
            [
              25502985.13,
              6677564.477
            ]
          ]
        ]
      },
      "properties": {
        "confidence": 0.9244,
        "length_m": 4.7,
        "width_m": 2.27,
        "heading_deg": 22.8,
        "aoi": "r4-laippatie",
        "source_layer": "Ortoilmakuva_2025_5cm",
        "zoom": 16,
        "status": "confirmed",
        "class": "car"
      }
    },
    {
      "type": "Feature",
      "geometry": {
        "type": "Polygon",
        "coordinates": [
          [
            [
              25503142.044,
              6677448.667
            ],
            [
              25503144.19,
              6677447.673
            ],
            [
              25503146.138,
              6677451.881
            ],
            [
              25503143.991,
              6677452.875
            ],
            [
              25503142.044,
              6677448.667
            ]
          ]
        ]
      },
      "properties": {
        "confidence": 0.9244,
        "length_m": 4.64,
        "width_m": 2.37,
        "heading_deg": 24.8,
        "aoi": "r4-laippatie",
        "source_layer": "Ortoilmakuva_2025_5cm",
        "zoom": 16,
        "status": "confirmed",
        "class": "car"
      }
    },
    {
      "type": "Feature",
      "geometry": {
        "type": "Polygon",
        "coordinates": [
          [
            [
              25502939.361,
              6677445.267
            ],
            [
              25502940.316,
              6677447.382
            ],
            [
              25502935.666,
              6677449.482
            ],
            [
              25502934.711,
              6677447.367
            ],
            [
              25502939.361,
              6677445.267
            ]
          ]
        ]
      },
      "properties": {
        "confidence": 0.9243,
        "length_m": 5.1,
        "width_m": 2.32,
        "heading_deg": 114.3,
        "aoi": "r4-laippatie",
        "source_layer": "Ortoilmakuva_2025_5cm",
        "zoom": 16,
        "status": "confirmed",
        "class": "car"
      }
    },
    {
      "type": "Feature",
      "geometry": {
        "type": "Polygon",
        "coordinates": [
          [
            [
              25503181.622,
              6677342.033
            ],
            [
              25503182.965,
              6677343.769
            ],
            [
              25503179.15,
              6677346.721
            ],
            [
              25503177.806,
              6677344.985
            ],
            [
              25503181.622,
              6677342.033
            ]
          ]
        ]
      },
      "properties": {
        "confidence": 0.9242,
        "length_m": 4.82,
        "width_m": 2.19,
        "heading_deg": 127.7,
        "aoi": "r4-laippatie",
        "source_layer": "Ortoilmakuva_2025_5cm",
        "zoom": 16,
        "status": "confirmed",
        "class": "car"
      }
    },
    {
      "type": "Feature",
      "geometry": {
        "type": "Polygon",
        "coordinates": [
          [
            [
              25503139.424,
              6677449.271
            ],
            [
              25503141.578,
              6677448.336
            ],
            [
              25503143.557,
              6677452.899
            ],
            [
              25503141.402,
              6677453.833
            ],
            [
              25503139.424,
              6677449.271
            ]
          ]
        ]
      },
      "properties": {
        "confidence": 0.9242,
        "length_m": 4.97,
        "width_m": 2.35,
        "heading_deg": 23.4,
        "aoi": "r4-laippatie",
        "source_layer": "Ortoilmakuva_2025_5cm",
        "zoom": 16,
        "status": "confirmed",
        "class": "car"
      }
    },
    {
      "type": "Feature",
      "geometry": {
        "type": "Polygon",
        "coordinates": [
          [
            [
              25503043.101,
              6677585.423
            ],
            [
              25503043.993,
              6677587.443
            ],
            [
              25503039.487,
              6677589.434
            ],
            [
              25503038.595,
              6677587.414
            ],
            [
              25503043.101,
              6677585.423
            ]
          ]
        ]
      },
      "properties": {
        "confidence": 0.9241,
        "length_m": 4.93,
        "width_m": 2.21,
        "heading_deg": 113.8,
        "aoi": "r4-laippatie",
        "source_layer": "Ortoilmakuva_2025_5cm",
        "zoom": 16,
        "status": "confirmed",
        "class": "car"
      }
    },
    {
      "type": "Feature",
      "geometry": {
        "type": "Polygon",
        "coordinates": [
          [
            [
              25503046.119,
              6677506.947
            ],
            [
              25503047.029,
              6677509.013
            ],
            [
              25503042.403,
              6677511.051
            ],
            [
              25503041.493,
              6677508.985
            ],
            [
              25503046.119,
              6677506.947
            ]
          ]
        ]
      },
      "properties": {
        "confidence": 0.9239,
        "length_m": 5.06,
        "width_m": 2.26,
        "heading_deg": 113.8,
        "aoi": "r4-laippatie",
        "source_layer": "Ortoilmakuva_2025_5cm",
        "zoom": 16,
        "status": "confirmed",
        "class": "car"
      }
    },
    {
      "type": "Feature",
      "geometry": {
        "type": "Polygon",
        "coordinates": [
          [
            [
              25503050.636,
              6677516.332
            ],
            [
              25503051.598,
              6677518.409
            ],
            [
              25503047.066,
              6677520.508
            ],
            [
              25503046.104,
              6677518.431
            ],
            [
              25503050.636,
              6677516.332
            ]
          ]
        ]
      },
      "properties": {
        "confidence": 0.9238,
        "length_m": 4.99,
        "width_m": 2.29,
        "heading_deg": 114.9,
        "aoi": "r4-laippatie",
        "source_layer": "Ortoilmakuva_2025_5cm",
        "zoom": 16,
        "status": "confirmed",
        "class": "car"
      }
    },
    {
      "type": "Feature",
      "geometry": {
        "type": "Polygon",
        "coordinates": [
          [
            [
              25503083.078,
              6677335.955
            ],
            [
              25503084.63,
              6677337.826
            ],
            [
              25503079.907,
              6677341.743
            ],
            [
              25503078.356,
              6677339.872
            ],
            [
              25503083.078,
              6677335.955
            ]
          ]
        ]
      },
      "properties": {
        "confidence": 0.9237,
        "length_m": 6.14,
        "width_m": 2.43,
        "heading_deg": 129.7,
        "aoi": "r4-laippatie",
        "source_layer": "Ortoilmakuva_2025_5cm",
        "zoom": 16,
        "status": "confirmed",
        "class": "van"
      }
    },
    {
      "type": "Feature",
      "geometry": {
        "type": "Polygon",
        "coordinates": [
          [
            [
              25503050.075,
              6677356.19
            ],
            [
              25503050.995,
              6677358.203
            ],
            [
              25503046.828,
              6677360.109
            ],
            [
              25503045.907,
              6677358.096
            ],
            [
              25503050.075,
              6677356.19
            ]
          ]
        ]
      },
      "properties": {
        "confidence": 0.9234,
        "length_m": 4.58,
        "width_m": 2.21,
        "heading_deg": 114.6,
        "aoi": "r4-laippatie",
        "source_layer": "Ortoilmakuva_2025_5cm",
        "zoom": 16,
        "status": "confirmed",
        "class": "car"
      }
    },
    {
      "type": "Feature",
      "geometry": {
        "type": "Polygon",
        "coordinates": [
          [
            [
              25503093.67,
              6677419.185
            ],
            [
              25503094.534,
              6677420.989
            ],
            [
              25503090.518,
              6677422.913
            ],
            [
              25503089.654,
              6677421.11
            ],
            [
              25503093.67,
              6677419.185
            ]
          ]
        ]
      },
      "properties": {
        "confidence": 0.9231,
        "length_m": 4.45,
        "width_m": 2,
        "heading_deg": 115.6,
        "aoi": "r4-laippatie",
        "source_layer": "Ortoilmakuva_2025_5cm",
        "zoom": 16,
        "status": "confirmed",
        "class": "car"
      }
    },
    {
      "type": "Feature",
      "geometry": {
        "type": "Polygon",
        "coordinates": [
          [
            [
              25503133.755,
              6677492.264
            ],
            [
              25503135.917,
              6677491.33
            ],
            [
              25503137.883,
              6677495.88
            ],
            [
              25503135.721,
              6677496.814
            ],
            [
              25503133.755,
              6677492.264
            ]
          ]
        ]
      },
      "properties": {
        "confidence": 0.923,
        "length_m": 4.96,
        "width_m": 2.36,
        "heading_deg": 23.4,
        "aoi": "r4-laippatie",
        "source_layer": "Ortoilmakuva_2025_5cm",
        "zoom": 16,
        "status": "confirmed",
        "class": "car"
      }
    },
    {
      "type": "Feature",
      "geometry": {
        "type": "Polygon",
        "coordinates": [
          [
            [
              25503136.916,
              6677457.393
            ],
            [
              25503139.082,
              6677456.481
            ],
            [
              25503140.953,
              6677460.927
            ],
            [
              25503138.787,
              6677461.839
            ],
            [
              25503136.916,
              6677457.393
            ]
          ]
        ]
      },
      "properties": {
        "confidence": 0.9229,
        "length_m": 4.82,
        "width_m": 2.35,
        "heading_deg": 22.8,
        "aoi": "r4-laippatie",
        "source_layer": "Ortoilmakuva_2025_5cm",
        "zoom": 16,
        "status": "confirmed",
        "class": "car"
      }
    },
    {
      "type": "Feature",
      "geometry": {
        "type": "Polygon",
        "coordinates": [
          [
            [
              25503026.13,
              6677576.406
            ],
            [
              25503024.546,
              6677571.946
            ],
            [
              25503022.588,
              6677572.641
            ],
            [
              25503024.172,
              6677577.101
            ],
            [
              25503026.13,
              6677576.406
            ]
          ]
        ]
      },
      "properties": {
        "confidence": 0.9228,
        "length_m": 4.73,
        "width_m": 2.08,
        "heading_deg": 19.6,
        "aoi": "r4-laippatie",
        "source_layer": "Ortoilmakuva_2025_5cm",
        "zoom": 16,
        "status": "confirmed",
        "class": "car"
      }
    },
    {
      "type": "Feature",
      "geometry": {
        "type": "Polygon",
        "coordinates": [
          [
            [
              25503071.532,
              6677521.806
            ],
            [
              25503072.28,
              6677523.666
            ],
            [
              25503068.487,
              6677525.193
            ],
            [
              25503067.738,
              6677523.332
            ],
            [
              25503071.532,
              6677521.806
            ]
          ]
        ]
      },
      "properties": {
        "confidence": 0.9227,
        "length_m": 4.09,
        "width_m": 2,
        "heading_deg": 111.9,
        "aoi": "r4-laippatie",
        "source_layer": "Ortoilmakuva_2025_5cm",
        "zoom": 16,
        "status": "confirmed",
        "class": "car"
      }
    },
    {
      "type": "Feature",
      "geometry": {
        "type": "Polygon",
        "coordinates": [
          [
            [
              25503111.954,
              6677393.389
            ],
            [
              25503108.124,
              6677383.712
            ],
            [
              25503105.038,
              6677384.934
            ],
            [
              25503108.868,
              6677394.611
            ],
            [
              25503111.954,
              6677393.389
            ]
          ]
        ]
      },
      "properties": {
        "confidence": 0.9219,
        "length_m": 10.41,
        "width_m": 3.32,
        "heading_deg": 21.6,
        "aoi": "r4-laippatie",
        "source_layer": "Ortoilmakuva_2025_5cm",
        "zoom": 16,
        "status": "confirmed",
        "class": "truck"
      }
    },
    {
      "type": "Feature",
      "geometry": {
        "type": "Polygon",
        "coordinates": [
          [
            [
              25502981.131,
              6677468.895
            ],
            [
              25502983.379,
              6677468.09
            ],
            [
              25502985.044,
              6677472.74
            ],
            [
              25502982.797,
              6677473.545
            ],
            [
              25502981.131,
              6677468.895
            ]
          ]
        ]
      },
      "properties": {
        "confidence": 0.9218,
        "length_m": 4.94,
        "width_m": 2.39,
        "heading_deg": 19.7,
        "aoi": "r4-laippatie",
        "source_layer": "Ortoilmakuva_2025_5cm",
        "zoom": 16,
        "status": "confirmed",
        "class": "car"
      }
    },
    {
      "type": "Feature",
      "geometry": {
        "type": "Polygon",
        "coordinates": [
          [
            [
              25502974.123,
              6677451.636
            ],
            [
              25502976.233,
              6677450.642
            ],
            [
              25502978.36,
              6677455.157
            ],
            [
              25502976.25,
              6677456.152
            ],
            [
              25502974.123,
              6677451.636
            ]
          ]
        ]
      },
      "properties": {
        "confidence": 0.9218,
        "length_m": 4.99,
        "width_m": 2.33,
        "heading_deg": 25.2,
        "aoi": "r4-laippatie",
        "source_layer": "Ortoilmakuva_2025_5cm",
        "zoom": 16,
        "status": "confirmed",
        "class": "car"
      }
    },
    {
      "type": "Feature",
      "geometry": {
        "type": "Polygon",
        "coordinates": [
          [
            [
              25503144.212,
              6677468.88
            ],
            [
              25503146.228,
              6677467.957
            ],
            [
              25503148.034,
              6677471.903
            ],
            [
              25503146.017,
              6677472.826
            ],
            [
              25503144.212,
              6677468.88
            ]
          ]
        ]
      },
      "properties": {
        "confidence": 0.9217,
        "length_m": 4.34,
        "width_m": 2.22,
        "heading_deg": 24.6,
        "aoi": "r4-laippatie",
        "source_layer": "Ortoilmakuva_2025_5cm",
        "zoom": 16,
        "status": "confirmed",
        "class": "car"
      }
    },
    {
      "type": "Feature",
      "geometry": {
        "type": "Polygon",
        "coordinates": [
          [
            [
              25502984.647,
              6677351.748
            ],
            [
              25502986.78,
              6677350.903
            ],
            [
              25502988.609,
              6677355.524
            ],
            [
              25502986.475,
              6677356.369
            ],
            [
              25502984.647,
              6677351.748
            ]
          ]
        ]
      },
      "properties": {
        "confidence": 0.9216,
        "length_m": 4.97,
        "width_m": 2.29,
        "heading_deg": 21.6,
        "aoi": "r4-laippatie",
        "source_layer": "Ortoilmakuva_2025_5cm",
        "zoom": 16,
        "status": "confirmed",
        "class": "car"
      }
    },
    {
      "type": "Feature",
      "geometry": {
        "type": "Polygon",
        "coordinates": [
          [
            [
              25503041.595,
              6677494.971
            ],
            [
              25503039.671,
              6677490.129
            ],
            [
              25503037.324,
              6677491.061
            ],
            [
              25503039.249,
              6677495.903
            ],
            [
              25503041.595,
              6677494.971
            ]
          ]
        ]
      },
      "properties": {
        "confidence": 0.9208,
        "length_m": 5.21,
        "width_m": 2.52,
        "heading_deg": 21.7,
        "aoi": "r4-laippatie",
        "source_layer": "Ortoilmakuva_2025_5cm",
        "zoom": 16,
        "status": "confirmed",
        "class": "van"
      }
    },
    {
      "type": "Feature",
      "geometry": {
        "type": "Polygon",
        "coordinates": [
          [
            [
              25503067.448,
              6677510.721
            ],
            [
              25503068.404,
              6677512.636
            ],
            [
              25503064.386,
              6677514.644
            ],
            [
              25503063.429,
              6677512.729
            ],
            [
              25503067.448,
              6677510.721
            ]
          ]
        ]
      },
      "properties": {
        "confidence": 0.9203,
        "length_m": 4.49,
        "width_m": 2.14,
        "heading_deg": 116.6,
        "aoi": "r4-laippatie",
        "source_layer": "Ortoilmakuva_2025_5cm",
        "zoom": 16,
        "status": "confirmed",
        "class": "car"
      }
    },
    {
      "type": "Feature",
      "geometry": {
        "type": "Polygon",
        "coordinates": [
          [
            [
              25503017.869,
              6677561.691
            ],
            [
              25503020,
              6677560.653
            ],
            [
              25503022.138,
              6677565.042
            ],
            [
              25503020.007,
              6677566.08
            ],
            [
              25503017.869,
              6677561.691
            ]
          ]
        ]
      },
      "properties": {
        "confidence": 0.9203,
        "length_m": 4.88,
        "width_m": 2.37,
        "heading_deg": 26,
        "aoi": "r4-laippatie",
        "source_layer": "Ortoilmakuva_2025_5cm",
        "zoom": 16,
        "status": "confirmed",
        "class": "car"
      }
    },
    {
      "type": "Feature",
      "geometry": {
        "type": "Polygon",
        "coordinates": [
          [
            [
              25503161.593,
              6677462.396
            ],
            [
              25503163.806,
              6677461.678
            ],
            [
              25503165.255,
              6677466.14
            ],
            [
              25503163.042,
              6677466.859
            ],
            [
              25503161.593,
              6677462.396
            ]
          ]
        ]
      },
      "properties": {
        "confidence": 0.9201,
        "length_m": 4.69,
        "width_m": 2.33,
        "heading_deg": 18,
        "aoi": "r4-laippatie",
        "source_layer": "Ortoilmakuva_2025_5cm",
        "zoom": 16,
        "status": "confirmed",
        "class": "car"
      }
    },
    {
      "type": "Feature",
      "geometry": {
        "type": "Polygon",
        "coordinates": [
          [
            [
              25503118.866,
              6677410.466
            ],
            [
              25503115.245,
              6677401.359
            ],
            [
              25503112.375,
              6677402.5
            ],
            [
              25503115.996,
              6677411.607
            ],
            [
              25503118.866,
              6677410.466
            ]
          ]
        ]
      },
      "properties": {
        "confidence": 0.9201,
        "length_m": 9.8,
        "width_m": 3.09,
        "heading_deg": 21.7,
        "aoi": "r4-laippatie",
        "source_layer": "Ortoilmakuva_2025_5cm",
        "zoom": 16,
        "status": "confirmed",
        "class": "truck"
      }
    },
    {
      "type": "Feature",
      "geometry": {
        "type": "Polygon",
        "coordinates": [
          [
            [
              25503024.193,
              6677570.401
            ],
            [
              25503022.497,
              6677565.964
            ],
            [
              25503020.41,
              6677566.761
            ],
            [
              25503022.106,
              6677571.198
            ],
            [
              25503024.193,
              6677570.401
            ]
          ]
        ]
      },
      "properties": {
        "confidence": 0.9197,
        "length_m": 4.75,
        "width_m": 2.23,
        "heading_deg": 20.9,
        "aoi": "r4-laippatie",
        "source_layer": "Ortoilmakuva_2025_5cm",
        "zoom": 16,
        "status": "confirmed",
        "class": "car"
      }
    },
    {
      "type": "Feature",
      "geometry": {
        "type": "Polygon",
        "coordinates": [
          [
            [
              25503139.984,
              6677435.715
            ],
            [
              25503142.203,
              6677434.942
            ],
            [
              25503143.847,
              6677439.659
            ],
            [
              25503141.628,
              6677440.432
            ],
            [
              25503139.984,
              6677435.715
            ]
          ]
        ]
      },
      "properties": {
        "confidence": 0.9196,
        "length_m": 5,
        "width_m": 2.35,
        "heading_deg": 19.2,
        "aoi": "r4-laippatie",
        "source_layer": "Ortoilmakuva_2025_5cm",
        "zoom": 16,
        "status": "confirmed",
        "class": "car"
      }
    },
    {
      "type": "Feature",
      "geometry": {
        "type": "Polygon",
        "coordinates": [
          [
            [
              25503132.373,
              6677438.552
            ],
            [
              25503134.437,
              6677437.702
            ],
            [
              25503136.353,
              6677442.355
            ],
            [
              25503134.289,
              6677443.205
            ],
            [
              25503132.373,
              6677438.552
            ]
          ]
        ]
      },
      "properties": {
        "confidence": 0.9194,
        "length_m": 5.03,
        "width_m": 2.23,
        "heading_deg": 22.4,
        "aoi": "r4-laippatie",
        "source_layer": "Ortoilmakuva_2025_5cm",
        "zoom": 16,
        "status": "confirmed",
        "class": "car"
      }
    },
    {
      "type": "Feature",
      "geometry": {
        "type": "Polygon",
        "coordinates": [
          [
            [
              25503149.206,
              6677445.538
            ],
            [
              25503151.384,
              6677444.6
            ],
            [
              25503153.348,
              6677449.164
            ],
            [
              25503151.17,
              6677450.101
            ],
            [
              25503149.206,
              6677445.538
            ]
          ]
        ]
      },
      "properties": {
        "confidence": 0.9192,
        "length_m": 4.97,
        "width_m": 2.37,
        "heading_deg": 23.3,
        "aoi": "r4-laippatie",
        "source_layer": "Ortoilmakuva_2025_5cm",
        "zoom": 16,
        "status": "confirmed",
        "class": "car"
      }
    },
    {
      "type": "Feature",
      "geometry": {
        "type": "Polygon",
        "coordinates": [
          [
            [
              25503094.302,
              6677451.306
            ],
            [
              25503096.409,
              6677450.333
            ],
            [
              25503098.334,
              6677454.503
            ],
            [
              25503096.227,
              6677455.476
            ],
            [
              25503094.302,
              6677451.306
            ]
          ]
        ]
      },
      "properties": {
        "confidence": 0.9191,
        "length_m": 4.59,
        "width_m": 2.32,
        "heading_deg": 24.8,
        "aoi": "r4-laippatie",
        "source_layer": "Ortoilmakuva_2025_5cm",
        "zoom": 16,
        "status": "confirmed",
        "class": "car"
      }
    },
    {
      "type": "Feature",
      "geometry": {
        "type": "Polygon",
        "coordinates": [
          [
            [
              25503029.843,
              6677548.354
            ],
            [
              25503030.817,
              6677550.826
            ],
            [
              25503025.62,
              6677552.873
            ],
            [
              25503024.646,
              6677550.401
            ],
            [
              25503029.843,
              6677548.354
            ]
          ]
        ]
      },
      "properties": {
        "confidence": 0.9188,
        "length_m": 5.59,
        "width_m": 2.66,
        "heading_deg": 111.5,
        "aoi": "r4-laippatie",
        "source_layer": "Ortoilmakuva_2025_5cm",
        "zoom": 16,
        "status": "confirmed",
        "class": "car"
      }
    },
    {
      "type": "Feature",
      "geometry": {
        "type": "Polygon",
        "coordinates": [
          [
            [
              25502989.554,
              6677350.105
            ],
            [
              25502991.837,
              6677349.325
            ],
            [
              25502993.391,
              6677353.874
            ],
            [
              25502991.108,
              6677354.654
            ],
            [
              25502989.554,
              6677350.105
            ]
          ]
        ]
      },
      "properties": {
        "confidence": 0.9188,
        "length_m": 4.81,
        "width_m": 2.41,
        "heading_deg": 18.9,
        "aoi": "r4-laippatie",
        "source_layer": "Ortoilmakuva_2025_5cm",
        "zoom": 16,
        "status": "confirmed",
        "class": "car"
      }
    },
    {
      "type": "Feature",
      "geometry": {
        "type": "Polygon",
        "coordinates": [
          [
            [
              25502958.953,
              6677467.679
            ],
            [
              25502961.312,
              6677466.953
            ],
            [
              25502962.761,
              6677471.665
            ],
            [
              25502960.403,
              6677472.39
            ],
            [
              25502958.953,
              6677467.679
            ]
          ]
        ]
      },
      "properties": {
        "confidence": 0.9186,
        "length_m": 4.93,
        "width_m": 2.47,
        "heading_deg": 17.1,
        "aoi": "r4-laippatie",
        "source_layer": "Ortoilmakuva_2025_5cm",
        "zoom": 16,
        "status": "confirmed",
        "class": "car"
      }
    },
    {
      "type": "Feature",
      "geometry": {
        "type": "Polygon",
        "coordinates": [
          [
            [
              25503132.376,
              6677459.142
            ],
            [
              25503134.635,
              6677458.443
            ],
            [
              25503136.179,
              6677463.438
            ],
            [
              25503133.92,
              6677464.137
            ],
            [
              25503132.376,
              6677459.142
            ]
          ]
        ]
      },
      "properties": {
        "confidence": 0.9184,
        "length_m": 5.23,
        "width_m": 2.36,
        "heading_deg": 17.2,
        "aoi": "r4-laippatie",
        "source_layer": "Ortoilmakuva_2025_5cm",
        "zoom": 16,
        "status": "confirmed",
        "class": "car"
      }
    },
    {
      "type": "Feature",
      "geometry": {
        "type": "Polygon",
        "coordinates": [
          [
            [
              25503132.07,
              6677452.27
            ],
            [
              25503134.145,
              6677451.324
            ],
            [
              25503136.218,
              6677455.874
            ],
            [
              25503134.143,
              6677456.82
            ],
            [
              25503132.07,
              6677452.27
            ]
          ]
        ]
      },
      "properties": {
        "confidence": 0.9184,
        "length_m": 5,
        "width_m": 2.28,
        "heading_deg": 24.5,
        "aoi": "r4-laippatie",
        "source_layer": "Ortoilmakuva_2025_5cm",
        "zoom": 16,
        "status": "confirmed",
        "class": "car"
      }
    },
    {
      "type": "Feature",
      "geometry": {
        "type": "Polygon",
        "coordinates": [
          [
            [
              25503085.214,
              6677454.637
            ],
            [
              25503087.169,
              6677453.982
            ],
            [
              25503088.551,
              6677458.108
            ],
            [
              25503086.596,
              6677458.763
            ],
            [
              25503085.214,
              6677454.637
            ]
          ]
        ]
      },
      "properties": {
        "confidence": 0.9182,
        "length_m": 4.35,
        "width_m": 2.06,
        "heading_deg": 18.5,
        "aoi": "r4-laippatie",
        "source_layer": "Ortoilmakuva_2025_5cm",
        "zoom": 16,
        "status": "confirmed",
        "class": "car"
      }
    },
    {
      "type": "Feature",
      "geometry": {
        "type": "Polygon",
        "coordinates": [
          [
            [
              25503136.569,
              6677416.743
            ],
            [
              25503138.656,
              6677415.924
            ],
            [
              25503140.211,
              6677419.886
            ],
            [
              25503138.125,
              6677420.705
            ],
            [
              25503136.569,
              6677416.743
            ]
          ]
        ]
      },
      "properties": {
        "confidence": 0.9181,
        "length_m": 4.26,
        "width_m": 2.24,
        "heading_deg": 21.4,
        "aoi": "r4-laippatie",
        "source_layer": "Ortoilmakuva_2025_5cm",
        "zoom": 16,
        "status": "confirmed",
        "class": "car"
      }
    },
    {
      "type": "Feature",
      "geometry": {
        "type": "Polygon",
        "coordinates": [
          [
            [
              25503146.2,
              6677473.266
            ],
            [
              25503148.297,
              6677472.407
            ],
            [
              25503150.136,
              6677476.901
            ],
            [
              25503148.039,
              6677477.759
            ],
            [
              25503146.2,
              6677473.266
            ]
          ]
        ]
      },
      "properties": {
        "confidence": 0.9179,
        "length_m": 4.86,
        "width_m": 2.27,
        "heading_deg": 22.3,
        "aoi": "r4-laippatie",
        "source_layer": "Ortoilmakuva_2025_5cm",
        "zoom": 16,
        "status": "confirmed",
        "class": "car"
      }
    },
    {
      "type": "Feature",
      "geometry": {
        "type": "Polygon",
        "coordinates": [
          [
            [
              25503146.172,
              6677487.13
            ],
            [
              25503148.371,
              6677486.204
            ],
            [
              25503150.331,
              6677490.859
            ],
            [
              25503148.132,
              6677491.785
            ],
            [
              25503146.172,
              6677487.13
            ]
          ]
        ]
      },
      "properties": {
        "confidence": 0.9178,
        "length_m": 5.05,
        "width_m": 2.39,
        "heading_deg": 22.8,
        "aoi": "r4-laippatie",
        "source_layer": "Ortoilmakuva_2025_5cm",
        "zoom": 16,
        "status": "confirmed",
        "class": "car"
      }
    },
    {
      "type": "Feature",
      "geometry": {
        "type": "Polygon",
        "coordinates": [
          [
            [
              25503114.017,
              6677427.658
            ],
            [
              25503116.269,
              6677426.707
            ],
            [
              25503118.231,
              6677431.353
            ],
            [
              25503115.98,
              6677432.304
            ],
            [
              25503114.017,
              6677427.658
            ]
          ]
        ]
      },
      "properties": {
        "confidence": 0.9177,
        "length_m": 5.04,
        "width_m": 2.44,
        "heading_deg": 22.9,
        "aoi": "r4-laippatie",
        "source_layer": "Ortoilmakuva_2025_5cm",
        "zoom": 16,
        "status": "confirmed",
        "class": "car"
      }
    },
    {
      "type": "Feature",
      "geometry": {
        "type": "Polygon",
        "coordinates": [
          [
            [
              25503168.41,
              6677478.674
            ],
            [
              25503170.571,
              6677477.918
            ],
            [
              25503172.063,
              6677482.186
            ],
            [
              25503169.902,
              6677482.941
            ],
            [
              25503168.41,
              6677478.674
            ]
          ]
        ]
      },
      "properties": {
        "confidence": 0.9172,
        "length_m": 4.52,
        "width_m": 2.29,
        "heading_deg": 19.3,
        "aoi": "r4-laippatie",
        "source_layer": "Ortoilmakuva_2025_5cm",
        "zoom": 16,
        "status": "confirmed",
        "class": "car"
      }
    },
    {
      "type": "Feature",
      "geometry": {
        "type": "Polygon",
        "coordinates": [
          [
            [
              25503102.265,
              6677585.684
            ],
            [
              25503103.227,
              6677587.928
            ],
            [
              25503098.381,
              6677590.005
            ],
            [
              25503097.419,
              6677587.762
            ],
            [
              25503102.265,
              6677585.684
            ]
          ]
        ]
      },
      "properties": {
        "confidence": 0.9171,
        "length_m": 5.27,
        "width_m": 2.44,
        "heading_deg": 113.2,
        "aoi": "r4-laippatie",
        "source_layer": "Ortoilmakuva_2025_5cm",
        "zoom": 16,
        "status": "confirmed",
        "class": "van"
      }
    },
    {
      "type": "Feature",
      "geometry": {
        "type": "Polygon",
        "coordinates": [
          [
            [
              25503082.583,
              6677431.813
            ],
            [
              25503083.473,
              6677433.92
            ],
            [
              25503078.602,
              6677435.977
            ],
            [
              25503077.712,
              6677433.869
            ],
            [
              25503082.583,
              6677431.813
            ]
          ]
        ]
      },
      "properties": {
        "confidence": 0.9171,
        "length_m": 5.29,
        "width_m": 2.29,
        "heading_deg": 112.9,
        "aoi": "r4-laippatie",
        "source_layer": "Ortoilmakuva_2025_5cm",
        "zoom": 16,
        "status": "confirmed",
        "class": "car"
      }
    },
    {
      "type": "Feature",
      "geometry": {
        "type": "Polygon",
        "coordinates": [
          [
            [
              25503171.107,
              6677478.322
            ],
            [
              25503173.137,
              6677477.466
            ],
            [
              25503174.84,
              6677481.505
            ],
            [
              25503172.81,
              6677482.361
            ],
            [
              25503171.107,
              6677478.322
            ]
          ]
        ]
      },
      "properties": {
        "confidence": 0.917,
        "length_m": 4.38,
        "width_m": 2.2,
        "heading_deg": 22.9,
        "aoi": "r4-laippatie",
        "source_layer": "Ortoilmakuva_2025_5cm",
        "zoom": 16,
        "status": "confirmed",
        "class": "car"
      }
    },
    {
      "type": "Feature",
      "geometry": {
        "type": "Polygon",
        "coordinates": [
          [
            [
              25503132.565,
              6677497.867
            ],
            [
              25503131.025,
              6677493.488
            ],
            [
              25503128.874,
              6677494.245
            ],
            [
              25503130.414,
              6677498.624
            ],
            [
              25503132.565,
              6677497.867
            ]
          ]
        ]
      },
      "properties": {
        "confidence": 0.9169,
        "length_m": 4.64,
        "width_m": 2.28,
        "heading_deg": 19.4,
        "aoi": "r4-laippatie",
        "source_layer": "Ortoilmakuva_2025_5cm",
        "zoom": 16,
        "status": "confirmed",
        "class": "car"
      }
    },
    {
      "type": "Feature",
      "geometry": {
        "type": "Polygon",
        "coordinates": [
          [
            [
              25503128.279,
              6677460.872
            ],
            [
              25503130.524,
              6677460.046
            ],
            [
              25503132.312,
              6677464.903
            ],
            [
              25503130.067,
              6677465.729
            ],
            [
              25503128.279,
              6677460.872
            ]
          ]
        ]
      },
      "properties": {
        "confidence": 0.9168,
        "length_m": 5.18,
        "width_m": 2.39,
        "heading_deg": 20.2,
        "aoi": "r4-laippatie",
        "source_layer": "Ortoilmakuva_2025_5cm",
        "zoom": 16,
        "status": "confirmed",
        "class": "car"
      }
    },
    {
      "type": "Feature",
      "geometry": {
        "type": "Polygon",
        "coordinates": [
          [
            [
              25503125.18,
              6677455.036
            ],
            [
              25503127.177,
              6677454.166
            ],
            [
              25503129.038,
              6677458.435
            ],
            [
              25503127.04,
              6677459.305
            ],
            [
              25503125.18,
              6677455.036
            ]
          ]
        ]
      },
      "properties": {
        "confidence": 0.9166,
        "length_m": 4.66,
        "width_m": 2.18,
        "heading_deg": 23.6,
        "aoi": "r4-laippatie",
        "source_layer": "Ortoilmakuva_2025_5cm",
        "zoom": 16,
        "status": "confirmed",
        "class": "car"
      }
    },
    {
      "type": "Feature",
      "geometry": {
        "type": "Polygon",
        "coordinates": [
          [
            [
              25503144.54,
              6677447.681
            ],
            [
              25503146.727,
              6677446.725
            ],
            [
              25503148.525,
              6677450.842
            ],
            [
              25503146.337,
              6677451.798
            ],
            [
              25503144.54,
              6677447.681
            ]
          ]
        ]
      },
      "properties": {
        "confidence": 0.9165,
        "length_m": 4.49,
        "width_m": 2.39,
        "heading_deg": 23.6,
        "aoi": "r4-laippatie",
        "source_layer": "Ortoilmakuva_2025_5cm",
        "zoom": 16,
        "status": "confirmed",
        "class": "car"
      }
    },
    {
      "type": "Feature",
      "geometry": {
        "type": "Polygon",
        "coordinates": [
          [
            [
              25503139.517,
              6677456.684
            ],
            [
              25503141.559,
              6677455.832
            ],
            [
              25503143.237,
              6677459.851
            ],
            [
              25503141.194,
              6677460.703
            ],
            [
              25503139.517,
              6677456.684
            ]
          ]
        ]
      },
      "properties": {
        "confidence": 0.9162,
        "length_m": 4.36,
        "width_m": 2.21,
        "heading_deg": 22.7,
        "aoi": "r4-laippatie",
        "source_layer": "Ortoilmakuva_2025_5cm",
        "zoom": 16,
        "status": "confirmed",
        "class": "car"
      }
    },
    {
      "type": "Feature",
      "geometry": {
        "type": "Polygon",
        "coordinates": [
          [
            [
              25503155.723,
              6677483.348
            ],
            [
              25503157.97,
              6677482.493
            ],
            [
              25503159.599,
              6677486.773
            ],
            [
              25503157.351,
              6677487.628
            ],
            [
              25503155.723,
              6677483.348
            ]
          ]
        ]
      },
      "properties": {
        "confidence": 0.916,
        "length_m": 4.58,
        "width_m": 2.4,
        "heading_deg": 20.8,
        "aoi": "r4-laippatie",
        "source_layer": "Ortoilmakuva_2025_5cm",
        "zoom": 16,
        "status": "confirmed",
        "class": "car"
      }
    },
    {
      "type": "Feature",
      "geometry": {
        "type": "Polygon",
        "coordinates": [
          [
            [
              25503173.757,
              6677477.587
            ],
            [
              25503175.854,
              6677476.803
            ],
            [
              25503177.281,
              6677480.619
            ],
            [
              25503175.183,
              6677481.403
            ],
            [
              25503173.757,
              6677477.587
            ]
          ]
        ]
      },
      "properties": {
        "confidence": 0.9159,
        "length_m": 4.07,
        "width_m": 2.24,
        "heading_deg": 20.5,
        "aoi": "r4-laippatie",
        "source_layer": "Ortoilmakuva_2025_5cm",
        "zoom": 16,
        "status": "confirmed",
        "class": "car"
      }
    },
    {
      "type": "Feature",
      "geometry": {
        "type": "Polygon",
        "coordinates": [
          [
            [
              25503111.284,
              6677428.718
            ],
            [
              25503113.313,
              6677427.771
            ],
            [
              25503115.305,
              6677432.043
            ],
            [
              25503113.276,
              6677432.989
            ],
            [
              25503111.284,
              6677428.718
            ]
          ]
        ]
      },
      "properties": {
        "confidence": 0.9154,
        "length_m": 4.71,
        "width_m": 2.24,
        "heading_deg": 25,
        "aoi": "r4-laippatie",
        "source_layer": "Ortoilmakuva_2025_5cm",
        "zoom": 16,
        "status": "confirmed",
        "class": "car"
      }
    },
    {
      "type": "Feature",
      "geometry": {
        "type": "Polygon",
        "coordinates": [
          [
            [
              25503131.07,
              6677419.738
            ],
            [
              25503133.116,
              6677418.745
            ],
            [
              25503135.145,
              6677422.926
            ],
            [
              25503133.099,
              6677423.919
            ],
            [
              25503131.07,
              6677419.738
            ]
          ]
        ]
      },
      "properties": {
        "confidence": 0.9153,
        "length_m": 4.65,
        "width_m": 2.27,
        "heading_deg": 25.9,
        "aoi": "r4-laippatie",
        "source_layer": "Ortoilmakuva_2025_5cm",
        "zoom": 16,
        "status": "confirmed",
        "class": "car"
      }
    },
    {
      "type": "Feature",
      "geometry": {
        "type": "Polygon",
        "coordinates": [
          [
            [
              25503168.147,
              6677465.177
            ],
            [
              25503170.139,
              6677464.359
            ],
            [
              25503171.742,
              6677468.26
            ],
            [
              25503169.75,
              6677469.078
            ],
            [
              25503168.147,
              6677465.177
            ]
          ]
        ]
      },
      "properties": {
        "confidence": 0.9151,
        "length_m": 4.22,
        "width_m": 2.15,
        "heading_deg": 22.3,
        "aoi": "r4-laippatie",
        "source_layer": "Ortoilmakuva_2025_5cm",
        "zoom": 16,
        "status": "confirmed",
        "class": "car"
      }
    },
    {
      "type": "Feature",
      "geometry": {
        "type": "Polygon",
        "coordinates": [
          [
            [
              25502935.299,
              6677495.814
            ],
            [
              25502937.171,
              6677494.921
            ],
            [
              25502938.976,
              6677498.708
            ],
            [
              25502937.104,
              6677499.6
            ],
            [
              25502935.299,
              6677495.814
            ]
          ]
        ]
      },
      "properties": {
        "confidence": 0.915,
        "length_m": 4.2,
        "width_m": 2.07,
        "heading_deg": 25.5,
        "aoi": "r4-laippatie",
        "source_layer": "Ortoilmakuva_2025_5cm",
        "zoom": 16,
        "status": "confirmed",
        "class": "car"
      }
    },
    {
      "type": "Feature",
      "geometry": {
        "type": "Polygon",
        "coordinates": [
          [
            [
              25503046.94,
              6677381.415
            ],
            [
              25503048.961,
              6677380.493
            ],
            [
              25503050.984,
              6677384.928
            ],
            [
              25503048.963,
              6677385.849
            ],
            [
              25503046.94,
              6677381.415
            ]
          ]
        ]
      },
      "properties": {
        "confidence": 0.9147,
        "length_m": 4.87,
        "width_m": 2.22,
        "heading_deg": 24.5,
        "aoi": "r4-laippatie",
        "source_layer": "Ortoilmakuva_2025_5cm",
        "zoom": 16,
        "status": "confirmed",
        "class": "car"
      }
    },
    {
      "type": "Feature",
      "geometry": {
        "type": "Polygon",
        "coordinates": [
          [
            [
              25503107.723,
              6677575.876
            ],
            [
              25503108.685,
              6677577.934
            ],
            [
              25503104.066,
              6677580.094
            ],
            [
              25503103.104,
              6677578.036
            ],
            [
              25503107.723,
              6677575.876
            ]
          ]
        ]
      },
      "properties": {
        "confidence": 0.9131,
        "length_m": 5.1,
        "width_m": 2.27,
        "heading_deg": 115.1,
        "aoi": "r4-laippatie",
        "source_layer": "Ortoilmakuva_2025_5cm",
        "zoom": 16,
        "status": "confirmed",
        "class": "car"
      }
    },
    {
      "type": "Feature",
      "geometry": {
        "type": "Polygon",
        "coordinates": [
          [
            [
              25502977.858,
              6677567.344
            ],
            [
              25502979.867,
              6677566.413
            ],
            [
              25502981.734,
              6677570.444
            ],
            [
              25502979.725,
              6677571.375
            ],
            [
              25502977.858,
              6677567.344
            ]
          ]
        ]
      },
      "properties": {
        "confidence": 0.9128,
        "length_m": 4.44,
        "width_m": 2.21,
        "heading_deg": 24.9,
        "aoi": "r4-laippatie",
        "source_layer": "Ortoilmakuva_2025_5cm",
        "zoom": 16,
        "status": "confirmed",
        "class": "car"
      }
    },
    {
      "type": "Feature",
      "geometry": {
        "type": "Polygon",
        "coordinates": [
          [
            [
              25503104.496,
              6677411.641
            ],
            [
              25503106.492,
              6677410.691
            ],
            [
              25503108.39,
              6677414.68
            ],
            [
              25503106.394,
              6677415.63
            ],
            [
              25503104.496,
              6677411.641
            ]
          ]
        ]
      },
      "properties": {
        "confidence": 0.9128,
        "length_m": 4.42,
        "width_m": 2.21,
        "heading_deg": 25.4,
        "aoi": "r4-laippatie",
        "source_layer": "Ortoilmakuva_2025_5cm",
        "zoom": 16,
        "status": "confirmed",
        "class": "car"
      }
    },
    {
      "type": "Feature",
      "geometry": {
        "type": "Polygon",
        "coordinates": [
          [
            [
              25503092.912,
              6677456.262
            ],
            [
              25503091.449,
              6677452.116
            ],
            [
              25503089.355,
              6677452.854
            ],
            [
              25503090.818,
              6677457.001
            ],
            [
              25503092.912,
              6677456.262
            ]
          ]
        ]
      },
      "properties": {
        "confidence": 0.9126,
        "length_m": 4.4,
        "width_m": 2.22,
        "heading_deg": 19.4,
        "aoi": "r4-laippatie",
        "source_layer": "Ortoilmakuva_2025_5cm",
        "zoom": 16,
        "status": "confirmed",
        "class": "car"
      }
    },
    {
      "type": "Feature",
      "geometry": {
        "type": "Polygon",
        "coordinates": [
          [
            [
              25502965.204,
              6677469.643
            ],
            [
              25502963.528,
              6677464.996
            ],
            [
              25502961.597,
              6677465.693
            ],
            [
              25502963.273,
              6677470.34
            ],
            [
              25502965.204,
              6677469.643
            ]
          ]
        ]
      },
      "properties": {
        "confidence": 0.9122,
        "length_m": 4.94,
        "width_m": 2.05,
        "heading_deg": 19.8,
        "aoi": "r4-laippatie",
        "source_layer": "Ortoilmakuva_2025_5cm",
        "zoom": 16,
        "status": "confirmed",
        "class": "car"
      }
    },
    {
      "type": "Feature",
      "geometry": {
        "type": "Polygon",
        "coordinates": [
          [
            [
              25502989.441,
              6677563.112
            ],
            [
              25502991.694,
              6677562.016
            ],
            [
              25502993.894,
              6677566.536
            ],
            [
              25502991.641,
              6677567.632
            ],
            [
              25502989.441,
              6677563.112
            ]
          ]
        ]
      },
      "properties": {
        "confidence": 0.9121,
        "length_m": 5.03,
        "width_m": 2.51,
        "heading_deg": 26,
        "aoi": "r4-laippatie",
        "source_layer": "Ortoilmakuva_2025_5cm",
        "zoom": 16,
        "status": "confirmed",
        "class": "car"
      }
    },
    {
      "type": "Feature",
      "geometry": {
        "type": "Polygon",
        "coordinates": [
          [
            [
              25503156.528,
              6677463.784
            ],
            [
              25503158.565,
              6677463.021
            ],
            [
              25503160.104,
              6677467.128
            ],
            [
              25503158.067,
              6677467.891
            ],
            [
              25503156.528,
              6677463.784
            ]
          ]
        ]
      },
      "properties": {
        "confidence": 0.9112,
        "length_m": 4.39,
        "width_m": 2.18,
        "heading_deg": 20.5,
        "aoi": "r4-laippatie",
        "source_layer": "Ortoilmakuva_2025_5cm",
        "zoom": 16,
        "status": "confirmed",
        "class": "car"
      }
    },
    {
      "type": "Feature",
      "geometry": {
        "type": "Polygon",
        "coordinates": [
          [
            [
              25503176.01,
              6677476.098
            ],
            [
              25503178.186,
              6677475.25
            ],
            [
              25503179.912,
              6677479.676
            ],
            [
              25503177.736,
              6677480.525
            ],
            [
              25503176.01,
              6677476.098
            ]
          ]
        ]
      },
      "properties": {
        "confidence": 0.9108,
        "length_m": 4.75,
        "width_m": 2.34,
        "heading_deg": 21.3,
        "aoi": "r4-laippatie",
        "source_layer": "Ortoilmakuva_2025_5cm",
        "zoom": 16,
        "status": "confirmed",
        "class": "car"
      }
    },
    {
      "type": "Feature",
      "geometry": {
        "type": "Polygon",
        "coordinates": [
          [
            [
              25503109.304,
              6677409.268
            ],
            [
              25503111.582,
              6677408.387
            ],
            [
              25503113.38,
              6677413.037
            ],
            [
              25503111.102,
              6677413.918
            ],
            [
              25503109.304,
              6677409.268
            ]
          ]
        ]
      },
      "properties": {
        "confidence": 0.9103,
        "length_m": 4.99,
        "width_m": 2.44,
        "heading_deg": 21.1,
        "aoi": "r4-laippatie",
        "source_layer": "Ortoilmakuva_2025_5cm",
        "zoom": 16,
        "status": "confirmed",
        "class": "car"
      }
    },
    {
      "type": "Feature",
      "geometry": {
        "type": "Polygon",
        "coordinates": [
          [
            [
              25503051.717,
              6677342.089
            ],
            [
              25503052.683,
              6677344.251
            ],
            [
              25503047.434,
              6677346.597
            ],
            [
              25503046.467,
              6677344.434
            ],
            [
              25503051.717,
              6677342.089
            ]
          ]
        ]
      },
      "properties": {
        "confidence": 0.9101,
        "length_m": 5.75,
        "width_m": 2.37,
        "heading_deg": 114.1,
        "aoi": "r4-laippatie",
        "source_layer": "Ortoilmakuva_2025_5cm",
        "zoom": 16,
        "status": "confirmed",
        "class": "van"
      }
    },
    {
      "type": "Feature",
      "geometry": {
        "type": "Polygon",
        "coordinates": [
          [
            [
              25502967.097,
              6677379.53
            ],
            [
              25502968.103,
              6677381.996
            ],
            [
              25502960.651,
              6677385.039
            ],
            [
              25502959.644,
              6677382.574
            ],
            [
              25502967.097,
              6677379.53
            ]
          ]
        ]
      },
      "properties": {
        "confidence": 0.9087,
        "length_m": 8.05,
        "width_m": 2.66,
        "heading_deg": 112.2,
        "aoi": "r4-laippatie",
        "source_layer": "Ortoilmakuva_2025_5cm",
        "zoom": 16,
        "status": "rejected",
        "class": ""
      }
    },
    {
      "type": "Feature",
      "geometry": {
        "type": "Polygon",
        "coordinates": [
          [
            [
              25503040.086,
              6677575.324
            ],
            [
              25503041.033,
              6677577.579
            ],
            [
              25503035.723,
              6677579.811
            ],
            [
              25503034.776,
              6677577.556
            ],
            [
              25503040.086,
              6677575.324
            ]
          ]
        ]
      },
      "properties": {
        "confidence": 0.907,
        "length_m": 5.76,
        "width_m": 2.45,
        "heading_deg": 112.8,
        "aoi": "r4-laippatie",
        "source_layer": "Ortoilmakuva_2025_5cm",
        "zoom": 16,
        "status": "confirmed",
        "class": "van"
      }
    },
    {
      "type": "Feature",
      "geometry": {
        "type": "Polygon",
        "coordinates": [
          [
            [
              25503032.722,
              6677558.413
            ],
            [
              25503033.684,
              6677560.635
            ],
            [
              25503028.728,
              6677562.783
            ],
            [
              25503027.765,
              6677560.561
            ],
            [
              25503032.722,
              6677558.413
            ]
          ]
        ]
      },
      "properties": {
        "confidence": 0.9069,
        "length_m": 5.4,
        "width_m": 2.42,
        "heading_deg": 113.4,
        "aoi": "r4-laippatie",
        "source_layer": "Ortoilmakuva_2025_5cm",
        "zoom": 16,
        "status": "confirmed",
        "class": "van"
      }
    },
    {
      "type": "Feature",
      "geometry": {
        "type": "Polygon",
        "coordinates": [
          [
            [
              25502944.029,
              6677485.369
            ],
            [
              25502946.341,
              6677484.418
            ],
            [
              25502948.44,
              6677489.524
            ],
            [
              25502946.128,
              6677490.474
            ],
            [
              25502944.029,
              6677485.369
            ]
          ]
        ]
      },
      "properties": {
        "confidence": 0.9067,
        "length_m": 5.52,
        "width_m": 2.5,
        "heading_deg": 22.3,
        "aoi": "r4-laippatie",
        "source_layer": "Ortoilmakuva_2025_5cm",
        "zoom": 16,
        "status": "confirmed",
        "class": "car"
      }
    },
    {
      "type": "Feature",
      "geometry": {
        "type": "Polygon",
        "coordinates": [
          [
            [
              25503060.814,
              6677493.701
            ],
            [
              25503061.816,
              6677495.846
            ],
            [
              25503057.281,
              6677497.962
            ],
            [
              25503056.28,
              6677495.816
            ],
            [
              25503060.814,
              6677493.701
            ]
          ]
        ]
      },
      "properties": {
        "confidence": 0.9066,
        "length_m": 5,
        "width_m": 2.37,
        "heading_deg": 115,
        "aoi": "r4-laippatie",
        "source_layer": "Ortoilmakuva_2025_5cm",
        "zoom": 16,
        "status": "confirmed",
        "class": "car"
      }
    },
    {
      "type": "Feature",
      "geometry": {
        "type": "Polygon",
        "coordinates": [
          [
            [
              25503153.811,
              6677464.595
            ],
            [
              25503155.991,
              6677463.652
            ],
            [
              25503157.862,
              6677467.975
            ],
            [
              25503155.682,
              6677468.918
            ],
            [
              25503153.811,
              6677464.595
            ]
          ]
        ]
      },
      "properties": {
        "confidence": 0.9057,
        "length_m": 4.71,
        "width_m": 2.38,
        "heading_deg": 23.4,
        "aoi": "r4-laippatie",
        "source_layer": "Ortoilmakuva_2025_5cm",
        "zoom": 16,
        "status": "confirmed",
        "class": "car"
      }
    },
    {
      "type": "Feature",
      "geometry": {
        "type": "Polygon",
        "coordinates": [
          [
            [
              25502956.389,
              6677501.013
            ],
            [
              25502958.654,
              6677500.161
            ],
            [
              25502960.342,
              6677504.647
            ],
            [
              25502958.078,
              6677505.499
            ],
            [
              25502956.389,
              6677501.013
            ]
          ]
        ]
      },
      "properties": {
        "confidence": 0.9033,
        "length_m": 4.79,
        "width_m": 2.42,
        "heading_deg": 20.6,
        "aoi": "r4-laippatie",
        "source_layer": "Ortoilmakuva_2025_5cm",
        "zoom": 16,
        "status": "confirmed",
        "class": "car"
      }
    },
    {
      "type": "Feature",
      "geometry": {
        "type": "Polygon",
        "coordinates": [
          [
            [
              25503125.126,
              6677435.484
            ],
            [
              25503127.143,
              6677434.412
            ],
            [
              25503129.448,
              6677438.75
            ],
            [
              25503127.431,
              6677439.822
            ],
            [
              25503125.126,
              6677435.484
            ]
          ]
        ]
      },
      "properties": {
        "confidence": 0.9031,
        "length_m": 4.91,
        "width_m": 2.28,
        "heading_deg": 28,
        "aoi": "r4-laippatie",
        "source_layer": "Ortoilmakuva_2025_5cm",
        "zoom": 16,
        "status": "confirmed",
        "class": "car"
      }
    },
    {
      "type": "Feature",
      "geometry": {
        "type": "Polygon",
        "coordinates": [
          [
            [
              25503134.464,
              6677451.363
            ],
            [
              25503136.525,
              6677450.506
            ],
            [
              25503138.449,
              6677455.135
            ],
            [
              25503136.388,
              6677455.992
            ],
            [
              25503134.464,
              6677451.363
            ]
          ]
        ]
      },
      "properties": {
        "confidence": 0.9027,
        "length_m": 5.01,
        "width_m": 2.23,
        "heading_deg": 22.6,
        "aoi": "r4-laippatie",
        "source_layer": "Ortoilmakuva_2025_5cm",
        "zoom": 16,
        "status": "confirmed",
        "class": "car"
      }
    },
    {
      "type": "Feature",
      "geometry": {
        "type": "Polygon",
        "coordinates": [
          [
            [
              25502993.806,
              6677580.619
            ],
            [
              25502996.559,
              6677579.586
            ],
            [
              25502999.614,
              6677587.734
            ],
            [
              25502996.86,
              6677588.766
            ],
            [
              25502993.806,
              6677580.619
            ]
          ]
        ]
      },
      "properties": {
        "confidence": 0.9012,
        "length_m": 8.7,
        "width_m": 2.94,
        "heading_deg": 20.6,
        "aoi": "r4-laippatie",
        "source_layer": "Ortoilmakuva_2025_5cm",
        "zoom": 16,
        "status": "confirmed",
        "class": "truck"
      }
    },
    {
      "type": "Feature",
      "geometry": {
        "type": "Polygon",
        "coordinates": [
          [
            [
              25503126.774,
              6677415.505
            ],
            [
              25503129.121,
              6677414.544
            ],
            [
              25503130.948,
              6677419.005
            ],
            [
              25503128.601,
              6677419.966
            ],
            [
              25503126.774,
              6677415.505
            ]
          ]
        ]
      },
      "properties": {
        "confidence": 0.901,
        "length_m": 4.82,
        "width_m": 2.54,
        "heading_deg": 22.3,
        "aoi": "r4-laippatie",
        "source_layer": "Ortoilmakuva_2025_5cm",
        "zoom": 16,
        "status": "confirmed",
        "class": "car"
      }
    },
    {
      "type": "Feature",
      "geometry": {
        "type": "Polygon",
        "coordinates": [
          [
            [
              25503052.199,
              6677556.675
            ],
            [
              25503052.999,
              6677558.747
            ],
            [
              25503048.765,
              6677560.383
            ],
            [
              25503047.964,
              6677558.311
            ],
            [
              25503052.199,
              6677556.675
            ]
          ]
        ]
      },
      "properties": {
        "confidence": 0.8983,
        "length_m": 4.54,
        "width_m": 2.22,
        "heading_deg": 111.1,
        "aoi": "r4-laippatie",
        "source_layer": "Ortoilmakuva_2025_5cm",
        "zoom": 16,
        "status": "confirmed",
        "class": "car"
      }
    },
    {
      "type": "Feature",
      "geometry": {
        "type": "Polygon",
        "coordinates": [
          [
            [
              25503170.541,
              6677463.947
            ],
            [
              25503172.672,
              6677463.079
            ],
            [
              25503174.393,
              6677467.304
            ],
            [
              25503172.262,
              6677468.172
            ],
            [
              25503170.541,
              6677463.947
            ]
          ]
        ]
      },
      "properties": {
        "confidence": 0.8972,
        "length_m": 4.56,
        "width_m": 2.3,
        "heading_deg": 22.2,
        "aoi": "r4-laippatie",
        "source_layer": "Ortoilmakuva_2025_5cm",
        "zoom": 16,
        "status": "confirmed",
        "class": "car"
      }
    },
    {
      "type": "Feature",
      "geometry": {
        "type": "Polygon",
        "coordinates": [
          [
            [
              25503042.926,
              6677367.417
            ],
            [
              25503043.833,
              6677369.662
            ],
            [
              25503038.813,
              6677371.691
            ],
            [
              25503037.905,
              6677369.445
            ],
            [
              25503042.926,
              6677367.417
            ]
          ]
        ]
      },
      "properties": {
        "confidence": 0.8945,
        "length_m": 5.41,
        "width_m": 2.42,
        "heading_deg": 112,
        "aoi": "r4-laippatie",
        "source_layer": "Ortoilmakuva_2025_5cm",
        "zoom": 16,
        "status": "confirmed",
        "class": "van"
      }
    },
    {
      "type": "Feature",
      "geometry": {
        "type": "Polygon",
        "coordinates": [
          [
            [
              25503038.936,
              6677466.679
            ],
            [
              25503040.033,
              6677468.966
            ],
            [
              25503034.824,
              6677471.464
            ],
            [
              25503033.728,
              6677469.177
            ],
            [
              25503038.936,
              6677466.679
            ]
          ]
        ]
      },
      "properties": {
        "confidence": 0.8943,
        "length_m": 5.78,
        "width_m": 2.54,
        "heading_deg": 115.6,
        "aoi": "r4-laippatie",
        "source_layer": "Ortoilmakuva_2025_5cm",
        "zoom": 16,
        "status": "confirmed",
        "class": "van"
      }
    },
    {
      "type": "Feature",
      "geometry": {
        "type": "Polygon",
        "coordinates": [
          [
            [
              25503002.06,
              6677477.974
            ],
            [
              25503003.061,
              6677480.026
            ],
            [
              25502998.528,
              6677482.236
            ],
            [
              25502997.528,
              6677480.184
            ],
            [
              25503002.06,
              6677477.974
            ]
          ]
        ]
      },
      "properties": {
        "confidence": 0.8942,
        "length_m": 5.04,
        "width_m": 2.28,
        "heading_deg": 116,
        "aoi": "r4-laippatie",
        "source_layer": "Ortoilmakuva_2025_5cm",
        "zoom": 16,
        "status": "confirmed",
        "class": "car"
      }
    },
    {
      "type": "Feature",
      "geometry": {
        "type": "Polygon",
        "coordinates": [
          [
            [
              25503042.569,
              6677546.605
            ],
            [
              25503037.942,
              6677548.282
            ],
            [
              25503038.676,
              6677550.308
            ],
            [
              25503043.303,
              6677548.631
            ],
            [
              25503042.569,
              6677546.605
            ]
          ]
        ]
      },
      "properties": {
        "confidence": 0.8941,
        "length_m": 4.92,
        "width_m": 2.15,
        "heading_deg": 109.9,
        "aoi": "r4-laippatie",
        "source_layer": "Ortoilmakuva_2025_5cm",
        "zoom": 16,
        "status": "confirmed",
        "class": "car"
      }
    },
    {
      "type": "Feature",
      "geometry": {
        "type": "Polygon",
        "coordinates": [
          [
            [
              25503018.838,
              6677499.105
            ],
            [
              25503020.868,
              6677498.388
            ],
            [
              25503022.237,
              6677502.26
            ],
            [
              25503020.206,
              6677502.978
            ],
            [
              25503018.838,
              6677499.105
            ]
          ]
        ]
      },
      "properties": {
        "confidence": 0.8902,
        "length_m": 4.11,
        "width_m": 2.15,
        "heading_deg": 19.5,
        "aoi": "r4-laippatie",
        "source_layer": "Ortoilmakuva_2025_5cm",
        "zoom": 16,
        "status": "confirmed",
        "class": "car"
      }
    },
    {
      "type": "Feature",
      "geometry": {
        "type": "Polygon",
        "coordinates": [
          [
            [
              25503011.2,
              6677579.178
            ],
            [
              25503011.936,
              6677581.494
            ],
            [
              25503005.553,
              6677583.522
            ],
            [
              25503004.817,
              6677581.206
            ],
            [
              25503011.2,
              6677579.178
            ]
          ]
        ]
      },
      "properties": {
        "confidence": 0.8869,
        "length_m": 6.7,
        "width_m": 2.43,
        "heading_deg": 107.6,
        "aoi": "r4-laippatie",
        "source_layer": "Ortoilmakuva_2025_5cm",
        "zoom": 16,
        "status": "confirmed",
        "class": "van"
      }
    },
    {
      "type": "Feature",
      "geometry": {
        "type": "Polygon",
        "coordinates": [
          [
            [
              25503043.484,
              6677370.102
            ],
            [
              25503044.411,
              6677372.194
            ],
            [
              25503039.997,
              6677374.151
            ],
            [
              25503039.069,
              6677372.059
            ],
            [
              25503043.484,
              6677370.102
            ]
          ]
        ]
      },
      "properties": {
        "confidence": 0.8857,
        "length_m": 4.83,
        "width_m": 2.29,
        "heading_deg": 113.9,
        "aoi": "r4-laippatie",
        "source_layer": "Ortoilmakuva_2025_5cm",
        "zoom": 16,
        "status": "confirmed",
        "class": "van"
      }
    },
    {
      "type": "Feature",
      "geometry": {
        "type": "Polygon",
        "coordinates": [
          [
            [
              25503032.307,
              6677342.049
            ],
            [
              25503033.081,
              6677344.387
            ],
            [
              25503028.121,
              6677346.029
            ],
            [
              25503027.347,
              6677343.69
            ],
            [
              25503032.307,
              6677342.049
            ]
          ]
        ]
      },
      "properties": {
        "confidence": 0.8842,
        "length_m": 5.22,
        "width_m": 2.46,
        "heading_deg": 108.3,
        "aoi": "r4-laippatie",
        "source_layer": "Ortoilmakuva_2025_5cm",
        "zoom": 16,
        "status": "confirmed",
        "class": "car"
      }
    },
    {
      "type": "Feature",
      "geometry": {
        "type": "Polygon",
        "coordinates": [
          [
            [
              25502950.271,
              6677482.691
            ],
            [
              25502952.448,
              6677481.427
            ],
            [
              25502955.349,
              6677486.427
            ],
            [
              25502953.173,
              6677487.69
            ],
            [
              25502950.271,
              6677482.691
            ]
          ]
        ]
      },
      "properties": {
        "confidence": 0.8826,
        "length_m": 5.78,
        "width_m": 2.52,
        "heading_deg": 30.1,
        "aoi": "r4-laippatie",
        "source_layer": "Ortoilmakuva_2025_5cm",
        "zoom": 16,
        "status": "confirmed",
        "class": "van"
      }
    },
    {
      "type": "Feature",
      "geometry": {
        "type": "Polygon",
        "coordinates": [
          [
            [
              25503034.269,
              6677359.837
            ],
            [
              25503035.32,
              6677362.132
            ],
            [
              25503029.987,
              6677364.575
            ],
            [
              25503028.936,
              6677362.28
            ],
            [
              25503034.269,
              6677359.837
            ]
          ]
        ]
      },
      "properties": {
        "confidence": 0.8812,
        "length_m": 5.87,
        "width_m": 2.52,
        "heading_deg": 114.6,
        "aoi": "r4-laippatie",
        "source_layer": "Ortoilmakuva_2025_5cm",
        "zoom": 16,
        "status": "confirmed",
        "class": "car"
      }
    },
    {
      "type": "Feature",
      "geometry": {
        "type": "Polygon",
        "coordinates": [
          [
            [
              25503071.387,
              6677403.431
            ],
            [
              25503072.435,
              6677405.813
            ],
            [
              25503067.494,
              6677407.986
            ],
            [
              25503066.447,
              6677405.604
            ],
            [
              25503071.387,
              6677403.431
            ]
          ]
        ]
      },
      "properties": {
        "confidence": 0.88,
        "length_m": 5.4,
        "width_m": 2.6,
        "heading_deg": 113.7,
        "aoi": "r4-laippatie",
        "source_layer": "Ortoilmakuva_2025_5cm",
        "zoom": 16,
        "status": "confirmed",
        "class": "car"
      }
    },
    {
      "type": "Feature",
      "geometry": {
        "type": "Polygon",
        "coordinates": [
          [
            [
              25503096.907,
              6677450.42
            ],
            [
              25503098.933,
              6677449.417
            ],
            [
              25503100.952,
              6677453.493
            ],
            [
              25503098.927,
              6677454.497
            ],
            [
              25503096.907,
              6677450.42
            ]
          ]
        ]
      },
      "properties": {
        "confidence": 0.8788,
        "length_m": 4.55,
        "width_m": 2.26,
        "heading_deg": 26.4,
        "aoi": "r4-laippatie",
        "source_layer": "Ortoilmakuva_2025_5cm",
        "zoom": 16,
        "status": "confirmed",
        "class": "car"
      }
    },
    {
      "type": "Feature",
      "geometry": {
        "type": "Polygon",
        "coordinates": [
          [
            [
              25503054.862,
              6677351.64
            ],
            [
              25503055.766,
              6677353.84
            ],
            [
              25503050.672,
              6677355.933
            ],
            [
              25503049.768,
              6677353.733
            ],
            [
              25503054.862,
              6677351.64
            ]
          ]
        ]
      },
      "properties": {
        "confidence": 0.8742,
        "length_m": 5.51,
        "width_m": 2.38,
        "heading_deg": 112.3,
        "aoi": "r4-laippatie",
        "source_layer": "Ortoilmakuva_2025_5cm",
        "zoom": 16,
        "status": "confirmed",
        "class": "car"
      }
    },
    {
      "type": "Feature",
      "geometry": {
        "type": "Polygon",
        "coordinates": [
          [
            [
              25503052.797,
              6677573.184
            ],
            [
              25503053.636,
              6677575.072
            ],
            [
              25503049.611,
              6677576.861
            ],
            [
              25503048.772,
              6677574.973
            ],
            [
              25503052.797,
              6677573.184
            ]
          ]
        ]
      },
      "properties": {
        "confidence": 0.8729,
        "length_m": 4.4,
        "width_m": 2.07,
        "heading_deg": 114,
        "aoi": "r4-laippatie",
        "source_layer": "Ortoilmakuva_2025_5cm",
        "zoom": 16,
        "status": "confirmed",
        "class": "car"
      }
    },
    {
      "type": "Feature",
      "geometry": {
        "type": "Polygon",
        "coordinates": [
          [
            [
              25503102.42,
              6677441.03
            ],
            [
              25503103.181,
              6677443.407
            ],
            [
              25503098.163,
              6677445.014
            ],
            [
              25503097.402,
              6677442.636
            ],
            [
              25503102.42,
              6677441.03
            ]
          ]
        ]
      },
      "properties": {
        "confidence": 0.8697,
        "length_m": 5.27,
        "width_m": 2.5,
        "heading_deg": 107.8,
        "aoi": "r4-laippatie",
        "source_layer": "Ortoilmakuva_2025_5cm",
        "zoom": 16,
        "status": "confirmed",
        "class": "car"
      }
    },
    {
      "type": "Feature",
      "geometry": {
        "type": "Polygon",
        "coordinates": [
          [
            [
              25503048.981,
              6677380.604
            ],
            [
              25503050.836,
              6677379.742
            ],
            [
              25503052.874,
              6677384.125
            ],
            [
              25503051.019,
              6677384.987
            ],
            [
              25503048.981,
              6677380.604
            ]
          ]
        ]
      },
      "properties": {
        "confidence": 0.8674,
        "length_m": 4.83,
        "width_m": 2.05,
        "heading_deg": 24.9,
        "aoi": "r4-laippatie",
        "source_layer": "Ortoilmakuva_2025_5cm",
        "zoom": 16,
        "status": "confirmed",
        "class": "car"
      }
    },
    {
      "type": "Feature",
      "geometry": {
        "type": "Polygon",
        "coordinates": [
          [
            [
              25503145.28,
              6677580.217
            ],
            [
              25503147.384,
              6677579.685
            ],
            [
              25503148.473,
              6677583.998
            ],
            [
              25503146.369,
              6677584.53
            ],
            [
              25503145.28,
              6677580.217
            ]
          ]
        ]
      },
      "properties": {
        "confidence": 0.8674,
        "length_m": 4.45,
        "width_m": 2.17,
        "heading_deg": 14.2,
        "aoi": "r4-laippatie",
        "source_layer": "Ortoilmakuva_2025_5cm",
        "zoom": 16,
        "status": "confirmed",
        "class": "car"
      }
    },
    {
      "type": "Feature",
      "geometry": {
        "type": "Polygon",
        "coordinates": [
          [
            [
              25503140.571,
              6677331.158
            ],
            [
              25503142.546,
              6677332.323
            ],
            [
              25503139.858,
              6677336.884
            ],
            [
              25503137.883,
              6677335.719
            ],
            [
              25503140.571,
              6677331.158
            ]
          ]
        ]
      },
      "properties": {
        "confidence": 0.8673,
        "length_m": 5.29,
        "width_m": 2.29,
        "heading_deg": 149.5,
        "aoi": "r4-laippatie",
        "source_layer": "Ortoilmakuva_2025_5cm",
        "zoom": 16,
        "status": "confirmed",
        "class": "car"
      }
    },
    {
      "type": "Feature",
      "geometry": {
        "type": "Polygon",
        "coordinates": [
          [
            [
              25503111.536,
              6677421.997
            ],
            [
              25503113.665,
              6677421.018
            ],
            [
              25503115.701,
              6677425.449
            ],
            [
              25503113.571,
              6677426.427
            ],
            [
              25503111.536,
              6677421.997
            ]
          ]
        ]
      },
      "properties": {
        "confidence": 0.8666,
        "length_m": 4.88,
        "width_m": 2.34,
        "heading_deg": 24.7,
        "aoi": "r4-laippatie",
        "source_layer": "Ortoilmakuva_2025_5cm",
        "zoom": 16,
        "status": "confirmed",
        "class": "car"
      }
    },
    {
      "type": "Feature",
      "geometry": {
        "type": "Polygon",
        "coordinates": [
          [
            [
              25503054.094,
              6677586.329
            ],
            [
              25503055.139,
              6677588.993
            ],
            [
              25503046.613,
              6677592.336
            ],
            [
              25503045.568,
              6677589.671
            ],
            [
              25503054.094,
              6677586.329
            ]
          ]
        ]
      },
      "properties": {
        "confidence": 0.8637,
        "length_m": 9.16,
        "width_m": 2.86,
        "heading_deg": 111.4,
        "aoi": "r4-laippatie",
        "source_layer": "Ortoilmakuva_2025_5cm",
        "zoom": 16,
        "status": "rejected",
        "class": ""
      }
    },
    {
      "type": "Feature",
      "geometry": {
        "type": "Polygon",
        "coordinates": [
          [
            [
              25502968.452,
              6677469.341
            ],
            [
              25502966.765,
              6677463.896
            ],
            [
              25502964.499,
              6677464.599
            ],
            [
              25502966.186,
              6677470.043
            ],
            [
              25502968.452,
              6677469.341
            ]
          ]
        ]
      },
      "properties": {
        "confidence": 0.8623,
        "length_m": 5.7,
        "width_m": 2.37,
        "heading_deg": 17.2,
        "aoi": "r4-laippatie",
        "source_layer": "Ortoilmakuva_2025_5cm",
        "zoom": 16,
        "status": "confirmed",
        "class": "van"
      }
    },
    {
      "type": "Feature",
      "geometry": {
        "type": "Polygon",
        "coordinates": [
          [
            [
              25503173.829,
              6677326.297
            ],
            [
              25503175.033,
              6677328.127
            ],
            [
              25503171.262,
              6677330.61
            ],
            [
              25503170.057,
              6677328.78
            ],
            [
              25503173.829,
              6677326.297
            ]
          ]
        ]
      },
      "properties": {
        "confidence": 0.8583,
        "length_m": 4.52,
        "width_m": 2.19,
        "heading_deg": 123.4,
        "aoi": "r4-laippatie",
        "source_layer": "Ortoilmakuva_2025_5cm",
        "zoom": 16,
        "status": "confirmed",
        "class": "car"
      }
    },
    {
      "type": "Feature",
      "geometry": {
        "type": "Polygon",
        "coordinates": [
          [
            [
              25503048.295,
              6677511.443
            ],
            [
              25503049.341,
              6677513.653
            ],
            [
              25503044.364,
              6677516.009
            ],
            [
              25503043.318,
              6677513.799
            ],
            [
              25503048.295,
              6677511.443
            ]
          ]
        ]
      },
      "properties": {
        "confidence": 0.857,
        "length_m": 5.51,
        "width_m": 2.45,
        "heading_deg": 115.3,
        "aoi": "r4-laippatie",
        "source_layer": "Ortoilmakuva_2025_5cm",
        "zoom": 16,
        "status": "confirmed",
        "class": "van"
      }
    },
    {
      "type": "Feature",
      "geometry": {
        "type": "Polygon",
        "coordinates": [
          [
            [
              25503081.203,
              6677331.919
            ],
            [
              25503082.843,
              6677333.826
            ],
            [
              25503077.969,
              6677338.017
            ],
            [
              25503076.33,
              6677336.11
            ],
            [
              25503081.203,
              6677331.919
            ]
          ]
        ]
      },
      "properties": {
        "confidence": 0.8561,
        "length_m": 6.43,
        "width_m": 2.52,
        "heading_deg": 130.7,
        "aoi": "r4-laippatie",
        "source_layer": "Ortoilmakuva_2025_5cm",
        "zoom": 16,
        "status": "confirmed",
        "class": "van"
      }
    },
    {
      "type": "Feature",
      "geometry": {
        "type": "Polygon",
        "coordinates": [
          [
            [
              25502966.806,
              6677454.905
            ],
            [
              25502968.999,
              6677453.966
            ],
            [
              25502970.813,
              6677458.203
            ],
            [
              25502968.621,
              6677459.142
            ],
            [
              25502966.806,
              6677454.905
            ]
          ]
        ]
      },
      "properties": {
        "confidence": 0.8559,
        "length_m": 4.61,
        "width_m": 2.39,
        "heading_deg": 23.2,
        "aoi": "r4-laippatie",
        "source_layer": "Ortoilmakuva_2025_5cm",
        "zoom": 16,
        "status": "confirmed",
        "class": "car"
      }
    },
    {
      "type": "Feature",
      "geometry": {
        "type": "Polygon",
        "coordinates": [
          [
            [
              25503146.155,
              6677467.182
            ],
            [
              25503148.476,
              6677466.132
            ],
            [
              25503150.625,
              6677470.881
            ],
            [
              25503148.304,
              6677471.931
            ],
            [
              25503146.155,
              6677467.182
            ]
          ]
        ]
      },
      "properties": {
        "confidence": 0.8525,
        "length_m": 5.21,
        "width_m": 2.55,
        "heading_deg": 24.3,
        "aoi": "r4-laippatie",
        "source_layer": "Ortoilmakuva_2025_5cm",
        "zoom": 16,
        "status": "confirmed",
        "class": "van"
      }
    },
    {
      "type": "Feature",
      "geometry": {
        "type": "Polygon",
        "coordinates": [
          [
            [
              25503056.895,
              6677519.95
            ],
            [
              25503057.687,
              6677521.886
            ],
            [
              25503053.871,
              6677523.447
            ],
            [
              25503053.079,
              6677521.511
            ],
            [
              25503056.895,
              6677519.95
            ]
          ]
        ]
      },
      "properties": {
        "confidence": 0.8523,
        "length_m": 4.12,
        "width_m": 2.09,
        "heading_deg": 112.2,
        "aoi": "r4-laippatie",
        "source_layer": "Ortoilmakuva_2025_5cm",
        "zoom": 16,
        "status": "rejected",
        "class": ""
      }
    },
    {
      "type": "Feature",
      "geometry": {
        "type": "Polygon",
        "coordinates": [
          [
            [
              25503137.963,
              6677421.642
            ],
            [
              25503135.206,
              6677415.175
            ],
            [
              25503132.704,
              6677416.242
            ],
            [
              25503135.461,
              6677422.708
            ],
            [
              25503137.963,
              6677421.642
            ]
          ]
        ]
      },
      "properties": {
        "confidence": 0.8504,
        "length_m": 7.03,
        "width_m": 2.72,
        "heading_deg": 23.1,
        "aoi": "r4-laippatie",
        "source_layer": "Ortoilmakuva_2025_5cm",
        "zoom": 16,
        "status": "confirmed",
        "class": "truck"
      }
    },
    {
      "type": "Feature",
      "geometry": {
        "type": "Polygon",
        "coordinates": [
          [
            [
              25502997.38,
              6677422.121
            ],
            [
              25502998.34,
              6677424.546
            ],
            [
              25502992.302,
              6677426.936
            ],
            [
              25502991.343,
              6677424.511
            ],
            [
              25502997.38,
              6677422.121
            ]
          ]
        ]
      },
      "properties": {
        "confidence": 0.8503,
        "length_m": 6.49,
        "width_m": 2.61,
        "heading_deg": 111.6,
        "aoi": "r4-laippatie",
        "source_layer": "Ortoilmakuva_2025_5cm",
        "zoom": 16,
        "status": "confirmed",
        "class": "van"
      }
    },
    {
      "type": "Feature",
      "geometry": {
        "type": "Polygon",
        "coordinates": [
          [
            [
              25502983.39,
              6677475.271
            ],
            [
              25502986.182,
              6677474.141
            ],
            [
              25502988.977,
              6677481.046
            ],
            [
              25502986.184,
              6677482.176
            ],
            [
              25502983.39,
              6677475.271
            ]
          ]
        ]
      },
      "properties": {
        "confidence": 0.8372,
        "length_m": 7.45,
        "width_m": 3.01,
        "heading_deg": 22,
        "aoi": "r4-laippatie",
        "source_layer": "Ortoilmakuva_2025_5cm",
        "zoom": 16,
        "status": "confirmed",
        "class": "truck"
      }
    },
    {
      "type": "Feature",
      "geometry": {
        "type": "Polygon",
        "coordinates": [
          [
            [
              25503065.589,
              6677506.294
            ],
            [
              25503066.29,
              6677508.259
            ],
            [
              25503062.067,
              6677509.767
            ],
            [
              25503061.365,
              6677507.802
            ],
            [
              25503065.589,
              6677506.294
            ]
          ]
        ]
      },
      "properties": {
        "confidence": 0.8353,
        "length_m": 4.48,
        "width_m": 2.09,
        "heading_deg": 109.7,
        "aoi": "r4-laippatie",
        "source_layer": "Ortoilmakuva_2025_5cm",
        "zoom": 16,
        "status": "confirmed",
        "class": "car"
      }
    },
    {
      "type": "Feature",
      "geometry": {
        "type": "Polygon",
        "coordinates": [
          [
            [
              25503116.7,
              6677419.997
            ],
            [
              25503119.527,
              6677418.972
            ],
            [
              25503122.59,
              6677427.422
            ],
            [
              25503119.763,
              6677428.447
            ],
            [
              25503116.7,
              6677419.997
            ]
          ]
        ]
      },
      "properties": {
        "confidence": 0.8342,
        "length_m": 8.99,
        "width_m": 3.01,
        "heading_deg": 19.9,
        "aoi": "r4-laippatie",
        "source_layer": "Ortoilmakuva_2025_5cm",
        "zoom": 16,
        "status": "rejected",
        "class": ""
      }
    },
    {
      "type": "Feature",
      "geometry": {
        "type": "Polygon",
        "coordinates": [
          [
            [
              25503019.36,
              6677360.003
            ],
            [
              25503020.353,
              6677362.29
            ],
            [
              25503015.027,
              6677364.603
            ],
            [
              25503014.034,
              6677362.316
            ],
            [
              25503019.36,
              6677360.003
            ]
          ]
        ]
      },
      "properties": {
        "confidence": 0.8313,
        "length_m": 5.81,
        "width_m": 2.49,
        "heading_deg": 113.5,
        "aoi": "r4-laippatie",
        "source_layer": "Ortoilmakuva_2025_5cm",
        "zoom": 16,
        "status": "confirmed",
        "class": "van"
      }
    },
    {
      "type": "Feature",
      "geometry": {
        "type": "Polygon",
        "coordinates": [
          [
            [
              25502953.521,
              6677474.609
            ],
            [
              25502956.186,
              6677473.555
            ],
            [
              25502958.656,
              6677479.804
            ],
            [
              25502955.99,
              6677480.857
            ],
            [
              25502953.521,
              6677474.609
            ]
          ]
        ]
      },
      "properties": {
        "confidence": 0.8293,
        "length_m": 6.72,
        "width_m": 2.87,
        "heading_deg": 21.6,
        "aoi": "r4-laippatie",
        "source_layer": "Ortoilmakuva_2025_5cm",
        "zoom": 16,
        "status": "confirmed",
        "class": "van"
      }
    },
    {
      "type": "Feature",
      "geometry": {
        "type": "Polygon",
        "coordinates": [
          [
            [
              25503034.249,
              6677517.355
            ],
            [
              25503035.123,
              6677520.072
            ],
            [
              25503027.263,
              6677522.6
            ],
            [
              25503026.389,
              6677519.883
            ],
            [
              25503034.249,
              6677517.355
            ]
          ]
        ]
      },
      "properties": {
        "confidence": 0.8288,
        "length_m": 8.26,
        "width_m": 2.85,
        "heading_deg": 107.8,
        "aoi": "r4-laippatie",
        "source_layer": "Ortoilmakuva_2025_5cm",
        "zoom": 16,
        "status": "confirmed",
        "class": "truck"
      }
    },
    {
      "type": "Feature",
      "geometry": {
        "type": "Polygon",
        "coordinates": [
          [
            [
              25503088.205,
              6677405.063
            ],
            [
              25503089.24,
              6677407.353
            ],
            [
              25503084.46,
              6677409.513
            ],
            [
              25503083.426,
              6677407.223
            ],
            [
              25503088.205,
              6677405.063
            ]
          ]
        ]
      },
      "properties": {
        "confidence": 0.8276,
        "length_m": 5.25,
        "width_m": 2.51,
        "heading_deg": 114.3,
        "aoi": "r4-laippatie",
        "source_layer": "Ortoilmakuva_2025_5cm",
        "zoom": 16,
        "status": "confirmed",
        "class": "van"
      }
    },
    {
      "type": "Feature",
      "geometry": {
        "type": "Polygon",
        "coordinates": [
          [
            [
              25503098.412,
              6677430.652
            ],
            [
              25503099.618,
              6677432.903
            ],
            [
              25503094.895,
              6677435.434
            ],
            [
              25503093.688,
              6677433.183
            ],
            [
              25503098.412,
              6677430.652
            ]
          ]
        ]
      },
      "properties": {
        "confidence": 0.8266,
        "length_m": 5.36,
        "width_m": 2.55,
        "heading_deg": 118.2,
        "aoi": "r4-laippatie",
        "source_layer": "Ortoilmakuva_2025_5cm",
        "zoom": 16,
        "status": "confirmed",
        "class": "car"
      }
    },
    {
      "type": "Feature",
      "geometry": {
        "type": "Polygon",
        "coordinates": [
          [
            [
              25502937.676,
              6677495.104
            ],
            [
              25502939.365,
              6677494.286
            ],
            [
              25502941.117,
              6677497.904
            ],
            [
              25502939.427,
              6677498.722
            ],
            [
              25502937.676,
              6677495.104
            ]
          ]
        ]
      },
      "properties": {
        "confidence": 0.8259,
        "length_m": 4.02,
        "width_m": 1.88,
        "heading_deg": 25.8,
        "aoi": "r4-laippatie",
        "source_layer": "Ortoilmakuva_2025_5cm",
        "zoom": 16,
        "status": "rejected",
        "class": ""
      }
    },
    {
      "type": "Feature",
      "geometry": {
        "type": "Polygon",
        "coordinates": [
          [
            [
              25503058.369,
              6677489.17
            ],
            [
              25503059.226,
              6677491.293
            ],
            [
              25503054.622,
              6677493.152
            ],
            [
              25503053.765,
              6677491.029
            ],
            [
              25503058.369,
              6677489.17
            ]
          ]
        ]
      },
      "properties": {
        "confidence": 0.8198,
        "length_m": 4.97,
        "width_m": 2.29,
        "heading_deg": 112,
        "aoi": "r4-laippatie",
        "source_layer": "Ortoilmakuva_2025_5cm",
        "zoom": 16,
        "status": "confirmed",
        "class": "car"
      }
    },
    {
      "type": "Feature",
      "geometry": {
        "type": "Polygon",
        "coordinates": [
          [
            [
              25502951.661,
              6677440.354
            ],
            [
              25502952.655,
              6677442.703
            ],
            [
              25502947.541,
              6677444.865
            ],
            [
              25502946.547,
              6677442.515
            ],
            [
              25502951.661,
              6677440.354
            ]
          ]
        ]
      },
      "properties": {
        "confidence": 0.8089,
        "length_m": 5.55,
        "width_m": 2.55,
        "heading_deg": 112.9,
        "aoi": "r4-laippatie",
        "source_layer": "Ortoilmakuva_2025_5cm",
        "zoom": 16,
        "status": "confirmed",
        "class": "car"
      }
    },
    {
      "type": "Feature",
      "geometry": {
        "type": "Polygon",
        "coordinates": [
          [
            [
              25503129.511,
              6677439.294
            ],
            [
              25503131.888,
              6677438.265
            ],
            [
              25503134.215,
              6677443.64
            ],
            [
              25503131.838,
              6677444.669
            ],
            [
              25503129.511,
              6677439.294
            ]
          ]
        ]
      },
      "properties": {
        "confidence": 0.8063,
        "length_m": 5.86,
        "width_m": 2.59,
        "heading_deg": 23.4,
        "aoi": "r4-laippatie",
        "source_layer": "Ortoilmakuva_2025_5cm",
        "zoom": 16,
        "status": "confirmed",
        "class": "van"
      }
    },
    {
      "type": "Feature",
      "geometry": {
        "type": "Polygon",
        "coordinates": [
          [
            [
              25503051.304,
              6677379.475
            ],
            [
              25503053.052,
              6677378.618
            ],
            [
              25503054.886,
              6677382.359
            ],
            [
              25503053.137,
              6677383.216
            ],
            [
              25503051.304,
              6677379.475
            ]
          ]
        ]
      },
      "properties": {
        "confidence": 0.8012,
        "length_m": 4.17,
        "width_m": 1.95,
        "heading_deg": 26.1,
        "aoi": "r4-laippatie",
        "source_layer": "Ortoilmakuva_2025_5cm",
        "zoom": 16,
        "status": "confirmed",
        "class": "car"
      }
    },
    {
      "type": "Feature",
      "geometry": {
        "type": "Polygon",
        "coordinates": [
          [
            [
              25502985.475,
              6677427.053
            ],
            [
              25502986.406,
              6677429.335
            ],
            [
              25502981.315,
              6677431.411
            ],
            [
              25502980.384,
              6677429.129
            ],
            [
              25502985.475,
              6677427.053
            ]
          ]
        ]
      },
      "properties": {
        "confidence": 0.7985,
        "length_m": 5.5,
        "width_m": 2.46,
        "heading_deg": 112.2,
        "aoi": "r4-laippatie",
        "source_layer": "Ortoilmakuva_2025_5cm",
        "zoom": 16,
        "status": "confirmed",
        "class": "van"
      }
    },
    {
      "type": "Feature",
      "geometry": {
        "type": "Polygon",
        "coordinates": [
          [
            [
              25503045.37,
              6677553.502
            ],
            [
              25503046.278,
              6677555.713
            ],
            [
              25503041.462,
              6677557.691
            ],
            [
              25503040.554,
              6677555.48
            ],
            [
              25503045.37,
              6677553.502
            ]
          ]
        ]
      },
      "properties": {
        "confidence": 0.7978,
        "length_m": 5.21,
        "width_m": 2.39,
        "heading_deg": 112.3,
        "aoi": "r4-laippatie",
        "source_layer": "Ortoilmakuva_2025_5cm",
        "zoom": 16,
        "status": "confirmed",
        "class": "car"
      }
    },
    {
      "type": "Feature",
      "geometry": {
        "type": "Polygon",
        "coordinates": [
          [
            [
              25503056.584,
              6677516.624
            ],
            [
              25503057.517,
              6677518.875
            ],
            [
              25503052.67,
              6677520.883
            ],
            [
              25503051.737,
              6677518.632
            ],
            [
              25503056.584,
              6677516.624
            ]
          ]
        ]
      },
      "properties": {
        "confidence": 0.7967,
        "length_m": 5.25,
        "width_m": 2.44,
        "heading_deg": 112.5,
        "aoi": "r4-laippatie",
        "source_layer": "Ortoilmakuva_2025_5cm",
        "zoom": 16,
        "status": "confirmed",
        "class": "van"
      }
    },
    {
      "type": "Feature",
      "geometry": {
        "type": "Polygon",
        "coordinates": [
          [
            [
              25503026.689,
              6677410.369
            ],
            [
              25503027.616,
              6677412.501
            ],
            [
              25503022.813,
              6677414.59
            ],
            [
              25503021.886,
              6677412.457
            ],
            [
              25503026.689,
              6677410.369
            ]
          ]
        ]
      },
      "properties": {
        "confidence": 0.7937,
        "length_m": 5.24,
        "width_m": 2.32,
        "heading_deg": 113.5,
        "aoi": "r4-laippatie",
        "source_layer": "Ortoilmakuva_2025_5cm",
        "zoom": 16,
        "status": "confirmed",
        "class": "car"
      }
    },
    {
      "type": "Feature",
      "geometry": {
        "type": "Polygon",
        "coordinates": [
          [
            [
              25503016.079,
              6677469.382
            ],
            [
              25503017.048,
              6677471.54
            ],
            [
              25503012.482,
              6677473.59
            ],
            [
              25503011.513,
              6677471.431
            ],
            [
              25503016.079,
              6677469.382
            ]
          ]
        ]
      },
      "properties": {
        "confidence": 0.7904,
        "length_m": 5.01,
        "width_m": 2.37,
        "heading_deg": 114.2,
        "aoi": "r4-laippatie",
        "source_layer": "Ortoilmakuva_2025_5cm",
        "zoom": 16,
        "status": "confirmed",
        "class": "car"
      }
    },
    {
      "type": "Feature",
      "geometry": {
        "type": "Polygon",
        "coordinates": [
          [
            [
              25503158.241,
              6677482.614
            ],
            [
              25503160.488,
              6677481.719
            ],
            [
              25503162.347,
              6677486.388
            ],
            [
              25503160.101,
              6677487.283
            ],
            [
              25503158.241,
              6677482.614
            ]
          ]
        ]
      },
      "properties": {
        "confidence": 0.7902,
        "length_m": 5.03,
        "width_m": 2.42,
        "heading_deg": 21.7,
        "aoi": "r4-laippatie",
        "source_layer": "Ortoilmakuva_2025_5cm",
        "zoom": 16,
        "status": "confirmed",
        "class": "car"
      }
    },
    {
      "type": "Feature",
      "geometry": {
        "type": "Polygon",
        "coordinates": [
          [
            [
              25502986.175,
              6677497.496
            ],
            [
              25502984.268,
              6677492.185
            ],
            [
              25502982.005,
              6677492.997
            ],
            [
              25502983.912,
              6677498.309
            ],
            [
              25502986.175,
              6677497.496
            ]
          ]
        ]
      },
      "properties": {
        "confidence": 0.7775,
        "length_m": 5.64,
        "width_m": 2.4,
        "heading_deg": 19.8,
        "aoi": "r4-laippatie",
        "source_layer": "Ortoilmakuva_2025_5cm",
        "zoom": 16,
        "status": "confirmed",
        "class": "car"
      }
    },
    {
      "type": "Feature",
      "geometry": {
        "type": "Polygon",
        "coordinates": [
          [
            [
              25503034.547,
              6677511.882
            ],
            [
              25503035.253,
              6677513.958
            ],
            [
              25503030.788,
              6677515.475
            ],
            [
              25503030.083,
              6677513.399
            ],
            [
              25503034.547,
              6677511.882
            ]
          ]
        ]
      },
      "properties": {
        "confidence": 0.7754,
        "length_m": 4.72,
        "width_m": 2.19,
        "heading_deg": 108.8,
        "aoi": "r4-laippatie",
        "source_layer": "Ortoilmakuva_2025_5cm",
        "zoom": 16,
        "status": "confirmed",
        "class": "car"
      }
    },
    {
      "type": "Feature",
      "geometry": {
        "type": "Polygon",
        "coordinates": [
          [
            [
              25503142.359,
              6677429.01
            ],
            [
              25503144.598,
              6677428.159
            ],
            [
              25503146.411,
              6677432.927
            ],
            [
              25503144.173,
              6677433.779
            ],
            [
              25503142.359,
              6677429.01
            ]
          ]
        ]
      },
      "properties": {
        "confidence": 0.7725,
        "length_m": 5.1,
        "width_m": 2.4,
        "heading_deg": 20.8,
        "aoi": "r4-laippatie",
        "source_layer": "Ortoilmakuva_2025_5cm",
        "zoom": 16,
        "status": "confirmed",
        "class": "car"
      }
    },
    {
      "type": "Feature",
      "geometry": {
        "type": "Polygon",
        "coordinates": [
          [
            [
              25502941.851,
              6677492.89
            ],
            [
              25502939.234,
              6677486.967
            ],
            [
              25502937.168,
              6677487.88
            ],
            [
              25502939.786,
              6677493.803
            ],
            [
              25502941.851,
              6677492.89
            ]
          ]
        ]
      },
      "properties": {
        "confidence": 0.7627,
        "length_m": 6.48,
        "width_m": 2.26,
        "heading_deg": 23.8,
        "aoi": "r4-laippatie",
        "source_layer": "Ortoilmakuva_2025_5cm",
        "zoom": 16,
        "status": "confirmed",
        "class": "van"
      }
    },
    {
      "type": "Feature",
      "geometry": {
        "type": "Polygon",
        "coordinates": [
          [
            [
              25503243.89,
              6677579.036
            ],
            [
              25503245.008,
              6677581.569
            ],
            [
              25503240.658,
              6677583.489
            ],
            [
              25503239.54,
              6677580.956
            ],
            [
              25503243.89,
              6677579.036
            ]
          ]
        ]
      },
      "properties": {
        "confidence": 0.7582,
        "length_m": 4.75,
        "width_m": 2.77,
        "heading_deg": 113.8,
        "aoi": "r4-laippatie",
        "source_layer": "Ortoilmakuva_2025_5cm",
        "zoom": 16,
        "status": "rejected",
        "class": ""
      }
    },
    {
      "type": "Feature",
      "geometry": {
        "type": "Polygon",
        "coordinates": [
          [
            [
              25503148.493,
              6677472.723
            ],
            [
              25503150.833,
              6677471.626
            ],
            [
              25503153.269,
              6677476.824
            ],
            [
              25503150.929,
              6677477.921
            ],
            [
              25503148.493,
              6677472.723
            ]
          ]
        ]
      },
      "properties": {
        "confidence": 0.7572,
        "length_m": 5.74,
        "width_m": 2.58,
        "heading_deg": 25.1,
        "aoi": "r4-laippatie",
        "source_layer": "Ortoilmakuva_2025_5cm",
        "zoom": 16,
        "status": "confirmed",
        "class": "van"
      }
    },
    {
      "type": "Feature",
      "geometry": {
        "type": "Polygon",
        "coordinates": [
          [
            [
              25503121.305,
              6677423.31
            ],
            [
              25503123.477,
              6677422.372
            ],
            [
              25503125.477,
              6677427.001
            ],
            [
              25503123.305,
              6677427.94
            ],
            [
              25503121.305,
              6677423.31
            ]
          ]
        ]
      },
      "properties": {
        "confidence": 0.7503,
        "length_m": 5.04,
        "width_m": 2.37,
        "heading_deg": 23.4,
        "aoi": "r4-laippatie",
        "source_layer": "Ortoilmakuva_2025_5cm",
        "zoom": 16,
        "status": "confirmed",
        "class": "van"
      }
    },
    {
      "type": "Feature",
      "geometry": {
        "type": "Polygon",
        "coordinates": [
          [
            [
              25503110.062,
              6677403.127
            ],
            [
              25503112.134,
              6677402.284
            ],
            [
              25503113.96,
              6677406.765
            ],
            [
              25503111.888,
              6677407.609
            ],
            [
              25503110.062,
              6677403.127
            ]
          ]
        ]
      },
      "properties": {
        "confidence": 0.7456,
        "length_m": 4.84,
        "width_m": 2.24,
        "heading_deg": 22.2,
        "aoi": "r4-laippatie",
        "source_layer": "Ortoilmakuva_2025_5cm",
        "zoom": 16,
        "status": "confirmed",
        "class": "car"
      }
    },
    {
      "type": "Feature",
      "geometry": {
        "type": "Polygon",
        "coordinates": [
          [
            [
              25503127.162,
              6677440.201
            ],
            [
              25503129.428,
              6677439.336
            ],
            [
              25503131.247,
              6677444.106
            ],
            [
              25503128.981,
              6677444.97
            ],
            [
              25503127.162,
              6677440.201
            ]
          ]
        ]
      },
      "properties": {
        "confidence": 0.742,
        "length_m": 5.11,
        "width_m": 2.43,
        "heading_deg": 20.9,
        "aoi": "r4-laippatie",
        "source_layer": "Ortoilmakuva_2025_5cm",
        "zoom": 16,
        "status": "confirmed",
        "class": "van"
      }
    },
    {
      "type": "Feature",
      "geometry": {
        "type": "Polygon",
        "coordinates": [
          [
            [
              25503141.173,
              6677489.093
            ],
            [
              25503143.514,
              6677488.065
            ],
            [
              25503145.616,
              6677492.853
            ],
            [
              25503143.275,
              6677493.881
            ],
            [
              25503141.173,
              6677489.093
            ]
          ]
        ]
      },
      "properties": {
        "confidence": 0.7282,
        "length_m": 5.23,
        "width_m": 2.56,
        "heading_deg": 23.7,
        "aoi": "r4-laippatie",
        "source_layer": "Ortoilmakuva_2025_5cm",
        "zoom": 16,
        "status": "confirmed",
        "class": "van"
      }
    },
    {
      "type": "Feature",
      "geometry": {
        "type": "Polygon",
        "coordinates": [
          [
            [
              25503040.443,
              6677525.959
            ],
            [
              25503041.395,
              6677528.203
            ],
            [
              25503036.374,
              6677530.332
            ],
            [
              25503035.422,
              6677528.088
            ],
            [
              25503040.443,
              6677525.959
            ]
          ]
        ]
      },
      "properties": {
        "confidence": 0.7211,
        "length_m": 5.45,
        "width_m": 2.44,
        "heading_deg": 113,
        "aoi": "r4-laippatie",
        "source_layer": "Ortoilmakuva_2025_5cm",
        "zoom": 16,
        "status": "confirmed",
        "class": "van"
      }
    },
    {
      "type": "Feature",
      "geometry": {
        "type": "Polygon",
        "coordinates": [
          [
            [
              25503126.025,
              6677544.731
            ],
            [
              25503112.345,
              6677547.866
            ],
            [
              25503113.062,
              6677550.993
            ],
            [
              25503126.742,
              6677547.858
            ],
            [
              25503126.025,
              6677544.731
            ]
          ]
        ]
      },
      "properties": {
        "confidence": 0.7178,
        "length_m": 14.04,
        "width_m": 3.21,
        "heading_deg": 102.9,
        "aoi": "r4-laippatie",
        "source_layer": "Ortoilmakuva_2025_5cm",
        "zoom": 16,
        "status": "confirmed",
        "class": "truck"
      }
    },
    {
      "type": "Feature",
      "geometry": {
        "type": "Polygon",
        "coordinates": [
          [
            [
              25503037.13,
              6677461.556
            ],
            [
              25503038.064,
              6677463.611
            ],
            [
              25503033.832,
              6677465.535
            ],
            [
              25503032.897,
              6677463.48
            ],
            [
              25503037.13,
              6677461.556
            ]
          ]
        ]
      },
      "properties": {
        "confidence": 0.7169,
        "length_m": 4.65,
        "width_m": 2.26,
        "heading_deg": 114.4,
        "aoi": "r4-laippatie",
        "source_layer": "Ortoilmakuva_2025_5cm",
        "zoom": 16,
        "status": "confirmed",
        "class": "car"
      }
    },
    {
      "type": "Feature",
      "geometry": {
        "type": "Polygon",
        "coordinates": [
          [
            [
              25503006.116,
              6677532.359
            ],
            [
              25503008.135,
              6677531.355
            ],
            [
              25503010.42,
              6677535.95
            ],
            [
              25503008.401,
              6677536.953
            ],
            [
              25503006.116,
              6677532.359
            ]
          ]
        ]
      },
      "properties": {
        "confidence": 0.7159,
        "length_m": 5.13,
        "width_m": 2.25,
        "heading_deg": 26.4,
        "aoi": "r4-laippatie",
        "source_layer": "Ortoilmakuva_2025_5cm",
        "zoom": 16,
        "status": "confirmed",
        "class": "van"
      }
    },
    {
      "type": "Feature",
      "geometry": {
        "type": "Polygon",
        "coordinates": [
          [
            [
              25503137.142,
              6677450.12
            ],
            [
              25503139.114,
              6677449.433
            ],
            [
              25503140.585,
              6677453.655
            ],
            [
              25503138.612,
              6677454.342
            ],
            [
              25503137.142,
              6677450.12
            ]
          ]
        ]
      },
      "properties": {
        "confidence": 0.7152,
        "length_m": 4.47,
        "width_m": 2.09,
        "heading_deg": 19.2,
        "aoi": "r4-laippatie",
        "source_layer": "Ortoilmakuva_2025_5cm",
        "zoom": 16,
        "status": "confirmed",
        "class": "car"
      }
    },
    {
      "type": "Feature",
      "geometry": {
        "type": "Polygon",
        "coordinates": [
          [
            [
              25503040.229,
              6677360.354
            ],
            [
              25503041.052,
              6677362.677
            ],
            [
              25503036.013,
              6677364.462
            ],
            [
              25503035.19,
              6677362.14
            ],
            [
              25503040.229,
              6677360.354
            ]
          ]
        ]
      },
      "properties": {
        "confidence": 0.7052,
        "length_m": 5.35,
        "width_m": 2.46,
        "heading_deg": 109.5,
        "aoi": "r4-laippatie",
        "source_layer": "Ortoilmakuva_2025_5cm",
        "zoom": 16,
        "status": "confirmed",
        "class": "car"
      }
    },
    {
      "type": "Feature",
      "geometry": {
        "type": "Polygon",
        "coordinates": [
          [
            [
              25502940.554,
              6677436.294
            ],
            [
              25502941.47,
              6677438.51
            ],
            [
              25502936.763,
              6677440.456
            ],
            [
              25502935.847,
              6677438.24
            ],
            [
              25502940.554,
              6677436.294
            ]
          ]
        ]
      },
      "properties": {
        "confidence": 0.7016,
        "length_m": 5.09,
        "width_m": 2.4,
        "heading_deg": 112.5,
        "aoi": "r4-laippatie",
        "source_layer": "Ortoilmakuva_2025_5cm",
        "zoom": 16,
        "status": "confirmed",
        "class": "car"
      }
    },
    {
      "type": "Feature",
      "geometry": {
        "type": "Polygon",
        "coordinates": [
          [
            [
              25503133.518,
              6677573.391
            ],
            [
              25503134.26,
              6677575.582
            ],
            [
              25503129.574,
              6677577.17
            ],
            [
              25503128.832,
              6677574.979
            ],
            [
              25503133.518,
              6677573.391
            ]
          ]
        ]
      },
      "properties": {
        "confidence": 0.7015,
        "length_m": 4.95,
        "width_m": 2.31,
        "heading_deg": 108.7,
        "aoi": "r4-laippatie",
        "source_layer": "Ortoilmakuva_2025_5cm",
        "zoom": 16,
        "status": "confirmed",
        "class": "car"
      }
    },
    {
      "type": "Feature",
      "geometry": {
        "type": "Polygon",
        "coordinates": [
          [
            [
              25503141.674,
              6677325.729
            ],
            [
              25503143.415,
              6677327.347
            ],
            [
              25503140.046,
              6677330.972
            ],
            [
              25503138.305,
              6677329.354
            ],
            [
              25503141.674,
              6677325.729
            ]
          ]
        ]
      },
      "properties": {
        "confidence": 0.6989,
        "length_m": 4.95,
        "width_m": 2.38,
        "heading_deg": 137.1,
        "aoi": "r4-laippatie",
        "source_layer": "Ortoilmakuva_2025_5cm",
        "zoom": 16,
        "status": "confirmed",
        "class": "car"
      }
    },
    {
      "type": "Feature",
      "geometry": {
        "type": "Polygon",
        "coordinates": [
          [
            [
              25503153.863,
              6677450.334
            ],
            [
              25503156.197,
              6677449.471
            ],
            [
              25503158.121,
              6677454.675
            ],
            [
              25503155.788,
              6677455.538
            ],
            [
              25503153.863,
              6677450.334
            ]
          ]
        ]
      },
      "properties": {
        "confidence": 0.6958,
        "length_m": 5.55,
        "width_m": 2.49,
        "heading_deg": 20.3,
        "aoi": "r4-laippatie",
        "source_layer": "Ortoilmakuva_2025_5cm",
        "zoom": 16,
        "status": "confirmed",
        "class": "van"
      }
    },
    {
      "type": "Feature",
      "geometry": {
        "type": "Polygon",
        "coordinates": [
          [
            [
              25503025.4,
              6677495.303
            ],
            [
              25503028.014,
              6677494.402
            ],
            [
              25503030.027,
              6677500.247
            ],
            [
              25503027.413,
              6677501.147
            ],
            [
              25503025.4,
              6677495.303
            ]
          ]
        ]
      },
      "properties": {
        "confidence": 0.677,
        "length_m": 6.18,
        "width_m": 2.76,
        "heading_deg": 19,
        "aoi": "r4-laippatie",
        "source_layer": "Ortoilmakuva_2025_5cm",
        "zoom": 16,
        "status": "confirmed",
        "class": "van"
      }
    },
    {
      "type": "Feature",
      "geometry": {
        "type": "Polygon",
        "coordinates": [
          [
            [
              25503028.338,
              6677581.966
            ],
            [
              25503027.02,
              6677577.67
            ],
            [
              25503025.158,
              6677578.241
            ],
            [
              25503026.475,
              6677582.537
            ],
            [
              25503028.338,
              6677581.966
            ]
          ]
        ]
      },
      "properties": {
        "confidence": 0.6674,
        "length_m": 4.49,
        "width_m": 1.95,
        "heading_deg": 17.1,
        "aoi": "r4-laippatie",
        "source_layer": "Ortoilmakuva_2025_5cm",
        "zoom": 16,
        "status": "confirmed",
        "class": "car"
      }
    },
    {
      "type": "Feature",
      "geometry": {
        "type": "Polygon",
        "coordinates": [
          [
            [
              25503005.316,
              6677481.693
            ],
            [
              25503006.21,
              6677483.993
            ],
            [
              25503000.519,
              6677486.205
            ],
            [
              25502999.625,
              6677483.904
            ],
            [
              25503005.316,
              6677481.693
            ]
          ]
        ]
      },
      "properties": {
        "confidence": 0.661,
        "length_m": 6.11,
        "width_m": 2.47,
        "heading_deg": 111.2,
        "aoi": "r4-laippatie",
        "source_layer": "Ortoilmakuva_2025_5cm",
        "zoom": 16,
        "status": "confirmed",
        "class": "van"
      }
    },
    {
      "type": "Feature",
      "geometry": {
        "type": "Polygon",
        "coordinates": [
          [
            [
              25503101.542,
              6677404.087
            ],
            [
              25503104.143,
              6677403.113
            ],
            [
              25503106.458,
              6677409.295
            ],
            [
              25503103.857,
              6677410.269
            ],
            [
              25503101.542,
              6677404.087
            ]
          ]
        ]
      },
      "properties": {
        "confidence": 0.6557,
        "length_m": 6.6,
        "width_m": 2.78,
        "heading_deg": 20.5,
        "aoi": "r4-laippatie",
        "source_layer": "Ortoilmakuva_2025_5cm",
        "zoom": 16,
        "status": "confirmed",
        "class": "van"
      }
    },
    {
      "type": "Feature",
      "geometry": {
        "type": "Polygon",
        "coordinates": [
          [
            [
              25503059.072,
              6677442.533
            ],
            [
              25503061.476,
              6677441.603
            ],
            [
              25503063.318,
              6677446.362
            ],
            [
              25503060.914,
              6677447.292
            ],
            [
              25503059.072,
              6677442.533
            ]
          ]
        ]
      },
      "properties": {
        "confidence": 0.6555,
        "length_m": 5.1,
        "width_m": 2.58,
        "heading_deg": 21.2,
        "aoi": "r4-laippatie",
        "source_layer": "Ortoilmakuva_2025_5cm",
        "zoom": 16,
        "status": "confirmed",
        "class": "car"
      }
    },
    {
      "type": "Feature",
      "geometry": {
        "type": "Polygon",
        "coordinates": [
          [
            [
              25503058.119,
              6677358.709
            ],
            [
              25503059.126,
              6677360.912
            ],
            [
              25503053.958,
              6677363.275
            ],
            [
              25503052.951,
              6677361.072
            ],
            [
              25503058.119,
              6677358.709
            ]
          ]
        ]
      },
      "properties": {
        "confidence": 0.6345,
        "length_m": 5.68,
        "width_m": 2.42,
        "heading_deg": 114.6,
        "aoi": "r4-laippatie",
        "source_layer": "Ortoilmakuva_2025_5cm",
        "zoom": 16,
        "status": "confirmed",
        "class": "van"
      }
    },
    {
      "type": "Feature",
      "geometry": {
        "type": "Polygon",
        "coordinates": [
          [
            [
              25503014.448,
              6677464.548
            ],
            [
              25503015.369,
              6677466.622
            ],
            [
              25503010.898,
              6677468.606
            ],
            [
              25503009.977,
              6677466.532
            ],
            [
              25503014.448,
              6677464.548
            ]
          ]
        ]
      },
      "properties": {
        "confidence": 0.6222,
        "length_m": 4.89,
        "width_m": 2.27,
        "heading_deg": 113.9,
        "aoi": "r4-laippatie",
        "source_layer": "Ortoilmakuva_2025_5cm",
        "zoom": 16,
        "status": "confirmed",
        "class": "car"
      }
    },
    {
      "type": "Feature",
      "geometry": {
        "type": "Polygon",
        "coordinates": [
          [
            [
              25503062.725,
              6677375.954
            ],
            [
              25503064.012,
              6677378.862
            ],
            [
              25503060.319,
              6677380.496
            ],
            [
              25503059.032,
              6677377.588
            ],
            [
              25503062.725,
              6677375.954
            ]
          ]
        ]
      },
      "properties": {
        "confidence": 0.5974,
        "length_m": 4.04,
        "width_m": 3.18,
        "heading_deg": 113.9,
        "aoi": "r4-laippatie",
        "source_layer": "Ortoilmakuva_2025_5cm",
        "zoom": 16,
        "status": "rejected",
        "class": ""
      }
    },
    {
      "type": "Feature",
      "geometry": {
        "type": "Polygon",
        "coordinates": [
          [
            [
              25503086.616,
              6677459.01
            ],
            [
              25503084.619,
              6677454.096
            ],
            [
              25503082.507,
              6677454.955
            ],
            [
              25503084.504,
              6677459.868
            ],
            [
              25503086.616,
              6677459.01
            ]
          ]
        ]
      },
      "properties": {
        "confidence": 0.592,
        "length_m": 5.3,
        "width_m": 2.28,
        "heading_deg": 22.1,
        "aoi": "r4-laippatie",
        "source_layer": "Ortoilmakuva_2025_5cm",
        "zoom": 16,
        "status": "confirmed",
        "class": "van"
      }
    },
    {
      "type": "Feature",
      "geometry": {
        "type": "Polygon",
        "coordinates": [
          [
            [
              25503071.601,
              6677438.442
            ],
            [
              25503073.58,
              6677437.464
            ],
            [
              25503075.51,
              6677441.367
            ],
            [
              25503073.531,
              6677442.346
            ],
            [
              25503071.601,
              6677438.442
            ]
          ]
        ]
      },
      "properties": {
        "confidence": 0.5796,
        "length_m": 4.35,
        "width_m": 2.21,
        "heading_deg": 26.3,
        "aoi": "r4-laippatie",
        "source_layer": "Ortoilmakuva_2025_5cm",
        "zoom": 16,
        "status": "confirmed",
        "class": "car"
      }
    },
    {
      "type": "Feature",
      "geometry": {
        "type": "Polygon",
        "coordinates": [
          [
            [
              25503144.233,
              6677454.045
            ],
            [
              25503146.853,
              6677453.152
            ],
            [
              25503148.597,
              6677458.273
            ],
            [
              25503145.976,
              6677459.165
            ],
            [
              25503144.233,
              6677454.045
            ]
          ]
        ]
      },
      "properties": {
        "confidence": 0.5454,
        "length_m": 5.41,
        "width_m": 2.77,
        "heading_deg": 18.8,
        "aoi": "r4-laippatie",
        "source_layer": "Ortoilmakuva_2025_5cm",
        "zoom": 16,
        "status": "confirmed",
        "class": "van"
      }
    },
    {
      "type": "Feature",
      "geometry": {
        "type": "Polygon",
        "coordinates": [
          [
            [
              25502933.694,
              6677496.678
            ],
            [
              25502935.329,
              6677496.098
            ],
            [
              25502936.739,
              6677500.074
            ],
            [
              25502935.105,
              6677500.653
            ],
            [
              25502933.694,
              6677496.678
            ]
          ]
        ]
      },
      "properties": {
        "confidence": 0.543,
        "length_m": 4.22,
        "width_m": 1.73,
        "heading_deg": 19.5,
        "aoi": "r4-laippatie",
        "source_layer": "Ortoilmakuva_2025_5cm",
        "zoom": 16,
        "status": "confirmed",
        "class": "car"
      }
    },
    {
      "type": "Feature",
      "geometry": {
        "type": "Polygon",
        "coordinates": [
          [
            [
              25503158.74,
              6677448.418
            ],
            [
              25503160.984,
              6677447.331
            ],
            [
              25503163.321,
              6677452.155
            ],
            [
              25503161.077,
              6677453.242
            ],
            [
              25503158.74,
              6677448.418
            ]
          ]
        ]
      },
      "properties": {
        "confidence": 0.5424,
        "length_m": 5.36,
        "width_m": 2.49,
        "heading_deg": 25.8,
        "aoi": "r4-laippatie",
        "source_layer": "Ortoilmakuva_2025_5cm",
        "zoom": 16,
        "status": "confirmed",
        "class": "van"
      }
    },
    {
      "type": "Feature",
      "geometry": {
        "type": "Polygon",
        "coordinates": [
          [
            [
              25503010.019,
              6677574.563
            ],
            [
              25503009.897,
              6677576.671
            ],
            [
              25503005.258,
              6677576.401
            ],
            [
              25503005.38,
              6677574.293
            ],
            [
              25503010.019,
              6677574.563
            ]
          ]
        ]
      },
      "properties": {
        "confidence": 0.5409,
        "length_m": 4.65,
        "width_m": 2.11,
        "heading_deg": 86.7,
        "aoi": "r4-laippatie",
        "source_layer": "Ortoilmakuva_2025_5cm",
        "zoom": 16,
        "status": "confirmed",
        "class": "car"
      }
    },
    {
      "type": "Feature",
      "geometry": {
        "type": "Polygon",
        "coordinates": [
          [
            [
              25503163.097,
              6677403.175
            ],
            [
              25503153.985,
              6677393.255
            ],
            [
              25503152.003,
              6677395.076
            ],
            [
              25503161.114,
              6677404.996
            ],
            [
              25503163.097,
              6677403.175
            ]
          ]
        ]
      },
      "properties": {
        "confidence": 0.5352,
        "length_m": 13.47,
        "width_m": 2.69,
        "heading_deg": 42.6,
        "aoi": "r4-laippatie",
        "source_layer": "Ortoilmakuva_2025_5cm",
        "zoom": 16,
        "status": "confirmed",
        "class": "bus"
      }
    },
    {
      "type": "Feature",
      "geometry": {
        "type": "Polygon",
        "coordinates": [
          [
            [
              25503006.878,
              6677563.62
            ],
            [
              25503007.914,
              6677566.131
            ],
            [
              25503001.132,
              6677568.928
            ],
            [
              25503000.096,
              6677566.416
            ],
            [
              25503006.878,
              6677563.62
            ]
          ]
        ]
      },
      "properties": {
        "confidence": 0.4948,
        "length_m": 7.34,
        "width_m": 2.72,
        "heading_deg": 112.4,
        "aoi": "r4-laippatie",
        "source_layer": "Ortoilmakuva_2025_5cm",
        "zoom": 16,
        "status": "rejected",
        "class": ""
      }
    },
    {
      "type": "Feature",
      "geometry": {
        "type": "Polygon",
        "coordinates": [
          [
            [
              25502978.691,
              6677570.135
            ],
            [
              25502977.813,
              6677572.018
            ],
            [
              25502973.92,
              6677570.203
            ],
            [
              25502974.798,
              6677568.32
            ],
            [
              25502978.691,
              6677570.135
            ]
          ]
        ]
      },
      "properties": {
        "confidence": 0.4548,
        "length_m": 4.3,
        "width_m": 2.08,
        "heading_deg": 65,
        "aoi": "r4-laippatie",
        "source_layer": "Ortoilmakuva_2025_5cm",
        "zoom": 16,
        "status": "confirmed",
        "class": "car"
      }
    },
    {
      "type": "Feature",
      "geometry": {
        "type": "Polygon",
        "coordinates": [
          [
            [
              25503095.25,
              6677337.705
            ],
            [
              25503096.598,
              6677339.388
            ],
            [
              25503091.836,
              6677343.203
            ],
            [
              25503090.489,
              6677341.52
            ],
            [
              25503095.25,
              6677337.705
            ]
          ]
        ]
      },
      "properties": {
        "confidence": 0.4525,
        "length_m": 6.1,
        "width_m": 2.16,
        "heading_deg": 128.7,
        "aoi": "r4-laippatie",
        "source_layer": "Ortoilmakuva_2025_5cm",
        "zoom": 16,
        "status": "rejected",
        "class": ""
      }
    },
    {
      "type": "Feature",
      "geometry": {
        "type": "Polygon",
        "coordinates": [
          [
            [
              25503014.788,
              6677554.192
            ],
            [
              25503017.445,
              6677553.118
            ],
            [
              25503019.878,
              6677559.135
            ],
            [
              25503017.22,
              6677560.209
            ],
            [
              25503014.788,
              6677554.192
            ]
          ]
        ]
      },
      "properties": {
        "confidence": 0.3818,
        "length_m": 6.49,
        "width_m": 2.87,
        "heading_deg": 22,
        "aoi": "r4-laippatie",
        "source_layer": "Ortoilmakuva_2025_5cm",
        "zoom": 16,
        "status": "rejected",
        "class": ""
      }
    },
    {
      "type": "Feature",
      "geometry": {
        "type": "Polygon",
        "coordinates": [
          [
            [
              25502939.908,
              6677465.774
            ],
            [
              25502940.26,
              6677467.942
            ],
            [
              25502935.236,
              6677468.757
            ],
            [
              25502934.884,
              6677466.589
            ],
            [
              25502939.908,
              6677465.774
            ]
          ]
        ]
      },
      "properties": {
        "confidence": 0.3285,
        "length_m": 5.09,
        "width_m": 2.2,
        "heading_deg": 99.2,
        "aoi": "r4-laippatie",
        "source_layer": "Ortoilmakuva_2025_5cm",
        "zoom": 16,
        "status": "rejected",
        "class": ""
      }
    },
    {
      "type": "Feature",
      "geometry": {
        "type": "Polygon",
        "coordinates": [
          [
            [
              25503069.001,
              6677439.143
            ],
            [
              25503071.027,
              6677438.503
            ],
            [
              25503072.407,
              6677442.871
            ],
            [
              25503070.381,
              6677443.511
            ],
            [
              25503069.001,
              6677439.143
            ]
          ]
        ]
      },
      "properties": {
        "confidence": 0.2992,
        "length_m": 4.58,
        "width_m": 2.12,
        "heading_deg": 17.5,
        "aoi": "r4-laippatie",
        "source_layer": "Ortoilmakuva_2025_5cm",
        "zoom": 16,
        "status": "confirmed",
        "class": "car"
      }
    },
    {
      "type": "Feature",
      "geometry": {
        "type": "Polygon",
        "coordinates": [
          [
            [
              25503122.519,
              6677395.466
            ],
            [
              25503115.835,
              6677388.525
            ],
            [
              25503113.573,
              6677390.703
            ],
            [
              25503120.257,
              6677397.644
            ],
            [
              25503122.519,
              6677395.466
            ]
          ]
        ]
      },
      "properties": {
        "class": "truck",
        "status": "added",
        "confidence": null,
        "aoi": "r4-laippatie",
        "source_layer": "Ortoilmakuva_2025_5cm",
        "zoom": 16,
        "length_m": 9.64,
        "width_m": 3.14,
        "heading_deg": 43.9
      }
    },
    {
      "type": "Feature",
      "geometry": {
        "type": "Polygon",
        "coordinates": [
          [
            [
              25503035.143,
              6677563.264
            ],
            [
              25503030.655,
              6677565.127
            ],
            [
              25503031.45,
              6677567.041
            ],
            [
              25503035.937,
              6677565.177
            ],
            [
              25503035.143,
              6677563.264
            ]
          ]
        ]
      },
      "properties": {
        "class": "car",
        "status": "added",
        "confidence": null,
        "aoi": "r4-laippatie",
        "source_layer": "Ortoilmakuva_2025_5cm",
        "zoom": 16,
        "length_m": 4.86,
        "width_m": 2.07,
        "heading_deg": 112.6
      }
    },
    {
      "type": "Feature",
      "geometry": {
        "type": "Polygon",
        "coordinates": [
          [
            [
              25503001.125,
              6677585.272
            ],
            [
              25502999.311,
              6677580.615
            ],
            [
              25502997.416,
              6677581.353
            ],
            [
              25502999.23,
              6677586.01
            ],
            [
              25503001.125,
              6677585.272
            ]
          ]
        ]
      },
      "properties": {
        "class": "car",
        "status": "added",
        "confidence": null,
        "aoi": "r4-laippatie",
        "source_layer": "Ortoilmakuva_2025_5cm",
        "zoom": 16,
        "length_m": 5,
        "width_m": 2.03,
        "heading_deg": 21.3
      }
    },
    {
      "type": "Feature",
      "geometry": {
        "type": "Polygon",
        "coordinates": [
          [
            [
              25503134.419,
              6677477.856
            ],
            [
              25503135.791,
              6677481.229
            ],
            [
              25503137.674,
              6677480.463
            ],
            [
              25503136.302,
              6677477.09
            ],
            [
              25503134.419,
              6677477.856
            ]
          ]
        ]
      },
      "properties": {
        "class": "car",
        "status": "added",
        "confidence": null,
        "aoi": "r4-laippatie",
        "source_layer": "Ortoilmakuva_2025_5cm",
        "zoom": 16,
        "length_m": 3.64,
        "width_m": 2.03,
        "heading_deg": 22.1
      }
    },
    {
      "type": "Feature",
      "geometry": {
        "type": "Polygon",
        "coordinates": [
          [
            [
              25502943.554,
              6677491.678
            ],
            [
              25502942.482,
              6677488.049
            ],
            [
              25502940.628,
              6677488.597
            ],
            [
              25502941.699,
              6677492.226
            ],
            [
              25502943.554,
              6677491.678
            ]
          ]
        ]
      },
      "properties": {
        "class": "car",
        "status": "added",
        "confidence": null,
        "aoi": "r4-laippatie",
        "source_layer": "Ortoilmakuva_2025_5cm",
        "zoom": 16,
        "length_m": 3.78,
        "width_m": 1.93,
        "heading_deg": 16.5
      }
    }
  ]
}
