{
  "type": "FeatureCollection",
  "crs": {
    "type": "name",
    "properties": {
      "name": "urn:ogc:def:crs:EPSG::3879"
    }
  },
  "features": [
    {
      "type": "Feature",
      "geometry": {
        "type": "Polygon",
        "coordinates": [
          [
            [
              25503011.433,
              6683096.576
            ],
            [
              25503013.89,
              6683097.235
            ],
            [
              25503011.832,
              6683104.899
            ],
            [
              25503009.376,
              6683104.239
            ],
            [
              25503011.433,
              6683096.576
            ]
          ]
        ]
      },
      "properties": {
        "confidence": 0.9611,
        "length_m": 7.94,
        "width_m": 2.54,
        "heading_deg": 165,
        "aoi": "r4-tattarisuo",
        "source_layer": "Ortoilmakuva_2025_5cm",
        "zoom": 16,
        "status": "confirmed",
        "class": "truck"
      }
    },
    {
      "type": "Feature",
      "geometry": {
        "type": "Polygon",
        "coordinates": [
          [
            [
              25503019.725,
              6683273.705
            ],
            [
              25503014.208,
              6683271.868
            ],
            [
              25503013.415,
              6683274.251
            ],
            [
              25503018.931,
              6683276.088
            ],
            [
              25503019.725,
              6683273.705
            ]
          ]
        ]
      },
      "properties": {
        "confidence": 0.959,
        "length_m": 5.81,
        "width_m": 2.51,
        "heading_deg": 71.6,
        "aoi": "r4-tattarisuo",
        "source_layer": "Ortoilmakuva_2025_5cm",
        "zoom": 16,
        "status": "confirmed",
        "class": "van"
      }
    },
    {
      "type": "Feature",
      "geometry": {
        "type": "Polygon",
        "coordinates": [
          [
            [
              25502866.636,
              6683263.264
            ],
            [
              25502868.42,
              6683265.348
            ],
            [
              25502863.154,
              6683269.857
            ],
            [
              25502861.37,
              6683267.773
            ],
            [
              25502866.636,
              6683263.264
            ]
          ]
        ]
      },
      "properties": {
        "confidence": 0.9567,
        "length_m": 6.93,
        "width_m": 2.74,
        "heading_deg": 130.6,
        "aoi": "r4-tattarisuo",
        "source_layer": "Ortoilmakuva_2025_5cm",
        "zoom": 16,
        "status": "confirmed",
        "class": "truck"
      }
    },
    {
      "type": "Feature",
      "geometry": {
        "type": "Polygon",
        "coordinates": [
          [
            [
              25502798.689,
              6683264.48
            ],
            [
              25502798.935,
              6683267.287
            ],
            [
              25502791.405,
              6683267.948
            ],
            [
              25502791.159,
              6683265.141
            ],
            [
              25502798.689,
              6683264.48
            ]
          ]
        ]
      },
      "properties": {
        "confidence": 0.9494,
        "length_m": 7.56,
        "width_m": 2.82,
        "heading_deg": 95,
        "aoi": "r4-tattarisuo",
        "source_layer": "Ortoilmakuva_2025_5cm",
        "zoom": 16,
        "status": "confirmed",
        "class": "truck"
      }
    },
    {
      "type": "Feature",
      "geometry": {
        "type": "Polygon",
        "coordinates": [
          [
            [
              25502895.982,
              6683160.229
            ],
            [
              25502896.273,
              6683162.41
            ],
            [
              25502892.052,
              6683162.972
            ],
            [
              25502891.761,
              6683160.791
            ],
            [
              25502895.982,
              6683160.229
            ]
          ]
        ]
      },
      "properties": {
        "confidence": 0.9476,
        "length_m": 4.26,
        "width_m": 2.2,
        "heading_deg": 97.6,
        "aoi": "r4-tattarisuo",
        "source_layer": "Ortoilmakuva_2025_5cm",
        "zoom": 16,
        "status": "confirmed",
        "class": "car"
      }
    },
    {
      "type": "Feature",
      "geometry": {
        "type": "Polygon",
        "coordinates": [
          [
            [
              25502873.299,
              6683049.718
            ],
            [
              25502874.489,
              6683045.021
            ],
            [
              25502872.607,
              6683044.544
            ],
            [
              25502871.417,
              6683049.241
            ],
            [
              25502873.299,
              6683049.718
            ]
          ]
        ]
      },
      "properties": {
        "confidence": 0.9462,
        "length_m": 4.85,
        "width_m": 1.94,
        "heading_deg": 165.8,
        "aoi": "r4-tattarisuo",
        "source_layer": "Ortoilmakuva_2025_5cm",
        "zoom": 16,
        "status": "confirmed",
        "class": "car"
      }
    },
    {
      "type": "Feature",
      "geometry": {
        "type": "Polygon",
        "coordinates": [
          [
            [
              25502774.551,
              6683157.193
            ],
            [
              25502776.449,
              6683158.001
            ],
            [
              25502774.824,
              6683161.815
            ],
            [
              25502772.926,
              6683161.006
            ],
            [
              25502774.551,
              6683157.193
            ]
          ]
        ]
      },
      "properties": {
        "confidence": 0.9456,
        "length_m": 4.15,
        "width_m": 2.06,
        "heading_deg": 156.9,
        "aoi": "r4-tattarisuo",
        "source_layer": "Ortoilmakuva_2025_5cm",
        "zoom": 16,
        "status": "confirmed",
        "class": "car"
      }
    },
    {
      "type": "Feature",
      "geometry": {
        "type": "Polygon",
        "coordinates": [
          [
            [
              25503026.869,
              6683236.171
            ],
            [
              25503028.457,
              6683237.835
            ],
            [
              25503025.089,
              6683241.051
            ],
            [
              25503023.5,
              6683239.387
            ],
            [
              25503026.869,
              6683236.171
            ]
          ]
        ]
      },
      "properties": {
        "confidence": 0.944,
        "length_m": 4.66,
        "width_m": 2.3,
        "heading_deg": 133.7,
        "aoi": "r4-tattarisuo",
        "source_layer": "Ortoilmakuva_2025_5cm",
        "zoom": 16,
        "status": "confirmed",
        "class": "car"
      }
    },
    {
      "type": "Feature",
      "geometry": {
        "type": "Polygon",
        "coordinates": [
          [
            [
              25502818.937,
              6683150.881
            ],
            [
              25502820.801,
              6683151.87
            ],
            [
              25502818.762,
              6683155.712
            ],
            [
              25502816.898,
              6683154.723
            ],
            [
              25502818.937,
              6683150.881
            ]
          ]
        ]
      },
      "properties": {
        "confidence": 0.9437,
        "length_m": 4.35,
        "width_m": 2.11,
        "heading_deg": 152,
        "aoi": "r4-tattarisuo",
        "source_layer": "Ortoilmakuva_2025_5cm",
        "zoom": 16,
        "status": "confirmed",
        "class": "car"
      }
    },
    {
      "type": "Feature",
      "geometry": {
        "type": "Polygon",
        "coordinates": [
          [
            [
              25502960.067,
              6683158.147
            ],
            [
              25502959.562,
              6683160.281
            ],
            [
              25502955.059,
              6683159.215
            ],
            [
              25502955.564,
              6683157.08
            ],
            [
              25502960.067,
              6683158.147
            ]
          ]
        ]
      },
      "properties": {
        "confidence": 0.9426,
        "length_m": 4.63,
        "width_m": 2.19,
        "heading_deg": 76.7,
        "aoi": "r4-tattarisuo",
        "source_layer": "Ortoilmakuva_2025_5cm",
        "zoom": 16,
        "status": "confirmed",
        "class": "car"
      }
    },
    {
      "type": "Feature",
      "geometry": {
        "type": "Polygon",
        "coordinates": [
          [
            [
              25502900.867,
              6683155.588
            ],
            [
              25502900.818,
              6683157.796
            ],
            [
              25502896.141,
              6683157.692
            ],
            [
              25502896.19,
              6683155.484
            ],
            [
              25502900.867,
              6683155.588
            ]
          ]
        ]
      },
      "properties": {
        "confidence": 0.9426,
        "length_m": 4.68,
        "width_m": 2.21,
        "heading_deg": 88.7,
        "aoi": "r4-tattarisuo",
        "source_layer": "Ortoilmakuva_2025_5cm",
        "zoom": 16,
        "status": "confirmed",
        "class": "car"
      }
    },
    {
      "type": "Feature",
      "geometry": {
        "type": "Polygon",
        "coordinates": [
          [
            [
              25502938.658,
              6683160.075
            ],
            [
              25502938.068,
              6683162.241
            ],
            [
              25502931.467,
              6683160.442
            ],
            [
              25502932.057,
              6683158.277
            ],
            [
              25502938.658,
              6683160.075
            ]
          ]
        ]
      },
      "properties": {
        "confidence": 0.9425,
        "length_m": 6.84,
        "width_m": 2.24,
        "heading_deg": 74.8,
        "aoi": "r4-tattarisuo",
        "source_layer": "Ortoilmakuva_2025_5cm",
        "zoom": 16,
        "status": "confirmed",
        "class": "van"
      }
    },
    {
      "type": "Feature",
      "geometry": {
        "type": "Polygon",
        "coordinates": [
          [
            [
              25502876.06,
              6683013.769
            ],
            [
              25502877.983,
              6683014.151
            ],
            [
              25502877.186,
              6683018.159
            ],
            [
              25502875.264,
              6683017.777
            ],
            [
              25502876.06,
              6683013.769
            ]
          ]
        ]
      },
      "properties": {
        "confidence": 0.9417,
        "length_m": 4.09,
        "width_m": 1.96,
        "heading_deg": 168.8,
        "aoi": "r4-tattarisuo",
        "source_layer": "Ortoilmakuva_2025_5cm",
        "zoom": 16,
        "status": "confirmed",
        "class": "car"
      }
    },
    {
      "type": "Feature",
      "geometry": {
        "type": "Polygon",
        "coordinates": [
          [
            [
              25503036.169,
              6683195.478
            ],
            [
              25503037.723,
              6683197.029
            ],
            [
              25503034.614,
              6683200.147
            ],
            [
              25503033.059,
              6683198.596
            ],
            [
              25503036.169,
              6683195.478
            ]
          ]
        ]
      },
      "properties": {
        "confidence": 0.9416,
        "length_m": 4.4,
        "width_m": 2.2,
        "heading_deg": 135.1,
        "aoi": "r4-tattarisuo",
        "source_layer": "Ortoilmakuva_2025_5cm",
        "zoom": 16,
        "status": "confirmed",
        "class": "car"
      }
    },
    {
      "type": "Feature",
      "geometry": {
        "type": "Polygon",
        "coordinates": [
          [
            [
              25502796.085,
              6683148.046
            ],
            [
              25502795.978,
              6683150.202
            ],
            [
              25502791.142,
              6683149.962
            ],
            [
              25502791.249,
              6683147.807
            ],
            [
              25502796.085,
              6683148.046
            ]
          ]
        ]
      },
      "properties": {
        "confidence": 0.9415,
        "length_m": 4.84,
        "width_m": 2.16,
        "heading_deg": 87.2,
        "aoi": "r4-tattarisuo",
        "source_layer": "Ortoilmakuva_2025_5cm",
        "zoom": 16,
        "status": "confirmed",
        "class": "car"
      }
    },
    {
      "type": "Feature",
      "geometry": {
        "type": "Polygon",
        "coordinates": [
          [
            [
              25502778.557,
              6683152.398
            ],
            [
              25502778.055,
              6683154.721
            ],
            [
              25502773.192,
              6683153.671
            ],
            [
              25502773.693,
              6683151.348
            ],
            [
              25502778.557,
              6683152.398
            ]
          ]
        ]
      },
      "properties": {
        "confidence": 0.9411,
        "length_m": 4.98,
        "width_m": 2.38,
        "heading_deg": 77.8,
        "aoi": "r4-tattarisuo",
        "source_layer": "Ortoilmakuva_2025_5cm",
        "zoom": 16,
        "status": "confirmed",
        "class": "car"
      }
    },
    {
      "type": "Feature",
      "geometry": {
        "type": "Polygon",
        "coordinates": [
          [
            [
              25502764.955,
              6683141.386
            ],
            [
              25502767,
              6683142.133
            ],
            [
              25502765.392,
              6683146.539
            ],
            [
              25502763.347,
              6683145.792
            ],
            [
              25502764.955,
              6683141.386
            ]
          ]
        ]
      },
      "properties": {
        "confidence": 0.9409,
        "length_m": 4.69,
        "width_m": 2.18,
        "heading_deg": 160,
        "aoi": "r4-tattarisuo",
        "source_layer": "Ortoilmakuva_2025_5cm",
        "zoom": 16,
        "status": "confirmed",
        "class": "car"
      }
    },
    {
      "type": "Feature",
      "geometry": {
        "type": "Polygon",
        "coordinates": [
          [
            [
              25502960.764,
              6683007.034
            ],
            [
              25502962.137,
              6683008.896
            ],
            [
              25502958.157,
              6683011.832
            ],
            [
              25502956.783,
              6683009.97
            ],
            [
              25502960.764,
              6683007.034
            ]
          ]
        ]
      },
      "properties": {
        "confidence": 0.9409,
        "length_m": 4.95,
        "width_m": 2.31,
        "heading_deg": 126.4,
        "aoi": "r4-tattarisuo",
        "source_layer": "Ortoilmakuva_2025_5cm",
        "zoom": 16,
        "status": "confirmed",
        "class": "van"
      }
    },
    {
      "type": "Feature",
      "geometry": {
        "type": "Polygon",
        "coordinates": [
          [
            [
              25502960.657,
              6683152.945
            ],
            [
              25502960.136,
              6683155.062
            ],
            [
              25502955.436,
              6683153.907
            ],
            [
              25502955.957,
              6683151.789
            ],
            [
              25502960.657,
              6683152.945
            ]
          ]
        ]
      },
      "properties": {
        "confidence": 0.9409,
        "length_m": 4.84,
        "width_m": 2.18,
        "heading_deg": 76.2,
        "aoi": "r4-tattarisuo",
        "source_layer": "Ortoilmakuva_2025_5cm",
        "zoom": 16,
        "status": "confirmed",
        "class": "car"
      }
    },
    {
      "type": "Feature",
      "geometry": {
        "type": "Polygon",
        "coordinates": [
          [
            [
              25503060.778,
              6683002.734
            ],
            [
              25503063.132,
              6683003.289
            ],
            [
              25503061.994,
              6683008.119
            ],
            [
              25503059.64,
              6683007.565
            ],
            [
              25503060.778,
              6683002.734
            ]
          ]
        ]
      },
      "properties": {
        "confidence": 0.9408,
        "length_m": 4.96,
        "width_m": 2.42,
        "heading_deg": 166.7,
        "aoi": "r4-tattarisuo",
        "source_layer": "Ortoilmakuva_2025_5cm",
        "zoom": 16,
        "status": "confirmed",
        "class": "car"
      }
    },
    {
      "type": "Feature",
      "geometry": {
        "type": "Polygon",
        "coordinates": [
          [
            [
              25502774.273,
              6683096.747
            ],
            [
              25502776.466,
              6683097.203
            ],
            [
              25502775.555,
              6683101.584
            ],
            [
              25502773.362,
              6683101.127
            ],
            [
              25502774.273,
              6683096.747
            ]
          ]
        ]
      },
      "properties": {
        "confidence": 0.9399,
        "length_m": 4.47,
        "width_m": 2.24,
        "heading_deg": 168.3,
        "aoi": "r4-tattarisuo",
        "source_layer": "Ortoilmakuva_2025_5cm",
        "zoom": 16,
        "status": "confirmed",
        "class": "car"
      }
    },
    {
      "type": "Feature",
      "geometry": {
        "type": "Polygon",
        "coordinates": [
          [
            [
              25502895.51,
              6683050.375
            ],
            [
              25502897.355,
              6683050.96
            ],
            [
              25502896.112,
              6683054.878
            ],
            [
              25502894.267,
              6683054.293
            ],
            [
              25502895.51,
              6683050.375
            ]
          ]
        ]
      },
      "properties": {
        "confidence": 0.9396,
        "length_m": 4.11,
        "width_m": 1.94,
        "heading_deg": 162.4,
        "aoi": "r4-tattarisuo",
        "source_layer": "Ortoilmakuva_2025_5cm",
        "zoom": 16,
        "status": "confirmed",
        "class": "car"
      }
    },
    {
      "type": "Feature",
      "geometry": {
        "type": "Polygon",
        "coordinates": [
          [
            [
              25502891.677,
              6683171.866
            ],
            [
              25502891.21,
              6683174.122
            ],
            [
              25502886.556,
              6683173.159
            ],
            [
              25502887.023,
              6683170.903
            ],
            [
              25502891.677,
              6683171.866
            ]
          ]
        ]
      },
      "properties": {
        "confidence": 0.9395,
        "length_m": 4.75,
        "width_m": 2.3,
        "heading_deg": 78.3,
        "aoi": "r4-tattarisuo",
        "source_layer": "Ortoilmakuva_2025_5cm",
        "zoom": 16,
        "status": "confirmed",
        "class": "car"
      }
    },
    {
      "type": "Feature",
      "geometry": {
        "type": "Polygon",
        "coordinates": [
          [
            [
              25503000.559,
              6683063.329
            ],
            [
              25503002.589,
              6683063.959
            ],
            [
              25503001.269,
              6683068.216
            ],
            [
              25502999.239,
              6683067.586
            ],
            [
              25503000.559,
              6683063.329
            ]
          ]
        ]
      },
      "properties": {
        "confidence": 0.9393,
        "length_m": 4.46,
        "width_m": 2.13,
        "heading_deg": 162.8,
        "aoi": "r4-tattarisuo",
        "source_layer": "Ortoilmakuva_2025_5cm",
        "zoom": 16,
        "status": "confirmed",
        "class": "car"
      }
    },
    {
      "type": "Feature",
      "geometry": {
        "type": "Polygon",
        "coordinates": [
          [
            [
              25503020.253,
              6683250.317
            ],
            [
              25503021.639,
              6683251.906
            ],
            [
              25503018.392,
              6683254.739
            ],
            [
              25503017.006,
              6683253.151
            ],
            [
              25503020.253,
              6683250.317
            ]
          ]
        ]
      },
      "properties": {
        "confidence": 0.9392,
        "length_m": 4.31,
        "width_m": 2.11,
        "heading_deg": 131.1,
        "aoi": "r4-tattarisuo",
        "source_layer": "Ortoilmakuva_2025_5cm",
        "zoom": 16,
        "status": "confirmed",
        "class": "car"
      }
    },
    {
      "type": "Feature",
      "geometry": {
        "type": "Polygon",
        "coordinates": [
          [
            [
              25502925.955,
              6683165.956
            ],
            [
              25502928.083,
              6683166.485
            ],
            [
              25502927.051,
              6683170.634
            ],
            [
              25502924.924,
              6683170.105
            ],
            [
              25502925.955,
              6683165.956
            ]
          ]
        ]
      },
      "properties": {
        "confidence": 0.9392,
        "length_m": 4.28,
        "width_m": 2.19,
        "heading_deg": 166,
        "aoi": "r4-tattarisuo",
        "source_layer": "Ortoilmakuva_2025_5cm",
        "zoom": 16,
        "status": "confirmed",
        "class": "car"
      }
    },
    {
      "type": "Feature",
      "geometry": {
        "type": "Polygon",
        "coordinates": [
          [
            [
              25502857.305,
              6683096.093
            ],
            [
              25502859.245,
              6683096.705
            ],
            [
              25502857.999,
              6683100.657
            ],
            [
              25502856.059,
              6683100.045
            ],
            [
              25502857.305,
              6683096.093
            ]
          ]
        ]
      },
      "properties": {
        "confidence": 0.9392,
        "length_m": 4.14,
        "width_m": 2.03,
        "heading_deg": 162.5,
        "aoi": "r4-tattarisuo",
        "source_layer": "Ortoilmakuva_2025_5cm",
        "zoom": 16,
        "status": "confirmed",
        "class": "car"
      }
    },
    {
      "type": "Feature",
      "geometry": {
        "type": "Polygon",
        "coordinates": [
          [
            [
              25502782.956,
              6683139.663
            ],
            [
              25502785.038,
              6683140.268
            ],
            [
              25502783.734,
              6683144.758
            ],
            [
              25502781.652,
              6683144.153
            ],
            [
              25502782.956,
              6683139.663
            ]
          ]
        ]
      },
      "properties": {
        "confidence": 0.9391,
        "length_m": 4.68,
        "width_m": 2.17,
        "heading_deg": 163.8,
        "aoi": "r4-tattarisuo",
        "source_layer": "Ortoilmakuva_2025_5cm",
        "zoom": 16,
        "status": "confirmed",
        "class": "car"
      }
    },
    {
      "type": "Feature",
      "geometry": {
        "type": "Polygon",
        "coordinates": [
          [
            [
              25502769.659,
              6683166.263
            ],
            [
              25502769.451,
              6683168.358
            ],
            [
              25502764.465,
              6683167.865
            ],
            [
              25502764.673,
              6683165.769
            ],
            [
              25502769.659,
              6683166.263
            ]
          ]
        ]
      },
      "properties": {
        "confidence": 0.9391,
        "length_m": 5.01,
        "width_m": 2.11,
        "heading_deg": 84.4,
        "aoi": "r4-tattarisuo",
        "source_layer": "Ortoilmakuva_2025_5cm",
        "zoom": 16,
        "status": "confirmed",
        "class": "car"
      }
    },
    {
      "type": "Feature",
      "geometry": {
        "type": "Polygon",
        "coordinates": [
          [
            [
              25502912.698,
              6683224.344
            ],
            [
              25502914.69,
              6683225.155
            ],
            [
              25502912.784,
              6683229.837
            ],
            [
              25502910.792,
              6683229.027
            ],
            [
              25502912.698,
              6683224.344
            ]
          ]
        ]
      },
      "properties": {
        "confidence": 0.9389,
        "length_m": 5.06,
        "width_m": 2.15,
        "heading_deg": 157.8,
        "aoi": "r4-tattarisuo",
        "source_layer": "Ortoilmakuva_2025_5cm",
        "zoom": 16,
        "status": "confirmed",
        "class": "car"
      }
    },
    {
      "type": "Feature",
      "geometry": {
        "type": "Polygon",
        "coordinates": [
          [
            [
              25502908.143,
              6683160.677
            ],
            [
              25502910.237,
              6683161.332
            ],
            [
              25502908.838,
              6683165.805
            ],
            [
              25502906.744,
              6683165.15
            ],
            [
              25502908.143,
              6683160.677
            ]
          ]
        ]
      },
      "properties": {
        "confidence": 0.9388,
        "length_m": 4.69,
        "width_m": 2.19,
        "heading_deg": 162.6,
        "aoi": "r4-tattarisuo",
        "source_layer": "Ortoilmakuva_2025_5cm",
        "zoom": 16,
        "status": "confirmed",
        "class": "car"
      }
    },
    {
      "type": "Feature",
      "geometry": {
        "type": "Polygon",
        "coordinates": [
          [
            [
              25502918.97,
              6683163.115
            ],
            [
              25502921.232,
              6683163.824
            ],
            [
              25502919.787,
              6683168.437
            ],
            [
              25502917.524,
              6683167.728
            ],
            [
              25502918.97,
              6683163.115
            ]
          ]
        ]
      },
      "properties": {
        "confidence": 0.9388,
        "length_m": 4.83,
        "width_m": 2.37,
        "heading_deg": 162.6,
        "aoi": "r4-tattarisuo",
        "source_layer": "Ortoilmakuva_2025_5cm",
        "zoom": 16,
        "status": "confirmed",
        "class": "car"
      }
    },
    {
      "type": "Feature",
      "geometry": {
        "type": "Polygon",
        "coordinates": [
          [
            [
              25502994.972,
              6683061.853
            ],
            [
              25502996.956,
              6683062.489
            ],
            [
              25502995.627,
              6683066.635
            ],
            [
              25502993.643,
              6683065.999
            ],
            [
              25502994.972,
              6683061.853
            ]
          ]
        ]
      },
      "properties": {
        "confidence": 0.9387,
        "length_m": 4.35,
        "width_m": 2.08,
        "heading_deg": 162.2,
        "aoi": "r4-tattarisuo",
        "source_layer": "Ortoilmakuva_2025_5cm",
        "zoom": 16,
        "status": "confirmed",
        "class": "car"
      }
    },
    {
      "type": "Feature",
      "geometry": {
        "type": "Polygon",
        "coordinates": [
          [
            [
              25502777.767,
              6683161.515
            ],
            [
              25502779.658,
              6683162.376
            ],
            [
              25502777.878,
              6683166.287
            ],
            [
              25502775.987,
              6683165.427
            ],
            [
              25502777.767,
              6683161.515
            ]
          ]
        ]
      },
      "properties": {
        "confidence": 0.9387,
        "length_m": 4.3,
        "width_m": 2.08,
        "heading_deg": 155.5,
        "aoi": "r4-tattarisuo",
        "source_layer": "Ortoilmakuva_2025_5cm",
        "zoom": 16,
        "status": "confirmed",
        "class": "car"
      }
    },
    {
      "type": "Feature",
      "geometry": {
        "type": "Polygon",
        "coordinates": [
          [
            [
              25502927.573,
              6683075.056
            ],
            [
              25502929.543,
              6683075.482
            ],
            [
              25502928.664,
              6683079.555
            ],
            [
              25502926.694,
              6683079.129
            ],
            [
              25502927.573,
              6683075.056
            ]
          ]
        ]
      },
      "properties": {
        "confidence": 0.9386,
        "length_m": 4.17,
        "width_m": 2.02,
        "heading_deg": 167.8,
        "aoi": "r4-tattarisuo",
        "source_layer": "Ortoilmakuva_2025_5cm",
        "zoom": 16,
        "status": "confirmed",
        "class": "car"
      }
    },
    {
      "type": "Feature",
      "geometry": {
        "type": "Polygon",
        "coordinates": [
          [
            [
              25502780.712,
              6683124.843
            ],
            [
              25502780.32,
              6683127.049
            ],
            [
              25502775.838,
              6683126.254
            ],
            [
              25502776.23,
              6683124.047
            ],
            [
              25502780.712,
              6683124.843
            ]
          ]
        ]
      },
      "properties": {
        "confidence": 0.9385,
        "length_m": 4.55,
        "width_m": 2.24,
        "heading_deg": 79.9,
        "aoi": "r4-tattarisuo",
        "source_layer": "Ortoilmakuva_2025_5cm",
        "zoom": 16,
        "status": "confirmed",
        "class": "car"
      }
    },
    {
      "type": "Feature",
      "geometry": {
        "type": "Polygon",
        "coordinates": [
          [
            [
              25502959.555,
              6683160.783
            ],
            [
              25502953.556,
              6683159.26
            ],
            [
              25502953.022,
              6683161.363
            ],
            [
              25502959.022,
              6683162.886
            ],
            [
              25502959.555,
              6683160.783
            ]
          ]
        ]
      },
      "properties": {
        "confidence": 0.9381,
        "length_m": 6.19,
        "width_m": 2.17,
        "heading_deg": 75.8,
        "aoi": "r4-tattarisuo",
        "source_layer": "Ortoilmakuva_2025_5cm",
        "zoom": 16,
        "status": "confirmed",
        "class": "van"
      }
    },
    {
      "type": "Feature",
      "geometry": {
        "type": "Polygon",
        "coordinates": [
          [
            [
              25502772.289,
              6683123.869
            ],
            [
              25502774.173,
              6683124.688
            ],
            [
              25502772.542,
              6683128.438
            ],
            [
              25502770.659,
              6683127.619
            ],
            [
              25502772.289,
              6683123.869
            ]
          ]
        ]
      },
      "properties": {
        "confidence": 0.9381,
        "length_m": 4.09,
        "width_m": 2.05,
        "heading_deg": 156.5,
        "aoi": "r4-tattarisuo",
        "source_layer": "Ortoilmakuva_2025_5cm",
        "zoom": 16,
        "status": "confirmed",
        "class": "car"
      }
    },
    {
      "type": "Feature",
      "geometry": {
        "type": "Polygon",
        "coordinates": [
          [
            [
              25502923.445,
              6683164.762
            ],
            [
              25502925.527,
              6683165.34
            ],
            [
              25502924.311,
              6683169.717
            ],
            [
              25502922.229,
              6683169.139
            ],
            [
              25502923.445,
              6683164.762
            ]
          ]
        ]
      },
      "properties": {
        "confidence": 0.938,
        "length_m": 4.54,
        "width_m": 2.16,
        "heading_deg": 164.5,
        "aoi": "r4-tattarisuo",
        "source_layer": "Ortoilmakuva_2025_5cm",
        "zoom": 16,
        "status": "confirmed",
        "class": "car"
      }
    },
    {
      "type": "Feature",
      "geometry": {
        "type": "Polygon",
        "coordinates": [
          [
            [
              25502789.879,
              6683113.819
            ],
            [
              25502791.934,
              6683114.532
            ],
            [
              25502790.406,
              6683118.94
            ],
            [
              25502788.35,
              6683118.228
            ],
            [
              25502789.879,
              6683113.819
            ]
          ]
        ]
      },
      "properties": {
        "confidence": 0.9379,
        "length_m": 4.67,
        "width_m": 2.18,
        "heading_deg": 160.9,
        "aoi": "r4-tattarisuo",
        "source_layer": "Ortoilmakuva_2025_5cm",
        "zoom": 16,
        "status": "confirmed",
        "class": "car"
      }
    },
    {
      "type": "Feature",
      "geometry": {
        "type": "Polygon",
        "coordinates": [
          [
            [
              25502954.481,
              6683113.713
            ],
            [
              25502941.578,
              6683118.547
            ],
            [
              25502942.693,
              6683121.523
            ],
            [
              25502955.596,
              6683116.688
            ],
            [
              25502954.481,
              6683113.713
            ]
          ]
        ]
      },
      "properties": {
        "confidence": 0.9377,
        "length_m": 13.78,
        "width_m": 3.18,
        "heading_deg": 110.5,
        "aoi": "r4-tattarisuo",
        "source_layer": "Ortoilmakuva_2025_5cm",
        "zoom": 16,
        "status": "confirmed",
        "class": "bus"
      }
    },
    {
      "type": "Feature",
      "geometry": {
        "type": "Polygon",
        "coordinates": [
          [
            [
              25502915.484,
              6683162.868
            ],
            [
              25502917.778,
              6683163.533
            ],
            [
              25502916.467,
              6683168.049
            ],
            [
              25502914.173,
              6683167.384
            ],
            [
              25502915.484,
              6683162.868
            ]
          ]
        ]
      },
      "properties": {
        "confidence": 0.9374,
        "length_m": 4.7,
        "width_m": 2.39,
        "heading_deg": 163.8,
        "aoi": "r4-tattarisuo",
        "source_layer": "Ortoilmakuva_2025_5cm",
        "zoom": 16,
        "status": "confirmed",
        "class": "car"
      }
    },
    {
      "type": "Feature",
      "geometry": {
        "type": "Polygon",
        "coordinates": [
          [
            [
              25502925.765,
              6683229.303
            ],
            [
              25502927.894,
              6683230.178
            ],
            [
              25502926.086,
              6683234.575
            ],
            [
              25502923.957,
              6683233.7
            ],
            [
              25502925.765,
              6683229.303
            ]
          ]
        ]
      },
      "properties": {
        "confidence": 0.9368,
        "length_m": 4.75,
        "width_m": 2.3,
        "heading_deg": 157.6,
        "aoi": "r4-tattarisuo",
        "source_layer": "Ortoilmakuva_2025_5cm",
        "zoom": 16,
        "status": "confirmed",
        "class": "car"
      }
    },
    {
      "type": "Feature",
      "geometry": {
        "type": "Polygon",
        "coordinates": [
          [
            [
              25502798.348,
              6683075.214
            ],
            [
              25502799.974,
              6683077.187
            ],
            [
              25502796.013,
              6683080.45
            ],
            [
              25502794.387,
              6683078.477
            ],
            [
              25502798.348,
              6683075.214
            ]
          ]
        ]
      },
      "properties": {
        "confidence": 0.9368,
        "length_m": 5.13,
        "width_m": 2.56,
        "heading_deg": 129.5,
        "aoi": "r4-tattarisuo",
        "source_layer": "Ortoilmakuva_2025_5cm",
        "zoom": 16,
        "status": "confirmed",
        "class": "car"
      }
    },
    {
      "type": "Feature",
      "geometry": {
        "type": "Polygon",
        "coordinates": [
          [
            [
              25502787.676,
              6683110.777
            ],
            [
              25502789.917,
              6683111.367
            ],
            [
              25502788.549,
              6683116.561
            ],
            [
              25502786.308,
              6683115.971
            ],
            [
              25502787.676,
              6683110.777
            ]
          ]
        ]
      },
      "properties": {
        "confidence": 0.9366,
        "length_m": 5.37,
        "width_m": 2.32,
        "heading_deg": 165.2,
        "aoi": "r4-tattarisuo",
        "source_layer": "Ortoilmakuva_2025_5cm",
        "zoom": 16,
        "status": "confirmed",
        "class": "car"
      }
    },
    {
      "type": "Feature",
      "geometry": {
        "type": "Polygon",
        "coordinates": [
          [
            [
              25502793.509,
              6683142.509
            ],
            [
              25502793.179,
              6683144.749
            ],
            [
              25502788.179,
              6683144.011
            ],
            [
              25502788.51,
              6683141.772
            ],
            [
              25502793.509,
              6683142.509
            ]
          ]
        ]
      },
      "properties": {
        "confidence": 0.9364,
        "length_m": 5.05,
        "width_m": 2.26,
        "heading_deg": 81.6,
        "aoi": "r4-tattarisuo",
        "source_layer": "Ortoilmakuva_2025_5cm",
        "zoom": 16,
        "status": "confirmed",
        "class": "car"
      }
    },
    {
      "type": "Feature",
      "geometry": {
        "type": "Polygon",
        "coordinates": [
          [
            [
              25502877.564,
              6682983.391
            ],
            [
              25502876.937,
              6682985.505
            ],
            [
              25502872.546,
              6682984.203
            ],
            [
              25502873.173,
              6682982.089
            ],
            [
              25502877.564,
              6682983.391
            ]
          ]
        ]
      },
      "properties": {
        "confidence": 0.936,
        "length_m": 4.58,
        "width_m": 2.21,
        "heading_deg": 73.5,
        "aoi": "r4-tattarisuo",
        "source_layer": "Ortoilmakuva_2025_5cm",
        "zoom": 16,
        "status": "confirmed",
        "class": "car"
      }
    },
    {
      "type": "Feature",
      "geometry": {
        "type": "Polygon",
        "coordinates": [
          [
            [
              25502797.96,
              6683159.357
            ],
            [
              25502799.876,
              6683160.277
            ],
            [
              25502797.866,
              6683164.466
            ],
            [
              25502795.95,
              6683163.547
            ],
            [
              25502797.96,
              6683159.357
            ]
          ]
        ]
      },
      "properties": {
        "confidence": 0.936,
        "length_m": 4.65,
        "width_m": 2.13,
        "heading_deg": 154.4,
        "aoi": "r4-tattarisuo",
        "source_layer": "Ortoilmakuva_2025_5cm",
        "zoom": 16,
        "status": "confirmed",
        "class": "car"
      }
    },
    {
      "type": "Feature",
      "geometry": {
        "type": "Polygon",
        "coordinates": [
          [
            [
              25502910.356,
              6683161.522
            ],
            [
              25502912.365,
              6683162.109
            ],
            [
              25502911.049,
              6683166.618
            ],
            [
              25502909.04,
              6683166.031
            ],
            [
              25502910.356,
              6683161.522
            ]
          ]
        ]
      },
      "properties": {
        "confidence": 0.9358,
        "length_m": 4.7,
        "width_m": 2.09,
        "heading_deg": 163.7,
        "aoi": "r4-tattarisuo",
        "source_layer": "Ortoilmakuva_2025_5cm",
        "zoom": 16,
        "status": "confirmed",
        "class": "car"
      }
    },
    {
      "type": "Feature",
      "geometry": {
        "type": "Polygon",
        "coordinates": [
          [
            [
              25502974.507,
              6683015.111
            ],
            [
              25502975.509,
              6683016.845
            ],
            [
              25502971.951,
              6683018.901
            ],
            [
              25502970.949,
              6683017.167
            ],
            [
              25502974.507,
              6683015.111
            ]
          ]
        ]
      },
      "properties": {
        "confidence": 0.9357,
        "length_m": 4.11,
        "width_m": 2,
        "heading_deg": 120,
        "aoi": "r4-tattarisuo",
        "source_layer": "Ortoilmakuva_2025_5cm",
        "zoom": 16,
        "status": "confirmed",
        "class": "car"
      }
    },
    {
      "type": "Feature",
      "geometry": {
        "type": "Polygon",
        "coordinates": [
          [
            [
              25502861.282,
              6683041.114
            ],
            [
              25502863.271,
              6683041.644
            ],
            [
              25502862.118,
              6683045.969
            ],
            [
              25502860.128,
              6683045.438
            ],
            [
              25502861.282,
              6683041.114
            ]
          ]
        ]
      },
      "properties": {
        "confidence": 0.9357,
        "length_m": 4.48,
        "width_m": 2.06,
        "heading_deg": 165.1,
        "aoi": "r4-tattarisuo",
        "source_layer": "Ortoilmakuva_2025_5cm",
        "zoom": 16,
        "status": "confirmed",
        "class": "car"
      }
    },
    {
      "type": "Feature",
      "geometry": {
        "type": "Polygon",
        "coordinates": [
          [
            [
              25502798.553,
              6683150.657
            ],
            [
              25502798.578,
              6683152.828
            ],
            [
              25502793.884,
              6683152.882
            ],
            [
              25502793.859,
              6683150.711
            ],
            [
              25502798.553,
              6683150.657
            ]
          ]
        ]
      },
      "properties": {
        "confidence": 0.9354,
        "length_m": 4.69,
        "width_m": 2.17,
        "heading_deg": 90.7,
        "aoi": "r4-tattarisuo",
        "source_layer": "Ortoilmakuva_2025_5cm",
        "zoom": 16,
        "status": "confirmed",
        "class": "car"
      }
    },
    {
      "type": "Feature",
      "geometry": {
        "type": "Polygon",
        "coordinates": [
          [
            [
              25502959.38,
              6683011.185
            ],
            [
              25502960.914,
              6683012.665
            ],
            [
              25502957.946,
              6683015.74
            ],
            [
              25502956.412,
              6683014.26
            ],
            [
              25502959.38,
              6683011.185
            ]
          ]
        ]
      },
      "properties": {
        "confidence": 0.9354,
        "length_m": 4.27,
        "width_m": 2.13,
        "heading_deg": 136,
        "aoi": "r4-tattarisuo",
        "source_layer": "Ortoilmakuva_2025_5cm",
        "zoom": 16,
        "status": "confirmed",
        "class": "car"
      }
    },
    {
      "type": "Feature",
      "geometry": {
        "type": "Polygon",
        "coordinates": [
          [
            [
              25502888.608,
              6683182.194
            ],
            [
              25502887.895,
              6683184.496
            ],
            [
              25502882.877,
              6683182.94
            ],
            [
              25502883.591,
              6683180.638
            ],
            [
              25502888.608,
              6683182.194
            ]
          ]
        ]
      },
      "properties": {
        "confidence": 0.9353,
        "length_m": 5.25,
        "width_m": 2.41,
        "heading_deg": 72.8,
        "aoi": "r4-tattarisuo",
        "source_layer": "Ortoilmakuva_2025_5cm",
        "zoom": 16,
        "status": "confirmed",
        "class": "car"
      }
    },
    {
      "type": "Feature",
      "geometry": {
        "type": "Polygon",
        "coordinates": [
          [
            [
              25503057.253,
              6683264.119
            ],
            [
              25503056.707,
              6683266.359
            ],
            [
              25503052.351,
              6683265.298
            ],
            [
              25503052.897,
              6683263.058
            ],
            [
              25503057.253,
              6683264.119
            ]
          ]
        ]
      },
      "properties": {
        "confidence": 0.9352,
        "length_m": 4.48,
        "width_m": 2.31,
        "heading_deg": 76.3,
        "aoi": "r4-tattarisuo",
        "source_layer": "Ortoilmakuva_2025_5cm",
        "zoom": 16,
        "status": "confirmed",
        "class": "car"
      }
    },
    {
      "type": "Feature",
      "geometry": {
        "type": "Polygon",
        "coordinates": [
          [
            [
              25502951.828,
              6683005.243
            ],
            [
              25502953.462,
              6683006.774
            ],
            [
              25502950.413,
              6683010.028
            ],
            [
              25502948.779,
              6683008.497
            ],
            [
              25502951.828,
              6683005.243
            ]
          ]
        ]
      },
      "properties": {
        "confidence": 0.9351,
        "length_m": 4.46,
        "width_m": 2.24,
        "heading_deg": 136.9,
        "aoi": "r4-tattarisuo",
        "source_layer": "Ortoilmakuva_2025_5cm",
        "zoom": 16,
        "status": "confirmed",
        "class": "car"
      }
    },
    {
      "type": "Feature",
      "geometry": {
        "type": "Polygon",
        "coordinates": [
          [
            [
              25502825.841,
              6683157.001
            ],
            [
              25502827.297,
              6683158.556
            ],
            [
              25502824.113,
              6683161.538
            ],
            [
              25502822.657,
              6683159.983
            ],
            [
              25502825.841,
              6683157.001
            ]
          ]
        ]
      },
      "properties": {
        "confidence": 0.935,
        "length_m": 4.36,
        "width_m": 2.13,
        "heading_deg": 133.1,
        "aoi": "r4-tattarisuo",
        "source_layer": "Ortoilmakuva_2025_5cm",
        "zoom": 16,
        "status": "confirmed",
        "class": "car"
      }
    },
    {
      "type": "Feature",
      "geometry": {
        "type": "Polygon",
        "coordinates": [
          [
            [
              25502794.419,
              6683155.556
            ],
            [
              25502796.511,
              6683156.508
            ],
            [
              25502794.484,
              6683160.962
            ],
            [
              25502792.391,
              6683160.01
            ],
            [
              25502794.419,
              6683155.556
            ]
          ]
        ]
      },
      "properties": {
        "confidence": 0.9348,
        "length_m": 4.89,
        "width_m": 2.3,
        "heading_deg": 155.5,
        "aoi": "r4-tattarisuo",
        "source_layer": "Ortoilmakuva_2025_5cm",
        "zoom": 16,
        "status": "confirmed",
        "class": "car"
      }
    },
    {
      "type": "Feature",
      "geometry": {
        "type": "Polygon",
        "coordinates": [
          [
            [
              25503050.734,
              6683192.225
            ],
            [
              25503052.995,
              6683192.079
            ],
            [
              25503053.284,
              6683196.529
            ],
            [
              25503051.023,
              6683196.676
            ],
            [
              25503050.734,
              6683192.225
            ]
          ]
        ]
      },
      "properties": {
        "confidence": 0.9348,
        "length_m": 4.46,
        "width_m": 2.27,
        "heading_deg": 3.7,
        "aoi": "r4-tattarisuo",
        "source_layer": "Ortoilmakuva_2025_5cm",
        "zoom": 16,
        "status": "confirmed",
        "class": "car"
      }
    },
    {
      "type": "Feature",
      "geometry": {
        "type": "Polygon",
        "coordinates": [
          [
            [
              25502871.323,
              6683269.514
            ],
            [
              25502872.79,
              6683271.312
            ],
            [
              25502868.582,
              6683274.745
            ],
            [
              25502867.115,
              6683272.947
            ],
            [
              25502871.323,
              6683269.514
            ]
          ]
        ]
      },
      "properties": {
        "confidence": 0.9347,
        "length_m": 5.43,
        "width_m": 2.32,
        "heading_deg": 129.2,
        "aoi": "r4-tattarisuo",
        "source_layer": "Ortoilmakuva_2025_5cm",
        "zoom": 16,
        "status": "confirmed",
        "class": "van"
      }
    },
    {
      "type": "Feature",
      "geometry": {
        "type": "Polygon",
        "coordinates": [
          [
            [
              25502802.814,
              6683130.355
            ],
            [
              25502804.994,
              6683131.282
            ],
            [
              25502802.985,
              6683136.006
            ],
            [
              25502800.805,
              6683135.078
            ],
            [
              25502802.814,
              6683130.355
            ]
          ]
        ]
      },
      "properties": {
        "confidence": 0.9346,
        "length_m": 5.13,
        "width_m": 2.37,
        "heading_deg": 157,
        "aoi": "r4-tattarisuo",
        "source_layer": "Ortoilmakuva_2025_5cm",
        "zoom": 16,
        "status": "confirmed",
        "class": "car"
      }
    },
    {
      "type": "Feature",
      "geometry": {
        "type": "Polygon",
        "coordinates": [
          [
            [
              25502862.196,
              6683150.811
            ],
            [
              25502862.62,
              6683152.939
            ],
            [
              25502858.105,
              6683153.837
            ],
            [
              25502857.681,
              6683151.71
            ],
            [
              25502862.196,
              6683150.811
            ]
          ]
        ]
      },
      "properties": {
        "confidence": 0.9346,
        "length_m": 4.6,
        "width_m": 2.17,
        "heading_deg": 101.2,
        "aoi": "r4-tattarisuo",
        "source_layer": "Ortoilmakuva_2025_5cm",
        "zoom": 16,
        "status": "confirmed",
        "class": "car"
      }
    },
    {
      "type": "Feature",
      "geometry": {
        "type": "Polygon",
        "coordinates": [
          [
            [
              25503020.705,
              6683234.814
            ],
            [
              25503022.761,
              6683235.978
            ],
            [
              25503020.433,
              6683240.09
            ],
            [
              25503018.377,
              6683238.927
            ],
            [
              25503020.705,
              6683234.814
            ]
          ]
        ]
      },
      "properties": {
        "confidence": 0.9343,
        "length_m": 4.73,
        "width_m": 2.36,
        "heading_deg": 150.5,
        "aoi": "r4-tattarisuo",
        "source_layer": "Ortoilmakuva_2025_5cm",
        "zoom": 16,
        "status": "confirmed",
        "class": "car"
      }
    },
    {
      "type": "Feature",
      "geometry": {
        "type": "Polygon",
        "coordinates": [
          [
            [
              25502800.566,
              6683127.5
            ],
            [
              25502802.641,
              6683128.376
            ],
            [
              25502800.712,
              6683132.944
            ],
            [
              25502798.638,
              6683132.068
            ],
            [
              25502800.566,
              6683127.5
            ]
          ]
        ]
      },
      "properties": {
        "confidence": 0.9342,
        "length_m": 4.96,
        "width_m": 2.25,
        "heading_deg": 157.1,
        "aoi": "r4-tattarisuo",
        "source_layer": "Ortoilmakuva_2025_5cm",
        "zoom": 16,
        "status": "confirmed",
        "class": "car"
      }
    },
    {
      "type": "Feature",
      "geometry": {
        "type": "Polygon",
        "coordinates": [
          [
            [
              25502921.193,
              6683161.031
            ],
            [
              25502920.581,
              6683163.173
            ],
            [
              25502916.026,
              6683161.871
            ],
            [
              25502916.639,
              6683159.729
            ],
            [
              25502921.193,
              6683161.031
            ]
          ]
        ]
      },
      "properties": {
        "confidence": 0.9342,
        "length_m": 4.74,
        "width_m": 2.23,
        "heading_deg": 74,
        "aoi": "r4-tattarisuo",
        "source_layer": "Ortoilmakuva_2025_5cm",
        "zoom": 16,
        "status": "confirmed",
        "class": "car"
      }
    },
    {
      "type": "Feature",
      "geometry": {
        "type": "Polygon",
        "coordinates": [
          [
            [
              25502770.196,
              6683139.213
            ],
            [
              25502769.433,
              6683141.334
            ],
            [
              25502765.156,
              6683139.796
            ],
            [
              25502765.919,
              6683137.675
            ],
            [
              25502770.196,
              6683139.213
            ]
          ]
        ]
      },
      "properties": {
        "confidence": 0.9342,
        "length_m": 4.55,
        "width_m": 2.25,
        "heading_deg": 70.2,
        "aoi": "r4-tattarisuo",
        "source_layer": "Ortoilmakuva_2025_5cm",
        "zoom": 16,
        "status": "confirmed",
        "class": "car"
      }
    },
    {
      "type": "Feature",
      "geometry": {
        "type": "Polygon",
        "coordinates": [
          [
            [
              25503053.304,
              6683192.575
            ],
            [
              25503055.562,
              6683192.431
            ],
            [
              25503055.848,
              6683196.914
            ],
            [
              25503053.589,
              6683197.058
            ],
            [
              25503053.304,
              6683192.575
            ]
          ]
        ]
      },
      "properties": {
        "confidence": 0.9341,
        "length_m": 4.49,
        "width_m": 2.26,
        "heading_deg": 3.7,
        "aoi": "r4-tattarisuo",
        "source_layer": "Ortoilmakuva_2025_5cm",
        "zoom": 16,
        "status": "confirmed",
        "class": "car"
      }
    },
    {
      "type": "Feature",
      "geometry": {
        "type": "Polygon",
        "coordinates": [
          [
            [
              25502952.825,
              6683226.046
            ],
            [
              25502954.956,
              6683226.633
            ],
            [
              25502953.731,
              6683231.083
            ],
            [
              25502951.6,
              6683230.496
            ],
            [
              25502952.825,
              6683226.046
            ]
          ]
        ]
      },
      "properties": {
        "confidence": 0.9341,
        "length_m": 4.62,
        "width_m": 2.21,
        "heading_deg": 164.6,
        "aoi": "r4-tattarisuo",
        "source_layer": "Ortoilmakuva_2025_5cm",
        "zoom": 16,
        "status": "confirmed",
        "class": "car"
      }
    },
    {
      "type": "Feature",
      "geometry": {
        "type": "Polygon",
        "coordinates": [
          [
            [
              25502810.92,
              6683140.142
            ],
            [
              25502812.987,
              6683140.804
            ],
            [
              25502811.624,
              6683145.062
            ],
            [
              25502809.556,
              6683144.4
            ],
            [
              25502810.92,
              6683140.142
            ]
          ]
        ]
      },
      "properties": {
        "confidence": 0.9341,
        "length_m": 4.47,
        "width_m": 2.17,
        "heading_deg": 162.2,
        "aoi": "r4-tattarisuo",
        "source_layer": "Ortoilmakuva_2025_5cm",
        "zoom": 16,
        "status": "confirmed",
        "class": "car"
      }
    },
    {
      "type": "Feature",
      "geometry": {
        "type": "Polygon",
        "coordinates": [
          [
            [
              25502926.211,
              6683235.606
            ],
            [
              25502927.956,
              6683236.617
            ],
            [
              25502925.7,
              6683240.513
            ],
            [
              25502923.955,
              6683239.502
            ],
            [
              25502926.211,
              6683235.606
            ]
          ]
        ]
      },
      "properties": {
        "confidence": 0.9339,
        "length_m": 4.5,
        "width_m": 2.02,
        "heading_deg": 149.9,
        "aoi": "r4-tattarisuo",
        "source_layer": "Ortoilmakuva_2025_5cm",
        "zoom": 16,
        "status": "confirmed",
        "class": "car"
      }
    },
    {
      "type": "Feature",
      "geometry": {
        "type": "Polygon",
        "coordinates": [
          [
            [
              25502916.075,
              6683228.477
            ],
            [
              25502918.304,
              6683229.216
            ],
            [
              25502916.641,
              6683234.234
            ],
            [
              25502914.411,
              6683233.495
            ],
            [
              25502916.075,
              6683228.477
            ]
          ]
        ]
      },
      "properties": {
        "confidence": 0.9337,
        "length_m": 5.29,
        "width_m": 2.35,
        "heading_deg": 161.7,
        "aoi": "r4-tattarisuo",
        "source_layer": "Ortoilmakuva_2025_5cm",
        "zoom": 16,
        "status": "confirmed",
        "class": "car"
      }
    },
    {
      "type": "Feature",
      "geometry": {
        "type": "Polygon",
        "coordinates": [
          [
            [
              25503021.842,
              6683160.935
            ],
            [
              25503021.362,
              6683162.939
            ],
            [
              25503017.228,
              6683161.948
            ],
            [
              25503017.708,
              6683159.944
            ],
            [
              25503021.842,
              6683160.935
            ]
          ]
        ]
      },
      "properties": {
        "confidence": 0.9334,
        "length_m": 4.25,
        "width_m": 2.06,
        "heading_deg": 76.5,
        "aoi": "r4-tattarisuo",
        "source_layer": "Ortoilmakuva_2025_5cm",
        "zoom": 16,
        "status": "confirmed",
        "class": "car"
      }
    },
    {
      "type": "Feature",
      "geometry": {
        "type": "Polygon",
        "coordinates": [
          [
            [
              25502908.368,
              6683221.487
            ],
            [
              25502910.432,
              6683222.326
            ],
            [
              25502908.753,
              6683226.46
            ],
            [
              25502906.689,
              6683225.621
            ],
            [
              25502908.368,
              6683221.487
            ]
          ]
        ]
      },
      "properties": {
        "confidence": 0.9334,
        "length_m": 4.46,
        "width_m": 2.23,
        "heading_deg": 157.9,
        "aoi": "r4-tattarisuo",
        "source_layer": "Ortoilmakuva_2025_5cm",
        "zoom": 16,
        "status": "confirmed",
        "class": "car"
      }
    },
    {
      "type": "Feature",
      "geometry": {
        "type": "Polygon",
        "coordinates": [
          [
            [
              25502829.489,
              6683160.239
            ],
            [
              25502829.893,
              6683162.48
            ],
            [
              25502824.814,
              6683163.395
            ],
            [
              25502824.41,
              6683161.154
            ],
            [
              25502829.489,
              6683160.239
            ]
          ]
        ]
      },
      "properties": {
        "confidence": 0.9334,
        "length_m": 5.16,
        "width_m": 2.28,
        "heading_deg": 100.2,
        "aoi": "r4-tattarisuo",
        "source_layer": "Ortoilmakuva_2025_5cm",
        "zoom": 16,
        "status": "confirmed",
        "class": "car"
      }
    },
    {
      "type": "Feature",
      "geometry": {
        "type": "Polygon",
        "coordinates": [
          [
            [
              25502814.864,
              6683082.174
            ],
            [
              25502814.273,
              6683084.29
            ],
            [
              25502810.195,
              6683083.151
            ],
            [
              25502810.787,
              6683081.035
            ],
            [
              25502814.864,
              6683082.174
            ]
          ]
        ]
      },
      "properties": {
        "confidence": 0.9332,
        "length_m": 4.23,
        "width_m": 2.2,
        "heading_deg": 74.4,
        "aoi": "r4-tattarisuo",
        "source_layer": "Ortoilmakuva_2025_5cm",
        "zoom": 16,
        "status": "confirmed",
        "class": "car"
      }
    },
    {
      "type": "Feature",
      "geometry": {
        "type": "Polygon",
        "coordinates": [
          [
            [
              25502977.912,
              6683016.417
            ],
            [
              25502978.827,
              6683018.631
            ],
            [
              25502974.195,
              6683020.544
            ],
            [
              25502973.28,
              6683018.33
            ],
            [
              25502977.912,
              6683016.417
            ]
          ]
        ]
      },
      "properties": {
        "confidence": 0.9331,
        "length_m": 5.01,
        "width_m": 2.4,
        "heading_deg": 112.4,
        "aoi": "r4-tattarisuo",
        "source_layer": "Ortoilmakuva_2025_5cm",
        "zoom": 16,
        "status": "confirmed",
        "class": "car"
      }
    },
    {
      "type": "Feature",
      "geometry": {
        "type": "Polygon",
        "coordinates": [
          [
            [
              25502999.049,
              6683068.285
            ],
            [
              25503001.078,
              6683068.944
            ],
            [
              25502999.639,
              6683073.374
            ],
            [
              25502997.61,
              6683072.715
            ],
            [
              25502999.049,
              6683068.285
            ]
          ]
        ]
      },
      "properties": {
        "confidence": 0.933,
        "length_m": 4.66,
        "width_m": 2.13,
        "heading_deg": 162,
        "aoi": "r4-tattarisuo",
        "source_layer": "Ortoilmakuva_2025_5cm",
        "zoom": 16,
        "status": "confirmed",
        "class": "car"
      }
    },
    {
      "type": "Feature",
      "geometry": {
        "type": "Polygon",
        "coordinates": [
          [
            [
              25502813.103,
              6683143.111
            ],
            [
              25502815.058,
              6683143.932
            ],
            [
              25502813.386,
              6683147.913
            ],
            [
              25502811.432,
              6683147.093
            ],
            [
              25502813.103,
              6683143.111
            ]
          ]
        ]
      },
      "properties": {
        "confidence": 0.933,
        "length_m": 4.32,
        "width_m": 2.12,
        "heading_deg": 157.2,
        "aoi": "r4-tattarisuo",
        "source_layer": "Ortoilmakuva_2025_5cm",
        "zoom": 16,
        "status": "confirmed",
        "class": "car"
      }
    },
    {
      "type": "Feature",
      "geometry": {
        "type": "Polygon",
        "coordinates": [
          [
            [
              25503033.912,
              6683238.489
            ],
            [
              25503029.193,
              6683237.185
            ],
            [
              25503028.66,
              6683239.115
            ],
            [
              25503033.378,
              6683240.419
            ],
            [
              25503033.912,
              6683238.489
            ]
          ]
        ]
      },
      "properties": {
        "confidence": 0.933,
        "length_m": 4.9,
        "width_m": 2,
        "heading_deg": 74.6,
        "aoi": "r4-tattarisuo",
        "source_layer": "Ortoilmakuva_2025_5cm",
        "zoom": 16,
        "status": "confirmed",
        "class": "car"
      }
    },
    {
      "type": "Feature",
      "geometry": {
        "type": "Polygon",
        "coordinates": [
          [
            [
              25502912.769,
              6683161.997
            ],
            [
              25502915.022,
              6683162.642
            ],
            [
              25502913.648,
              6683167.441
            ],
            [
              25502911.395,
              6683166.796
            ],
            [
              25502912.769,
              6683161.997
            ]
          ]
        ]
      },
      "properties": {
        "confidence": 0.9327,
        "length_m": 4.99,
        "width_m": 2.34,
        "heading_deg": 164,
        "aoi": "r4-tattarisuo",
        "source_layer": "Ortoilmakuva_2025_5cm",
        "zoom": 16,
        "status": "confirmed",
        "class": "car"
      }
    },
    {
      "type": "Feature",
      "geometry": {
        "type": "Polygon",
        "coordinates": [
          [
            [
              25502863.748,
              6683047.026
            ],
            [
              25502863.237,
              6683049.096
            ],
            [
              25502859.114,
              6683048.08
            ],
            [
              25502859.625,
              6683046.01
            ],
            [
              25502863.748,
              6683047.026
            ]
          ]
        ]
      },
      "properties": {
        "confidence": 0.9327,
        "length_m": 4.25,
        "width_m": 2.13,
        "heading_deg": 76.2,
        "aoi": "r4-tattarisuo",
        "source_layer": "Ortoilmakuva_2025_5cm",
        "zoom": 16,
        "status": "confirmed",
        "class": "car"
      }
    },
    {
      "type": "Feature",
      "geometry": {
        "type": "Polygon",
        "coordinates": [
          [
            [
              25502766.143,
              6683144.281
            ],
            [
              25502768.308,
              6683145.045
            ],
            [
              25502766.691,
              6683149.624
            ],
            [
              25502764.527,
              6683148.86
            ],
            [
              25502766.143,
              6683144.281
            ]
          ]
        ]
      },
      "properties": {
        "confidence": 0.9326,
        "length_m": 4.86,
        "width_m": 2.3,
        "heading_deg": 160.6,
        "aoi": "r4-tattarisuo",
        "source_layer": "Ortoilmakuva_2025_5cm",
        "zoom": 16,
        "status": "confirmed",
        "class": "car"
      }
    },
    {
      "type": "Feature",
      "geometry": {
        "type": "Polygon",
        "coordinates": [
          [
            [
              25502815.534,
              6683079.466
            ],
            [
              25502815.004,
              6683081.77
            ],
            [
              25502810.172,
              6683080.658
            ],
            [
              25502810.701,
              6683078.354
            ],
            [
              25502815.534,
              6683079.466
            ]
          ]
        ]
      },
      "properties": {
        "confidence": 0.9325,
        "length_m": 4.96,
        "width_m": 2.36,
        "heading_deg": 77,
        "aoi": "r4-tattarisuo",
        "source_layer": "Ortoilmakuva_2025_5cm",
        "zoom": 16,
        "status": "confirmed",
        "class": "car"
      }
    },
    {
      "type": "Feature",
      "geometry": {
        "type": "Polygon",
        "coordinates": [
          [
            [
              25502886.935,
              6683100.958
            ],
            [
              25502888.926,
              6683101.523
            ],
            [
              25502887.815,
              6683105.438
            ],
            [
              25502885.823,
              6683104.872
            ],
            [
              25502886.935,
              6683100.958
            ]
          ]
        ]
      },
      "properties": {
        "confidence": 0.9324,
        "length_m": 4.07,
        "width_m": 2.07,
        "heading_deg": 164.2,
        "aoi": "r4-tattarisuo",
        "source_layer": "Ortoilmakuva_2025_5cm",
        "zoom": 16,
        "status": "confirmed",
        "class": "car"
      }
    },
    {
      "type": "Feature",
      "geometry": {
        "type": "Polygon",
        "coordinates": [
          [
            [
              25502941.974,
              6683187.581
            ],
            [
              25502944.266,
              6683188.188
            ],
            [
              25502942.908,
              6683193.317
            ],
            [
              25502940.616,
              6683192.71
            ],
            [
              25502941.974,
              6683187.581
            ]
          ]
        ]
      },
      "properties": {
        "confidence": 0.9321,
        "length_m": 5.31,
        "width_m": 2.37,
        "heading_deg": 165.2,
        "aoi": "r4-tattarisuo",
        "source_layer": "Ortoilmakuva_2025_5cm",
        "zoom": 16,
        "status": "confirmed",
        "class": "car"
      }
    },
    {
      "type": "Feature",
      "geometry": {
        "type": "Polygon",
        "coordinates": [
          [
            [
              25502902.418,
              6683051.401
            ],
            [
              25502904.406,
              6683051.908
            ],
            [
              25502903.314,
              6683056.189
            ],
            [
              25502901.326,
              6683055.682
            ],
            [
              25502902.418,
              6683051.401
            ]
          ]
        ]
      },
      "properties": {
        "confidence": 0.9318,
        "length_m": 4.42,
        "width_m": 2.05,
        "heading_deg": 165.7,
        "aoi": "r4-tattarisuo",
        "source_layer": "Ortoilmakuva_2025_5cm",
        "zoom": 16,
        "status": "confirmed",
        "class": "car"
      }
    },
    {
      "type": "Feature",
      "geometry": {
        "type": "Polygon",
        "coordinates": [
          [
            [
              25502867.595,
              6683169.763
            ],
            [
              25502868.773,
              6683171.861
            ],
            [
              25502864.138,
              6683174.464
            ],
            [
              25502862.96,
              6683172.366
            ],
            [
              25502867.595,
              6683169.763
            ]
          ]
        ]
      },
      "properties": {
        "confidence": 0.9316,
        "length_m": 5.32,
        "width_m": 2.41,
        "heading_deg": 119.3,
        "aoi": "r4-tattarisuo",
        "source_layer": "Ortoilmakuva_2025_5cm",
        "zoom": 16,
        "status": "confirmed",
        "class": "car"
      }
    },
    {
      "type": "Feature",
      "geometry": {
        "type": "Polygon",
        "coordinates": [
          [
            [
              25502775.873,
              6683159.56
            ],
            [
              25502778.018,
              6683160.58
            ],
            [
              25502775.669,
              6683165.514
            ],
            [
              25502773.524,
              6683164.493
            ],
            [
              25502775.873,
              6683159.56
            ]
          ]
        ]
      },
      "properties": {
        "confidence": 0.9316,
        "length_m": 5.46,
        "width_m": 2.38,
        "heading_deg": 154.5,
        "aoi": "r4-tattarisuo",
        "source_layer": "Ortoilmakuva_2025_5cm",
        "zoom": 16,
        "status": "confirmed",
        "class": "car"
      }
    },
    {
      "type": "Feature",
      "geometry": {
        "type": "Polygon",
        "coordinates": [
          [
            [
              25502888.396,
              6683121.008
            ],
            [
              25502890.614,
              6683121.364
            ],
            [
              25502889.84,
              6683126.187
            ],
            [
              25502887.623,
              6683125.831
            ],
            [
              25502888.396,
              6683121.008
            ]
          ]
        ]
      },
      "properties": {
        "confidence": 0.9315,
        "length_m": 4.88,
        "width_m": 2.25,
        "heading_deg": 170.9,
        "aoi": "r4-tattarisuo",
        "source_layer": "Ortoilmakuva_2025_5cm",
        "zoom": 16,
        "status": "confirmed",
        "class": "car"
      }
    },
    {
      "type": "Feature",
      "geometry": {
        "type": "Polygon",
        "coordinates": [
          [
            [
              25502792.226,
              6683154.149
            ],
            [
              25502794.38,
              6683155.019
            ],
            [
              25502792.525,
              6683159.613
            ],
            [
              25502790.371,
              6683158.743
            ],
            [
              25502792.226,
              6683154.149
            ]
          ]
        ]
      },
      "properties": {
        "confidence": 0.9314,
        "length_m": 4.95,
        "width_m": 2.32,
        "heading_deg": 158,
        "aoi": "r4-tattarisuo",
        "source_layer": "Ortoilmakuva_2025_5cm",
        "zoom": 16,
        "status": "confirmed",
        "class": "car"
      }
    },
    {
      "type": "Feature",
      "geometry": {
        "type": "Polygon",
        "coordinates": [
          [
            [
              25503000.635,
              6683259.243
            ],
            [
              25502999.914,
              6683262.547
            ],
            [
              25502991.438,
              6683260.698
            ],
            [
              25502992.159,
              6683257.394
            ],
            [
              25503000.635,
              6683259.243
            ]
          ]
        ]
      },
      "properties": {
        "confidence": 0.9314,
        "length_m": 8.68,
        "width_m": 3.38,
        "heading_deg": 77.7,
        "aoi": "r4-tattarisuo",
        "source_layer": "Ortoilmakuva_2025_5cm",
        "zoom": 16,
        "status": "confirmed",
        "class": "truck"
      }
    },
    {
      "type": "Feature",
      "geometry": {
        "type": "Polygon",
        "coordinates": [
          [
            [
              25503024.12,
              6683179.561
            ],
            [
              25503018.454,
              6683178.804
            ],
            [
              25503018.148,
              6683181.096
            ],
            [
              25503023.814,
              6683181.853
            ],
            [
              25503024.12,
              6683179.561
            ]
          ]
        ]
      },
      "properties": {
        "confidence": 0.9313,
        "length_m": 5.72,
        "width_m": 2.31,
        "heading_deg": 82.4,
        "aoi": "r4-tattarisuo",
        "source_layer": "Ortoilmakuva_2025_5cm",
        "zoom": 16,
        "status": "confirmed",
        "class": "van"
      }
    },
    {
      "type": "Feature",
      "geometry": {
        "type": "Polygon",
        "coordinates": [
          [
            [
              25502921.552,
              6683163.634
            ],
            [
              25502923.614,
              6683164.346
            ],
            [
              25502922.007,
              6683169.006
            ],
            [
              25502919.945,
              6683168.295
            ],
            [
              25502921.552,
              6683163.634
            ]
          ]
        ]
      },
      "properties": {
        "confidence": 0.9313,
        "length_m": 4.93,
        "width_m": 2.18,
        "heading_deg": 161,
        "aoi": "r4-tattarisuo",
        "source_layer": "Ortoilmakuva_2025_5cm",
        "zoom": 16,
        "status": "confirmed",
        "class": "car"
      }
    },
    {
      "type": "Feature",
      "geometry": {
        "type": "Polygon",
        "coordinates": [
          [
            [
              25502904.995,
              6683160.108
            ],
            [
              25502907.117,
              6683160.324
            ],
            [
              25502906.7,
              6683164.418
            ],
            [
              25502904.578,
              6683164.202
            ],
            [
              25502904.995,
              6683160.108
            ]
          ]
        ]
      },
      "properties": {
        "confidence": 0.9312,
        "length_m": 4.12,
        "width_m": 2.13,
        "heading_deg": 174.2,
        "aoi": "r4-tattarisuo",
        "source_layer": "Ortoilmakuva_2025_5cm",
        "zoom": 16,
        "status": "confirmed",
        "class": "car"
      }
    },
    {
      "type": "Feature",
      "geometry": {
        "type": "Polygon",
        "coordinates": [
          [
            [
              25502769.429,
              6683148.448
            ],
            [
              25502771.55,
              6683149.203
            ],
            [
              25502769.928,
              6683153.755
            ],
            [
              25502767.808,
              6683153
            ],
            [
              25502769.429,
              6683148.448
            ]
          ]
        ]
      },
      "properties": {
        "confidence": 0.9312,
        "length_m": 4.83,
        "width_m": 2.25,
        "heading_deg": 160.4,
        "aoi": "r4-tattarisuo",
        "source_layer": "Ortoilmakuva_2025_5cm",
        "zoom": 16,
        "status": "confirmed",
        "class": "car"
      }
    },
    {
      "type": "Feature",
      "geometry": {
        "type": "Polygon",
        "coordinates": [
          [
            [
              25502950.52,
              6683009.369
            ],
            [
              25502951.798,
              6683011.023
            ],
            [
              25502948.207,
              6683013.799
            ],
            [
              25502946.928,
              6683012.146
            ],
            [
              25502950.52,
              6683009.369
            ]
          ]
        ]
      },
      "properties": {
        "confidence": 0.9311,
        "length_m": 4.54,
        "width_m": 2.09,
        "heading_deg": 127.7,
        "aoi": "r4-tattarisuo",
        "source_layer": "Ortoilmakuva_2025_5cm",
        "zoom": 16,
        "status": "confirmed",
        "class": "car"
      }
    },
    {
      "type": "Feature",
      "geometry": {
        "type": "Polygon",
        "coordinates": [
          [
            [
              25503007.923,
              6683246.463
            ],
            [
              25503007.92,
              6683241.972
            ],
            [
              25503005.825,
              6683241.973
            ],
            [
              25503005.828,
              6683246.465
            ],
            [
              25503007.923,
              6683246.463
            ]
          ]
        ]
      },
      "properties": {
        "confidence": 0.9309,
        "length_m": 4.49,
        "width_m": 2.1,
        "heading_deg": 0,
        "aoi": "r4-tattarisuo",
        "source_layer": "Ortoilmakuva_2025_5cm",
        "zoom": 16,
        "status": "confirmed",
        "class": "car"
      }
    },
    {
      "type": "Feature",
      "geometry": {
        "type": "Polygon",
        "coordinates": [
          [
            [
              25503046.336,
              6683241.598
            ],
            [
              25503045.728,
              6683243.745
            ],
            [
              25503041.248,
              6683242.478
            ],
            [
              25503041.855,
              6683240.33
            ],
            [
              25503046.336,
              6683241.598
            ]
          ]
        ]
      },
      "properties": {
        "confidence": 0.9307,
        "length_m": 4.66,
        "width_m": 2.23,
        "heading_deg": 74.2,
        "aoi": "r4-tattarisuo",
        "source_layer": "Ortoilmakuva_2025_5cm",
        "zoom": 16,
        "status": "confirmed",
        "class": "car"
      }
    },
    {
      "type": "Feature",
      "geometry": {
        "type": "Polygon",
        "coordinates": [
          [
            [
              25502886.173,
              6683053.396
            ],
            [
              25502887.06,
              6683048.539
            ],
            [
              25502884.986,
              6683048.16
            ],
            [
              25502884.099,
              6683053.017
            ],
            [
              25502886.173,
              6683053.396
            ]
          ]
        ]
      },
      "properties": {
        "confidence": 0.9306,
        "length_m": 4.94,
        "width_m": 2.11,
        "heading_deg": 169.7,
        "aoi": "r4-tattarisuo",
        "source_layer": "Ortoilmakuva_2025_5cm",
        "zoom": 16,
        "status": "confirmed",
        "class": "car"
      }
    },
    {
      "type": "Feature",
      "geometry": {
        "type": "Polygon",
        "coordinates": [
          [
            [
              25502910.341,
              6683223.376
            ],
            [
              25502912.373,
              6683224.16
            ],
            [
              25502910.663,
              6683228.591
            ],
            [
              25502908.631,
              6683227.807
            ],
            [
              25502910.341,
              6683223.376
            ]
          ]
        ]
      },
      "properties": {
        "confidence": 0.9304,
        "length_m": 4.75,
        "width_m": 2.18,
        "heading_deg": 158.9,
        "aoi": "r4-tattarisuo",
        "source_layer": "Ortoilmakuva_2025_5cm",
        "zoom": 16,
        "status": "confirmed",
        "class": "car"
      }
    },
    {
      "type": "Feature",
      "geometry": {
        "type": "Polygon",
        "coordinates": [
          [
            [
              25502887.669,
              6683105.045
            ],
            [
              25502889.891,
              6683105.382
            ],
            [
              25502889.145,
              6683110.311
            ],
            [
              25502886.923,
              6683109.974
            ],
            [
              25502887.669,
              6683105.045
            ]
          ]
        ]
      },
      "properties": {
        "confidence": 0.9304,
        "length_m": 4.99,
        "width_m": 2.25,
        "heading_deg": 171.4,
        "aoi": "r4-tattarisuo",
        "source_layer": "Ortoilmakuva_2025_5cm",
        "zoom": 16,
        "status": "confirmed",
        "class": "car"
      }
    },
    {
      "type": "Feature",
      "geometry": {
        "type": "Polygon",
        "coordinates": [
          [
            [
              25502851.193,
              6683096.618
            ],
            [
              25502853.339,
              6683097.206
            ],
            [
              25502851.975,
              6683102.184
            ],
            [
              25502849.829,
              6683101.596
            ],
            [
              25502851.193,
              6683096.618
            ]
          ]
        ]
      },
      "properties": {
        "confidence": 0.9304,
        "length_m": 5.16,
        "width_m": 2.23,
        "heading_deg": 164.7,
        "aoi": "r4-tattarisuo",
        "source_layer": "Ortoilmakuva_2025_5cm",
        "zoom": 16,
        "status": "confirmed",
        "class": "car"
      }
    },
    {
      "type": "Feature",
      "geometry": {
        "type": "Polygon",
        "coordinates": [
          [
            [
              25502775.375,
              6683146.152
            ],
            [
              25502774.844,
              6683148.508
            ],
            [
              25502769.506,
              6683147.304
            ],
            [
              25502770.038,
              6683144.948
            ],
            [
              25502775.375,
              6683146.152
            ]
          ]
        ]
      },
      "properties": {
        "confidence": 0.9304,
        "length_m": 5.47,
        "width_m": 2.42,
        "heading_deg": 77.3,
        "aoi": "r4-tattarisuo",
        "source_layer": "Ortoilmakuva_2025_5cm",
        "zoom": 16,
        "status": "confirmed",
        "class": "car"
      }
    },
    {
      "type": "Feature",
      "geometry": {
        "type": "Polygon",
        "coordinates": [
          [
            [
              25502893.605,
              6683049.166
            ],
            [
              25502895.571,
              6683049.852
            ],
            [
              25502894.044,
              6683054.226
            ],
            [
              25502892.078,
              6683053.54
            ],
            [
              25502893.605,
              6683049.166
            ]
          ]
        ]
      },
      "properties": {
        "confidence": 0.9303,
        "length_m": 4.63,
        "width_m": 2.08,
        "heading_deg": 160.8,
        "aoi": "r4-tattarisuo",
        "source_layer": "Ortoilmakuva_2025_5cm",
        "zoom": 16,
        "status": "confirmed",
        "class": "car"
      }
    },
    {
      "type": "Feature",
      "geometry": {
        "type": "Polygon",
        "coordinates": [
          [
            [
              25502884.671,
              6683000.258
            ],
            [
              25502884.123,
              6683002.292
            ],
            [
              25502879.71,
              6683001.103
            ],
            [
              25502880.257,
              6682999.069
            ],
            [
              25502884.671,
              6683000.258
            ]
          ]
        ]
      },
      "properties": {
        "confidence": 0.9302,
        "length_m": 4.57,
        "width_m": 2.11,
        "heading_deg": 74.9,
        "aoi": "r4-tattarisuo",
        "source_layer": "Ortoilmakuva_2025_5cm",
        "zoom": 16,
        "status": "confirmed",
        "class": "car"
      }
    },
    {
      "type": "Feature",
      "geometry": {
        "type": "Polygon",
        "coordinates": [
          [
            [
              25502882.191,
              6682985.613
            ],
            [
              25502881.328,
              6682987.583
            ],
            [
              25502877.245,
              6682985.795
            ],
            [
              25502878.108,
              6682983.824
            ],
            [
              25502882.191,
              6682985.613
            ]
          ]
        ]
      },
      "properties": {
        "confidence": 0.9301,
        "length_m": 4.46,
        "width_m": 2.15,
        "heading_deg": 66.4,
        "aoi": "r4-tattarisuo",
        "source_layer": "Ortoilmakuva_2025_5cm",
        "zoom": 16,
        "status": "confirmed",
        "class": "car"
      }
    },
    {
      "type": "Feature",
      "geometry": {
        "type": "Polygon",
        "coordinates": [
          [
            [
              25502772.328,
              6683170.976
            ],
            [
              25502767.52,
              6683170.601
            ],
            [
              25502767.345,
              6683172.848
            ],
            [
              25502772.152,
              6683173.223
            ],
            [
              25502772.328,
              6683170.976
            ]
          ]
        ]
      },
      "properties": {
        "confidence": 0.9299,
        "length_m": 4.82,
        "width_m": 2.25,
        "heading_deg": 85.5,
        "aoi": "r4-tattarisuo",
        "source_layer": "Ortoilmakuva_2025_5cm",
        "zoom": 16,
        "status": "confirmed",
        "class": "car"
      }
    },
    {
      "type": "Feature",
      "geometry": {
        "type": "Polygon",
        "coordinates": [
          [
            [
              25503022.804,
              6683251.16
            ],
            [
              25503024.274,
              6683252.833
            ],
            [
              25503020.692,
              6683255.981
            ],
            [
              25503019.221,
              6683254.309
            ],
            [
              25503022.804,
              6683251.16
            ]
          ]
        ]
      },
      "properties": {
        "confidence": 0.9298,
        "length_m": 4.77,
        "width_m": 2.23,
        "heading_deg": 131.3,
        "aoi": "r4-tattarisuo",
        "source_layer": "Ortoilmakuva_2025_5cm",
        "zoom": 16,
        "status": "confirmed",
        "class": "car"
      }
    },
    {
      "type": "Feature",
      "geometry": {
        "type": "Polygon",
        "coordinates": [
          [
            [
              25503042.449,
              6683118.314
            ],
            [
              25503041.942,
              6683120.515
            ],
            [
              25503037.32,
              6683119.451
            ],
            [
              25503037.827,
              6683117.25
            ],
            [
              25503042.449,
              6683118.314
            ]
          ]
        ]
      },
      "properties": {
        "confidence": 0.9296,
        "length_m": 4.74,
        "width_m": 2.26,
        "heading_deg": 77,
        "aoi": "r4-tattarisuo",
        "source_layer": "Ortoilmakuva_2025_5cm",
        "zoom": 16,
        "status": "confirmed",
        "class": "car"
      }
    },
    {
      "type": "Feature",
      "geometry": {
        "type": "Polygon",
        "coordinates": [
          [
            [
              25502900.382,
              6683158.799
            ],
            [
              25502902.594,
              6683159.353
            ],
            [
              25502901.458,
              6683163.889
            ],
            [
              25502899.246,
              6683163.335
            ],
            [
              25502900.382,
              6683158.799
            ]
          ]
        ]
      },
      "properties": {
        "confidence": 0.9296,
        "length_m": 4.68,
        "width_m": 2.28,
        "heading_deg": 165.9,
        "aoi": "r4-tattarisuo",
        "source_layer": "Ortoilmakuva_2025_5cm",
        "zoom": 16,
        "status": "confirmed",
        "class": "car"
      }
    },
    {
      "type": "Feature",
      "geometry": {
        "type": "Polygon",
        "coordinates": [
          [
            [
              25503002.989,
              6683063.779
            ],
            [
              25503005.033,
              6683064.381
            ],
            [
              25503003.719,
              6683068.842
            ],
            [
              25503001.675,
              6683068.24
            ],
            [
              25503002.989,
              6683063.779
            ]
          ]
        ]
      },
      "properties": {
        "confidence": 0.9296,
        "length_m": 4.65,
        "width_m": 2.13,
        "heading_deg": 163.6,
        "aoi": "r4-tattarisuo",
        "source_layer": "Ortoilmakuva_2025_5cm",
        "zoom": 16,
        "status": "confirmed",
        "class": "car"
      }
    },
    {
      "type": "Feature",
      "geometry": {
        "type": "Polygon",
        "coordinates": [
          [
            [
              25502927.903,
              6683230.79
            ],
            [
              25502930.023,
              6683231.654
            ],
            [
              25502928.178,
              6683236.18
            ],
            [
              25502926.058,
              6683235.316
            ],
            [
              25502927.903,
              6683230.79
            ]
          ]
        ]
      },
      "properties": {
        "confidence": 0.9295,
        "length_m": 4.89,
        "width_m": 2.29,
        "heading_deg": 157.8,
        "aoi": "r4-tattarisuo",
        "source_layer": "Ortoilmakuva_2025_5cm",
        "zoom": 16,
        "status": "confirmed",
        "class": "car"
      }
    },
    {
      "type": "Feature",
      "geometry": {
        "type": "Polygon",
        "coordinates": [
          [
            [
              25502877.497,
              6683098.789
            ],
            [
              25502879.55,
              6683099.459
            ],
            [
              25502877.969,
              6683104.301
            ],
            [
              25502875.916,
              6683103.631
            ],
            [
              25502877.497,
              6683098.789
            ]
          ]
        ]
      },
      "properties": {
        "confidence": 0.9294,
        "length_m": 5.09,
        "width_m": 2.16,
        "heading_deg": 161.9,
        "aoi": "r4-tattarisuo",
        "source_layer": "Ortoilmakuva_2025_5cm",
        "zoom": 16,
        "status": "confirmed",
        "class": "car"
      }
    },
    {
      "type": "Feature",
      "geometry": {
        "type": "Polygon",
        "coordinates": [
          [
            [
              25502915.193,
              6683148.962
            ],
            [
              25502914.648,
              6683151.12
            ],
            [
              25502909.993,
              6683149.943
            ],
            [
              25502910.538,
              6683147.786
            ],
            [
              25502915.193,
              6683148.962
            ]
          ]
        ]
      },
      "properties": {
        "confidence": 0.9293,
        "length_m": 4.8,
        "width_m": 2.23,
        "heading_deg": 75.8,
        "aoi": "r4-tattarisuo",
        "source_layer": "Ortoilmakuva_2025_5cm",
        "zoom": 16,
        "status": "confirmed",
        "class": "car"
      }
    },
    {
      "type": "Feature",
      "geometry": {
        "type": "Polygon",
        "coordinates": [
          [
            [
              25502890.655,
              6683189.377
            ],
            [
              25502889.987,
              6683191.607
            ],
            [
              25502885.176,
              6683190.164
            ],
            [
              25502885.845,
              6683187.934
            ],
            [
              25502890.655,
              6683189.377
            ]
          ]
        ]
      },
      "properties": {
        "confidence": 0.9292,
        "length_m": 5.02,
        "width_m": 2.33,
        "heading_deg": 73.3,
        "aoi": "r4-tattarisuo",
        "source_layer": "Ortoilmakuva_2025_5cm",
        "zoom": 16,
        "status": "confirmed",
        "class": "car"
      }
    },
    {
      "type": "Feature",
      "geometry": {
        "type": "Polygon",
        "coordinates": [
          [
            [
              25502798.731,
              6683125.2
            ],
            [
              25502800.608,
              6683125.843
            ],
            [
              25502799.215,
              6683129.908
            ],
            [
              25502797.338,
              6683129.265
            ],
            [
              25502798.731,
              6683125.2
            ]
          ]
        ]
      },
      "properties": {
        "confidence": 0.9292,
        "length_m": 4.3,
        "width_m": 1.98,
        "heading_deg": 161.1,
        "aoi": "r4-tattarisuo",
        "source_layer": "Ortoilmakuva_2025_5cm",
        "zoom": 16,
        "status": "confirmed",
        "class": "car"
      }
    },
    {
      "type": "Feature",
      "geometry": {
        "type": "Polygon",
        "coordinates": [
          [
            [
              25502780.3,
              6683122.605
            ],
            [
              25502779.787,
              6683124.71
            ],
            [
              25502775.05,
              6683123.557
            ],
            [
              25502775.563,
              6683121.451
            ],
            [
              25502780.3,
              6683122.605
            ]
          ]
        ]
      },
      "properties": {
        "confidence": 0.9291,
        "length_m": 4.88,
        "width_m": 2.17,
        "heading_deg": 76.3,
        "aoi": "r4-tattarisuo",
        "source_layer": "Ortoilmakuva_2025_5cm",
        "zoom": 16,
        "status": "confirmed",
        "class": "car"
      }
    },
    {
      "type": "Feature",
      "geometry": {
        "type": "Polygon",
        "coordinates": [
          [
            [
              25502778.656,
              6683101.507
            ],
            [
              25502780.658,
              6683101.938
            ],
            [
              25502779.664,
              6683106.558
            ],
            [
              25502777.661,
              6683106.127
            ],
            [
              25502778.656,
              6683101.507
            ]
          ]
        ]
      },
      "properties": {
        "confidence": 0.9291,
        "length_m": 4.73,
        "width_m": 2.05,
        "heading_deg": 167.9,
        "aoi": "r4-tattarisuo",
        "source_layer": "Ortoilmakuva_2025_5cm",
        "zoom": 16,
        "status": "confirmed",
        "class": "car"
      }
    },
    {
      "type": "Feature",
      "geometry": {
        "type": "Polygon",
        "coordinates": [
          [
            [
              25503017.449,
              6683278.417
            ],
            [
              25503016.782,
              6683280.784
            ],
            [
              25503011.948,
              6683279.422
            ],
            [
              25503012.615,
              6683277.055
            ],
            [
              25503017.449,
              6683278.417
            ]
          ]
        ]
      },
      "properties": {
        "confidence": 0.929,
        "length_m": 5.02,
        "width_m": 2.46,
        "heading_deg": 74.3,
        "aoi": "r4-tattarisuo",
        "source_layer": "Ortoilmakuva_2025_5cm",
        "zoom": 16,
        "status": "confirmed",
        "class": "car"
      }
    },
    {
      "type": "Feature",
      "geometry": {
        "type": "Polygon",
        "coordinates": [
          [
            [
              25502799.535,
              6683161.862
            ],
            [
              25502801.544,
              6683162.819
            ],
            [
              25502799.434,
              6683167.249
            ],
            [
              25502797.425,
              6683166.293
            ],
            [
              25502799.535,
              6683161.862
            ]
          ]
        ]
      },
      "properties": {
        "confidence": 0.9289,
        "length_m": 4.91,
        "width_m": 2.23,
        "heading_deg": 154.5,
        "aoi": "r4-tattarisuo",
        "source_layer": "Ortoilmakuva_2025_5cm",
        "zoom": 16,
        "status": "confirmed",
        "class": "car"
      }
    },
    {
      "type": "Feature",
      "geometry": {
        "type": "Polygon",
        "coordinates": [
          [
            [
              25502888.411,
              6682983.516
            ],
            [
              25502889.482,
              6682985.138
            ],
            [
              25502886.096,
              6682987.373
            ],
            [
              25502885.025,
              6682985.75
            ],
            [
              25502888.411,
              6682983.516
            ]
          ]
        ]
      },
      "properties": {
        "confidence": 0.9288,
        "length_m": 4.06,
        "width_m": 1.94,
        "heading_deg": 123.4,
        "aoi": "r4-tattarisuo",
        "source_layer": "Ortoilmakuva_2025_5cm",
        "zoom": 16,
        "status": "confirmed",
        "class": "car"
      }
    },
    {
      "type": "Feature",
      "geometry": {
        "type": "Polygon",
        "coordinates": [
          [
            [
              25502776.729,
              6683097.084
            ],
            [
              25502778.847,
              6683097.427
            ],
            [
              25502778.168,
              6683101.623
            ],
            [
              25502776.05,
              6683101.28
            ],
            [
              25502776.729,
              6683097.084
            ]
          ]
        ]
      },
      "properties": {
        "confidence": 0.9288,
        "length_m": 4.25,
        "width_m": 2.15,
        "heading_deg": 170.8,
        "aoi": "r4-tattarisuo",
        "source_layer": "Ortoilmakuva_2025_5cm",
        "zoom": 16,
        "status": "confirmed",
        "class": "car"
      }
    },
    {
      "type": "Feature",
      "geometry": {
        "type": "Polygon",
        "coordinates": [
          [
            [
              25502993.504,
              6683066.272
            ],
            [
              25502995.542,
              6683066.947
            ],
            [
              25502994.154,
              6683071.137
            ],
            [
              25502992.116,
              6683070.462
            ],
            [
              25502993.504,
              6683066.272
            ]
          ]
        ]
      },
      "properties": {
        "confidence": 0.9288,
        "length_m": 4.41,
        "width_m": 2.15,
        "heading_deg": 161.7,
        "aoi": "r4-tattarisuo",
        "source_layer": "Ortoilmakuva_2025_5cm",
        "zoom": 16,
        "status": "confirmed",
        "class": "car"
      }
    },
    {
      "type": "Feature",
      "geometry": {
        "type": "Polygon",
        "coordinates": [
          [
            [
              25503015.979,
              6683245.337
            ],
            [
              25503018.17,
              6683245.753
            ],
            [
              25503017.325,
              6683250.198
            ],
            [
              25503015.134,
              6683249.781
            ],
            [
              25503015.979,
              6683245.337
            ]
          ]
        ]
      },
      "properties": {
        "confidence": 0.9288,
        "length_m": 4.52,
        "width_m": 2.23,
        "heading_deg": 169.2,
        "aoi": "r4-tattarisuo",
        "source_layer": "Ortoilmakuva_2025_5cm",
        "zoom": 16,
        "status": "confirmed",
        "class": "car"
      }
    },
    {
      "type": "Feature",
      "geometry": {
        "type": "Polygon",
        "coordinates": [
          [
            [
              25502997.653,
              6683061.846
            ],
            [
              25502999.833,
              6683062.513
            ],
            [
              25502998.388,
              6683067.236
            ],
            [
              25502996.208,
              6683066.568
            ],
            [
              25502997.653,
              6683061.846
            ]
          ]
        ]
      },
      "properties": {
        "confidence": 0.9287,
        "length_m": 4.94,
        "width_m": 2.28,
        "heading_deg": 163,
        "aoi": "r4-tattarisuo",
        "source_layer": "Ortoilmakuva_2025_5cm",
        "zoom": 16,
        "status": "confirmed",
        "class": "car"
      }
    },
    {
      "type": "Feature",
      "geometry": {
        "type": "Polygon",
        "coordinates": [
          [
            [
              25502885.375,
              6683105.485
            ],
            [
              25502887.367,
              6683105.967
            ],
            [
              25502886.348,
              6683110.177
            ],
            [
              25502884.356,
              6683109.695
            ],
            [
              25502885.375,
              6683105.485
            ]
          ]
        ]
      },
      "properties": {
        "confidence": 0.9286,
        "length_m": 4.33,
        "width_m": 2.05,
        "heading_deg": 166.4,
        "aoi": "r4-tattarisuo",
        "source_layer": "Ortoilmakuva_2025_5cm",
        "zoom": 16,
        "status": "confirmed",
        "class": "car"
      }
    },
    {
      "type": "Feature",
      "geometry": {
        "type": "Polygon",
        "coordinates": [
          [
            [
              25502965.313,
              6683175.85
            ],
            [
              25502964.848,
              6683178.269
            ],
            [
              25502959.4,
              6683177.223
            ],
            [
              25502959.865,
              6683174.803
            ],
            [
              25502965.313,
              6683175.85
            ]
          ]
        ]
      },
      "properties": {
        "confidence": 0.9285,
        "length_m": 5.55,
        "width_m": 2.46,
        "heading_deg": 79.1,
        "aoi": "r4-tattarisuo",
        "source_layer": "Ortoilmakuva_2025_5cm",
        "zoom": 16,
        "status": "confirmed",
        "class": "van"
      }
    },
    {
      "type": "Feature",
      "geometry": {
        "type": "Polygon",
        "coordinates": [
          [
            [
              25502787.91,
              6683137.015
            ],
            [
              25502787.987,
              6683138.995
            ],
            [
              25502783.953,
              6683139.152
            ],
            [
              25502783.877,
              6683137.171
            ],
            [
              25502787.91,
              6683137.015
            ]
          ]
        ]
      },
      "properties": {
        "confidence": 0.9283,
        "length_m": 4.04,
        "width_m": 1.98,
        "heading_deg": 92.2,
        "aoi": "r4-tattarisuo",
        "source_layer": "Ortoilmakuva_2025_5cm",
        "zoom": 16,
        "status": "confirmed",
        "class": "car"
      }
    },
    {
      "type": "Feature",
      "geometry": {
        "type": "Polygon",
        "coordinates": [
          [
            [
              25503010.74,
              6683158.566
            ],
            [
              25503006.114,
              6683157.113
            ],
            [
              25503005.512,
              6683159.028
            ],
            [
              25503010.138,
              6683160.481
            ],
            [
              25503010.74,
              6683158.566
            ]
          ]
        ]
      },
      "properties": {
        "confidence": 0.9282,
        "length_m": 4.85,
        "width_m": 2.01,
        "heading_deg": 72.6,
        "aoi": "r4-tattarisuo",
        "source_layer": "Ortoilmakuva_2025_5cm",
        "zoom": 16,
        "status": "confirmed",
        "class": "car"
      }
    },
    {
      "type": "Feature",
      "geometry": {
        "type": "Polygon",
        "coordinates": [
          [
            [
              25502930.86,
              6683167.351
            ],
            [
              25502932.864,
              6683167.826
            ],
            [
              25502931.823,
              6683172.219
            ],
            [
              25502929.819,
              6683171.744
            ],
            [
              25502930.86,
              6683167.351
            ]
          ]
        ]
      },
      "properties": {
        "confidence": 0.9281,
        "length_m": 4.51,
        "width_m": 2.06,
        "heading_deg": 166.7,
        "aoi": "r4-tattarisuo",
        "source_layer": "Ortoilmakuva_2025_5cm",
        "zoom": 16,
        "status": "confirmed",
        "class": "car"
      }
    },
    {
      "type": "Feature",
      "geometry": {
        "type": "Polygon",
        "coordinates": [
          [
            [
              25502858.325,
              6683100.293
            ],
            [
              25502860.282,
              6683100.894
            ],
            [
              25502859.006,
              6683105.054
            ],
            [
              25502857.049,
              6683104.454
            ],
            [
              25502858.325,
              6683100.293
            ]
          ]
        ]
      },
      "properties": {
        "confidence": 0.9281,
        "length_m": 4.35,
        "width_m": 2.05,
        "heading_deg": 162.9,
        "aoi": "r4-tattarisuo",
        "source_layer": "Ortoilmakuva_2025_5cm",
        "zoom": 16,
        "status": "confirmed",
        "class": "car"
      }
    },
    {
      "type": "Feature",
      "geometry": {
        "type": "Polygon",
        "coordinates": [
          [
            [
              25502983.453,
              6683014.743
            ],
            [
              25502984.888,
              6683016.823
            ],
            [
              25502980.334,
              6683019.964
            ],
            [
              25502978.899,
              6683017.885
            ],
            [
              25502983.453,
              6683014.743
            ]
          ]
        ]
      },
      "properties": {
        "confidence": 0.928,
        "length_m": 5.53,
        "width_m": 2.53,
        "heading_deg": 124.6,
        "aoi": "r4-tattarisuo",
        "source_layer": "Ortoilmakuva_2025_5cm",
        "zoom": 16,
        "status": "confirmed",
        "class": "car"
      }
    },
    {
      "type": "Feature",
      "geometry": {
        "type": "Polygon",
        "coordinates": [
          [
            [
              25503049.992,
              6683067.316
            ],
            [
              25503051.546,
              6683062.708
            ],
            [
              25503049.579,
              6683062.045
            ],
            [
              25503048.024,
              6683066.653
            ],
            [
              25503049.992,
              6683067.316
            ]
          ]
        ]
      },
      "properties": {
        "confidence": 0.928,
        "length_m": 4.86,
        "width_m": 2.08,
        "heading_deg": 161.4,
        "aoi": "r4-tattarisuo",
        "source_layer": "Ortoilmakuva_2025_5cm",
        "zoom": 16,
        "status": "confirmed",
        "class": "car"
      }
    },
    {
      "type": "Feature",
      "geometry": {
        "type": "Polygon",
        "coordinates": [
          [
            [
              25502778.611,
              6683134.196
            ],
            [
              25502780.794,
              6683135.042
            ],
            [
              25502778.892,
              6683139.952
            ],
            [
              25502776.709,
              6683139.106
            ],
            [
              25502778.611,
              6683134.196
            ]
          ]
        ]
      },
      "properties": {
        "confidence": 0.9279,
        "length_m": 5.27,
        "width_m": 2.34,
        "heading_deg": 158.8,
        "aoi": "r4-tattarisuo",
        "source_layer": "Ortoilmakuva_2025_5cm",
        "zoom": 16,
        "status": "confirmed",
        "class": "car"
      }
    },
    {
      "type": "Feature",
      "geometry": {
        "type": "Polygon",
        "coordinates": [
          [
            [
              25502788.064,
              6683134.778
            ],
            [
              25502788.089,
              6683136.747
            ],
            [
              25502783.694,
              6683136.802
            ],
            [
              25502783.669,
              6683134.833
            ],
            [
              25502788.064,
              6683134.778
            ]
          ]
        ]
      },
      "properties": {
        "confidence": 0.9278,
        "length_m": 4.4,
        "width_m": 1.97,
        "heading_deg": 90.7,
        "aoi": "r4-tattarisuo",
        "source_layer": "Ortoilmakuva_2025_5cm",
        "zoom": 16,
        "status": "confirmed",
        "class": "car"
      }
    },
    {
      "type": "Feature",
      "geometry": {
        "type": "Polygon",
        "coordinates": [
          [
            [
              25502804.671,
              6683136.692
            ],
            [
              25502807.242,
              6683132.717
            ],
            [
              25502805.68,
              6683131.707
            ],
            [
              25502803.109,
              6683135.682
            ],
            [
              25502804.671,
              6683136.692
            ]
          ]
        ]
      },
      "properties": {
        "confidence": 0.9278,
        "length_m": 4.73,
        "width_m": 1.86,
        "heading_deg": 147.1,
        "aoi": "r4-tattarisuo",
        "source_layer": "Ortoilmakuva_2025_5cm",
        "zoom": 16,
        "status": "confirmed",
        "class": "car"
      }
    },
    {
      "type": "Feature",
      "geometry": {
        "type": "Polygon",
        "coordinates": [
          [
            [
              25502863.962,
              6683099.71
            ],
            [
              25502865.892,
              6683100.118
            ],
            [
              25502864.979,
              6683104.434
            ],
            [
              25502863.049,
              6683104.026
            ],
            [
              25502863.962,
              6683099.71
            ]
          ]
        ]
      },
      "properties": {
        "confidence": 0.9278,
        "length_m": 4.41,
        "width_m": 1.97,
        "heading_deg": 168.1,
        "aoi": "r4-tattarisuo",
        "source_layer": "Ortoilmakuva_2025_5cm",
        "zoom": 16,
        "status": "confirmed",
        "class": "car"
      }
    },
    {
      "type": "Feature",
      "geometry": {
        "type": "Polygon",
        "coordinates": [
          [
            [
              25502960.964,
              6683150.676
            ],
            [
              25502960.408,
              6683152.764
            ],
            [
              25502956.18,
              6683151.639
            ],
            [
              25502956.736,
              6683149.551
            ],
            [
              25502960.964,
              6683150.676
            ]
          ]
        ]
      },
      "properties": {
        "confidence": 0.9277,
        "length_m": 4.38,
        "width_m": 2.16,
        "heading_deg": 75.1,
        "aoi": "r4-tattarisuo",
        "source_layer": "Ortoilmakuva_2025_5cm",
        "zoom": 16,
        "status": "confirmed",
        "class": "car"
      }
    },
    {
      "type": "Feature",
      "geometry": {
        "type": "Polygon",
        "coordinates": [
          [
            [
              25503050.622,
              6683000.161
            ],
            [
              25503052.864,
              6683000.793
            ],
            [
              25503051.504,
              6683005.622
            ],
            [
              25503049.262,
              6683004.99
            ],
            [
              25503050.622,
              6683000.161
            ]
          ]
        ]
      },
      "properties": {
        "confidence": 0.9277,
        "length_m": 5.02,
        "width_m": 2.33,
        "heading_deg": 164.3,
        "aoi": "r4-tattarisuo",
        "source_layer": "Ortoilmakuva_2025_5cm",
        "zoom": 16,
        "status": "confirmed",
        "class": "car"
      }
    },
    {
      "type": "Feature",
      "geometry": {
        "type": "Polygon",
        "coordinates": [
          [
            [
              25502780.724,
              6683165.634
            ],
            [
              25502782.274,
              6683167.265
            ],
            [
              25502779.024,
              6683170.353
            ],
            [
              25502777.474,
              6683168.722
            ],
            [
              25502780.724,
              6683165.634
            ]
          ]
        ]
      },
      "properties": {
        "confidence": 0.9276,
        "length_m": 4.48,
        "width_m": 2.25,
        "heading_deg": 133.5,
        "aoi": "r4-tattarisuo",
        "source_layer": "Ortoilmakuva_2025_5cm",
        "zoom": 16,
        "status": "confirmed",
        "class": "car"
      }
    },
    {
      "type": "Feature",
      "geometry": {
        "type": "Polygon",
        "coordinates": [
          [
            [
              25502877.679,
              6683187.109
            ],
            [
              25502879.682,
              6683185.937
            ],
            [
              25502882.135,
              6683190.132
            ],
            [
              25502880.131,
              6683191.304
            ],
            [
              25502877.679,
              6683187.109
            ]
          ]
        ]
      },
      "properties": {
        "confidence": 0.9275,
        "length_m": 4.86,
        "width_m": 2.32,
        "heading_deg": 30.3,
        "aoi": "r4-tattarisuo",
        "source_layer": "Ortoilmakuva_2025_5cm",
        "zoom": 16,
        "status": "confirmed",
        "class": "car"
      }
    },
    {
      "type": "Feature",
      "geometry": {
        "type": "Polygon",
        "coordinates": [
          [
            [
              25502885.104,
              6683168.08
            ],
            [
              25502887.176,
              6683168.526
            ],
            [
              25502886.101,
              6683173.521
            ],
            [
              25502884.029,
              6683173.075
            ],
            [
              25502885.104,
              6683168.08
            ]
          ]
        ]
      },
      "properties": {
        "confidence": 0.9271,
        "length_m": 5.11,
        "width_m": 2.12,
        "heading_deg": 167.9,
        "aoi": "r4-tattarisuo",
        "source_layer": "Ortoilmakuva_2025_5cm",
        "zoom": 16,
        "status": "confirmed",
        "class": "car"
      }
    },
    {
      "type": "Feature",
      "geometry": {
        "type": "Polygon",
        "coordinates": [
          [
            [
              25502977.102,
              6683083.709
            ],
            [
              25502978.99,
              6683084.29
            ],
            [
              25502977.759,
              6683088.29
            ],
            [
              25502975.871,
              6683087.709
            ],
            [
              25502977.102,
              6683083.709
            ]
          ]
        ]
      },
      "properties": {
        "confidence": 0.9269,
        "length_m": 4.19,
        "width_m": 1.98,
        "heading_deg": 162.9,
        "aoi": "r4-tattarisuo",
        "source_layer": "Ortoilmakuva_2025_5cm",
        "zoom": 16,
        "status": "confirmed",
        "class": "car"
      }
    },
    {
      "type": "Feature",
      "geometry": {
        "type": "Polygon",
        "coordinates": [
          [
            [
              25503049.529,
              6683170.751
            ],
            [
              25503049.046,
              6683172.88
            ],
            [
              25503044.306,
              6683171.803
            ],
            [
              25503044.79,
              6683169.674
            ],
            [
              25503049.529,
              6683170.751
            ]
          ]
        ]
      },
      "properties": {
        "confidence": 0.9267,
        "length_m": 4.86,
        "width_m": 2.18,
        "heading_deg": 77.2,
        "aoi": "r4-tattarisuo",
        "source_layer": "Ortoilmakuva_2025_5cm",
        "zoom": 16,
        "status": "confirmed",
        "class": "car"
      }
    },
    {
      "type": "Feature",
      "geometry": {
        "type": "Polygon",
        "coordinates": [
          [
            [
              25502823.22,
              6683154.251
            ],
            [
              25502825.169,
              6683155.637
            ],
            [
              25502822.22,
              6683159.785
            ],
            [
              25502820.271,
              6683158.399
            ],
            [
              25502823.22,
              6683154.251
            ]
          ]
        ]
      },
      "properties": {
        "confidence": 0.9266,
        "length_m": 5.09,
        "width_m": 2.39,
        "heading_deg": 144.6,
        "aoi": "r4-tattarisuo",
        "source_layer": "Ortoilmakuva_2025_5cm",
        "zoom": 16,
        "status": "confirmed",
        "class": "car"
      }
    },
    {
      "type": "Feature",
      "geometry": {
        "type": "Polygon",
        "coordinates": [
          [
            [
              25502971.322,
              6683014.074
            ],
            [
              25502972.573,
              6683016.032
            ],
            [
              25502968.414,
              6683018.69
            ],
            [
              25502967.163,
              6683016.733
            ],
            [
              25502971.322,
              6683014.074
            ]
          ]
        ]
      },
      "properties": {
        "confidence": 0.9266,
        "length_m": 4.94,
        "width_m": 2.32,
        "heading_deg": 122.6,
        "aoi": "r4-tattarisuo",
        "source_layer": "Ortoilmakuva_2025_5cm",
        "zoom": 16,
        "status": "confirmed",
        "class": "car"
      }
    },
    {
      "type": "Feature",
      "geometry": {
        "type": "Polygon",
        "coordinates": [
          [
            [
              25502820.484,
              6682982.367
            ],
            [
              25502816.118,
              6682981.432
            ],
            [
              25502815.7,
              6682983.381
            ],
            [
              25502820.066,
              6682984.316
            ],
            [
              25502820.484,
              6682982.367
            ]
          ]
        ]
      },
      "properties": {
        "confidence": 0.9264,
        "length_m": 4.47,
        "width_m": 1.99,
        "heading_deg": 77.9,
        "aoi": "r4-tattarisuo",
        "source_layer": "Ortoilmakuva_2025_5cm",
        "zoom": 16,
        "status": "confirmed",
        "class": "car"
      }
    },
    {
      "type": "Feature",
      "geometry": {
        "type": "Polygon",
        "coordinates": [
          [
            [
              25502771.27,
              6683151.548
            ],
            [
              25502773.318,
              6683152.228
            ],
            [
              25502771.8,
              6683156.798
            ],
            [
              25502769.752,
              6683156.117
            ],
            [
              25502771.27,
              6683151.548
            ]
          ]
        ]
      },
      "properties": {
        "confidence": 0.9262,
        "length_m": 4.82,
        "width_m": 2.16,
        "heading_deg": 161.6,
        "aoi": "r4-tattarisuo",
        "source_layer": "Ortoilmakuva_2025_5cm",
        "zoom": 16,
        "status": "confirmed",
        "class": "car"
      }
    },
    {
      "type": "Feature",
      "geometry": {
        "type": "Polygon",
        "coordinates": [
          [
            [
              25502962.483,
              6683011.381
            ],
            [
              25502963.925,
              6683012.854
            ],
            [
              25502960.772,
              6683015.938
            ],
            [
              25502959.331,
              6683014.465
            ],
            [
              25502962.483,
              6683011.381
            ]
          ]
        ]
      },
      "properties": {
        "confidence": 0.9262,
        "length_m": 4.41,
        "width_m": 2.06,
        "heading_deg": 134.4,
        "aoi": "r4-tattarisuo",
        "source_layer": "Ortoilmakuva_2025_5cm",
        "zoom": 16,
        "status": "confirmed",
        "class": "car"
      }
    },
    {
      "type": "Feature",
      "geometry": {
        "type": "Polygon",
        "coordinates": [
          [
            [
              25502873.556,
              6683271.166
            ],
            [
              25502875.026,
              6683273.172
            ],
            [
              25502870.299,
              6683276.637
            ],
            [
              25502868.829,
              6683274.631
            ],
            [
              25502873.556,
              6683271.166
            ]
          ]
        ]
      },
      "properties": {
        "confidence": 0.9262,
        "length_m": 5.86,
        "width_m": 2.49,
        "heading_deg": 126.2,
        "aoi": "r4-tattarisuo",
        "source_layer": "Ortoilmakuva_2025_5cm",
        "zoom": 16,
        "status": "confirmed",
        "class": "van"
      }
    },
    {
      "type": "Feature",
      "geometry": {
        "type": "Polygon",
        "coordinates": [
          [
            [
              25502890.266,
              6683000.999
            ],
            [
              25502889.905,
              6683003.029
            ],
            [
              25502885.555,
              6683002.256
            ],
            [
              25502885.916,
              6683000.226
            ],
            [
              25502890.266,
              6683000.999
            ]
          ]
        ]
      },
      "properties": {
        "confidence": 0.9261,
        "length_m": 4.42,
        "width_m": 2.06,
        "heading_deg": 79.9,
        "aoi": "r4-tattarisuo",
        "source_layer": "Ortoilmakuva_2025_5cm",
        "zoom": 16,
        "status": "confirmed",
        "class": "car"
      }
    },
    {
      "type": "Feature",
      "geometry": {
        "type": "Polygon",
        "coordinates": [
          [
            [
              25502990.85,
              6683046.993
            ],
            [
              25502992.807,
              6683047.529
            ],
            [
              25502991.722,
              6683051.491
            ],
            [
              25502989.765,
              6683050.956
            ],
            [
              25502990.85,
              6683046.993
            ]
          ]
        ]
      },
      "properties": {
        "confidence": 0.926,
        "length_m": 4.11,
        "width_m": 2.03,
        "heading_deg": 164.7,
        "aoi": "r4-tattarisuo",
        "source_layer": "Ortoilmakuva_2025_5cm",
        "zoom": 16,
        "status": "confirmed",
        "class": "car"
      }
    },
    {
      "type": "Feature",
      "geometry": {
        "type": "Polygon",
        "coordinates": [
          [
            [
              25502780.859,
              6683103.67
            ],
            [
              25502783.119,
              6683104.213
            ],
            [
              25502781.889,
              6683109.339
            ],
            [
              25502779.629,
              6683108.796
            ],
            [
              25502780.859,
              6683103.67
            ]
          ]
        ]
      },
      "properties": {
        "confidence": 0.9259,
        "length_m": 5.27,
        "width_m": 2.32,
        "heading_deg": 166.5,
        "aoi": "r4-tattarisuo",
        "source_layer": "Ortoilmakuva_2025_5cm",
        "zoom": 16,
        "status": "confirmed",
        "class": "car"
      }
    },
    {
      "type": "Feature",
      "geometry": {
        "type": "Polygon",
        "coordinates": [
          [
            [
              25503015.641,
              6683269.476
            ],
            [
              25503014.983,
              6683271.601
            ],
            [
              25503010.754,
              6683270.292
            ],
            [
              25503011.412,
              6683268.167
            ],
            [
              25503015.641,
              6683269.476
            ]
          ]
        ]
      },
      "properties": {
        "confidence": 0.9257,
        "length_m": 4.43,
        "width_m": 2.22,
        "heading_deg": 72.8,
        "aoi": "r4-tattarisuo",
        "source_layer": "Ortoilmakuva_2025_5cm",
        "zoom": 16,
        "status": "confirmed",
        "class": "car"
      }
    },
    {
      "type": "Feature",
      "geometry": {
        "type": "Polygon",
        "coordinates": [
          [
            [
              25502899.336,
              6683201.225
            ],
            [
              25502901.709,
              6683202.456
            ],
            [
              25502898.868,
              6683207.931
            ],
            [
              25502896.495,
              6683206.7
            ],
            [
              25502899.336,
              6683201.225
            ]
          ]
        ]
      },
      "properties": {
        "confidence": 0.9254,
        "length_m": 6.17,
        "width_m": 2.67,
        "heading_deg": 152.6,
        "aoi": "r4-tattarisuo",
        "source_layer": "Ortoilmakuva_2025_5cm",
        "zoom": 16,
        "status": "confirmed",
        "class": "van"
      }
    },
    {
      "type": "Feature",
      "geometry": {
        "type": "Polygon",
        "coordinates": [
          [
            [
              25503068.283,
              6683117.098
            ],
            [
              25503070.307,
              6683117.626
            ],
            [
              25503069.148,
              6683122.072
            ],
            [
              25503067.124,
              6683121.544
            ],
            [
              25503068.283,
              6683117.098
            ]
          ]
        ]
      },
      "properties": {
        "confidence": 0.9253,
        "length_m": 4.59,
        "width_m": 2.09,
        "heading_deg": 165.4,
        "aoi": "r4-tattarisuo",
        "source_layer": "Ortoilmakuva_2025_5cm",
        "zoom": 16,
        "status": "confirmed",
        "class": "car"
      }
    },
    {
      "type": "Feature",
      "geometry": {
        "type": "Polygon",
        "coordinates": [
          [
            [
              25502992.376,
              6683172.579
            ],
            [
              25502991.795,
              6683174.708
            ],
            [
              25502987.014,
              6683173.404
            ],
            [
              25502987.595,
              6683171.275
            ],
            [
              25502992.376,
              6683172.579
            ]
          ]
        ]
      },
      "properties": {
        "confidence": 0.9251,
        "length_m": 4.96,
        "width_m": 2.21,
        "heading_deg": 74.7,
        "aoi": "r4-tattarisuo",
        "source_layer": "Ortoilmakuva_2025_5cm",
        "zoom": 16,
        "status": "confirmed",
        "class": "car"
      }
    },
    {
      "type": "Feature",
      "geometry": {
        "type": "Polygon",
        "coordinates": [
          [
            [
              25502912.743,
              6683159.369
            ],
            [
              25502912.082,
              6683161.472
            ],
            [
              25502907.619,
              6683160.068
            ],
            [
              25502908.28,
              6683157.965
            ],
            [
              25502912.743,
              6683159.369
            ]
          ]
        ]
      },
      "properties": {
        "confidence": 0.925,
        "length_m": 4.68,
        "width_m": 2.2,
        "heading_deg": 72.5,
        "aoi": "r4-tattarisuo",
        "source_layer": "Ortoilmakuva_2025_5cm",
        "zoom": 16,
        "status": "confirmed",
        "class": "car"
      }
    },
    {
      "type": "Feature",
      "geometry": {
        "type": "Polygon",
        "coordinates": [
          [
            [
              25502895.59,
              6683163.081
            ],
            [
              25502895.64,
              6683165.369
            ],
            [
              25502891.145,
              6683165.466
            ],
            [
              25502891.095,
              6683163.178
            ],
            [
              25502895.59,
              6683163.081
            ]
          ]
        ]
      },
      "properties": {
        "confidence": 0.9247,
        "length_m": 4.5,
        "width_m": 2.29,
        "heading_deg": 91.2,
        "aoi": "r4-tattarisuo",
        "source_layer": "Ortoilmakuva_2025_5cm",
        "zoom": 16,
        "status": "confirmed",
        "class": "car"
      }
    },
    {
      "type": "Feature",
      "geometry": {
        "type": "Polygon",
        "coordinates": [
          [
            [
              25502888.574,
              6683159.488
            ],
            [
              25502890.81,
              6683159.542
            ],
            [
              25502890.685,
              6683164.741
            ],
            [
              25502888.449,
              6683164.688
            ],
            [
              25502888.574,
              6683159.488
            ]
          ]
        ]
      },
      "properties": {
        "confidence": 0.9246,
        "length_m": 5.2,
        "width_m": 2.24,
        "heading_deg": 178.6,
        "aoi": "r4-tattarisuo",
        "source_layer": "Ortoilmakuva_2025_5cm",
        "zoom": 16,
        "status": "confirmed",
        "class": "car"
      }
    },
    {
      "type": "Feature",
      "geometry": {
        "type": "Polygon",
        "coordinates": [
          [
            [
              25502897.802,
              6683096.521
            ],
            [
              25502896.896,
              6683098.438
            ],
            [
              25502893.205,
              6683096.692
            ],
            [
              25502894.111,
              6683094.775
            ],
            [
              25502897.802,
              6683096.521
            ]
          ]
        ]
      },
      "properties": {
        "confidence": 0.9245,
        "length_m": 4.08,
        "width_m": 2.12,
        "heading_deg": 64.7,
        "aoi": "r4-tattarisuo",
        "source_layer": "Ortoilmakuva_2025_5cm",
        "zoom": 16,
        "status": "confirmed",
        "class": "car"
      }
    },
    {
      "type": "Feature",
      "geometry": {
        "type": "Polygon",
        "coordinates": [
          [
            [
              25502911.552,
              6683207.017
            ],
            [
              25502905.91,
              6683205.452
            ],
            [
              25502905.255,
              6683207.816
            ],
            [
              25502910.896,
              6683209.381
            ],
            [
              25502911.552,
              6683207.017
            ]
          ]
        ]
      },
      "properties": {
        "confidence": 0.9244,
        "length_m": 5.85,
        "width_m": 2.45,
        "heading_deg": 74.5,
        "aoi": "r4-tattarisuo",
        "source_layer": "Ortoilmakuva_2025_5cm",
        "zoom": 16,
        "status": "confirmed",
        "class": "van"
      }
    },
    {
      "type": "Feature",
      "geometry": {
        "type": "Polygon",
        "coordinates": [
          [
            [
              25502897.383,
              6683158.277
            ],
            [
              25502899.662,
              6683158.494
            ],
            [
              25502899.219,
              6683163.143
            ],
            [
              25502896.939,
              6683162.926
            ],
            [
              25502897.383,
              6683158.277
            ]
          ]
        ]
      },
      "properties": {
        "confidence": 0.9243,
        "length_m": 4.67,
        "width_m": 2.29,
        "heading_deg": 174.6,
        "aoi": "r4-tattarisuo",
        "source_layer": "Ortoilmakuva_2025_5cm",
        "zoom": 16,
        "status": "confirmed",
        "class": "car"
      }
    },
    {
      "type": "Feature",
      "geometry": {
        "type": "Polygon",
        "coordinates": [
          [
            [
              25503047.84,
              6682999.443
            ],
            [
              25503050.037,
              6683000.079
            ],
            [
              25503048.78,
              6683004.422
            ],
            [
              25503046.583,
              6683003.786
            ],
            [
              25503047.84,
              6682999.443
            ]
          ]
        ]
      },
      "properties": {
        "confidence": 0.9241,
        "length_m": 4.52,
        "width_m": 2.29,
        "heading_deg": 163.9,
        "aoi": "r4-tattarisuo",
        "source_layer": "Ortoilmakuva_2025_5cm",
        "zoom": 16,
        "status": "confirmed",
        "class": "car"
      }
    },
    {
      "type": "Feature",
      "geometry": {
        "type": "Polygon",
        "coordinates": [
          [
            [
              25502791.751,
              6683116.256
            ],
            [
              25502793.66,
              6683117.114
            ],
            [
              25502791.815,
              6683121.218
            ],
            [
              25502789.906,
              6683120.36
            ],
            [
              25502791.751,
              6683116.256
            ]
          ]
        ]
      },
      "properties": {
        "confidence": 0.9241,
        "length_m": 4.5,
        "width_m": 2.09,
        "heading_deg": 155.8,
        "aoi": "r4-tattarisuo",
        "source_layer": "Ortoilmakuva_2025_5cm",
        "zoom": 16,
        "status": "confirmed",
        "class": "car"
      }
    },
    {
      "type": "Feature",
      "geometry": {
        "type": "Polygon",
        "coordinates": [
          [
            [
              25502940.858,
              6683002.052
            ],
            [
              25502942.952,
              6683002.591
            ],
            [
              25502941.731,
              6683007.336
            ],
            [
              25502939.637,
              6683006.797
            ],
            [
              25502940.858,
              6683002.052
            ]
          ]
        ]
      },
      "properties": {
        "confidence": 0.9238,
        "length_m": 4.9,
        "width_m": 2.16,
        "heading_deg": 165.6,
        "aoi": "r4-tattarisuo",
        "source_layer": "Ortoilmakuva_2025_5cm",
        "zoom": 16,
        "status": "confirmed",
        "class": "car"
      }
    },
    {
      "type": "Feature",
      "geometry": {
        "type": "Polygon",
        "coordinates": [
          [
            [
              25502998.764,
              6683074.384
            ],
            [
              25502998.135,
              6683076.685
            ],
            [
              25502992.782,
              6683075.222
            ],
            [
              25502993.411,
              6683072.92
            ],
            [
              25502998.764,
              6683074.384
            ]
          ]
        ]
      },
      "properties": {
        "confidence": 0.9238,
        "length_m": 5.55,
        "width_m": 2.39,
        "heading_deg": 74.7,
        "aoi": "r4-tattarisuo",
        "source_layer": "Ortoilmakuva_2025_5cm",
        "zoom": 16,
        "status": "confirmed",
        "class": "van"
      }
    },
    {
      "type": "Feature",
      "geometry": {
        "type": "Polygon",
        "coordinates": [
          [
            [
              25503000.386,
              6683234.767
            ],
            [
              25503002.124,
              6683236.464
            ],
            [
              25502998.594,
              6683240.079
            ],
            [
              25502996.857,
              6683238.383
            ],
            [
              25503000.386,
              6683234.767
            ]
          ]
        ]
      },
      "properties": {
        "confidence": 0.9237,
        "length_m": 5.05,
        "width_m": 2.43,
        "heading_deg": 135.7,
        "aoi": "r4-tattarisuo",
        "source_layer": "Ortoilmakuva_2025_5cm",
        "zoom": 16,
        "status": "confirmed",
        "class": "car"
      }
    },
    {
      "type": "Feature",
      "geometry": {
        "type": "Polygon",
        "coordinates": [
          [
            [
              25502875.438,
              6682994.278
            ],
            [
              25502874.575,
              6682996.292
            ],
            [
              25502870.156,
              6682994.396
            ],
            [
              25502871.02,
              6682992.383
            ],
            [
              25502875.438,
              6682994.278
            ]
          ]
        ]
      },
      "properties": {
        "confidence": 0.9237,
        "length_m": 4.81,
        "width_m": 2.19,
        "heading_deg": 66.8,
        "aoi": "r4-tattarisuo",
        "source_layer": "Ortoilmakuva_2025_5cm",
        "zoom": 16,
        "status": "confirmed",
        "class": "car"
      }
    },
    {
      "type": "Feature",
      "geometry": {
        "type": "Polygon",
        "coordinates": [
          [
            [
              25502808.051,
              6682981.416
            ],
            [
              25502807.467,
              6682983.686
            ],
            [
              25502802.492,
              6682982.406
            ],
            [
              25502803.076,
              6682980.136
            ],
            [
              25502808.051,
              6682981.416
            ]
          ]
        ]
      },
      "properties": {
        "confidence": 0.9237,
        "length_m": 5.14,
        "width_m": 2.34,
        "heading_deg": 75.6,
        "aoi": "r4-tattarisuo",
        "source_layer": "Ortoilmakuva_2025_5cm",
        "zoom": 16,
        "status": "confirmed",
        "class": "car"
      }
    },
    {
      "type": "Feature",
      "geometry": {
        "type": "Polygon",
        "coordinates": [
          [
            [
              25502946.656,
              6683004.045
            ],
            [
              25502948.596,
              6683005.306
            ],
            [
              25502946.004,
              6683009.291
            ],
            [
              25502944.065,
              6683008.029
            ],
            [
              25502946.656,
              6683004.045
            ]
          ]
        ]
      },
      "properties": {
        "confidence": 0.9236,
        "length_m": 4.75,
        "width_m": 2.31,
        "heading_deg": 147,
        "aoi": "r4-tattarisuo",
        "source_layer": "Ortoilmakuva_2025_5cm",
        "zoom": 16,
        "status": "confirmed",
        "class": "car"
      }
    },
    {
      "type": "Feature",
      "geometry": {
        "type": "Polygon",
        "coordinates": [
          [
            [
              25502892.787,
              6683105.412
            ],
            [
              25502895.034,
              6683105.807
            ],
            [
              25502894.154,
              6683110.808
            ],
            [
              25502891.907,
              6683110.413
            ],
            [
              25502892.787,
              6683105.412
            ]
          ]
        ]
      },
      "properties": {
        "confidence": 0.9236,
        "length_m": 5.08,
        "width_m": 2.28,
        "heading_deg": 170,
        "aoi": "r4-tattarisuo",
        "source_layer": "Ortoilmakuva_2025_5cm",
        "zoom": 16,
        "status": "confirmed",
        "class": "car"
      }
    },
    {
      "type": "Feature",
      "geometry": {
        "type": "Polygon",
        "coordinates": [
          [
            [
              25502765.913,
              6683173.339
            ],
            [
              25502767.39,
              6683174.887
            ],
            [
              25502764.329,
              6683177.809
            ],
            [
              25502762.852,
              6683176.261
            ],
            [
              25502765.913,
              6683173.339
            ]
          ]
        ]
      },
      "properties": {
        "confidence": 0.9236,
        "length_m": 4.23,
        "width_m": 2.14,
        "heading_deg": 133.7,
        "aoi": "r4-tattarisuo",
        "source_layer": "Ortoilmakuva_2025_5cm",
        "zoom": 16,
        "status": "confirmed",
        "class": "car"
      }
    },
    {
      "type": "Feature",
      "geometry": {
        "type": "Polygon",
        "coordinates": [
          [
            [
              25503038.201,
              6683196.379
            ],
            [
              25503040.067,
              6683197.802
            ],
            [
              25503036.973,
              6683201.857
            ],
            [
              25503035.107,
              6683200.434
            ],
            [
              25503038.201,
              6683196.379
            ]
          ]
        ]
      },
      "properties": {
        "confidence": 0.9235,
        "length_m": 5.1,
        "width_m": 2.35,
        "heading_deg": 142.7,
        "aoi": "r4-tattarisuo",
        "source_layer": "Ortoilmakuva_2025_5cm",
        "zoom": 16,
        "status": "confirmed",
        "class": "car"
      }
    },
    {
      "type": "Feature",
      "geometry": {
        "type": "Polygon",
        "coordinates": [
          [
            [
              25502850.601,
              6683103.252
            ],
            [
              25502850.074,
              6683105.238
            ],
            [
              25502845.889,
              6683104.126
            ],
            [
              25502846.416,
              6683102.14
            ],
            [
              25502850.601,
              6683103.252
            ]
          ]
        ]
      },
      "properties": {
        "confidence": 0.9233,
        "length_m": 4.33,
        "width_m": 2.05,
        "heading_deg": 75.1,
        "aoi": "r4-tattarisuo",
        "source_layer": "Ortoilmakuva_2025_5cm",
        "zoom": 16,
        "status": "confirmed",
        "class": "car"
      }
    },
    {
      "type": "Feature",
      "geometry": {
        "type": "Polygon",
        "coordinates": [
          [
            [
              25502765.789,
              6683170.578
            ],
            [
              25502767.109,
              6683172.033
            ],
            [
              25502763.997,
              6683174.857
            ],
            [
              25502762.677,
              6683173.402
            ],
            [
              25502765.789,
              6683170.578
            ]
          ]
        ]
      },
      "properties": {
        "confidence": 0.9232,
        "length_m": 4.2,
        "width_m": 1.96,
        "heading_deg": 132.2,
        "aoi": "r4-tattarisuo",
        "source_layer": "Ortoilmakuva_2025_5cm",
        "zoom": 16,
        "status": "confirmed",
        "class": "car"
      }
    },
    {
      "type": "Feature",
      "geometry": {
        "type": "Polygon",
        "coordinates": [
          [
            [
              25502989.675,
              6683060.052
            ],
            [
              25502991.672,
              6683060.747
            ],
            [
              25502990.063,
              6683065.371
            ],
            [
              25502988.065,
              6683064.676
            ],
            [
              25502989.675,
              6683060.052
            ]
          ]
        ]
      },
      "properties": {
        "confidence": 0.9232,
        "length_m": 4.9,
        "width_m": 2.11,
        "heading_deg": 160.8,
        "aoi": "r4-tattarisuo",
        "source_layer": "Ortoilmakuva_2025_5cm",
        "zoom": 16,
        "status": "confirmed",
        "class": "car"
      }
    },
    {
      "type": "Feature",
      "geometry": {
        "type": "Polygon",
        "coordinates": [
          [
            [
              25502871.461,
              6683049.77
            ],
            [
              25502870.954,
              6683051.819
            ],
            [
              25502866.377,
              6683050.686
            ],
            [
              25502866.884,
              6683048.637
            ],
            [
              25502871.461,
              6683049.77
            ]
          ]
        ]
      },
      "properties": {
        "confidence": 0.9231,
        "length_m": 4.72,
        "width_m": 2.11,
        "heading_deg": 76.1,
        "aoi": "r4-tattarisuo",
        "source_layer": "Ortoilmakuva_2025_5cm",
        "zoom": 16,
        "status": "confirmed",
        "class": "car"
      }
    },
    {
      "type": "Feature",
      "geometry": {
        "type": "Polygon",
        "coordinates": [
          [
            [
              25502788.527,
              6683167.035
            ],
            [
              25502787.562,
              6683169.228
            ],
            [
              25502782.454,
              6683166.981
            ],
            [
              25502783.419,
              6683164.788
            ],
            [
              25502788.527,
              6683167.035
            ]
          ]
        ]
      },
      "properties": {
        "confidence": 0.9231,
        "length_m": 5.58,
        "width_m": 2.4,
        "heading_deg": 66.3,
        "aoi": "r4-tattarisuo",
        "source_layer": "Ortoilmakuva_2025_5cm",
        "zoom": 16,
        "status": "confirmed",
        "class": "car"
      }
    },
    {
      "type": "Feature",
      "geometry": {
        "type": "Polygon",
        "coordinates": [
          [
            [
              25502864.479,
              6683041.915
            ],
            [
              25502866.47,
              6683042.38
            ],
            [
              25502865.452,
              6683046.743
            ],
            [
              25502863.461,
              6683046.278
            ],
            [
              25502864.479,
              6683041.915
            ]
          ]
        ]
      },
      "properties": {
        "confidence": 0.9231,
        "length_m": 4.48,
        "width_m": 2.04,
        "heading_deg": 166.9,
        "aoi": "r4-tattarisuo",
        "source_layer": "Ortoilmakuva_2025_5cm",
        "zoom": 16,
        "status": "confirmed",
        "class": "car"
      }
    },
    {
      "type": "Feature",
      "geometry": {
        "type": "Polygon",
        "coordinates": [
          [
            [
              25502900.532,
              6682988.91
            ],
            [
              25502899.84,
              6682990.98
            ],
            [
              25502895.046,
              6682989.377
            ],
            [
              25502895.738,
              6682987.308
            ],
            [
              25502900.532,
              6682988.91
            ]
          ]
        ]
      },
      "properties": {
        "confidence": 0.9228,
        "length_m": 5.05,
        "width_m": 2.18,
        "heading_deg": 71.5,
        "aoi": "r4-tattarisuo",
        "source_layer": "Ortoilmakuva_2025_5cm",
        "zoom": 16,
        "status": "confirmed",
        "class": "car"
      }
    },
    {
      "type": "Feature",
      "geometry": {
        "type": "Polygon",
        "coordinates": [
          [
            [
              25502804.952,
              6683156.431
            ],
            [
              25502804.391,
              6683158.554
            ],
            [
              25502800.066,
              6683157.412
            ],
            [
              25502800.626,
              6683155.289
            ],
            [
              25502804.952,
              6683156.431
            ]
          ]
        ]
      },
      "properties": {
        "confidence": 0.9225,
        "length_m": 4.47,
        "width_m": 2.2,
        "heading_deg": 75.2,
        "aoi": "r4-tattarisuo",
        "source_layer": "Ortoilmakuva_2025_5cm",
        "zoom": 16,
        "status": "confirmed",
        "class": "car"
      }
    },
    {
      "type": "Feature",
      "geometry": {
        "type": "Polygon",
        "coordinates": [
          [
            [
              25502790.08,
              6683172.076
            ],
            [
              25502789.795,
              6683174.308
            ],
            [
              25502784.971,
              6683173.692
            ],
            [
              25502785.256,
              6683171.46
            ],
            [
              25502790.08,
              6683172.076
            ]
          ]
        ]
      },
      "properties": {
        "confidence": 0.9224,
        "length_m": 4.86,
        "width_m": 2.25,
        "heading_deg": 82.7,
        "aoi": "r4-tattarisuo",
        "source_layer": "Ortoilmakuva_2025_5cm",
        "zoom": 16,
        "status": "confirmed",
        "class": "car"
      }
    },
    {
      "type": "Feature",
      "geometry": {
        "type": "Polygon",
        "coordinates": [
          [
            [
              25502907.295,
              6683157.708
            ],
            [
              25502906.709,
              6683159.819
            ],
            [
              25502902.056,
              6683158.526
            ],
            [
              25502902.642,
              6683156.416
            ],
            [
              25502907.295,
              6683157.708
            ]
          ]
        ]
      },
      "properties": {
        "confidence": 0.9223,
        "length_m": 4.83,
        "width_m": 2.19,
        "heading_deg": 74.5,
        "aoi": "r4-tattarisuo",
        "source_layer": "Ortoilmakuva_2025_5cm",
        "zoom": 16,
        "status": "confirmed",
        "class": "car"
      }
    },
    {
      "type": "Feature",
      "geometry": {
        "type": "Polygon",
        "coordinates": [
          [
            [
              25502775.022,
              6683116.59
            ],
            [
              25502775.087,
              6683118.685
            ],
            [
              25502770.876,
              6683118.816
            ],
            [
              25502770.811,
              6683116.722
            ],
            [
              25502775.022,
              6683116.59
            ]
          ]
        ]
      },
      "properties": {
        "confidence": 0.922,
        "length_m": 4.21,
        "width_m": 2.1,
        "heading_deg": 91.8,
        "aoi": "r4-tattarisuo",
        "source_layer": "Ortoilmakuva_2025_5cm",
        "zoom": 16,
        "status": "confirmed",
        "class": "car"
      }
    },
    {
      "type": "Feature",
      "geometry": {
        "type": "Polygon",
        "coordinates": [
          [
            [
              25502879.9,
              6683098.774
            ],
            [
              25502882.033,
              6683099.465
            ],
            [
              25502880.459,
              6683104.321
            ],
            [
              25502878.326,
              6683103.63
            ],
            [
              25502879.9,
              6683098.774
            ]
          ]
        ]
      },
      "properties": {
        "confidence": 0.9219,
        "length_m": 5.1,
        "width_m": 2.24,
        "heading_deg": 162,
        "aoi": "r4-tattarisuo",
        "source_layer": "Ortoilmakuva_2025_5cm",
        "zoom": 16,
        "status": "confirmed",
        "class": "car"
      }
    },
    {
      "type": "Feature",
      "geometry": {
        "type": "Polygon",
        "coordinates": [
          [
            [
              25502766.592,
              6683132.888
            ],
            [
              25502766.066,
              6683134.958
            ],
            [
              25502761.781,
              6683133.87
            ],
            [
              25502762.306,
              6683131.8
            ],
            [
              25502766.592,
              6683132.888
            ]
          ]
        ]
      },
      "properties": {
        "confidence": 0.9219,
        "length_m": 4.42,
        "width_m": 2.14,
        "heading_deg": 75.8,
        "aoi": "r4-tattarisuo",
        "source_layer": "Ortoilmakuva_2025_5cm",
        "zoom": 16,
        "status": "confirmed",
        "class": "car"
      }
    },
    {
      "type": "Feature",
      "geometry": {
        "type": "Polygon",
        "coordinates": [
          [
            [
              25503020.75,
              6683247.574
            ],
            [
              25503022.717,
              6683246.479
            ],
            [
              25503024.949,
              6683250.489
            ],
            [
              25503022.982,
              6683251.584
            ],
            [
              25503020.75,
              6683247.574
            ]
          ]
        ]
      },
      "properties": {
        "confidence": 0.9217,
        "length_m": 4.59,
        "width_m": 2.25,
        "heading_deg": 29.1,
        "aoi": "r4-tattarisuo",
        "source_layer": "Ortoilmakuva_2025_5cm",
        "zoom": 16,
        "status": "confirmed",
        "class": "car"
      }
    },
    {
      "type": "Feature",
      "geometry": {
        "type": "Polygon",
        "coordinates": [
          [
            [
              25503021.603,
              6683265.878
            ],
            [
              25503021.081,
              6683268.044
            ],
            [
              25503016.365,
              6683266.908
            ],
            [
              25503016.887,
              6683264.741
            ],
            [
              25503021.603,
              6683265.878
            ]
          ]
        ]
      },
      "properties": {
        "confidence": 0.9217,
        "length_m": 4.85,
        "width_m": 2.23,
        "heading_deg": 76.5,
        "aoi": "r4-tattarisuo",
        "source_layer": "Ortoilmakuva_2025_5cm",
        "zoom": 16,
        "status": "confirmed",
        "class": "car"
      }
    },
    {
      "type": "Feature",
      "geometry": {
        "type": "Polygon",
        "coordinates": [
          [
            [
              25502895.168,
              6682980.344
            ],
            [
              25502895.066,
              6682982.407
            ],
            [
              25502890.395,
              6682982.176
            ],
            [
              25502890.497,
              6682980.113
            ],
            [
              25502895.168,
              6682980.344
            ]
          ]
        ]
      },
      "properties": {
        "confidence": 0.9215,
        "length_m": 4.68,
        "width_m": 2.07,
        "heading_deg": 87.2,
        "aoi": "r4-tattarisuo",
        "source_layer": "Ortoilmakuva_2025_5cm",
        "zoom": 16,
        "status": "confirmed",
        "class": "car"
      }
    },
    {
      "type": "Feature",
      "geometry": {
        "type": "Polygon",
        "coordinates": [
          [
            [
              25503041.21,
              6683121.906
            ],
            [
              25503040.65,
              6683124.172
            ],
            [
              25503036.339,
              6683123.108
            ],
            [
              25503036.898,
              6683120.842
            ],
            [
              25503041.21,
              6683121.906
            ]
          ]
        ]
      },
      "properties": {
        "confidence": 0.9215,
        "length_m": 4.44,
        "width_m": 2.33,
        "heading_deg": 76.1,
        "aoi": "r4-tattarisuo",
        "source_layer": "Ortoilmakuva_2025_5cm",
        "zoom": 16,
        "status": "confirmed",
        "class": "car"
      }
    },
    {
      "type": "Feature",
      "geometry": {
        "type": "Polygon",
        "coordinates": [
          [
            [
              25503064.904,
              6683246.255
            ],
            [
              25503064.371,
              6683248.35
            ],
            [
              25503060.18,
              6683247.285
            ],
            [
              25503060.713,
              6683245.19
            ],
            [
              25503064.904,
              6683246.255
            ]
          ]
        ]
      },
      "properties": {
        "confidence": 0.9214,
        "length_m": 4.32,
        "width_m": 2.16,
        "heading_deg": 75.7,
        "aoi": "r4-tattarisuo",
        "source_layer": "Ortoilmakuva_2025_5cm",
        "zoom": 16,
        "status": "confirmed",
        "class": "car"
      }
    },
    {
      "type": "Feature",
      "geometry": {
        "type": "Polygon",
        "coordinates": [
          [
            [
              25502786.199,
              6683163.445
            ],
            [
              25502785.479,
              6683165.624
            ],
            [
              25502780.93,
              6683164.121
            ],
            [
              25502781.65,
              6683161.941
            ],
            [
              25502786.199,
              6683163.445
            ]
          ]
        ]
      },
      "properties": {
        "confidence": 0.9214,
        "length_m": 4.79,
        "width_m": 2.29,
        "heading_deg": 71.7,
        "aoi": "r4-tattarisuo",
        "source_layer": "Ortoilmakuva_2025_5cm",
        "zoom": 16,
        "status": "confirmed",
        "class": "car"
      }
    },
    {
      "type": "Feature",
      "geometry": {
        "type": "Polygon",
        "coordinates": [
          [
            [
              25502782.498,
              6683127.34
            ],
            [
              25502782.343,
              6683129.691
            ],
            [
              25502777.301,
              6683129.36
            ],
            [
              25502777.456,
              6683127.008
            ],
            [
              25502782.498,
              6683127.34
            ]
          ]
        ]
      },
      "properties": {
        "confidence": 0.9209,
        "length_m": 5.05,
        "width_m": 2.36,
        "heading_deg": 86.2,
        "aoi": "r4-tattarisuo",
        "source_layer": "Ortoilmakuva_2025_5cm",
        "zoom": 16,
        "status": "confirmed",
        "class": "car"
      }
    },
    {
      "type": "Feature",
      "geometry": {
        "type": "Polygon",
        "coordinates": [
          [
            [
              25502879.668,
              6682998.543
            ],
            [
              25502878.842,
              6683000.524
            ],
            [
              25502874.85,
              6682998.858
            ],
            [
              25502875.677,
              6682996.877
            ],
            [
              25502879.668,
              6682998.543
            ]
          ]
        ]
      },
      "properties": {
        "confidence": 0.9209,
        "length_m": 4.33,
        "width_m": 2.15,
        "heading_deg": 67.3,
        "aoi": "r4-tattarisuo",
        "source_layer": "Ortoilmakuva_2025_5cm",
        "zoom": 16,
        "status": "confirmed",
        "class": "car"
      }
    },
    {
      "type": "Feature",
      "geometry": {
        "type": "Polygon",
        "coordinates": [
          [
            [
              25502925.798,
              6683057.434
            ],
            [
              25502925.26,
              6683059.737
            ],
            [
              25502920.174,
              6683058.549
            ],
            [
              25502920.712,
              6683056.247
            ],
            [
              25502925.798,
              6683057.434
            ]
          ]
        ]
      },
      "properties": {
        "confidence": 0.9208,
        "length_m": 5.22,
        "width_m": 2.37,
        "heading_deg": 76.9,
        "aoi": "r4-tattarisuo",
        "source_layer": "Ortoilmakuva_2025_5cm",
        "zoom": 16,
        "status": "confirmed",
        "class": "van"
      }
    },
    {
      "type": "Feature",
      "geometry": {
        "type": "Polygon",
        "coordinates": [
          [
            [
              25502980.533,
              6683025.536
            ],
            [
              25502979.772,
              6683027.833
            ],
            [
              25502975.309,
              6683026.355
            ],
            [
              25502976.069,
              6683024.058
            ],
            [
              25502980.533,
              6683025.536
            ]
          ]
        ]
      },
      "properties": {
        "confidence": 0.9207,
        "length_m": 4.7,
        "width_m": 2.42,
        "heading_deg": 71.7,
        "aoi": "r4-tattarisuo",
        "source_layer": "Ortoilmakuva_2025_5cm",
        "zoom": 16,
        "status": "confirmed",
        "class": "car"
      }
    },
    {
      "type": "Feature",
      "geometry": {
        "type": "Polygon",
        "coordinates": [
          [
            [
              25502885.702,
              6682990.731
            ],
            [
              25502881.991,
              6682988.074
            ],
            [
              25502880.762,
              6682989.79
            ],
            [
              25502884.473,
              6682992.447
            ],
            [
              25502885.702,
              6682990.731
            ]
          ]
        ]
      },
      "properties": {
        "confidence": 0.9207,
        "length_m": 4.56,
        "width_m": 2.11,
        "heading_deg": 54.4,
        "aoi": "r4-tattarisuo",
        "source_layer": "Ortoilmakuva_2025_5cm",
        "zoom": 16,
        "status": "confirmed",
        "class": "car"
      }
    },
    {
      "type": "Feature",
      "geometry": {
        "type": "Polygon",
        "coordinates": [
          [
            [
              25502869.946,
              6683107.121
            ],
            [
              25502869.147,
              6683109.026
            ],
            [
              25502865.277,
              6683107.404
            ],
            [
              25502866.076,
              6683105.499
            ],
            [
              25502869.946,
              6683107.121
            ]
          ]
        ]
      },
      "properties": {
        "confidence": 0.9207,
        "length_m": 4.2,
        "width_m": 2.07,
        "heading_deg": 67.3,
        "aoi": "r4-tattarisuo",
        "source_layer": "Ortoilmakuva_2025_5cm",
        "zoom": 16,
        "status": "confirmed",
        "class": "car"
      }
    },
    {
      "type": "Feature",
      "geometry": {
        "type": "Polygon",
        "coordinates": [
          [
            [
              25502783.108,
              6683105.656
            ],
            [
              25502785.318,
              6683106.051
            ],
            [
              25502784.447,
              6683110.92
            ],
            [
              25502782.238,
              6683110.525
            ],
            [
              25502783.108,
              6683105.656
            ]
          ]
        ]
      },
      "properties": {
        "confidence": 0.9203,
        "length_m": 4.95,
        "width_m": 2.25,
        "heading_deg": 169.9,
        "aoi": "r4-tattarisuo",
        "source_layer": "Ortoilmakuva_2025_5cm",
        "zoom": 16,
        "status": "confirmed",
        "class": "car"
      }
    },
    {
      "type": "Feature",
      "geometry": {
        "type": "Polygon",
        "coordinates": [
          [
            [
              25502952.33,
              6683160.92
            ],
            [
              25502951.474,
              6683164.052
            ],
            [
              25502942.46,
              6683161.587
            ],
            [
              25502943.317,
              6683158.455
            ],
            [
              25502952.33,
              6683160.92
            ]
          ]
        ]
      },
      "properties": {
        "confidence": 0.9203,
        "length_m": 9.34,
        "width_m": 3.25,
        "heading_deg": 74.7,
        "aoi": "r4-tattarisuo",
        "source_layer": "Ortoilmakuva_2025_5cm",
        "zoom": 16,
        "status": "confirmed",
        "class": "truck"
      }
    },
    {
      "type": "Feature",
      "geometry": {
        "type": "Polygon",
        "coordinates": [
          [
            [
              25502791.509,
              6683139.919
            ],
            [
              25502791.172,
              6683142.103
            ],
            [
              25502786.63,
              6683141.402
            ],
            [
              25502786.967,
              6683139.218
            ],
            [
              25502791.509,
              6683139.919
            ]
          ]
        ]
      },
      "properties": {
        "confidence": 0.92,
        "length_m": 4.6,
        "width_m": 2.21,
        "heading_deg": 81.2,
        "aoi": "r4-tattarisuo",
        "source_layer": "Ortoilmakuva_2025_5cm",
        "zoom": 16,
        "status": "confirmed",
        "class": "car"
      }
    },
    {
      "type": "Feature",
      "geometry": {
        "type": "Polygon",
        "coordinates": [
          [
            [
              25502900.016,
              6683050.853
            ],
            [
              25502902.018,
              6683051.346
            ],
            [
              25502901.038,
              6683055.328
            ],
            [
              25502899.035,
              6683054.835
            ],
            [
              25502900.016,
              6683050.853
            ]
          ]
        ]
      },
      "properties": {
        "confidence": 0.92,
        "length_m": 4.1,
        "width_m": 2.06,
        "heading_deg": 166.2,
        "aoi": "r4-tattarisuo",
        "source_layer": "Ortoilmakuva_2025_5cm",
        "zoom": 16,
        "status": "confirmed",
        "class": "car"
      }
    },
    {
      "type": "Feature",
      "geometry": {
        "type": "Polygon",
        "coordinates": [
          [
            [
              25503017.945,
              6683245.045
            ],
            [
              25503020.091,
              6683244.471
            ],
            [
              25503021.271,
              6683248.881
            ],
            [
              25503019.125,
              6683249.455
            ],
            [
              25503017.945,
              6683245.045
            ]
          ]
        ]
      },
      "properties": {
        "confidence": 0.92,
        "length_m": 4.57,
        "width_m": 2.22,
        "heading_deg": 15,
        "aoi": "r4-tattarisuo",
        "source_layer": "Ortoilmakuva_2025_5cm",
        "zoom": 16,
        "status": "confirmed",
        "class": "car"
      }
    },
    {
      "type": "Feature",
      "geometry": {
        "type": "Polygon",
        "coordinates": [
          [
            [
              25502970.09,
              6683009.181
            ],
            [
              25502971.431,
              6683011.093
            ],
            [
              25502967.06,
              6683014.158
            ],
            [
              25502965.719,
              6683012.245
            ],
            [
              25502970.09,
              6683009.181
            ]
          ]
        ]
      },
      "properties": {
        "confidence": 0.9199,
        "length_m": 5.34,
        "width_m": 2.34,
        "heading_deg": 125,
        "aoi": "r4-tattarisuo",
        "source_layer": "Ortoilmakuva_2025_5cm",
        "zoom": 16,
        "status": "confirmed",
        "class": "car"
      }
    },
    {
      "type": "Feature",
      "geometry": {
        "type": "Polygon",
        "coordinates": [
          [
            [
              25502873.346,
              6683007.108
            ],
            [
              25502874.337,
              6683009.247
            ],
            [
              25502869.181,
              6683011.635
            ],
            [
              25502868.19,
              6683009.496
            ],
            [
              25502873.346,
              6683007.108
            ]
          ]
        ]
      },
      "properties": {
        "confidence": 0.9199,
        "length_m": 5.68,
        "width_m": 2.36,
        "heading_deg": 114.9,
        "aoi": "r4-tattarisuo",
        "source_layer": "Ortoilmakuva_2025_5cm",
        "zoom": 16,
        "status": "confirmed",
        "class": "van"
      }
    },
    {
      "type": "Feature",
      "geometry": {
        "type": "Polygon",
        "coordinates": [
          [
            [
              25502880.729,
              6682993.638
            ],
            [
              25502879.755,
              6682995.641
            ],
            [
              25502875.451,
              6682993.547
            ],
            [
              25502876.425,
              6682991.544
            ],
            [
              25502880.729,
              6682993.638
            ]
          ]
        ]
      },
      "properties": {
        "confidence": 0.9198,
        "length_m": 4.79,
        "width_m": 2.23,
        "heading_deg": 64.1,
        "aoi": "r4-tattarisuo",
        "source_layer": "Ortoilmakuva_2025_5cm",
        "zoom": 16,
        "status": "confirmed",
        "class": "car"
      }
    },
    {
      "type": "Feature",
      "geometry": {
        "type": "Polygon",
        "coordinates": [
          [
            [
              25502928.12,
              6683236.867
            ],
            [
              25502930.2,
              6683237.917
            ],
            [
              25502927.97,
              6683242.332
            ],
            [
              25502925.891,
              6683241.283
            ],
            [
              25502928.12,
              6683236.867
            ]
          ]
        ]
      },
      "properties": {
        "confidence": 0.9198,
        "length_m": 4.95,
        "width_m": 2.33,
        "heading_deg": 153.2,
        "aoi": "r4-tattarisuo",
        "source_layer": "Ortoilmakuva_2025_5cm",
        "zoom": 16,
        "status": "confirmed",
        "class": "car"
      }
    },
    {
      "type": "Feature",
      "geometry": {
        "type": "Polygon",
        "coordinates": [
          [
            [
              25502995.79,
              6683249.734
            ],
            [
              25502997.615,
              6683251.119
            ],
            [
              25502994.779,
              6683254.856
            ],
            [
              25502992.953,
              6683253.47
            ],
            [
              25502995.79,
              6683249.734
            ]
          ]
        ]
      },
      "properties": {
        "confidence": 0.9197,
        "length_m": 4.69,
        "width_m": 2.29,
        "heading_deg": 142.8,
        "aoi": "r4-tattarisuo",
        "source_layer": "Ortoilmakuva_2025_5cm",
        "zoom": 16,
        "status": "confirmed",
        "class": "car"
      }
    },
    {
      "type": "Feature",
      "geometry": {
        "type": "Polygon",
        "coordinates": [
          [
            [
              25503042.99,
              6683190.234
            ],
            [
              25503045.207,
              6683190.038
            ],
            [
              25503045.609,
              6683194.583
            ],
            [
              25503043.392,
              6683194.779
            ],
            [
              25503042.99,
              6683190.234
            ]
          ]
        ]
      },
      "properties": {
        "confidence": 0.9196,
        "length_m": 4.56,
        "width_m": 2.23,
        "heading_deg": 5.1,
        "aoi": "r4-tattarisuo",
        "source_layer": "Ortoilmakuva_2025_5cm",
        "zoom": 16,
        "status": "confirmed",
        "class": "car"
      }
    },
    {
      "type": "Feature",
      "geometry": {
        "type": "Polygon",
        "coordinates": [
          [
            [
              25503048.58,
              6683265.134
            ],
            [
              25503050.779,
              6683264.376
            ],
            [
              25503052.424,
              6683269.148
            ],
            [
              25503050.225,
              6683269.906
            ],
            [
              25503048.58,
              6683265.134
            ]
          ]
        ]
      },
      "properties": {
        "confidence": 0.9194,
        "length_m": 5.05,
        "width_m": 2.33,
        "heading_deg": 19,
        "aoi": "r4-tattarisuo",
        "source_layer": "Ortoilmakuva_2025_5cm",
        "zoom": 16,
        "status": "confirmed",
        "class": "car"
      }
    },
    {
      "type": "Feature",
      "geometry": {
        "type": "Polygon",
        "coordinates": [
          [
            [
              25502966.663,
              6683195.842
            ],
            [
              25502965.974,
              6683198.134
            ],
            [
              25502961.314,
              6683196.732
            ],
            [
              25502962.003,
              6683194.44
            ],
            [
              25502966.663,
              6683195.842
            ]
          ]
        ]
      },
      "properties": {
        "confidence": 0.9189,
        "length_m": 4.87,
        "width_m": 2.39,
        "heading_deg": 73.3,
        "aoi": "r4-tattarisuo",
        "source_layer": "Ortoilmakuva_2025_5cm",
        "zoom": 16,
        "status": "confirmed",
        "class": "car"
      }
    },
    {
      "type": "Feature",
      "geometry": {
        "type": "Polygon",
        "coordinates": [
          [
            [
              25502954.27,
              6683149.337
            ],
            [
              25502953.743,
              6683151.34
            ],
            [
              25502949.664,
              6683150.268
            ],
            [
              25502950.191,
              6683148.264
            ],
            [
              25502954.27,
              6683149.337
            ]
          ]
        ]
      },
      "properties": {
        "confidence": 0.9189,
        "length_m": 4.22,
        "width_m": 2.07,
        "heading_deg": 75.3,
        "aoi": "r4-tattarisuo",
        "source_layer": "Ortoilmakuva_2025_5cm",
        "zoom": 16,
        "status": "confirmed",
        "class": "car"
      }
    },
    {
      "type": "Feature",
      "geometry": {
        "type": "Polygon",
        "coordinates": [
          [
            [
              25502939.364,
              6683006.708
            ],
            [
              25502940.469,
              6683001.888
            ],
            [
              25502938.488,
              6683001.434
            ],
            [
              25502937.384,
              6683006.255
            ],
            [
              25502939.364,
              6683006.708
            ]
          ]
        ]
      },
      "properties": {
        "confidence": 0.9187,
        "length_m": 4.95,
        "width_m": 2.03,
        "heading_deg": 167.1,
        "aoi": "r4-tattarisuo",
        "source_layer": "Ortoilmakuva_2025_5cm",
        "zoom": 16,
        "status": "confirmed",
        "class": "car"
      }
    },
    {
      "type": "Feature",
      "geometry": {
        "type": "Polygon",
        "coordinates": [
          [
            [
              25503043.402,
              6683115.625
            ],
            [
              25503038.426,
              6683114.804
            ],
            [
              25503038.044,
              6683117.124
            ],
            [
              25503043.019,
              6683117.945
            ],
            [
              25503043.402,
              6683115.625
            ]
          ]
        ]
      },
      "properties": {
        "confidence": 0.9183,
        "length_m": 5.04,
        "width_m": 2.35,
        "heading_deg": 80.6,
        "aoi": "r4-tattarisuo",
        "source_layer": "Ortoilmakuva_2025_5cm",
        "zoom": 16,
        "status": "confirmed",
        "class": "car"
      }
    },
    {
      "type": "Feature",
      "geometry": {
        "type": "Polygon",
        "coordinates": [
          [
            [
              25502952.905,
              6683010.016
            ],
            [
              25502954.378,
              6683011.587
            ],
            [
              25502950.88,
              6683014.87
            ],
            [
              25502949.406,
              6683013.299
            ],
            [
              25502952.905,
              6683010.016
            ]
          ]
        ]
      },
      "properties": {
        "confidence": 0.9183,
        "length_m": 4.8,
        "width_m": 2.15,
        "heading_deg": 133.2,
        "aoi": "r4-tattarisuo",
        "source_layer": "Ortoilmakuva_2025_5cm",
        "zoom": 16,
        "status": "confirmed",
        "class": "car"
      }
    },
    {
      "type": "Feature",
      "geometry": {
        "type": "Polygon",
        "coordinates": [
          [
            [
              25503005.407,
              6683245.827
            ],
            [
              25503005.133,
              6683241.206
            ],
            [
              25503003.332,
              6683241.313
            ],
            [
              25503003.606,
              6683245.934
            ],
            [
              25503005.407,
              6683245.827
            ]
          ]
        ]
      },
      "properties": {
        "confidence": 0.9182,
        "length_m": 4.63,
        "width_m": 1.8,
        "heading_deg": 3.4,
        "aoi": "r4-tattarisuo",
        "source_layer": "Ortoilmakuva_2025_5cm",
        "zoom": 16,
        "status": "confirmed",
        "class": "car"
      }
    },
    {
      "type": "Feature",
      "geometry": {
        "type": "Polygon",
        "coordinates": [
          [
            [
              25503066.716,
              6683148.373
            ],
            [
              25503066.567,
              6683143.397
            ],
            [
              25503064.316,
              6683143.464
            ],
            [
              25503064.465,
              6683148.44
            ],
            [
              25503066.716,
              6683148.373
            ]
          ]
        ]
      },
      "properties": {
        "confidence": 0.9177,
        "length_m": 4.98,
        "width_m": 2.25,
        "heading_deg": 1.7,
        "aoi": "r4-tattarisuo",
        "source_layer": "Ortoilmakuva_2025_5cm",
        "zoom": 16,
        "status": "confirmed",
        "class": "car"
      }
    },
    {
      "type": "Feature",
      "geometry": {
        "type": "Polygon",
        "coordinates": [
          [
            [
              25502890.847,
              6683186.852
            ],
            [
              25502890.392,
              6683188.882
            ],
            [
              25502885.711,
              6683187.834
            ],
            [
              25502886.165,
              6683185.804
            ],
            [
              25502890.847,
              6683186.852
            ]
          ]
        ]
      },
      "properties": {
        "confidence": 0.9175,
        "length_m": 4.8,
        "width_m": 2.08,
        "heading_deg": 77.4,
        "aoi": "r4-tattarisuo",
        "source_layer": "Ortoilmakuva_2025_5cm",
        "zoom": 16,
        "status": "confirmed",
        "class": "car"
      }
    },
    {
      "type": "Feature",
      "geometry": {
        "type": "Polygon",
        "coordinates": [
          [
            [
              25502868.046,
              6682998.292
            ],
            [
              25502867.773,
              6683000.238
            ],
            [
              25502863.533,
              6682999.643
            ],
            [
              25502863.806,
              6682997.696
            ],
            [
              25502868.046,
              6682998.292
            ]
          ]
        ]
      },
      "properties": {
        "confidence": 0.9175,
        "length_m": 4.28,
        "width_m": 1.97,
        "heading_deg": 82,
        "aoi": "r4-tattarisuo",
        "source_layer": "Ortoilmakuva_2025_5cm",
        "zoom": 16,
        "status": "confirmed",
        "class": "car"
      }
    },
    {
      "type": "Feature",
      "geometry": {
        "type": "Polygon",
        "coordinates": [
          [
            [
              25502950.163,
              6683024.039
            ],
            [
              25502952.367,
              6683024.232
            ],
            [
              25502951.945,
              6683029.065
            ],
            [
              25502949.74,
              6683028.872
            ],
            [
              25502950.163,
              6683024.039
            ]
          ]
        ]
      },
      "properties": {
        "confidence": 0.9174,
        "length_m": 4.85,
        "width_m": 2.21,
        "heading_deg": 175,
        "aoi": "r4-tattarisuo",
        "source_layer": "Ortoilmakuva_2025_5cm",
        "zoom": 16,
        "status": "confirmed",
        "class": "car"
      }
    },
    {
      "type": "Feature",
      "geometry": {
        "type": "Polygon",
        "coordinates": [
          [
            [
              25502868.767,
              6683099.44
            ],
            [
              25502871.036,
              6683099.951
            ],
            [
              25502869.925,
              6683104.878
            ],
            [
              25502867.657,
              6683104.367
            ],
            [
              25502868.767,
              6683099.44
            ]
          ]
        ]
      },
      "properties": {
        "confidence": 0.9171,
        "length_m": 5.05,
        "width_m": 2.33,
        "heading_deg": 167.3,
        "aoi": "r4-tattarisuo",
        "source_layer": "Ortoilmakuva_2025_5cm",
        "zoom": 16,
        "status": "confirmed",
        "class": "car"
      }
    },
    {
      "type": "Feature",
      "geometry": {
        "type": "Polygon",
        "coordinates": [
          [
            [
              25502812.985,
              6683122.626
            ],
            [
              25502816.197,
              6683126.361
            ],
            [
              25502814.461,
              6683127.854
            ],
            [
              25502811.249,
              6683124.118
            ],
            [
              25502812.985,
              6683122.626
            ]
          ]
        ]
      },
      "properties": {
        "confidence": 0.9171,
        "length_m": 4.93,
        "width_m": 2.29,
        "heading_deg": 40.7,
        "aoi": "r4-tattarisuo",
        "source_layer": "Ortoilmakuva_2025_5cm",
        "zoom": 16,
        "status": "confirmed",
        "class": "car"
      }
    },
    {
      "type": "Feature",
      "geometry": {
        "type": "Polygon",
        "coordinates": [
          [
            [
              25502796.473,
              6683124.346
            ],
            [
              25502798.538,
              6683124.884
            ],
            [
              25502797.354,
              6683129.422
            ],
            [
              25502795.289,
              6683128.883
            ],
            [
              25502796.473,
              6683124.346
            ]
          ]
        ]
      },
      "properties": {
        "confidence": 0.917,
        "length_m": 4.69,
        "width_m": 2.13,
        "heading_deg": 165.4,
        "aoi": "r4-tattarisuo",
        "source_layer": "Ortoilmakuva_2025_5cm",
        "zoom": 16,
        "status": "confirmed",
        "class": "car"
      }
    },
    {
      "type": "Feature",
      "geometry": {
        "type": "Polygon",
        "coordinates": [
          [
            [
              25502906.429,
              6683219.286
            ],
            [
              25502908.575,
              6683220.002
            ],
            [
              25502907.014,
              6683224.683
            ],
            [
              25502904.868,
              6683223.968
            ],
            [
              25502906.429,
              6683219.286
            ]
          ]
        ]
      },
      "properties": {
        "confidence": 0.9168,
        "length_m": 4.93,
        "width_m": 2.26,
        "heading_deg": 161.6,
        "aoi": "r4-tattarisuo",
        "source_layer": "Ortoilmakuva_2025_5cm",
        "zoom": 16,
        "status": "confirmed",
        "class": "car"
      }
    },
    {
      "type": "Feature",
      "geometry": {
        "type": "Polygon",
        "coordinates": [
          [
            [
              25502876.659,
              6682987.342
            ],
            [
              25502872.415,
              6682985.874
            ],
            [
              25502871.856,
              6682987.488
            ],
            [
              25502876.1,
              6682988.956
            ],
            [
              25502876.659,
              6682987.342
            ]
          ]
        ]
      },
      "properties": {
        "confidence": 0.9167,
        "length_m": 4.49,
        "width_m": 1.71,
        "heading_deg": 70.9,
        "aoi": "r4-tattarisuo",
        "source_layer": "Ortoilmakuva_2025_5cm",
        "zoom": 16,
        "status": "confirmed",
        "class": "car"
      }
    },
    {
      "type": "Feature",
      "geometry": {
        "type": "Polygon",
        "coordinates": [
          [
            [
              25502929.257,
              6683171.351
            ],
            [
              25502930.525,
              6683166.832
            ],
            [
              25502928.659,
              6683166.308
            ],
            [
              25502927.391,
              6683170.827
            ],
            [
              25502929.257,
              6683171.351
            ]
          ]
        ]
      },
      "properties": {
        "confidence": 0.9162,
        "length_m": 4.69,
        "width_m": 1.94,
        "heading_deg": 164.3,
        "aoi": "r4-tattarisuo",
        "source_layer": "Ortoilmakuva_2025_5cm",
        "zoom": 16,
        "status": "confirmed",
        "class": "car"
      }
    },
    {
      "type": "Feature",
      "geometry": {
        "type": "Polygon",
        "coordinates": [
          [
            [
              25503028.052,
              6683204.819
            ],
            [
              25503030.281,
              6683204.706
            ],
            [
              25503030.531,
              6683209.631
            ],
            [
              25503028.302,
              6683209.744
            ],
            [
              25503028.052,
              6683204.819
            ]
          ]
        ]
      },
      "properties": {
        "confidence": 0.9161,
        "length_m": 4.93,
        "width_m": 2.23,
        "heading_deg": 2.9,
        "aoi": "r4-tattarisuo",
        "source_layer": "Ortoilmakuva_2025_5cm",
        "zoom": 16,
        "status": "confirmed",
        "class": "car"
      }
    },
    {
      "type": "Feature",
      "geometry": {
        "type": "Polygon",
        "coordinates": [
          [
            [
              25502853.804,
              6683098.093
            ],
            [
              25502855.98,
              6683098.758
            ],
            [
              25502854.537,
              6683103.478
            ],
            [
              25502852.361,
              6683102.813
            ],
            [
              25502853.804,
              6683098.093
            ]
          ]
        ]
      },
      "properties": {
        "confidence": 0.9158,
        "length_m": 4.94,
        "width_m": 2.28,
        "heading_deg": 163,
        "aoi": "r4-tattarisuo",
        "source_layer": "Ortoilmakuva_2025_5cm",
        "zoom": 16,
        "status": "confirmed",
        "class": "car"
      }
    },
    {
      "type": "Feature",
      "geometry": {
        "type": "Polygon",
        "coordinates": [
          [
            [
              25502880.277,
              6683105.584
            ],
            [
              25502882.387,
              6683106.269
            ],
            [
              25502880.811,
              6683111.128
            ],
            [
              25502878.7,
              6683110.443
            ],
            [
              25502880.277,
              6683105.584
            ]
          ]
        ]
      },
      "properties": {
        "confidence": 0.9155,
        "length_m": 5.11,
        "width_m": 2.22,
        "heading_deg": 162,
        "aoi": "r4-tattarisuo",
        "source_layer": "Ortoilmakuva_2025_5cm",
        "zoom": 16,
        "status": "confirmed",
        "class": "car"
      }
    },
    {
      "type": "Feature",
      "geometry": {
        "type": "Polygon",
        "coordinates": [
          [
            [
              25503045.703,
              6683190.97
            ],
            [
              25503047.86,
              6683190.83
            ],
            [
              25503048.152,
              6683195.307
            ],
            [
              25503045.995,
              6683195.448
            ],
            [
              25503045.703,
              6683190.97
            ]
          ]
        ]
      },
      "properties": {
        "confidence": 0.9151,
        "length_m": 4.49,
        "width_m": 2.16,
        "heading_deg": 3.7,
        "aoi": "r4-tattarisuo",
        "source_layer": "Ortoilmakuva_2025_5cm",
        "zoom": 16,
        "status": "confirmed",
        "class": "car"
      }
    },
    {
      "type": "Feature",
      "geometry": {
        "type": "Polygon",
        "coordinates": [
          [
            [
              25502865.212,
              6683151.8
            ],
            [
              25502867.313,
              6683153.282
            ],
            [
              25502863.692,
              6683158.416
            ],
            [
              25502861.591,
              6683156.934
            ],
            [
              25502865.212,
              6683151.8
            ]
          ]
        ]
      },
      "properties": {
        "confidence": 0.9151,
        "length_m": 6.28,
        "width_m": 2.57,
        "heading_deg": 144.8,
        "aoi": "r4-tattarisuo",
        "source_layer": "Ortoilmakuva_2025_5cm",
        "zoom": 16,
        "status": "confirmed",
        "class": "van"
      }
    },
    {
      "type": "Feature",
      "geometry": {
        "type": "Polygon",
        "coordinates": [
          [
            [
              25502860.921,
              6683167.155
            ],
            [
              25502862.918,
              6683166.062
            ],
            [
              25502865.355,
              6683170.514
            ],
            [
              25502863.359,
              6683171.607
            ],
            [
              25502860.921,
              6683167.155
            ]
          ]
        ]
      },
      "properties": {
        "confidence": 0.915,
        "length_m": 5.08,
        "width_m": 2.28,
        "heading_deg": 28.7,
        "aoi": "r4-tattarisuo",
        "source_layer": "Ortoilmakuva_2025_5cm",
        "zoom": 16,
        "status": "confirmed",
        "class": "car"
      }
    },
    {
      "type": "Feature",
      "geometry": {
        "type": "Polygon",
        "coordinates": [
          [
            [
              25503033.544,
              6683205.822
            ],
            [
              25503035.627,
              6683205.059
            ],
            [
              25503037.302,
              6683209.625
            ],
            [
              25503035.219,
              6683210.389
            ],
            [
              25503033.544,
              6683205.822
            ]
          ]
        ]
      },
      "properties": {
        "confidence": 0.9149,
        "length_m": 4.86,
        "width_m": 2.22,
        "heading_deg": 20.1,
        "aoi": "r4-tattarisuo",
        "source_layer": "Ortoilmakuva_2025_5cm",
        "zoom": 16,
        "status": "confirmed",
        "class": "car"
      }
    },
    {
      "type": "Feature",
      "geometry": {
        "type": "Polygon",
        "coordinates": [
          [
            [
              25502812.803,
              6683088.575
            ],
            [
              25502811.962,
              6683090.725
            ],
            [
              25502807.71,
              6683089.062
            ],
            [
              25502808.55,
              6683086.912
            ],
            [
              25502812.803,
              6683088.575
            ]
          ]
        ]
      },
      "properties": {
        "confidence": 0.9149,
        "length_m": 4.57,
        "width_m": 2.31,
        "heading_deg": 68.6,
        "aoi": "r4-tattarisuo",
        "source_layer": "Ortoilmakuva_2025_5cm",
        "zoom": 16,
        "status": "confirmed",
        "class": "car"
      }
    },
    {
      "type": "Feature",
      "geometry": {
        "type": "Polygon",
        "coordinates": [
          [
            [
              25503013.788,
              6683274.792
            ],
            [
              25503013.129,
              6683276.791
            ],
            [
              25503009.104,
              6683275.463
            ],
            [
              25503009.764,
              6683273.464
            ],
            [
              25503013.788,
              6683274.792
            ]
          ]
        ]
      },
      "properties": {
        "confidence": 0.9149,
        "length_m": 4.24,
        "width_m": 2.1,
        "heading_deg": 71.7,
        "aoi": "r4-tattarisuo",
        "source_layer": "Ortoilmakuva_2025_5cm",
        "zoom": 16,
        "status": "confirmed",
        "class": "car"
      }
    },
    {
      "type": "Feature",
      "geometry": {
        "type": "Polygon",
        "coordinates": [
          [
            [
              25502925.959,
              6683162.835
            ],
            [
              25502921.577,
              6683161.435
            ],
            [
              25502921.002,
              6683163.235
            ],
            [
              25502925.384,
              6683164.635
            ],
            [
              25502925.959,
              6683162.835
            ]
          ]
        ]
      },
      "properties": {
        "confidence": 0.9146,
        "length_m": 4.6,
        "width_m": 1.89,
        "heading_deg": 72.3,
        "aoi": "r4-tattarisuo",
        "source_layer": "Ortoilmakuva_2025_5cm",
        "zoom": 16,
        "status": "confirmed",
        "class": "car"
      }
    },
    {
      "type": "Feature",
      "geometry": {
        "type": "Polygon",
        "coordinates": [
          [
            [
              25502823.54,
              6683007.573
            ],
            [
              25502814.077,
              6683005.978
            ],
            [
              25502813.604,
              6683008.784
            ],
            [
              25502823.067,
              6683010.379
            ],
            [
              25502823.54,
              6683007.573
            ]
          ]
        ]
      },
      "properties": {
        "confidence": 0.9145,
        "length_m": 9.6,
        "width_m": 2.85,
        "heading_deg": 80.4,
        "aoi": "r4-tattarisuo",
        "source_layer": "Ortoilmakuva_2025_5cm",
        "zoom": 16,
        "status": "confirmed",
        "class": "truck"
      }
    },
    {
      "type": "Feature",
      "geometry": {
        "type": "Polygon",
        "coordinates": [
          [
            [
              25502886.714,
              6682987.94
            ],
            [
              25502886.03,
              6682989.807
            ],
            [
              25502882.202,
              6682988.406
            ],
            [
              25502882.886,
              6682986.538
            ],
            [
              25502886.714,
              6682987.94
            ]
          ]
        ]
      },
      "properties": {
        "confidence": 0.9144,
        "length_m": 4.08,
        "width_m": 1.99,
        "heading_deg": 69.9,
        "aoi": "r4-tattarisuo",
        "source_layer": "Ortoilmakuva_2025_5cm",
        "zoom": 16,
        "status": "confirmed",
        "class": "car"
      }
    },
    {
      "type": "Feature",
      "geometry": {
        "type": "Polygon",
        "coordinates": [
          [
            [
              25502772.7,
              6683154.718
            ],
            [
              25502774.757,
              6683155.43
            ],
            [
              25502773.257,
              6683159.764
            ],
            [
              25502771.2,
              6683159.052
            ],
            [
              25502772.7,
              6683154.718
            ]
          ]
        ]
      },
      "properties": {
        "confidence": 0.9141,
        "length_m": 4.59,
        "width_m": 2.18,
        "heading_deg": 160.9,
        "aoi": "r4-tattarisuo",
        "source_layer": "Ortoilmakuva_2025_5cm",
        "zoom": 16,
        "status": "confirmed",
        "class": "car"
      }
    },
    {
      "type": "Feature",
      "geometry": {
        "type": "Polygon",
        "coordinates": [
          [
            [
              25502770.604,
              6683168.593
            ],
            [
              25502770.454,
              6683170.62
            ],
            [
              25502765.868,
              6683170.282
            ],
            [
              25502766.017,
              6683168.254
            ],
            [
              25502770.604,
              6683168.593
            ]
          ]
        ]
      },
      "properties": {
        "confidence": 0.914,
        "length_m": 4.6,
        "width_m": 2.03,
        "heading_deg": 85.8,
        "aoi": "r4-tattarisuo",
        "source_layer": "Ortoilmakuva_2025_5cm",
        "zoom": 16,
        "status": "confirmed",
        "class": "car"
      }
    },
    {
      "type": "Feature",
      "geometry": {
        "type": "Polygon",
        "coordinates": [
          [
            [
              25503041.216,
              6683124.777
            ],
            [
              25503040.558,
              6683127.07
            ],
            [
              25503035.639,
              6683125.657
            ],
            [
              25503036.297,
              6683123.364
            ],
            [
              25503041.216,
              6683124.777
            ]
          ]
        ]
      },
      "properties": {
        "confidence": 0.914,
        "length_m": 5.12,
        "width_m": 2.39,
        "heading_deg": 74,
        "aoi": "r4-tattarisuo",
        "source_layer": "Ortoilmakuva_2025_5cm",
        "zoom": 16,
        "status": "confirmed",
        "class": "car"
      }
    },
    {
      "type": "Feature",
      "geometry": {
        "type": "Polygon",
        "coordinates": [
          [
            [
              25502861.518,
              6683106.573
            ],
            [
              25502860.703,
              6683108.742
            ],
            [
              25502856.278,
              6683107.079
            ],
            [
              25502857.094,
              6683104.91
            ],
            [
              25502861.518,
              6683106.573
            ]
          ]
        ]
      },
      "properties": {
        "confidence": 0.914,
        "length_m": 4.73,
        "width_m": 2.32,
        "heading_deg": 69.4,
        "aoi": "r4-tattarisuo",
        "source_layer": "Ortoilmakuva_2025_5cm",
        "zoom": 16,
        "status": "confirmed",
        "class": "car"
      }
    },
    {
      "type": "Feature",
      "geometry": {
        "type": "Polygon",
        "coordinates": [
          [
            [
              25502771.748,
              6683111.416
            ],
            [
              25502771.598,
              6683113.466
            ],
            [
              25502767.46,
              6683113.165
            ],
            [
              25502767.609,
              6683111.115
            ],
            [
              25502771.748,
              6683111.416
            ]
          ]
        ]
      },
      "properties": {
        "confidence": 0.9136,
        "length_m": 4.15,
        "width_m": 2.06,
        "heading_deg": 85.8,
        "aoi": "r4-tattarisuo",
        "source_layer": "Ortoilmakuva_2025_5cm",
        "zoom": 16,
        "status": "confirmed",
        "class": "car"
      }
    },
    {
      "type": "Feature",
      "geometry": {
        "type": "Polygon",
        "coordinates": [
          [
            [
              25502764.864,
              6683112.74
            ],
            [
              25502766.931,
              6683113.429
            ],
            [
              25502765.372,
              6683118.109
            ],
            [
              25502763.306,
              6683117.421
            ],
            [
              25502764.864,
              6683112.74
            ]
          ]
        ]
      },
      "properties": {
        "confidence": 0.9134,
        "length_m": 4.93,
        "width_m": 2.18,
        "heading_deg": 161.6,
        "aoi": "r4-tattarisuo",
        "source_layer": "Ortoilmakuva_2025_5cm",
        "zoom": 16,
        "status": "confirmed",
        "class": "car"
      }
    },
    {
      "type": "Feature",
      "geometry": {
        "type": "Polygon",
        "coordinates": [
          [
            [
              25502997.463,
              6683173.927
            ],
            [
              25502996.899,
              6683175.953
            ],
            [
              25502992.57,
              6683174.748
            ],
            [
              25502993.134,
              6683172.721
            ],
            [
              25502997.463,
              6683173.927
            ]
          ]
        ]
      },
      "properties": {
        "confidence": 0.9132,
        "length_m": 4.49,
        "width_m": 2.1,
        "heading_deg": 74.4,
        "aoi": "r4-tattarisuo",
        "source_layer": "Ortoilmakuva_2025_5cm",
        "zoom": 16,
        "status": "confirmed",
        "class": "car"
      }
    },
    {
      "type": "Feature",
      "geometry": {
        "type": "Polygon",
        "coordinates": [
          [
            [
              25503020.871,
              6683268.514
            ],
            [
              25503020.24,
              6683270.763
            ],
            [
              25503015.785,
              6683269.511
            ],
            [
              25503016.417,
              6683267.263
            ],
            [
              25503020.871,
              6683268.514
            ]
          ]
        ]
      },
      "properties": {
        "confidence": 0.9131,
        "length_m": 4.63,
        "width_m": 2.34,
        "heading_deg": 74.3,
        "aoi": "r4-tattarisuo",
        "source_layer": "Ortoilmakuva_2025_5cm",
        "zoom": 16,
        "status": "confirmed",
        "class": "car"
      }
    },
    {
      "type": "Feature",
      "geometry": {
        "type": "Polygon",
        "coordinates": [
          [
            [
              25503018.591,
              6683276.24
            ],
            [
              25503017.96,
              6683278.329
            ],
            [
              25503013.659,
              6683277.029
            ],
            [
              25503014.291,
              6683274.94
            ],
            [
              25503018.591,
              6683276.24
            ]
          ]
        ]
      },
      "properties": {
        "confidence": 0.9124,
        "length_m": 4.49,
        "width_m": 2.18,
        "heading_deg": 73.2,
        "aoi": "r4-tattarisuo",
        "source_layer": "Ortoilmakuva_2025_5cm",
        "zoom": 16,
        "status": "confirmed",
        "class": "car"
      }
    },
    {
      "type": "Feature",
      "geometry": {
        "type": "Polygon",
        "coordinates": [
          [
            [
              25502864.403,
              6682992.786
            ],
            [
              25502863.918,
              6682994.742
            ],
            [
              25502859.862,
              6682993.736
            ],
            [
              25502860.348,
              6682991.779
            ],
            [
              25502864.403,
              6682992.786
            ]
          ]
        ]
      },
      "properties": {
        "confidence": 0.9124,
        "length_m": 4.18,
        "width_m": 2.02,
        "heading_deg": 76.1,
        "aoi": "r4-tattarisuo",
        "source_layer": "Ortoilmakuva_2025_5cm",
        "zoom": 16,
        "status": "confirmed",
        "class": "car"
      }
    },
    {
      "type": "Feature",
      "geometry": {
        "type": "Polygon",
        "coordinates": [
          [
            [
              25502927.539,
              6682982.72
            ],
            [
              25502927.02,
              6682984.729
            ],
            [
              25502922.932,
              6682983.672
            ],
            [
              25502923.451,
              6682981.663
            ],
            [
              25502927.539,
              6682982.72
            ]
          ]
        ]
      },
      "properties": {
        "confidence": 0.9122,
        "length_m": 4.22,
        "width_m": 2.07,
        "heading_deg": 75.5,
        "aoi": "r4-tattarisuo",
        "source_layer": "Ortoilmakuva_2025_5cm",
        "zoom": 16,
        "status": "confirmed",
        "class": "car"
      }
    },
    {
      "type": "Feature",
      "geometry": {
        "type": "Polygon",
        "coordinates": [
          [
            [
              25502870.918,
              6683101.532
            ],
            [
              25502873.021,
              6683101.901
            ],
            [
              25502872.158,
              6683106.828
            ],
            [
              25502870.055,
              6683106.459
            ],
            [
              25502870.918,
              6683101.532
            ]
          ]
        ]
      },
      "properties": {
        "confidence": 0.9122,
        "length_m": 5,
        "width_m": 2.14,
        "heading_deg": 170.1,
        "aoi": "r4-tattarisuo",
        "source_layer": "Ortoilmakuva_2025_5cm",
        "zoom": 16,
        "status": "confirmed",
        "class": "car"
      }
    },
    {
      "type": "Feature",
      "geometry": {
        "type": "Polygon",
        "coordinates": [
          [
            [
              25503031.413,
              6683189.977
            ],
            [
              25503033.516,
              6683190.4
            ],
            [
              25503032.556,
              6683195.167
            ],
            [
              25503030.452,
              6683194.743
            ],
            [
              25503031.413,
              6683189.977
            ]
          ]
        ]
      },
      "properties": {
        "confidence": 0.9119,
        "length_m": 4.86,
        "width_m": 2.15,
        "heading_deg": 168.6,
        "aoi": "r4-tattarisuo",
        "source_layer": "Ortoilmakuva_2025_5cm",
        "zoom": 16,
        "status": "confirmed",
        "class": "car"
      }
    },
    {
      "type": "Feature",
      "geometry": {
        "type": "Polygon",
        "coordinates": [
          [
            [
              25502957.274,
              6683024.268
            ],
            [
              25502959.486,
              6683024.181
            ],
            [
              25502959.656,
              6683028.499
            ],
            [
              25502957.444,
              6683028.586
            ],
            [
              25502957.274,
              6683024.268
            ]
          ]
        ]
      },
      "properties": {
        "confidence": 0.9119,
        "length_m": 4.32,
        "width_m": 2.21,
        "heading_deg": 2.3,
        "aoi": "r4-tattarisuo",
        "source_layer": "Ortoilmakuva_2025_5cm",
        "zoom": 16,
        "status": "confirmed",
        "class": "car"
      }
    },
    {
      "type": "Feature",
      "geometry": {
        "type": "Polygon",
        "coordinates": [
          [
            [
              25503031.755,
              6683139.536
            ],
            [
              25503033.926,
              6683139.979
            ],
            [
              25503032.906,
              6683144.974
            ],
            [
              25503030.735,
              6683144.531
            ],
            [
              25503031.755,
              6683139.536
            ]
          ]
        ]
      },
      "properties": {
        "confidence": 0.9115,
        "length_m": 5.1,
        "width_m": 2.22,
        "heading_deg": 168.5,
        "aoi": "r4-tattarisuo",
        "source_layer": "Ortoilmakuva_2025_5cm",
        "zoom": 16,
        "status": "confirmed",
        "class": "car"
      }
    },
    {
      "type": "Feature",
      "geometry": {
        "type": "Polygon",
        "coordinates": [
          [
            [
              25502963.564,
              6683027.033
            ],
            [
              25502965.51,
              6683025.96
            ],
            [
              25502967.916,
              6683030.322
            ],
            [
              25502965.97,
              6683031.395
            ],
            [
              25502963.564,
              6683027.033
            ]
          ]
        ]
      },
      "properties": {
        "confidence": 0.9108,
        "length_m": 4.98,
        "width_m": 2.22,
        "heading_deg": 28.9,
        "aoi": "r4-tattarisuo",
        "source_layer": "Ortoilmakuva_2025_5cm",
        "zoom": 16,
        "status": "confirmed",
        "class": "car"
      }
    },
    {
      "type": "Feature",
      "geometry": {
        "type": "Polygon",
        "coordinates": [
          [
            [
              25503040.224,
              6683189.669
            ],
            [
              25503042.142,
              6683189.466
            ],
            [
              25503042.591,
              6683193.71
            ],
            [
              25503040.673,
              6683193.913
            ],
            [
              25503040.224,
              6683189.669
            ]
          ]
        ]
      },
      "properties": {
        "confidence": 0.9097,
        "length_m": 4.27,
        "width_m": 1.93,
        "heading_deg": 6,
        "aoi": "r4-tattarisuo",
        "source_layer": "Ortoilmakuva_2025_5cm",
        "zoom": 16,
        "status": "confirmed",
        "class": "car"
      }
    },
    {
      "type": "Feature",
      "geometry": {
        "type": "Polygon",
        "coordinates": [
          [
            [
              25502895.459,
              6682992.869
            ],
            [
              25502894.963,
              6682995.014
            ],
            [
              25502890.623,
              6682994.012
            ],
            [
              25502891.119,
              6682991.866
            ],
            [
              25502895.459,
              6682992.869
            ]
          ]
        ]
      },
      "properties": {
        "confidence": 0.9094,
        "length_m": 4.45,
        "width_m": 2.2,
        "heading_deg": 77,
        "aoi": "r4-tattarisuo",
        "source_layer": "Ortoilmakuva_2025_5cm",
        "zoom": 16,
        "status": "confirmed",
        "class": "car"
      }
    },
    {
      "type": "Feature",
      "geometry": {
        "type": "Polygon",
        "coordinates": [
          [
            [
              25502849.179,
              6683091.537
            ],
            [
              25502851.31,
              6683092.065
            ],
            [
              25502850.166,
              6683096.682
            ],
            [
              25502848.036,
              6683096.154
            ],
            [
              25502849.179,
              6683091.537
            ]
          ]
        ]
      },
      "properties": {
        "confidence": 0.9092,
        "length_m": 4.76,
        "width_m": 2.2,
        "heading_deg": 166.1,
        "aoi": "r4-tattarisuo",
        "source_layer": "Ortoilmakuva_2025_5cm",
        "zoom": 16,
        "status": "confirmed",
        "class": "car"
      }
    },
    {
      "type": "Feature",
      "geometry": {
        "type": "Polygon",
        "coordinates": [
          [
            [
              25503004.792,
              6683070.127
            ],
            [
              25503006.84,
              6683070.512
            ],
            [
              25503006.025,
              6683074.845
            ],
            [
              25503003.977,
              6683074.46
            ],
            [
              25503004.792,
              6683070.127
            ]
          ]
        ]
      },
      "properties": {
        "confidence": 0.9091,
        "length_m": 4.41,
        "width_m": 2.08,
        "heading_deg": 169.3,
        "aoi": "r4-tattarisuo",
        "source_layer": "Ortoilmakuva_2025_5cm",
        "zoom": 16,
        "status": "confirmed",
        "class": "car"
      }
    },
    {
      "type": "Feature",
      "geometry": {
        "type": "Polygon",
        "coordinates": [
          [
            [
              25502881.307,
              6682982.523
            ],
            [
              25502880.624,
              6682984.469
            ],
            [
              25502876.721,
              6682983.097
            ],
            [
              25502877.405,
              6682981.152
            ],
            [
              25502881.307,
              6682982.523
            ]
          ]
        ]
      },
      "properties": {
        "confidence": 0.909,
        "length_m": 4.14,
        "width_m": 2.06,
        "heading_deg": 70.6,
        "aoi": "r4-tattarisuo",
        "source_layer": "Ortoilmakuva_2025_5cm",
        "zoom": 16,
        "status": "confirmed",
        "class": "car"
      }
    },
    {
      "type": "Feature",
      "geometry": {
        "type": "Polygon",
        "coordinates": [
          [
            [
              25502971.314,
              6683030.218
            ],
            [
              25502974.322,
              6683033.47
            ],
            [
              25502972.71,
              6683034.961
            ],
            [
              25502969.702,
              6683031.709
            ],
            [
              25502971.314,
              6683030.218
            ]
          ]
        ]
      },
      "properties": {
        "confidence": 0.909,
        "length_m": 4.43,
        "width_m": 2.2,
        "heading_deg": 42.8,
        "aoi": "r4-tattarisuo",
        "source_layer": "Ortoilmakuva_2025_5cm",
        "zoom": 16,
        "status": "confirmed",
        "class": "car"
      }
    },
    {
      "type": "Feature",
      "geometry": {
        "type": "Polygon",
        "coordinates": [
          [
            [
              25502926.684,
              6683106.704
            ],
            [
              25502928.906,
              6683108.521
            ],
            [
              25502920.768,
              6683118.47
            ],
            [
              25502918.546,
              6683116.654
            ],
            [
              25502926.684,
              6683106.704
            ]
          ]
        ]
      },
      "properties": {
        "confidence": 0.9089,
        "length_m": 12.85,
        "width_m": 2.87,
        "heading_deg": 140.7,
        "aoi": "r4-tattarisuo",
        "source_layer": "Ortoilmakuva_2025_5cm",
        "zoom": 16,
        "status": "confirmed",
        "class": "bus"
      }
    },
    {
      "type": "Feature",
      "geometry": {
        "type": "Polygon",
        "coordinates": [
          [
            [
              25502923.79,
              6683229.985
            ],
            [
              25502920.151,
              6683226.962
            ],
            [
              25502918.892,
              6683228.478
            ],
            [
              25502922.531,
              6683231.501
            ],
            [
              25502923.79,
              6683229.985
            ]
          ]
        ]
      },
      "properties": {
        "confidence": 0.9087,
        "length_m": 4.73,
        "width_m": 1.97,
        "heading_deg": 50.3,
        "aoi": "r4-tattarisuo",
        "source_layer": "Ortoilmakuva_2025_5cm",
        "zoom": 16,
        "status": "confirmed",
        "class": "car"
      }
    },
    {
      "type": "Feature",
      "geometry": {
        "type": "Polygon",
        "coordinates": [
          [
            [
              25502875.106,
              6682997.099
            ],
            [
              25502871.066,
              6682995.105
            ],
            [
              25502870.23,
              6682996.798
            ],
            [
              25502874.27,
              6682998.793
            ],
            [
              25502875.106,
              6682997.099
            ]
          ]
        ]
      },
      "properties": {
        "confidence": 0.9084,
        "length_m": 4.51,
        "width_m": 1.89,
        "heading_deg": 63.7,
        "aoi": "r4-tattarisuo",
        "source_layer": "Ortoilmakuva_2025_5cm",
        "zoom": 16,
        "status": "confirmed",
        "class": "car"
      }
    },
    {
      "type": "Feature",
      "geometry": {
        "type": "Polygon",
        "coordinates": [
          [
            [
              25502919.413,
              6683228.474
            ],
            [
              25502918.521,
              6683223.104
            ],
            [
              25502916.361,
              6683223.463
            ],
            [
              25502917.253,
              6683228.832
            ],
            [
              25502919.413,
              6683228.474
            ]
          ]
        ]
      },
      "properties": {
        "confidence": 0.9078,
        "length_m": 5.44,
        "width_m": 2.19,
        "heading_deg": 9.4,
        "aoi": "r4-tattarisuo",
        "source_layer": "Ortoilmakuva_2025_5cm",
        "zoom": 16,
        "status": "confirmed",
        "class": "van"
      }
    },
    {
      "type": "Feature",
      "geometry": {
        "type": "Polygon",
        "coordinates": [
          [
            [
              25502920.612,
              6682979.515
            ],
            [
              25502923.08,
              6682980.239
            ],
            [
              25502920.97,
              6682987.436
            ],
            [
              25502918.502,
              6682986.712
            ],
            [
              25502920.612,
              6682979.515
            ]
          ]
        ]
      },
      "properties": {
        "confidence": 0.9076,
        "length_m": 7.5,
        "width_m": 2.57,
        "heading_deg": 163.7,
        "aoi": "r4-tattarisuo",
        "source_layer": "Ortoilmakuva_2025_5cm",
        "zoom": 16,
        "status": "confirmed",
        "class": "van"
      }
    },
    {
      "type": "Feature",
      "geometry": {
        "type": "Polygon",
        "coordinates": [
          [
            [
              25502897.491,
              6683050.721
            ],
            [
              25502899.557,
              6683051.231
            ],
            [
              25502898.437,
              6683055.756
            ],
            [
              25502896.372,
              6683055.245
            ],
            [
              25502897.491,
              6683050.721
            ]
          ]
        ]
      },
      "properties": {
        "confidence": 0.9069,
        "length_m": 4.66,
        "width_m": 2.13,
        "heading_deg": 166.1,
        "aoi": "r4-tattarisuo",
        "source_layer": "Ortoilmakuva_2025_5cm",
        "zoom": 16,
        "status": "confirmed",
        "class": "car"
      }
    },
    {
      "type": "Feature",
      "geometry": {
        "type": "Polygon",
        "coordinates": [
          [
            [
              25502864.959,
              6683094.545
            ],
            [
              25502867.053,
              6683095.068
            ],
            [
              25502865.939,
              6683099.527
            ],
            [
              25502863.845,
              6683099.004
            ],
            [
              25502864.959,
              6683094.545
            ]
          ]
        ]
      },
      "properties": {
        "confidence": 0.9065,
        "length_m": 4.6,
        "width_m": 2.16,
        "heading_deg": 166,
        "aoi": "r4-tattarisuo",
        "source_layer": "Ortoilmakuva_2025_5cm",
        "zoom": 16,
        "status": "confirmed",
        "class": "car"
      }
    },
    {
      "type": "Feature",
      "geometry": {
        "type": "Polygon",
        "coordinates": [
          [
            [
              25502851.56,
              6683038.117
            ],
            [
              25502853.934,
              6683038.644
            ],
            [
              25502852.662,
              6683044.378
            ],
            [
              25502850.288,
              6683043.852
            ],
            [
              25502851.56,
              6683038.117
            ]
          ]
        ]
      },
      "properties": {
        "confidence": 0.9064,
        "length_m": 5.87,
        "width_m": 2.43,
        "heading_deg": 167.5,
        "aoi": "r4-tattarisuo",
        "source_layer": "Ortoilmakuva_2025_5cm",
        "zoom": 16,
        "status": "confirmed",
        "class": "van"
      }
    },
    {
      "type": "Feature",
      "geometry": {
        "type": "Polygon",
        "coordinates": [
          [
            [
              25502876.773,
              6683275.983
            ],
            [
              25502878.332,
              6683277.82
            ],
            [
              25502874.298,
              6683281.244
            ],
            [
              25502872.739,
              6683279.407
            ],
            [
              25502876.773,
              6683275.983
            ]
          ]
        ]
      },
      "properties": {
        "confidence": 0.9063,
        "length_m": 5.29,
        "width_m": 2.41,
        "heading_deg": 130.3,
        "aoi": "r4-tattarisuo",
        "source_layer": "Ortoilmakuva_2025_5cm",
        "zoom": 16,
        "status": "confirmed",
        "class": "van"
      }
    },
    {
      "type": "Feature",
      "geometry": {
        "type": "Polygon",
        "coordinates": [
          [
            [
              25502763.999,
              6683168.769
            ],
            [
              25502765.513,
              6683170.147
            ],
            [
              25502762.619,
              6683173.325
            ],
            [
              25502761.105,
              6683171.946
            ],
            [
              25502763.999,
              6683168.769
            ]
          ]
        ]
      },
      "properties": {
        "confidence": 0.9062,
        "length_m": 4.3,
        "width_m": 2.05,
        "heading_deg": 137.7,
        "aoi": "r4-tattarisuo",
        "source_layer": "Ortoilmakuva_2025_5cm",
        "zoom": 16,
        "status": "confirmed",
        "class": "car"
      }
    },
    {
      "type": "Feature",
      "geometry": {
        "type": "Polygon",
        "coordinates": [
          [
            [
              25502961.419,
              6683147.863
            ],
            [
              25502960.62,
              6683150.054
            ],
            [
              25502956.157,
              6683148.425
            ],
            [
              25502956.956,
              6683146.235
            ],
            [
              25502961.419,
              6683147.863
            ]
          ]
        ]
      },
      "properties": {
        "confidence": 0.9062,
        "length_m": 4.75,
        "width_m": 2.33,
        "heading_deg": 69.9,
        "aoi": "r4-tattarisuo",
        "source_layer": "Ortoilmakuva_2025_5cm",
        "zoom": 16,
        "status": "confirmed",
        "class": "car"
      }
    },
    {
      "type": "Feature",
      "geometry": {
        "type": "Polygon",
        "coordinates": [
          [
            [
              25503063.513,
              6683003.152
            ],
            [
              25503065.518,
              6683003.631
            ],
            [
              25503064.405,
              6683008.294
            ],
            [
              25503062.399,
              6683007.815
            ],
            [
              25503063.513,
              6683003.152
            ]
          ]
        ]
      },
      "properties": {
        "confidence": 0.906,
        "length_m": 4.79,
        "width_m": 2.06,
        "heading_deg": 166.6,
        "aoi": "r4-tattarisuo",
        "source_layer": "Ortoilmakuva_2025_5cm",
        "zoom": 16,
        "status": "confirmed",
        "class": "car"
      }
    },
    {
      "type": "Feature",
      "geometry": {
        "type": "Polygon",
        "coordinates": [
          [
            [
              25502795.736,
              6683121.138
            ],
            [
              25502797.824,
              6683122.306
            ],
            [
              25502795.395,
              6683126.649
            ],
            [
              25502793.306,
              6683125.48
            ],
            [
              25502795.736,
              6683121.138
            ]
          ]
        ]
      },
      "properties": {
        "confidence": 0.9058,
        "length_m": 4.98,
        "width_m": 2.39,
        "heading_deg": 150.8,
        "aoi": "r4-tattarisuo",
        "source_layer": "Ortoilmakuva_2025_5cm",
        "zoom": 16,
        "status": "confirmed",
        "class": "car"
      }
    },
    {
      "type": "Feature",
      "geometry": {
        "type": "Polygon",
        "coordinates": [
          [
            [
              25502785.677,
              6683107.624
            ],
            [
              25502788.026,
              6683108.168
            ],
            [
              25502786.806,
              6683113.44
            ],
            [
              25502784.457,
              6683112.896
            ],
            [
              25502785.677,
              6683107.624
            ]
          ]
        ]
      },
      "properties": {
        "confidence": 0.9055,
        "length_m": 5.41,
        "width_m": 2.41,
        "heading_deg": 167,
        "aoi": "r4-tattarisuo",
        "source_layer": "Ortoilmakuva_2025_5cm",
        "zoom": 16,
        "status": "confirmed",
        "class": "car"
      }
    },
    {
      "type": "Feature",
      "geometry": {
        "type": "Polygon",
        "coordinates": [
          [
            [
              25502807.583,
              6683119.487
            ],
            [
              25502809.468,
              6683118.254
            ],
            [
              25502812.004,
              6683122.134
            ],
            [
              25502810.119,
              6683123.367
            ],
            [
              25502807.583,
              6683119.487
            ]
          ]
        ]
      },
      "properties": {
        "confidence": 0.9055,
        "length_m": 4.64,
        "width_m": 2.25,
        "heading_deg": 33.2,
        "aoi": "r4-tattarisuo",
        "source_layer": "Ortoilmakuva_2025_5cm",
        "zoom": 16,
        "status": "confirmed",
        "class": "car"
      }
    },
    {
      "type": "Feature",
      "geometry": {
        "type": "Polygon",
        "coordinates": [
          [
            [
              25502968.756,
              6683033.2
            ],
            [
              25502970.754,
              6683033.534
            ],
            [
              25502970.032,
              6683037.853
            ],
            [
              25502968.034,
              6683037.519
            ],
            [
              25502968.756,
              6683033.2
            ]
          ]
        ]
      },
      "properties": {
        "confidence": 0.9054,
        "length_m": 4.38,
        "width_m": 2.03,
        "heading_deg": 170.5,
        "aoi": "r4-tattarisuo",
        "source_layer": "Ortoilmakuva_2025_5cm",
        "zoom": 16,
        "status": "confirmed",
        "class": "car"
      }
    },
    {
      "type": "Feature",
      "geometry": {
        "type": "Polygon",
        "coordinates": [
          [
            [
              25502978.982,
              6683033.972
            ],
            [
              25502977.998,
              6683035.85
            ],
            [
              25502974.138,
              6683033.829
            ],
            [
              25502975.121,
              6683031.951
            ],
            [
              25502978.982,
              6683033.972
            ]
          ]
        ]
      },
      "properties": {
        "confidence": 0.9052,
        "length_m": 4.36,
        "width_m": 2.12,
        "heading_deg": 62.4,
        "aoi": "r4-tattarisuo",
        "source_layer": "Ortoilmakuva_2025_5cm",
        "zoom": 16,
        "status": "confirmed",
        "class": "car"
      }
    },
    {
      "type": "Feature",
      "geometry": {
        "type": "Polygon",
        "coordinates": [
          [
            [
              25502878.445,
              6683138.51
            ],
            [
              25502880.609,
              6683139.044
            ],
            [
              25502879.446,
              6683143.758
            ],
            [
              25502877.282,
              6683143.224
            ],
            [
              25502878.445,
              6683138.51
            ]
          ]
        ]
      },
      "properties": {
        "confidence": 0.9049,
        "length_m": 4.86,
        "width_m": 2.23,
        "heading_deg": 166.1,
        "aoi": "r4-tattarisuo",
        "source_layer": "Ortoilmakuva_2025_5cm",
        "zoom": 16,
        "status": "confirmed",
        "class": "car"
      }
    },
    {
      "type": "Feature",
      "geometry": {
        "type": "Polygon",
        "coordinates": [
          [
            [
              25502981.235,
              6683169.654
            ],
            [
              25502980.695,
              6683171.612
            ],
            [
              25502976.186,
              6683170.368
            ],
            [
              25502976.726,
              6683168.41
            ],
            [
              25502981.235,
              6683169.654
            ]
          ]
        ]
      },
      "properties": {
        "confidence": 0.9046,
        "length_m": 4.68,
        "width_m": 2.03,
        "heading_deg": 74.6,
        "aoi": "r4-tattarisuo",
        "source_layer": "Ortoilmakuva_2025_5cm",
        "zoom": 16,
        "status": "confirmed",
        "class": "car"
      }
    },
    {
      "type": "Feature",
      "geometry": {
        "type": "Polygon",
        "coordinates": [
          [
            [
              25502970.224,
              6683166.882
            ],
            [
              25502969.575,
              6683168.825
            ],
            [
              25502964.999,
              6683167.298
            ],
            [
              25502965.647,
              6683165.355
            ],
            [
              25502970.224,
              6683166.882
            ]
          ]
        ]
      },
      "properties": {
        "confidence": 0.9045,
        "length_m": 4.82,
        "width_m": 2.05,
        "heading_deg": 71.5,
        "aoi": "r4-tattarisuo",
        "source_layer": "Ortoilmakuva_2025_5cm",
        "zoom": 16,
        "status": "confirmed",
        "class": "car"
      }
    },
    {
      "type": "Feature",
      "geometry": {
        "type": "Polygon",
        "coordinates": [
          [
            [
              25502876.142,
              6682989.554
            ],
            [
              25502872.516,
              6682988.176
            ],
            [
              25502871.954,
              6682989.654
            ],
            [
              25502875.58,
              6682991.032
            ],
            [
              25502876.142,
              6682989.554
            ]
          ]
        ]
      },
      "properties": {
        "confidence": 0.9042,
        "length_m": 3.88,
        "width_m": 1.58,
        "heading_deg": 69.2,
        "aoi": "r4-tattarisuo",
        "source_layer": "Ortoilmakuva_2025_5cm",
        "zoom": 16,
        "status": "confirmed",
        "class": "car"
      }
    },
    {
      "type": "Feature",
      "geometry": {
        "type": "Polygon",
        "coordinates": [
          [
            [
              25502949.944,
              6683165.276
            ],
            [
              25502949.193,
              6683167.751
            ],
            [
              25502944.017,
              6683166.181
            ],
            [
              25502944.768,
              6683163.706
            ],
            [
              25502949.944,
              6683165.276
            ]
          ]
        ]
      },
      "properties": {
        "confidence": 0.9042,
        "length_m": 5.41,
        "width_m": 2.59,
        "heading_deg": 73.1,
        "aoi": "r4-tattarisuo",
        "source_layer": "Ortoilmakuva_2025_5cm",
        "zoom": 16,
        "status": "confirmed",
        "class": "van"
      }
    },
    {
      "type": "Feature",
      "geometry": {
        "type": "Polygon",
        "coordinates": [
          [
            [
              25502862.522,
              6683104.61
            ],
            [
              25502864.817,
              6683104.919
            ],
            [
              25502864.158,
              6683109.802
            ],
            [
              25502861.864,
              6683109.493
            ],
            [
              25502862.522,
              6683104.61
            ]
          ]
        ]
      },
      "properties": {
        "confidence": 0.9041,
        "length_m": 4.93,
        "width_m": 2.32,
        "heading_deg": 172.3,
        "aoi": "r4-tattarisuo",
        "source_layer": "Ortoilmakuva_2025_5cm",
        "zoom": 16,
        "status": "confirmed",
        "class": "car"
      }
    },
    {
      "type": "Feature",
      "geometry": {
        "type": "Polygon",
        "coordinates": [
          [
            [
              25502762.623,
              6683138.953
            ],
            [
              25502764.777,
              6683139.577
            ],
            [
              25502763.347,
              6683144.51
            ],
            [
              25502761.193,
              6683143.886
            ],
            [
              25502762.623,
              6683138.953
            ]
          ]
        ]
      },
      "properties": {
        "confidence": 0.9038,
        "length_m": 5.14,
        "width_m": 2.24,
        "heading_deg": 163.8,
        "aoi": "r4-tattarisuo",
        "source_layer": "Ortoilmakuva_2025_5cm",
        "zoom": 16,
        "status": "confirmed",
        "class": "car"
      }
    },
    {
      "type": "Feature",
      "geometry": {
        "type": "Polygon",
        "coordinates": [
          [
            [
              25503043.764,
              6683096.557
            ],
            [
              25503038.135,
              6683094.846
            ],
            [
              25503037.479,
              6683097.004
            ],
            [
              25503043.108,
              6683098.715
            ],
            [
              25503043.764,
              6683096.557
            ]
          ]
        ]
      },
      "properties": {
        "confidence": 0.9031,
        "length_m": 5.88,
        "width_m": 2.26,
        "heading_deg": 73.1,
        "aoi": "r4-tattarisuo",
        "source_layer": "Ortoilmakuva_2025_5cm",
        "zoom": 16,
        "status": "confirmed",
        "class": "van"
      }
    },
    {
      "type": "Feature",
      "geometry": {
        "type": "Polygon",
        "coordinates": [
          [
            [
              25502902.535,
              6683159.764
            ],
            [
              25502904.604,
              6683159.964
            ],
            [
              25502904.168,
              6683164.462
            ],
            [
              25502902.099,
              6683164.262
            ],
            [
              25502902.535,
              6683159.764
            ]
          ]
        ]
      },
      "properties": {
        "confidence": 0.9029,
        "length_m": 4.52,
        "width_m": 2.08,
        "heading_deg": 174.5,
        "aoi": "r4-tattarisuo",
        "source_layer": "Ortoilmakuva_2025_5cm",
        "zoom": 16,
        "status": "confirmed",
        "class": "car"
      }
    },
    {
      "type": "Feature",
      "geometry": {
        "type": "Polygon",
        "coordinates": [
          [
            [
              25502824.475,
              6683269.537
            ],
            [
              25502826.442,
              6683269.137
            ],
            [
              25502827.263,
              6683273.174
            ],
            [
              25502825.296,
              6683273.574
            ],
            [
              25502824.475,
              6683269.537
            ]
          ]
        ]
      },
      "properties": {
        "confidence": 0.9026,
        "length_m": 4.12,
        "width_m": 2.01,
        "heading_deg": 11.5,
        "aoi": "r4-tattarisuo",
        "source_layer": "Ortoilmakuva_2025_5cm",
        "zoom": 16,
        "status": "rejected",
        "class": ""
      }
    },
    {
      "type": "Feature",
      "geometry": {
        "type": "Polygon",
        "coordinates": [
          [
            [
              25502890.291,
              6683199.174
            ],
            [
              25502893.686,
              6683202.862
            ],
            [
              25502891.935,
              6683204.474
            ],
            [
              25502888.54,
              6683200.786
            ],
            [
              25502890.291,
              6683199.174
            ]
          ]
        ]
      },
      "properties": {
        "confidence": 0.9024,
        "length_m": 5.01,
        "width_m": 2.38,
        "heading_deg": 42.6,
        "aoi": "r4-tattarisuo",
        "source_layer": "Ortoilmakuva_2025_5cm",
        "zoom": 16,
        "status": "confirmed",
        "class": "car"
      }
    },
    {
      "type": "Feature",
      "geometry": {
        "type": "Polygon",
        "coordinates": [
          [
            [
              25502891.503,
              6683091.871
            ],
            [
              25502893.011,
              6683087.204
            ],
            [
              25502891.138,
              6683086.599
            ],
            [
              25502889.63,
              6683091.266
            ],
            [
              25502891.503,
              6683091.871
            ]
          ]
        ]
      },
      "properties": {
        "confidence": 0.9022,
        "length_m": 4.9,
        "width_m": 1.97,
        "heading_deg": 162.1,
        "aoi": "r4-tattarisuo",
        "source_layer": "Ortoilmakuva_2025_5cm",
        "zoom": 16,
        "status": "confirmed",
        "class": "car"
      }
    },
    {
      "type": "Feature",
      "geometry": {
        "type": "Polygon",
        "coordinates": [
          [
            [
              25502966.154,
              6683026.874
            ],
            [
              25502968.181,
              6683025.66
            ],
            [
              25502970.777,
              6683029.992
            ],
            [
              25502968.749,
              6683031.206
            ],
            [
              25502966.154,
              6683026.874
            ]
          ]
        ]
      },
      "properties": {
        "confidence": 0.9018,
        "length_m": 5.05,
        "width_m": 2.36,
        "heading_deg": 30.9,
        "aoi": "r4-tattarisuo",
        "source_layer": "Ortoilmakuva_2025_5cm",
        "zoom": 16,
        "status": "confirmed",
        "class": "car"
      }
    },
    {
      "type": "Feature",
      "geometry": {
        "type": "Polygon",
        "coordinates": [
          [
            [
              25502816.388,
              6683126.564
            ],
            [
              25502819.473,
              6683130.216
            ],
            [
              25502817.671,
              6683131.739
            ],
            [
              25502814.585,
              6683128.087
            ],
            [
              25502816.388,
              6683126.564
            ]
          ]
        ]
      },
      "properties": {
        "confidence": 0.9016,
        "length_m": 4.78,
        "width_m": 2.36,
        "heading_deg": 40.2,
        "aoi": "r4-tattarisuo",
        "source_layer": "Ortoilmakuva_2025_5cm",
        "zoom": 16,
        "status": "confirmed",
        "class": "car"
      }
    },
    {
      "type": "Feature",
      "geometry": {
        "type": "Polygon",
        "coordinates": [
          [
            [
              25502888.17,
              6683096.52
            ],
            [
              25502890.117,
              6683097.141
            ],
            [
              25502888.71,
              6683101.547
            ],
            [
              25502886.763,
              6683100.925
            ],
            [
              25502888.17,
              6683096.52
            ]
          ]
        ]
      },
      "properties": {
        "confidence": 0.9011,
        "length_m": 4.63,
        "width_m": 2.04,
        "heading_deg": 162.3,
        "aoi": "r4-tattarisuo",
        "source_layer": "Ortoilmakuva_2025_5cm",
        "zoom": 16,
        "status": "confirmed",
        "class": "car"
      }
    },
    {
      "type": "Feature",
      "geometry": {
        "type": "Polygon",
        "coordinates": [
          [
            [
              25502875.712,
              6682992.109
            ],
            [
              25502871.607,
              6682990.154
            ],
            [
              25502870.832,
              6682991.782
            ],
            [
              25502874.938,
              6682993.737
            ],
            [
              25502875.712,
              6682992.109
            ]
          ]
        ]
      },
      "properties": {
        "confidence": 0.9011,
        "length_m": 4.55,
        "width_m": 1.8,
        "heading_deg": 64.5,
        "aoi": "r4-tattarisuo",
        "source_layer": "Ortoilmakuva_2025_5cm",
        "zoom": 16,
        "status": "confirmed",
        "class": "car"
      }
    },
    {
      "type": "Feature",
      "geometry": {
        "type": "Polygon",
        "coordinates": [
          [
            [
              25502975.354,
              6683030.109
            ],
            [
              25502974.341,
              6683031.927
            ],
            [
              25502970.346,
              6683029.7
            ],
            [
              25502971.359,
              6683027.882
            ],
            [
              25502975.354,
              6683030.109
            ]
          ]
        ]
      },
      "properties": {
        "confidence": 0.9008,
        "length_m": 4.57,
        "width_m": 2.08,
        "heading_deg": 60.9,
        "aoi": "r4-tattarisuo",
        "source_layer": "Ortoilmakuva_2025_5cm",
        "zoom": 16,
        "status": "confirmed",
        "class": "car"
      }
    },
    {
      "type": "Feature",
      "geometry": {
        "type": "Polygon",
        "coordinates": [
          [
            [
              25502875.858,
              6683104.11
            ],
            [
              25502878.152,
              6683104.541
            ],
            [
              25502877.181,
              6683109.704
            ],
            [
              25502874.888,
              6683109.273
            ],
            [
              25502875.858,
              6683104.11
            ]
          ]
        ]
      },
      "properties": {
        "confidence": 0.9006,
        "length_m": 5.25,
        "width_m": 2.33,
        "heading_deg": 169.3,
        "aoi": "r4-tattarisuo",
        "source_layer": "Ortoilmakuva_2025_5cm",
        "zoom": 16,
        "status": "confirmed",
        "class": "car"
      }
    },
    {
      "type": "Feature",
      "geometry": {
        "type": "Polygon",
        "coordinates": [
          [
            [
              25502996.489,
              6683119.005
            ],
            [
              25502990.911,
              6683117.48
            ],
            [
              25502990.232,
              6683119.961
            ],
            [
              25502995.81,
              6683121.486
            ],
            [
              25502996.489,
              6683119.005
            ]
          ]
        ]
      },
      "properties": {
        "confidence": 0.9005,
        "length_m": 5.78,
        "width_m": 2.57,
        "heading_deg": 74.7,
        "aoi": "r4-tattarisuo",
        "source_layer": "Ortoilmakuva_2025_5cm",
        "zoom": 16,
        "status": "confirmed",
        "class": "van"
      }
    },
    {
      "type": "Feature",
      "geometry": {
        "type": "Polygon",
        "coordinates": [
          [
            [
              25503032.584,
              6683261.827
            ],
            [
              25503034.692,
              6683260.828
            ],
            [
              25503036.694,
              6683265.054
            ],
            [
              25503034.586,
              6683266.052
            ],
            [
              25503032.584,
              6683261.827
            ]
          ]
        ]
      },
      "properties": {
        "confidence": 0.9003,
        "length_m": 4.68,
        "width_m": 2.33,
        "heading_deg": 25.3,
        "aoi": "r4-tattarisuo",
        "source_layer": "Ortoilmakuva_2025_5cm",
        "zoom": 16,
        "status": "confirmed",
        "class": "car"
      }
    },
    {
      "type": "Feature",
      "geometry": {
        "type": "Polygon",
        "coordinates": [
          [
            [
              25503041.531,
              6683084.052
            ],
            [
              25503042.899,
              6683079.892
            ],
            [
              25503041.275,
              6683079.358
            ],
            [
              25503039.907,
              6683083.518
            ],
            [
              25503041.531,
              6683084.052
            ]
          ]
        ]
      },
      "properties": {
        "confidence": 0.9003,
        "length_m": 4.38,
        "width_m": 1.71,
        "heading_deg": 161.8,
        "aoi": "r4-tattarisuo",
        "source_layer": "Ortoilmakuva_2025_5cm",
        "zoom": 16,
        "status": "confirmed",
        "class": "car"
      }
    },
    {
      "type": "Feature",
      "geometry": {
        "type": "Polygon",
        "coordinates": [
          [
            [
              25502865.677,
              6683009.797
            ],
            [
              25502866.57,
              6683011.526
            ],
            [
              25502862.494,
              6683013.633
            ],
            [
              25502861.6,
              6683011.904
            ],
            [
              25502865.677,
              6683009.797
            ]
          ]
        ]
      },
      "properties": {
        "confidence": 0.9,
        "length_m": 4.59,
        "width_m": 1.95,
        "heading_deg": 117.3,
        "aoi": "r4-tattarisuo",
        "source_layer": "Ortoilmakuva_2025_5cm",
        "zoom": 16,
        "status": "confirmed",
        "class": "van"
      }
    },
    {
      "type": "Feature",
      "geometry": {
        "type": "Polygon",
        "coordinates": [
          [
            [
              25502957.541,
              6683134.235
            ],
            [
              25502947.54,
              6683130.88
            ],
            [
              25502946.566,
              6683133.783
            ],
            [
              25502956.567,
              6683137.138
            ],
            [
              25502957.541,
              6683134.235
            ]
          ]
        ]
      },
      "properties": {
        "confidence": 0.8989,
        "length_m": 10.55,
        "width_m": 3.06,
        "heading_deg": 71.5,
        "aoi": "r4-tattarisuo",
        "source_layer": "Ortoilmakuva_2025_5cm",
        "zoom": 16,
        "status": "confirmed",
        "class": "car"
      }
    },
    {
      "type": "Feature",
      "geometry": {
        "type": "Polygon",
        "coordinates": [
          [
            [
              25503053.68,
              6682999.45
            ],
            [
              25503056.025,
              6683000.206
            ],
            [
              25503054.372,
              6683005.337
            ],
            [
              25503052.027,
              6683004.581
            ],
            [
              25503053.68,
              6682999.45
            ]
          ]
        ]
      },
      "properties": {
        "confidence": 0.8985,
        "length_m": 5.39,
        "width_m": 2.46,
        "heading_deg": 162.1,
        "aoi": "r4-tattarisuo",
        "source_layer": "Ortoilmakuva_2025_5cm",
        "zoom": 16,
        "status": "confirmed",
        "class": "car"
      }
    },
    {
      "type": "Feature",
      "geometry": {
        "type": "Polygon",
        "coordinates": [
          [
            [
              25502883.01,
              6683005.077
            ],
            [
              25502884.819,
              6683005.489
            ],
            [
              25502883.898,
              6683009.535
            ],
            [
              25502882.089,
              6683009.123
            ],
            [
              25502883.01,
              6683005.077
            ]
          ]
        ]
      },
      "properties": {
        "confidence": 0.898,
        "length_m": 4.15,
        "width_m": 1.86,
        "heading_deg": 167.2,
        "aoi": "r4-tattarisuo",
        "source_layer": "Ortoilmakuva_2025_5cm",
        "zoom": 16,
        "status": "confirmed",
        "class": "car"
      }
    },
    {
      "type": "Feature",
      "geometry": {
        "type": "Polygon",
        "coordinates": [
          [
            [
              25502975.668,
              6683168.273
            ],
            [
              25502975.118,
              6683170.26
            ],
            [
              25502970.943,
              6683169.104
            ],
            [
              25502971.493,
              6683167.118
            ],
            [
              25502975.668,
              6683168.273
            ]
          ]
        ]
      },
      "properties": {
        "confidence": 0.897,
        "length_m": 4.33,
        "width_m": 2.06,
        "heading_deg": 74.5,
        "aoi": "r4-tattarisuo",
        "source_layer": "Ortoilmakuva_2025_5cm",
        "zoom": 16,
        "status": "confirmed",
        "class": "car"
      }
    },
    {
      "type": "Feature",
      "geometry": {
        "type": "Polygon",
        "coordinates": [
          [
            [
              25502781.981,
              6683167.948
            ],
            [
              25502783.689,
              6683169.331
            ],
            [
              25502780.883,
              6683172.799
            ],
            [
              25502779.174,
              6683171.415
            ],
            [
              25502781.981,
              6683167.948
            ]
          ]
        ]
      },
      "properties": {
        "confidence": 0.8968,
        "length_m": 4.46,
        "width_m": 2.2,
        "heading_deg": 141,
        "aoi": "r4-tattarisuo",
        "source_layer": "Ortoilmakuva_2025_5cm",
        "zoom": 16,
        "status": "confirmed",
        "class": "car"
      }
    },
    {
      "type": "Feature",
      "geometry": {
        "type": "Polygon",
        "coordinates": [
          [
            [
              25502773.703,
              6683173.73
            ],
            [
              25502768.952,
              6683172.942
            ],
            [
              25502768.598,
              6683175.075
            ],
            [
              25502773.349,
              6683175.863
            ],
            [
              25502773.703,
              6683173.73
            ]
          ]
        ]
      },
      "properties": {
        "confidence": 0.8959,
        "length_m": 4.82,
        "width_m": 2.16,
        "heading_deg": 80.6,
        "aoi": "r4-tattarisuo",
        "source_layer": "Ortoilmakuva_2025_5cm",
        "zoom": 16,
        "status": "confirmed",
        "class": "car"
      }
    },
    {
      "type": "Feature",
      "geometry": {
        "type": "Polygon",
        "coordinates": [
          [
            [
              25502903.057,
              6683201.746
            ],
            [
              25502905.36,
              6683202.812
            ],
            [
              25502902.727,
              6683208.502
            ],
            [
              25502900.423,
              6683207.435
            ],
            [
              25502903.057,
              6683201.746
            ]
          ]
        ]
      },
      "properties": {
        "confidence": 0.8959,
        "length_m": 6.27,
        "width_m": 2.54,
        "heading_deg": 155.2,
        "aoi": "r4-tattarisuo",
        "source_layer": "Ortoilmakuva_2025_5cm",
        "zoom": 16,
        "status": "confirmed",
        "class": "van"
      }
    },
    {
      "type": "Feature",
      "geometry": {
        "type": "Polygon",
        "coordinates": [
          [
            [
              25502865.054,
              6682990.605
            ],
            [
              25502864.44,
              6682992.716
            ],
            [
              25502860.024,
              6682991.432
            ],
            [
              25502860.638,
              6682989.32
            ],
            [
              25502865.054,
              6682990.605
            ]
          ]
        ]
      },
      "properties": {
        "confidence": 0.8957,
        "length_m": 4.6,
        "width_m": 2.2,
        "heading_deg": 73.8,
        "aoi": "r4-tattarisuo",
        "source_layer": "Ortoilmakuva_2025_5cm",
        "zoom": 16,
        "status": "confirmed",
        "class": "car"
      }
    },
    {
      "type": "Feature",
      "geometry": {
        "type": "Polygon",
        "coordinates": [
          [
            [
              25502943.386,
              6683003.064
            ],
            [
              25502945.518,
              6683003.751
            ],
            [
              25502943.825,
              6683009.002
            ],
            [
              25502941.693,
              6683008.314
            ],
            [
              25502943.386,
              6683003.064
            ]
          ]
        ]
      },
      "properties": {
        "confidence": 0.8955,
        "length_m": 5.52,
        "width_m": 2.24,
        "heading_deg": 162.1,
        "aoi": "r4-tattarisuo",
        "source_layer": "Ortoilmakuva_2025_5cm",
        "zoom": 16,
        "status": "confirmed",
        "class": "van"
      }
    },
    {
      "type": "Feature",
      "geometry": {
        "type": "Polygon",
        "coordinates": [
          [
            [
              25502967.702,
              6683021.509
            ],
            [
              25502967.021,
              6683023.421
            ],
            [
              25502963.172,
              6683022.05
            ],
            [
              25502963.853,
              6683020.138
            ],
            [
              25502967.702,
              6683021.509
            ]
          ]
        ]
      },
      "properties": {
        "confidence": 0.8954,
        "length_m": 4.09,
        "width_m": 2.03,
        "heading_deg": 70.4,
        "aoi": "r4-tattarisuo",
        "source_layer": "Ortoilmakuva_2025_5cm",
        "zoom": 16,
        "status": "confirmed",
        "class": "car"
      }
    },
    {
      "type": "Feature",
      "geometry": {
        "type": "Polygon",
        "coordinates": [
          [
            [
              25503045.997,
              6683265.802
            ],
            [
              25503048.008,
              6683264.917
            ],
            [
              25503049.641,
              6683268.628
            ],
            [
              25503047.63,
              6683269.512
            ],
            [
              25503045.997,
              6683265.802
            ]
          ]
        ]
      },
      "properties": {
        "confidence": 0.8951,
        "length_m": 4.05,
        "width_m": 2.2,
        "heading_deg": 23.8,
        "aoi": "r4-tattarisuo",
        "source_layer": "Ortoilmakuva_2025_5cm",
        "zoom": 16,
        "status": "confirmed",
        "class": "car"
      }
    },
    {
      "type": "Feature",
      "geometry": {
        "type": "Polygon",
        "coordinates": [
          [
            [
              25502962.292,
              6683230.298
            ],
            [
              25502964.174,
              6683231.516
            ],
            [
              25502961.659,
              6683235.403
            ],
            [
              25502959.777,
              6683234.186
            ],
            [
              25502962.292,
              6683230.298
            ]
          ]
        ]
      },
      "properties": {
        "confidence": 0.8945,
        "length_m": 4.63,
        "width_m": 2.24,
        "heading_deg": 147.1,
        "aoi": "r4-tattarisuo",
        "source_layer": "Ortoilmakuva_2025_5cm",
        "zoom": 16,
        "status": "confirmed",
        "class": "car"
      }
    },
    {
      "type": "Feature",
      "geometry": {
        "type": "Polygon",
        "coordinates": [
          [
            [
              25502883.283,
              6683284.08
            ],
            [
              25502884.785,
              6683286.046
            ],
            [
              25502880.161,
              6683289.579
            ],
            [
              25502878.658,
              6683287.613
            ],
            [
              25502883.283,
              6683284.08
            ]
          ]
        ]
      },
      "properties": {
        "confidence": 0.8942,
        "length_m": 5.82,
        "width_m": 2.47,
        "heading_deg": 127.4,
        "aoi": "r4-tattarisuo",
        "source_layer": "Ortoilmakuva_2025_5cm",
        "zoom": 16,
        "status": "confirmed",
        "class": "van"
      }
    },
    {
      "type": "Feature",
      "geometry": {
        "type": "Polygon",
        "coordinates": [
          [
            [
              25502867.403,
              6683000.805
            ],
            [
              25502867.06,
              6683002.936
            ],
            [
              25502862.59,
              6683002.217
            ],
            [
              25502862.933,
              6683000.085
            ],
            [
              25502867.403,
              6683000.805
            ]
          ]
        ]
      },
      "properties": {
        "confidence": 0.8929,
        "length_m": 4.53,
        "width_m": 2.16,
        "heading_deg": 80.9,
        "aoi": "r4-tattarisuo",
        "source_layer": "Ortoilmakuva_2025_5cm",
        "zoom": 16,
        "status": "confirmed",
        "class": "car"
      }
    },
    {
      "type": "Feature",
      "geometry": {
        "type": "Polygon",
        "coordinates": [
          [
            [
              25503023.891,
              6683167.35
            ],
            [
              25503023.286,
              6683169.551
            ],
            [
              25503018.841,
              6683168.328
            ],
            [
              25503019.446,
              6683166.128
            ],
            [
              25503023.891,
              6683167.35
            ]
          ]
        ]
      },
      "properties": {
        "confidence": 0.8927,
        "length_m": 4.61,
        "width_m": 2.28,
        "heading_deg": 74.6,
        "aoi": "r4-tattarisuo",
        "source_layer": "Ortoilmakuva_2025_5cm",
        "zoom": 16,
        "status": "confirmed",
        "class": "car"
      }
    },
    {
      "type": "Feature",
      "geometry": {
        "type": "Polygon",
        "coordinates": [
          [
            [
              25502968.459,
              6683018.357
            ],
            [
              25502968.231,
              6683020.387
            ],
            [
              25502963.642,
              6683019.872
            ],
            [
              25502963.869,
              6683017.842
            ],
            [
              25502968.459,
              6683018.357
            ]
          ]
        ]
      },
      "properties": {
        "confidence": 0.8925,
        "length_m": 4.62,
        "width_m": 2.04,
        "heading_deg": 83.6,
        "aoi": "r4-tattarisuo",
        "source_layer": "Ortoilmakuva_2025_5cm",
        "zoom": 16,
        "status": "confirmed",
        "class": "car"
      }
    },
    {
      "type": "Feature",
      "geometry": {
        "type": "Polygon",
        "coordinates": [
          [
            [
              25502885.294,
              6682995.706
            ],
            [
              25502884.587,
              6682997.872
            ],
            [
              25502880.175,
              6682996.431
            ],
            [
              25502880.883,
              6682994.265
            ],
            [
              25502885.294,
              6682995.706
            ]
          ]
        ]
      },
      "properties": {
        "confidence": 0.8917,
        "length_m": 4.64,
        "width_m": 2.28,
        "heading_deg": 71.9,
        "aoi": "r4-tattarisuo",
        "source_layer": "Ortoilmakuva_2025_5cm",
        "zoom": 16,
        "status": "confirmed",
        "class": "car"
      }
    },
    {
      "type": "Feature",
      "geometry": {
        "type": "Polygon",
        "coordinates": [
          [
            [
              25502975.289,
              6683023.3
            ],
            [
              25502974.673,
              6683025.518
            ],
            [
              25502970.066,
              6683024.24
            ],
            [
              25502970.681,
              6683022.021
            ],
            [
              25502975.289,
              6683023.3
            ]
          ]
        ]
      },
      "properties": {
        "confidence": 0.8915,
        "length_m": 4.78,
        "width_m": 2.3,
        "heading_deg": 74.5,
        "aoi": "r4-tattarisuo",
        "source_layer": "Ortoilmakuva_2025_5cm",
        "zoom": 16,
        "status": "confirmed",
        "class": "car"
      }
    },
    {
      "type": "Feature",
      "geometry": {
        "type": "Polygon",
        "coordinates": [
          [
            [
              25502796.334,
              6683157.773
            ],
            [
              25502798.243,
              6683158.822
            ],
            [
              25502795.854,
              6683163.167
            ],
            [
              25502793.946,
              6683162.118
            ],
            [
              25502796.334,
              6683157.773
            ]
          ]
        ]
      },
      "properties": {
        "confidence": 0.8903,
        "length_m": 4.96,
        "width_m": 2.18,
        "heading_deg": 151.2,
        "aoi": "r4-tattarisuo",
        "source_layer": "Ortoilmakuva_2025_5cm",
        "zoom": 16,
        "status": "confirmed",
        "class": "car"
      }
    },
    {
      "type": "Feature",
      "geometry": {
        "type": "Polygon",
        "coordinates": [
          [
            [
              25503036.346,
              6683263.056
            ],
            [
              25503038.383,
              6683262.186
            ],
            [
              25503040.027,
              6683266.039
            ],
            [
              25503037.99,
              6683266.908
            ],
            [
              25503036.346,
              6683263.056
            ]
          ]
        ]
      },
      "properties": {
        "confidence": 0.8895,
        "length_m": 4.19,
        "width_m": 2.22,
        "heading_deg": 23.1,
        "aoi": "r4-tattarisuo",
        "source_layer": "Ortoilmakuva_2025_5cm",
        "zoom": 16,
        "status": "confirmed",
        "class": "car"
      }
    },
    {
      "type": "Feature",
      "geometry": {
        "type": "Polygon",
        "coordinates": [
          [
            [
              25503043.772,
              6683113.324
            ],
            [
              25503043.307,
              6683115.358
            ],
            [
              25503038.788,
              6683114.325
            ],
            [
              25503039.253,
              6683112.291
            ],
            [
              25503043.772,
              6683113.324
            ]
          ]
        ]
      },
      "properties": {
        "confidence": 0.8894,
        "length_m": 4.64,
        "width_m": 2.09,
        "heading_deg": 77.1,
        "aoi": "r4-tattarisuo",
        "source_layer": "Ortoilmakuva_2025_5cm",
        "zoom": 16,
        "status": "confirmed",
        "class": "car"
      }
    },
    {
      "type": "Feature",
      "geometry": {
        "type": "Polygon",
        "coordinates": [
          [
            [
              25502862.452,
              6683095.254
            ],
            [
              25502864.437,
              6683095.85
            ],
            [
              25502863.284,
              6683099.691
            ],
            [
              25502861.299,
              6683099.095
            ],
            [
              25502862.452,
              6683095.254
            ]
          ]
        ]
      },
      "properties": {
        "confidence": 0.8885,
        "length_m": 4.01,
        "width_m": 2.07,
        "heading_deg": 163.3,
        "aoi": "r4-tattarisuo",
        "source_layer": "Ortoilmakuva_2025_5cm",
        "zoom": 16,
        "status": "confirmed",
        "class": "car"
      }
    },
    {
      "type": "Feature",
      "geometry": {
        "type": "Polygon",
        "coordinates": [
          [
            [
              25502985.992,
              6683072.813
            ],
            [
              25502980.311,
              6683071.786
            ],
            [
              25502979.931,
              6683073.892
            ],
            [
              25502985.612,
              6683074.919
            ],
            [
              25502985.992,
              6683072.813
            ]
          ]
        ]
      },
      "properties": {
        "confidence": 0.8879,
        "length_m": 5.77,
        "width_m": 2.14,
        "heading_deg": 79.8,
        "aoi": "r4-tattarisuo",
        "source_layer": "Ortoilmakuva_2025_5cm",
        "zoom": 16,
        "status": "confirmed",
        "class": "van"
      }
    },
    {
      "type": "Feature",
      "geometry": {
        "type": "Polygon",
        "coordinates": [
          [
            [
              25502806.089,
              6683020.515
            ],
            [
              25502807.891,
              6683013.847
            ],
            [
              25502805.255,
              6683013.135
            ],
            [
              25502803.453,
              6683019.803
            ],
            [
              25502806.089,
              6683020.515
            ]
          ]
        ]
      },
      "properties": {
        "confidence": 0.8877,
        "length_m": 6.91,
        "width_m": 2.73,
        "heading_deg": 164.9,
        "aoi": "r4-tattarisuo",
        "source_layer": "Ortoilmakuva_2025_5cm",
        "zoom": 16,
        "status": "confirmed",
        "class": "truck"
      }
    },
    {
      "type": "Feature",
      "geometry": {
        "type": "Polygon",
        "coordinates": [
          [
            [
              25502984.653,
              6683034.712
            ],
            [
              25502983.865,
              6683036.575
            ],
            [
              25502979.989,
              6683034.935
            ],
            [
              25502980.778,
              6683033.072
            ],
            [
              25502984.653,
              6683034.712
            ]
          ]
        ]
      },
      "properties": {
        "confidence": 0.8869,
        "length_m": 4.21,
        "width_m": 2.02,
        "heading_deg": 67.1,
        "aoi": "r4-tattarisuo",
        "source_layer": "Ortoilmakuva_2025_5cm",
        "zoom": 16,
        "status": "confirmed",
        "class": "car"
      }
    },
    {
      "type": "Feature",
      "geometry": {
        "type": "Polygon",
        "coordinates": [
          [
            [
              25502881.066,
              6682991.236
            ],
            [
              25502877.561,
              6682988.528
            ],
            [
              25502876.189,
              6682990.304
            ],
            [
              25502879.695,
              6682993.011
            ],
            [
              25502881.066,
              6682991.236
            ]
          ]
        ]
      },
      "properties": {
        "confidence": 0.8863,
        "length_m": 4.43,
        "width_m": 2.24,
        "heading_deg": 52.3,
        "aoi": "r4-tattarisuo",
        "source_layer": "Ortoilmakuva_2025_5cm",
        "zoom": 16,
        "status": "confirmed",
        "class": "car"
      }
    },
    {
      "type": "Feature",
      "geometry": {
        "type": "Polygon",
        "coordinates": [
          [
            [
              25503033.384,
              6683132.777
            ],
            [
              25503035.38,
              6683133.357
            ],
            [
              25503034.093,
              6683137.781
            ],
            [
              25503032.097,
              6683137.201
            ],
            [
              25503033.384,
              6683132.777
            ]
          ]
        ]
      },
      "properties": {
        "confidence": 0.8859,
        "length_m": 4.61,
        "width_m": 2.08,
        "heading_deg": 163.8,
        "aoi": "r4-tattarisuo",
        "source_layer": "Ortoilmakuva_2025_5cm",
        "zoom": 16,
        "status": "confirmed",
        "class": "car"
      }
    },
    {
      "type": "Feature",
      "geometry": {
        "type": "Polygon",
        "coordinates": [
          [
            [
              25503005.261,
              6683157.496
            ],
            [
              25503000.478,
              6683156.235
            ],
            [
              25502999.973,
              6683158.147
            ],
            [
              25503004.756,
              6683159.408
            ],
            [
              25503005.261,
              6683157.496
            ]
          ]
        ]
      },
      "properties": {
        "confidence": 0.8859,
        "length_m": 4.95,
        "width_m": 1.98,
        "heading_deg": 75.2,
        "aoi": "r4-tattarisuo",
        "source_layer": "Ortoilmakuva_2025_5cm",
        "zoom": 16,
        "status": "confirmed",
        "class": "car"
      }
    },
    {
      "type": "Feature",
      "geometry": {
        "type": "Polygon",
        "coordinates": [
          [
            [
              25502984.681,
              6683029.283
            ],
            [
              25502984.334,
              6683031.235
            ],
            [
              25502980.188,
              6683030.498
            ],
            [
              25502980.535,
              6683028.546
            ],
            [
              25502984.681,
              6683029.283
            ]
          ]
        ]
      },
      "properties": {
        "confidence": 0.8837,
        "length_m": 4.21,
        "width_m": 1.98,
        "heading_deg": 79.9,
        "aoi": "r4-tattarisuo",
        "source_layer": "Ortoilmakuva_2025_5cm",
        "zoom": 16,
        "status": "confirmed",
        "class": "car"
      }
    },
    {
      "type": "Feature",
      "geometry": {
        "type": "Polygon",
        "coordinates": [
          [
            [
              25502871.975,
              6683001.185
            ],
            [
              25502871.704,
              6683003.22
            ],
            [
              25502867.533,
              6683002.663
            ],
            [
              25502867.805,
              6683000.628
            ],
            [
              25502871.975,
              6683001.185
            ]
          ]
        ]
      },
      "properties": {
        "confidence": 0.8833,
        "length_m": 4.21,
        "width_m": 2.05,
        "heading_deg": 82.4,
        "aoi": "r4-tattarisuo",
        "source_layer": "Ortoilmakuva_2025_5cm",
        "zoom": 16,
        "status": "confirmed",
        "class": "car"
      }
    },
    {
      "type": "Feature",
      "geometry": {
        "type": "Polygon",
        "coordinates": [
          [
            [
              25502884.657,
              6682998.007
            ],
            [
              25502884.103,
              6683000.087
            ],
            [
              25502879.769,
              6682998.935
            ],
            [
              25502880.322,
              6682996.854
            ],
            [
              25502884.657,
              6682998.007
            ]
          ]
        ]
      },
      "properties": {
        "confidence": 0.8832,
        "length_m": 4.48,
        "width_m": 2.15,
        "heading_deg": 75.1,
        "aoi": "r4-tattarisuo",
        "source_layer": "Ortoilmakuva_2025_5cm",
        "zoom": 16,
        "status": "confirmed",
        "class": "car"
      }
    },
    {
      "type": "Feature",
      "geometry": {
        "type": "Polygon",
        "coordinates": [
          [
            [
              25503024.266,
              6683234.98
            ],
            [
              25503025.998,
              6683236.478
            ],
            [
              25503022.812,
              6683240.162
            ],
            [
              25503021.08,
              6683238.664
            ],
            [
              25503024.266,
              6683234.98
            ]
          ]
        ]
      },
      "properties": {
        "confidence": 0.8831,
        "length_m": 4.87,
        "width_m": 2.29,
        "heading_deg": 139.1,
        "aoi": "r4-tattarisuo",
        "source_layer": "Ortoilmakuva_2025_5cm",
        "zoom": 16,
        "status": "confirmed",
        "class": "car"
      }
    },
    {
      "type": "Feature",
      "geometry": {
        "type": "Polygon",
        "coordinates": [
          [
            [
              25502910.221,
              6683203.922
            ],
            [
              25502909.782,
              6683206.136
            ],
            [
              25502905.238,
              6683205.235
            ],
            [
              25502905.677,
              6683203.02
            ],
            [
              25502910.221,
              6683203.922
            ]
          ]
        ]
      },
      "properties": {
        "confidence": 0.8818,
        "length_m": 4.63,
        "width_m": 2.26,
        "heading_deg": 78.8,
        "aoi": "r4-tattarisuo",
        "source_layer": "Ortoilmakuva_2025_5cm",
        "zoom": 16,
        "status": "confirmed",
        "class": "car"
      }
    },
    {
      "type": "Feature",
      "geometry": {
        "type": "Polygon",
        "coordinates": [
          [
            [
              25502870.357,
              6682994.84
            ],
            [
              25502865.979,
              6682993.029
            ],
            [
              25502865.153,
              6682995.025
            ],
            [
              25502869.531,
              6682996.836
            ],
            [
              25502870.357,
              6682994.84
            ]
          ]
        ]
      },
      "properties": {
        "confidence": 0.8815,
        "length_m": 4.74,
        "width_m": 2.16,
        "heading_deg": 67.5,
        "aoi": "r4-tattarisuo",
        "source_layer": "Ortoilmakuva_2025_5cm",
        "zoom": 16,
        "status": "confirmed",
        "class": "van"
      }
    },
    {
      "type": "Feature",
      "geometry": {
        "type": "Polygon",
        "coordinates": [
          [
            [
              25502803.52,
              6683153.52
            ],
            [
              25502803.165,
              6683155.641
            ],
            [
              25502798.294,
              6683154.826
            ],
            [
              25502798.649,
              6683152.705
            ],
            [
              25502803.52,
              6683153.52
            ]
          ]
        ]
      },
      "properties": {
        "confidence": 0.8798,
        "length_m": 4.94,
        "width_m": 2.15,
        "heading_deg": 80.5,
        "aoi": "r4-tattarisuo",
        "source_layer": "Ortoilmakuva_2025_5cm",
        "zoom": 16,
        "status": "confirmed",
        "class": "car"
      }
    },
    {
      "type": "Feature",
      "geometry": {
        "type": "Polygon",
        "coordinates": [
          [
            [
              25502838.748,
              6683278.613
            ],
            [
              25502841.26,
              6683278.161
            ],
            [
              25502842.476,
              6683284.918
            ],
            [
              25502839.964,
              6683285.37
            ],
            [
              25502838.748,
              6683278.613
            ]
          ]
        ]
      },
      "properties": {
        "confidence": 0.8788,
        "length_m": 6.87,
        "width_m": 2.55,
        "heading_deg": 10.2,
        "aoi": "r4-tattarisuo",
        "source_layer": "Ortoilmakuva_2025_5cm",
        "zoom": 16,
        "status": "rejected",
        "class": ""
      }
    },
    {
      "type": "Feature",
      "geometry": {
        "type": "Polygon",
        "coordinates": [
          [
            [
              25502867.371,
              6683011.275
            ],
            [
              25502868.324,
              6683013.091
            ],
            [
              25502864.291,
              6683015.207
            ],
            [
              25502863.338,
              6683013.391
            ],
            [
              25502867.371,
              6683011.275
            ]
          ]
        ]
      },
      "properties": {
        "confidence": 0.8774,
        "length_m": 4.55,
        "width_m": 2.05,
        "heading_deg": 117.7,
        "aoi": "r4-tattarisuo",
        "source_layer": "Ortoilmakuva_2025_5cm",
        "zoom": 16,
        "status": "confirmed",
        "class": "car"
      }
    },
    {
      "type": "Feature",
      "geometry": {
        "type": "Polygon",
        "coordinates": [
          [
            [
              25502878.136,
              6683113.586
            ],
            [
              25502877.577,
              6683115.911
            ],
            [
              25502872.358,
              6683114.655
            ],
            [
              25502872.918,
              6683112.33
            ],
            [
              25502878.136,
              6683113.586
            ]
          ]
        ]
      },
      "properties": {
        "confidence": 0.8773,
        "length_m": 5.37,
        "width_m": 2.39,
        "heading_deg": 76.5,
        "aoi": "r4-tattarisuo",
        "source_layer": "Ortoilmakuva_2025_5cm",
        "zoom": 16,
        "status": "confirmed",
        "class": "car"
      }
    },
    {
      "type": "Feature",
      "geometry": {
        "type": "Polygon",
        "coordinates": [
          [
            [
              25502898.282,
              6682990.605
            ],
            [
              25502897.87,
              6682992.704
            ],
            [
              25502893.275,
              6682991.802
            ],
            [
              25502893.687,
              6682989.702
            ],
            [
              25502898.282,
              6682990.605
            ]
          ]
        ]
      },
      "properties": {
        "confidence": 0.8772,
        "length_m": 4.68,
        "width_m": 2.14,
        "heading_deg": 78.9,
        "aoi": "r4-tattarisuo",
        "source_layer": "Ortoilmakuva_2025_5cm",
        "zoom": 16,
        "status": "confirmed",
        "class": "car"
      }
    },
    {
      "type": "Feature",
      "geometry": {
        "type": "Polygon",
        "coordinates": [
          [
            [
              25503028.765,
              6683260.857
            ],
            [
              25503030.794,
              6683259.508
            ],
            [
              25503033.599,
              6683263.723
            ],
            [
              25503031.571,
              6683265.073
            ],
            [
              25503028.765,
              6683260.857
            ]
          ]
        ]
      },
      "properties": {
        "confidence": 0.8767,
        "length_m": 5.06,
        "width_m": 2.44,
        "heading_deg": 33.6,
        "aoi": "r4-tattarisuo",
        "source_layer": "Ortoilmakuva_2025_5cm",
        "zoom": 16,
        "status": "confirmed",
        "class": "car"
      }
    },
    {
      "type": "Feature",
      "geometry": {
        "type": "Polygon",
        "coordinates": [
          [
            [
              25502960.655,
              6683155.626
            ],
            [
              25502960.1,
              6683157.968
            ],
            [
              25502954.692,
              6683156.688
            ],
            [
              25502955.246,
              6683154.346
            ],
            [
              25502960.655,
              6683155.626
            ]
          ]
        ]
      },
      "properties": {
        "confidence": 0.8761,
        "length_m": 5.56,
        "width_m": 2.41,
        "heading_deg": 76.7,
        "aoi": "r4-tattarisuo",
        "source_layer": "Ortoilmakuva_2025_5cm",
        "zoom": 16,
        "status": "confirmed",
        "class": "van"
      }
    },
    {
      "type": "Feature",
      "geometry": {
        "type": "Polygon",
        "coordinates": [
          [
            [
              25502905.5,
              6682989.756
            ],
            [
              25502904.973,
              6682991.767
            ],
            [
              25502900.709,
              6682990.648
            ],
            [
              25502901.237,
              6682988.637
            ],
            [
              25502905.5,
              6682989.756
            ]
          ]
        ]
      },
      "properties": {
        "confidence": 0.876,
        "length_m": 4.41,
        "width_m": 2.08,
        "heading_deg": 75.3,
        "aoi": "r4-tattarisuo",
        "source_layer": "Ortoilmakuva_2025_5cm",
        "zoom": 16,
        "status": "confirmed",
        "class": "car"
      }
    },
    {
      "type": "Feature",
      "geometry": {
        "type": "Polygon",
        "coordinates": [
          [
            [
              25502878.368,
              6683045.642
            ],
            [
              25502880.753,
              6683046.364
            ],
            [
              25502879.166,
              6683051.609
            ],
            [
              25502876.781,
              6683050.887
            ],
            [
              25502878.368,
              6683045.642
            ]
          ]
        ]
      },
      "properties": {
        "confidence": 0.8758,
        "length_m": 5.48,
        "width_m": 2.49,
        "heading_deg": 163.2,
        "aoi": "r4-tattarisuo",
        "source_layer": "Ortoilmakuva_2025_5cm",
        "zoom": 16,
        "status": "rejected",
        "class": ""
      }
    },
    {
      "type": "Feature",
      "geometry": {
        "type": "Polygon",
        "coordinates": [
          [
            [
              25502943.335,
              6683200.465
            ],
            [
              25502945.678,
              6683201.041
            ],
            [
              25502944.366,
              6683206.379
            ],
            [
              25502942.023,
              6683205.803
            ],
            [
              25502943.335,
              6683200.465
            ]
          ]
        ]
      },
      "properties": {
        "confidence": 0.8758,
        "length_m": 5.5,
        "width_m": 2.41,
        "heading_deg": 166.2,
        "aoi": "r4-tattarisuo",
        "source_layer": "Ortoilmakuva_2025_5cm",
        "zoom": 16,
        "status": "confirmed",
        "class": "van"
      }
    },
    {
      "type": "Feature",
      "geometry": {
        "type": "Polygon",
        "coordinates": [
          [
            [
              25502968.048,
              6683013.243
            ],
            [
              25502969.367,
              6683014.837
            ],
            [
              25502965.759,
              6683017.824
            ],
            [
              25502964.44,
              6683016.231
            ],
            [
              25502968.048,
              6683013.243
            ]
          ]
        ]
      },
      "properties": {
        "confidence": 0.8753,
        "length_m": 4.68,
        "width_m": 2.07,
        "heading_deg": 129.6,
        "aoi": "r4-tattarisuo",
        "source_layer": "Ortoilmakuva_2025_5cm",
        "zoom": 16,
        "status": "confirmed",
        "class": "car"
      }
    },
    {
      "type": "Feature",
      "geometry": {
        "type": "Polygon",
        "coordinates": [
          [
            [
              25502879.855,
              6682996.161
            ],
            [
              25502878.993,
              6682998.011
            ],
            [
              25502875.078,
              6682996.186
            ],
            [
              25502875.94,
              6682994.336
            ],
            [
              25502879.855,
              6682996.161
            ]
          ]
        ]
      },
      "properties": {
        "confidence": 0.8752,
        "length_m": 4.32,
        "width_m": 2.04,
        "heading_deg": 65,
        "aoi": "r4-tattarisuo",
        "source_layer": "Ortoilmakuva_2025_5cm",
        "zoom": 16,
        "status": "confirmed",
        "class": "car"
      }
    },
    {
      "type": "Feature",
      "geometry": {
        "type": "Polygon",
        "coordinates": [
          [
            [
              25502995.978,
              6683066.855
            ],
            [
              25502998.235,
              6683067.537
            ],
            [
              25502996.744,
              6683072.469
            ],
            [
              25502994.487,
              6683071.786
            ],
            [
              25502995.978,
              6683066.855
            ]
          ]
        ]
      },
      "properties": {
        "confidence": 0.8752,
        "length_m": 5.15,
        "width_m": 2.36,
        "heading_deg": 163.2,
        "aoi": "r4-tattarisuo",
        "source_layer": "Ortoilmakuva_2025_5cm",
        "zoom": 16,
        "status": "confirmed",
        "class": "car"
      }
    },
    {
      "type": "Feature",
      "geometry": {
        "type": "Polygon",
        "coordinates": [
          [
            [
              25502985.83,
              6683027.604
            ],
            [
              25502985.289,
              6683029.492
            ],
            [
              25502981.086,
              6683028.289
            ],
            [
              25502981.627,
              6683026.4
            ],
            [
              25502985.83,
              6683027.604
            ]
          ]
        ]
      },
      "properties": {
        "confidence": 0.8709,
        "length_m": 4.37,
        "width_m": 1.96,
        "heading_deg": 74,
        "aoi": "r4-tattarisuo",
        "source_layer": "Ortoilmakuva_2025_5cm",
        "zoom": 16,
        "status": "confirmed",
        "class": "car"
      }
    },
    {
      "type": "Feature",
      "geometry": {
        "type": "Polygon",
        "coordinates": [
          [
            [
              25502866.981,
              6683042.227
            ],
            [
              25502869.22,
              6683042.713
            ],
            [
              25502868.007,
              6683048.309
            ],
            [
              25502865.768,
              6683047.824
            ],
            [
              25502866.981,
              6683042.227
            ]
          ]
        ]
      },
      "properties": {
        "confidence": 0.8696,
        "length_m": 5.73,
        "width_m": 2.29,
        "heading_deg": 167.8,
        "aoi": "r4-tattarisuo",
        "source_layer": "Ortoilmakuva_2025_5cm",
        "zoom": 16,
        "status": "confirmed",
        "class": "car"
      }
    },
    {
      "type": "Feature",
      "geometry": {
        "type": "Polygon",
        "coordinates": [
          [
            [
              25502816.64,
              6683075.226
            ],
            [
              25502815.952,
              6683077.533
            ],
            [
              25502811.483,
              6683076.199
            ],
            [
              25502812.172,
              6683073.892
            ],
            [
              25502816.64,
              6683075.226
            ]
          ]
        ]
      },
      "properties": {
        "confidence": 0.8692,
        "length_m": 4.66,
        "width_m": 2.41,
        "heading_deg": 73.4,
        "aoi": "r4-tattarisuo",
        "source_layer": "Ortoilmakuva_2025_5cm",
        "zoom": 16,
        "status": "confirmed",
        "class": "car"
      }
    },
    {
      "type": "Feature",
      "geometry": {
        "type": "Polygon",
        "coordinates": [
          [
            [
              25503028.367,
              6683084.724
            ],
            [
              25503022.649,
              6683083.484
            ],
            [
              25503022.2,
              6683085.552
            ],
            [
              25503027.918,
              6683086.793
            ],
            [
              25503028.367,
              6683084.724
            ]
          ]
        ]
      },
      "properties": {
        "confidence": 0.8672,
        "length_m": 5.85,
        "width_m": 2.12,
        "heading_deg": 77.8,
        "aoi": "r4-tattarisuo",
        "source_layer": "Ortoilmakuva_2025_5cm",
        "zoom": 16,
        "status": "confirmed",
        "class": "van"
      }
    },
    {
      "type": "Feature",
      "geometry": {
        "type": "Polygon",
        "coordinates": [
          [
            [
              25502965.023,
              6683142.148
            ],
            [
              25502964.263,
              6683144.688
            ],
            [
              25502958.389,
              6683142.93
            ],
            [
              25502959.149,
              6683140.39
            ],
            [
              25502965.023,
              6683142.148
            ]
          ]
        ]
      },
      "properties": {
        "confidence": 0.8663,
        "length_m": 6.13,
        "width_m": 2.65,
        "heading_deg": 73.3,
        "aoi": "r4-tattarisuo",
        "source_layer": "Ortoilmakuva_2025_5cm",
        "zoom": 16,
        "status": "confirmed",
        "class": "van"
      }
    },
    {
      "type": "Feature",
      "geometry": {
        "type": "Polygon",
        "coordinates": [
          [
            [
              25503070.026,
              6683095.352
            ],
            [
              25503072.317,
              6683095.937
            ],
            [
              25503071.019,
              6683101.014
            ],
            [
              25503068.728,
              6683100.429
            ],
            [
              25503070.026,
              6683095.352
            ]
          ]
        ]
      },
      "properties": {
        "confidence": 0.8654,
        "length_m": 5.24,
        "width_m": 2.36,
        "heading_deg": 165.7,
        "aoi": "r4-tattarisuo",
        "source_layer": "Ortoilmakuva_2025_5cm",
        "zoom": 16,
        "status": "confirmed",
        "class": "car"
      }
    },
    {
      "type": "Feature",
      "geometry": {
        "type": "Polygon",
        "coordinates": [
          [
            [
              25502884.238,
              6683100.75
            ],
            [
              25502886.307,
              6683101.292
            ],
            [
              25502885.205,
              6683105.499
            ],
            [
              25502883.136,
              6683104.957
            ],
            [
              25502884.238,
              6683100.75
            ]
          ]
        ]
      },
      "properties": {
        "confidence": 0.8646,
        "length_m": 4.35,
        "width_m": 2.14,
        "heading_deg": 165.3,
        "aoi": "r4-tattarisuo",
        "source_layer": "Ortoilmakuva_2025_5cm",
        "zoom": 16,
        "status": "rejected",
        "class": ""
      }
    },
    {
      "type": "Feature",
      "geometry": {
        "type": "Polygon",
        "coordinates": [
          [
            [
              25502882.387,
              6683190.569
            ],
            [
              25502885.668,
              6683194.188
            ],
            [
              25502883.901,
              6683195.79
            ],
            [
              25502880.62,
              6683192.171
            ],
            [
              25502882.387,
              6683190.569
            ]
          ]
        ]
      },
      "properties": {
        "confidence": 0.8646,
        "length_m": 4.88,
        "width_m": 2.39,
        "heading_deg": 42.2,
        "aoi": "r4-tattarisuo",
        "source_layer": "Ortoilmakuva_2025_5cm",
        "zoom": 16,
        "status": "confirmed",
        "class": "car"
      }
    },
    {
      "type": "Feature",
      "geometry": {
        "type": "Polygon",
        "coordinates": [
          [
            [
              25502933.186,
              6683023.512
            ],
            [
              25502935.29,
              6683023.688
            ],
            [
              25502934.792,
              6683029.649
            ],
            [
              25502932.688,
              6683029.474
            ],
            [
              25502933.186,
              6683023.512
            ]
          ]
        ]
      },
      "properties": {
        "confidence": 0.863,
        "length_m": 5.98,
        "width_m": 2.11,
        "heading_deg": 175.2,
        "aoi": "r4-tattarisuo",
        "source_layer": "Ortoilmakuva_2025_5cm",
        "zoom": 16,
        "status": "rejected",
        "class": ""
      }
    },
    {
      "type": "Feature",
      "geometry": {
        "type": "Polygon",
        "coordinates": [
          [
            [
              25502881.876,
              6683099.512
            ],
            [
              25502884.05,
              6683100.076
            ],
            [
              25502882.693,
              6683105.312
            ],
            [
              25502880.519,
              6683104.748
            ],
            [
              25502881.876,
              6683099.512
            ]
          ]
        ]
      },
      "properties": {
        "confidence": 0.8628,
        "length_m": 5.41,
        "width_m": 2.25,
        "heading_deg": 165.5,
        "aoi": "r4-tattarisuo",
        "source_layer": "Ortoilmakuva_2025_5cm",
        "zoom": 16,
        "status": "confirmed",
        "class": "van"
      }
    },
    {
      "type": "Feature",
      "geometry": {
        "type": "Polygon",
        "coordinates": [
          [
            [
              25502865.654,
              6683003.048
            ],
            [
              25502865.557,
              6683005.201
            ],
            [
              25502861.371,
              6683005.013
            ],
            [
              25502861.468,
              6683002.86
            ],
            [
              25502865.654,
              6683003.048
            ]
          ]
        ]
      },
      "properties": {
        "confidence": 0.8625,
        "length_m": 4.19,
        "width_m": 2.16,
        "heading_deg": 87.4,
        "aoi": "r4-tattarisuo",
        "source_layer": "Ortoilmakuva_2025_5cm",
        "zoom": 16,
        "status": "confirmed",
        "class": "car"
      }
    },
    {
      "type": "Feature",
      "geometry": {
        "type": "Polygon",
        "coordinates": [
          [
            [
              25502848.954,
              6683037.495
            ],
            [
              25502851.416,
              6683038.15
            ],
            [
              25502849.885,
              6683043.905
            ],
            [
              25502847.423,
              6683043.25
            ],
            [
              25502848.954,
              6683037.495
            ]
          ]
        ]
      },
      "properties": {
        "confidence": 0.8609,
        "length_m": 5.96,
        "width_m": 2.55,
        "heading_deg": 165.1,
        "aoi": "r4-tattarisuo",
        "source_layer": "Ortoilmakuva_2025_5cm",
        "zoom": 16,
        "status": "confirmed",
        "class": "van"
      }
    },
    {
      "type": "Feature",
      "geometry": {
        "type": "Polygon",
        "coordinates": [
          [
            [
              25502983.748,
              6683037.044
            ],
            [
              25502982.889,
              6683038.721
            ],
            [
              25502979.174,
              6683036.818
            ],
            [
              25502980.034,
              6683035.14
            ],
            [
              25502983.748,
              6683037.044
            ]
          ]
        ]
      },
      "properties": {
        "confidence": 0.8608,
        "length_m": 4.17,
        "width_m": 1.88,
        "heading_deg": 62.9,
        "aoi": "r4-tattarisuo",
        "source_layer": "Ortoilmakuva_2025_5cm",
        "zoom": 16,
        "status": "confirmed",
        "class": "car"
      }
    },
    {
      "type": "Feature",
      "geometry": {
        "type": "Polygon",
        "coordinates": [
          [
            [
              25502784.021,
              6683132.519
            ],
            [
              25502784.005,
              6683134.656
            ],
            [
              25502779.571,
              6683134.623
            ],
            [
              25502779.587,
              6683132.486
            ],
            [
              25502784.021,
              6683132.519
            ]
          ]
        ]
      },
      "properties": {
        "confidence": 0.8575,
        "length_m": 4.43,
        "width_m": 2.14,
        "heading_deg": 89.6,
        "aoi": "r4-tattarisuo",
        "source_layer": "Ortoilmakuva_2025_5cm",
        "zoom": 16,
        "status": "confirmed",
        "class": "car"
      }
    },
    {
      "type": "Feature",
      "geometry": {
        "type": "Polygon",
        "coordinates": [
          [
            [
              25502916.514,
              6683223.56
            ],
            [
              25502915.211,
              6683225.456
            ],
            [
              25502910.642,
              6683222.318
            ],
            [
              25502911.945,
              6683220.421
            ],
            [
              25502916.514,
              6683223.56
            ]
          ]
        ]
      },
      "properties": {
        "confidence": 0.8574,
        "length_m": 5.54,
        "width_m": 2.3,
        "heading_deg": 55.5,
        "aoi": "r4-tattarisuo",
        "source_layer": "Ortoilmakuva_2025_5cm",
        "zoom": 16,
        "status": "confirmed",
        "class": "van"
      }
    },
    {
      "type": "Feature",
      "geometry": {
        "type": "Polygon",
        "coordinates": [
          [
            [
              25502931.365,
              6683164.134
            ],
            [
              25502926.356,
              6683162.575
            ],
            [
              25502925.633,
              6683164.899
            ],
            [
              25502930.642,
              6683166.458
            ],
            [
              25502931.365,
              6683164.134
            ]
          ]
        ]
      },
      "properties": {
        "confidence": 0.8563,
        "length_m": 5.25,
        "width_m": 2.43,
        "heading_deg": 72.7,
        "aoi": "r4-tattarisuo",
        "source_layer": "Ortoilmakuva_2025_5cm",
        "zoom": 16,
        "status": "confirmed",
        "class": "van"
      }
    },
    {
      "type": "Feature",
      "geometry": {
        "type": "Polygon",
        "coordinates": [
          [
            [
              25502814.02,
              6683085.732
            ],
            [
              25502809.243,
              6683083.446
            ],
            [
              25502808.191,
              6683085.645
            ],
            [
              25502812.968,
              6683087.931
            ],
            [
              25502814.02,
              6683085.732
            ]
          ]
        ]
      },
      "properties": {
        "confidence": 0.8555,
        "length_m": 5.3,
        "width_m": 2.44,
        "heading_deg": 64.4,
        "aoi": "r4-tattarisuo",
        "source_layer": "Ortoilmakuva_2025_5cm",
        "zoom": 16,
        "status": "confirmed",
        "class": "van"
      }
    },
    {
      "type": "Feature",
      "geometry": {
        "type": "Polygon",
        "coordinates": [
          [
            [
              25502771.011,
              6683094.141
            ],
            [
              25502773.204,
              6683094.188
            ],
            [
              25502773.092,
              6683099.401
            ],
            [
              25502770.899,
              6683099.354
            ],
            [
              25502771.011,
              6683094.141
            ]
          ]
        ]
      },
      "properties": {
        "confidence": 0.854,
        "length_m": 5.21,
        "width_m": 2.19,
        "heading_deg": 178.8,
        "aoi": "r4-tattarisuo",
        "source_layer": "Ortoilmakuva_2025_5cm",
        "zoom": 16,
        "status": "confirmed",
        "class": "car"
      }
    },
    {
      "type": "Feature",
      "geometry": {
        "type": "Polygon",
        "coordinates": [
          [
            [
              25503019.581,
              6683261.319
            ],
            [
              25503015.874,
              6683258.038
            ],
            [
              25503014.417,
              6683259.684
            ],
            [
              25503018.124,
              6683262.965
            ],
            [
              25503019.581,
              6683261.319
            ]
          ]
        ]
      },
      "properties": {
        "confidence": 0.8538,
        "length_m": 4.95,
        "width_m": 2.2,
        "heading_deg": 48.5,
        "aoi": "r4-tattarisuo",
        "source_layer": "Ortoilmakuva_2025_5cm",
        "zoom": 16,
        "status": "confirmed",
        "class": "car"
      }
    },
    {
      "type": "Feature",
      "geometry": {
        "type": "Polygon",
        "coordinates": [
          [
            [
              25503019.767,
              6683270.875
            ],
            [
              25503019.157,
              6683272.955
            ],
            [
              25503014.909,
              6683271.709
            ],
            [
              25503015.518,
              6683269.63
            ],
            [
              25503019.767,
              6683270.875
            ]
          ]
        ]
      },
      "properties": {
        "confidence": 0.8538,
        "length_m": 4.43,
        "width_m": 2.17,
        "heading_deg": 73.7,
        "aoi": "r4-tattarisuo",
        "source_layer": "Ortoilmakuva_2025_5cm",
        "zoom": 16,
        "status": "confirmed",
        "class": "car"
      }
    },
    {
      "type": "Feature",
      "geometry": {
        "type": "Polygon",
        "coordinates": [
          [
            [
              25502960.591,
              6683222.31
            ],
            [
              25502962.611,
              6683222.932
            ],
            [
              25502961.374,
              6683226.948
            ],
            [
              25502959.354,
              6683226.326
            ],
            [
              25502960.591,
              6683222.31
            ]
          ]
        ]
      },
      "properties": {
        "confidence": 0.8536,
        "length_m": 4.2,
        "width_m": 2.11,
        "heading_deg": 162.9,
        "aoi": "r4-tattarisuo",
        "source_layer": "Ortoilmakuva_2025_5cm",
        "zoom": 16,
        "status": "confirmed",
        "class": "car"
      }
    },
    {
      "type": "Feature",
      "geometry": {
        "type": "Polygon",
        "coordinates": [
          [
            [
              25503016.391,
              6683283.995
            ],
            [
              25503010.764,
              6683284.309
            ],
            [
              25503010.873,
              6683286.267
            ],
            [
              25503016.5,
              6683285.954
            ],
            [
              25503016.391,
              6683283.995
            ]
          ]
        ]
      },
      "properties": {
        "confidence": 0.852,
        "length_m": 5.64,
        "width_m": 1.96,
        "heading_deg": 93.2,
        "aoi": "r4-tattarisuo",
        "source_layer": "Ortoilmakuva_2025_5cm",
        "zoom": 16,
        "status": "confirmed",
        "class": "van"
      }
    },
    {
      "type": "Feature",
      "geometry": {
        "type": "Polygon",
        "coordinates": [
          [
            [
              25502878.025,
              6683000.481
            ],
            [
              25502877.387,
              6683002.442
            ],
            [
              25502873.287,
              6683001.106
            ],
            [
              25502873.925,
              6682999.146
            ],
            [
              25502878.025,
              6683000.481
            ]
          ]
        ]
      },
      "properties": {
        "confidence": 0.8517,
        "length_m": 4.31,
        "width_m": 2.06,
        "heading_deg": 72,
        "aoi": "r4-tattarisuo",
        "source_layer": "Ortoilmakuva_2025_5cm",
        "zoom": 16,
        "status": "confirmed",
        "class": "car"
      }
    },
    {
      "type": "Feature",
      "geometry": {
        "type": "Polygon",
        "coordinates": [
          [
            [
              25502897.968,
              6683084.933
            ],
            [
              25502900.216,
              6683085.452
            ],
            [
              25502899.067,
              6683090.43
            ],
            [
              25502896.819,
              6683089.911
            ],
            [
              25502897.968,
              6683084.933
            ]
          ]
        ]
      },
      "properties": {
        "confidence": 0.8497,
        "length_m": 5.11,
        "width_m": 2.31,
        "heading_deg": 167,
        "aoi": "r4-tattarisuo",
        "source_layer": "Ortoilmakuva_2025_5cm",
        "zoom": 16,
        "status": "confirmed",
        "class": "van"
      }
    },
    {
      "type": "Feature",
      "geometry": {
        "type": "Polygon",
        "coordinates": [
          [
            [
              25502870.367,
              6683048.602
            ],
            [
              25502871.505,
              6683043.799
            ],
            [
              25502869.613,
              6683043.35
            ],
            [
              25502868.474,
              6683048.154
            ],
            [
              25502870.367,
              6683048.602
            ]
          ]
        ]
      },
      "properties": {
        "confidence": 0.848,
        "length_m": 4.94,
        "width_m": 1.94,
        "heading_deg": 166.7,
        "aoi": "r4-tattarisuo",
        "source_layer": "Ortoilmakuva_2025_5cm",
        "zoom": 16,
        "status": "confirmed",
        "class": "car"
      }
    },
    {
      "type": "Feature",
      "geometry": {
        "type": "Polygon",
        "coordinates": [
          [
            [
              25502883.009,
              6683105.067
            ],
            [
              25502885.027,
              6683105.615
            ],
            [
              25502883.803,
              6683110.123
            ],
            [
              25502881.786,
              6683109.576
            ],
            [
              25502883.009,
              6683105.067
            ]
          ]
        ]
      },
      "properties": {
        "confidence": 0.8467,
        "length_m": 4.67,
        "width_m": 2.09,
        "heading_deg": 164.8,
        "aoi": "r4-tattarisuo",
        "source_layer": "Ortoilmakuva_2025_5cm",
        "zoom": 16,
        "status": "confirmed",
        "class": "car"
      }
    },
    {
      "type": "Feature",
      "geometry": {
        "type": "Polygon",
        "coordinates": [
          [
            [
              25502977.882,
              6683027.564
            ],
            [
              25502976.883,
              6683030.042
            ],
            [
              25502971.314,
              6683027.798
            ],
            [
              25502972.313,
              6683025.32
            ],
            [
              25502977.882,
              6683027.564
            ]
          ]
        ]
      },
      "properties": {
        "confidence": 0.8452,
        "length_m": 6,
        "width_m": 2.67,
        "heading_deg": 68.1,
        "aoi": "r4-tattarisuo",
        "source_layer": "Ortoilmakuva_2025_5cm",
        "zoom": 16,
        "status": "rejected",
        "class": ""
      }
    },
    {
      "type": "Feature",
      "geometry": {
        "type": "Polygon",
        "coordinates": [
          [
            [
              25502914.975,
              6683225.34
            ],
            [
              25502917.149,
              6683226.314
            ],
            [
              25502914.852,
              6683231.443
            ],
            [
              25502912.678,
              6683230.47
            ],
            [
              25502914.975,
              6683225.34
            ]
          ]
        ]
      },
      "properties": {
        "confidence": 0.8439,
        "length_m": 5.62,
        "width_m": 2.38,
        "heading_deg": 155.9,
        "aoi": "r4-tattarisuo",
        "source_layer": "Ortoilmakuva_2025_5cm",
        "zoom": 16,
        "status": "confirmed",
        "class": "van"
      }
    },
    {
      "type": "Feature",
      "geometry": {
        "type": "Polygon",
        "coordinates": [
          [
            [
              25502784.938,
              6683247.662
            ],
            [
              25502787.606,
              6683245.677
            ],
            [
              25502792.475,
              6683252.224
            ],
            [
              25502789.807,
              6683254.208
            ],
            [
              25502784.938,
              6683247.662
            ]
          ]
        ]
      },
      "properties": {
        "confidence": 0.8434,
        "length_m": 8.16,
        "width_m": 3.33,
        "heading_deg": 36.6,
        "aoi": "r4-tattarisuo",
        "source_layer": "Ortoilmakuva_2025_5cm",
        "zoom": 16,
        "status": "confirmed",
        "class": "truck"
      }
    },
    {
      "type": "Feature",
      "geometry": {
        "type": "Polygon",
        "coordinates": [
          [
            [
              25502978.506,
              6683199.338
            ],
            [
              25502977.925,
              6683201.823
            ],
            [
              25502972.105,
              6683200.463
            ],
            [
              25502972.686,
              6683197.978
            ],
            [
              25502978.506,
              6683199.338
            ]
          ]
        ]
      },
      "properties": {
        "confidence": 0.8427,
        "length_m": 5.98,
        "width_m": 2.55,
        "heading_deg": 76.8,
        "aoi": "r4-tattarisuo",
        "source_layer": "Ortoilmakuva_2025_5cm",
        "zoom": 16,
        "status": "confirmed",
        "class": "van"
      }
    },
    {
      "type": "Feature",
      "geometry": {
        "type": "Polygon",
        "coordinates": [
          [
            [
              25503015.779,
              6683160.018
            ],
            [
              25503015.316,
              6683162.076
            ],
            [
              25503010.585,
              6683161.011
            ],
            [
              25503011.048,
              6683158.953
            ],
            [
              25503015.779,
              6683160.018
            ]
          ]
        ]
      },
      "properties": {
        "confidence": 0.8406,
        "length_m": 4.85,
        "width_m": 2.11,
        "heading_deg": 77.3,
        "aoi": "r4-tattarisuo",
        "source_layer": "Ortoilmakuva_2025_5cm",
        "zoom": 16,
        "status": "confirmed",
        "class": "car"
      }
    },
    {
      "type": "Feature",
      "geometry": {
        "type": "Polygon",
        "coordinates": [
          [
            [
              25503018.395,
              6683248.701
            ],
            [
              25503019.866,
              6683250.441
            ],
            [
              25503016.265,
              6683253.486
            ],
            [
              25503014.794,
              6683251.745
            ],
            [
              25503018.395,
              6683248.701
            ]
          ]
        ]
      },
      "properties": {
        "confidence": 0.8405,
        "length_m": 4.72,
        "width_m": 2.28,
        "heading_deg": 130.2,
        "aoi": "r4-tattarisuo",
        "source_layer": "Ortoilmakuva_2025_5cm",
        "zoom": 16,
        "status": "confirmed",
        "class": "car"
      }
    },
    {
      "type": "Feature",
      "geometry": {
        "type": "Polygon",
        "coordinates": [
          [
            [
              25502948.164,
              6683023.612
            ],
            [
              25502949.947,
              6683024.033
            ],
            [
              25502949.001,
              6683028.045
            ],
            [
              25502947.217,
              6683027.624
            ],
            [
              25502948.164,
              6683023.612
            ]
          ]
        ]
      },
      "properties": {
        "confidence": 0.8382,
        "length_m": 4.12,
        "width_m": 1.83,
        "heading_deg": 166.7,
        "aoi": "r4-tattarisuo",
        "source_layer": "Ortoilmakuva_2025_5cm",
        "zoom": 16,
        "status": "confirmed",
        "class": "car"
      }
    },
    {
      "type": "Feature",
      "geometry": {
        "type": "Polygon",
        "coordinates": [
          [
            [
              25502866.151,
              6683166.589
            ],
            [
              25502868.084,
              6683165.696
            ],
            [
              25502869.853,
              6683169.524
            ],
            [
              25502867.92,
              6683170.417
            ],
            [
              25502866.151,
              6683166.589
            ]
          ]
        ]
      },
      "properties": {
        "confidence": 0.8375,
        "length_m": 4.22,
        "width_m": 2.13,
        "heading_deg": 24.8,
        "aoi": "r4-tattarisuo",
        "source_layer": "Ortoilmakuva_2025_5cm",
        "zoom": 16,
        "status": "confirmed",
        "class": "car"
      }
    },
    {
      "type": "Feature",
      "geometry": {
        "type": "Polygon",
        "coordinates": [
          [
            [
              25503048.168,
              6683191.254
            ],
            [
              25503050.414,
              6683191.103
            ],
            [
              25503050.728,
              6683195.784
            ],
            [
              25503048.482,
              6683195.935
            ],
            [
              25503048.168,
              6683191.254
            ]
          ]
        ]
      },
      "properties": {
        "confidence": 0.8375,
        "length_m": 4.69,
        "width_m": 2.25,
        "heading_deg": 3.8,
        "aoi": "r4-tattarisuo",
        "source_layer": "Ortoilmakuva_2025_5cm",
        "zoom": 16,
        "status": "confirmed",
        "class": "car"
      }
    },
    {
      "type": "Feature",
      "geometry": {
        "type": "Polygon",
        "coordinates": [
          [
            [
              25502923.744,
              6683239.98
            ],
            [
              25502926.259,
              6683235.048
            ],
            [
              25502924.24,
              6683234.019
            ],
            [
              25502921.725,
              6683238.951
            ],
            [
              25502923.744,
              6683239.98
            ]
          ]
        ]
      },
      "properties": {
        "confidence": 0.837,
        "length_m": 5.54,
        "width_m": 2.27,
        "heading_deg": 153,
        "aoi": "r4-tattarisuo",
        "source_layer": "Ortoilmakuva_2025_5cm",
        "zoom": 16,
        "status": "confirmed",
        "class": "van"
      }
    },
    {
      "type": "Feature",
      "geometry": {
        "type": "Polygon",
        "coordinates": [
          [
            [
              25502930.342,
              6683231.618
            ],
            [
              25502932.481,
              6683232.39
            ],
            [
              25502930.685,
              6683237.369
            ],
            [
              25502928.546,
              6683236.597
            ],
            [
              25502930.342,
              6683231.618
            ]
          ]
        ]
      },
      "properties": {
        "confidence": 0.8344,
        "length_m": 5.29,
        "width_m": 2.27,
        "heading_deg": 160.2,
        "aoi": "r4-tattarisuo",
        "source_layer": "Ortoilmakuva_2025_5cm",
        "zoom": 16,
        "status": "confirmed",
        "class": "van"
      }
    },
    {
      "type": "Feature",
      "geometry": {
        "type": "Polygon",
        "coordinates": [
          [
            [
              25503039.328,
              6683263.888
            ],
            [
              25503041.201,
              6683262.822
            ],
            [
              25503043.468,
              6683266.807
            ],
            [
              25503041.595,
              6683267.873
            ],
            [
              25503039.328,
              6683263.888
            ]
          ]
        ]
      },
      "properties": {
        "confidence": 0.8335,
        "length_m": 4.58,
        "width_m": 2.16,
        "heading_deg": 29.6,
        "aoi": "r4-tattarisuo",
        "source_layer": "Ortoilmakuva_2025_5cm",
        "zoom": 16,
        "status": "confirmed",
        "class": "car"
      }
    },
    {
      "type": "Feature",
      "geometry": {
        "type": "Polygon",
        "coordinates": [
          [
            [
              25502938.852,
              6683157.369
            ],
            [
              25502933.293,
              6683156.489
            ],
            [
              25502932.96,
              6683158.592
            ],
            [
              25502938.519,
              6683159.472
            ],
            [
              25502938.852,
              6683157.369
            ]
          ]
        ]
      },
      "properties": {
        "confidence": 0.8334,
        "length_m": 5.63,
        "width_m": 2.13,
        "heading_deg": 81,
        "aoi": "r4-tattarisuo",
        "source_layer": "Ortoilmakuva_2025_5cm",
        "zoom": 16,
        "status": "confirmed",
        "class": "van"
      }
    },
    {
      "type": "Feature",
      "geometry": {
        "type": "Polygon",
        "coordinates": [
          [
            [
              25502901.578,
              6683214.98
            ],
            [
              25502904.622,
              6683217.938
            ],
            [
              25502903.248,
              6683219.352
            ],
            [
              25502900.204,
              6683216.395
            ],
            [
              25502901.578,
              6683214.98
            ]
          ]
        ]
      },
      "properties": {
        "confidence": 0.8313,
        "length_m": 4.24,
        "width_m": 1.97,
        "heading_deg": 45.8,
        "aoi": "r4-tattarisuo",
        "source_layer": "Ortoilmakuva_2025_5cm",
        "zoom": 16,
        "status": "confirmed",
        "class": "car"
      }
    },
    {
      "type": "Feature",
      "geometry": {
        "type": "Polygon",
        "coordinates": [
          [
            [
              25503005.563,
              6683120.021
            ],
            [
              25503005.855,
              6683122.495
            ],
            [
              25503000.22,
              6683123.161
            ],
            [
              25502999.928,
              6683120.687
            ],
            [
              25503005.563,
              6683120.021
            ]
          ]
        ]
      },
      "properties": {
        "confidence": 0.8267,
        "length_m": 5.67,
        "width_m": 2.49,
        "heading_deg": 96.7,
        "aoi": "r4-tattarisuo",
        "source_layer": "Ortoilmakuva_2025_5cm",
        "zoom": 16,
        "status": "confirmed",
        "class": "van"
      }
    },
    {
      "type": "Feature",
      "geometry": {
        "type": "Polygon",
        "coordinates": [
          [
            [
              25503053.691,
              6683070.499
            ],
            [
              25503053.971,
              6683064.783
            ],
            [
              25503051.615,
              6683064.667
            ],
            [
              25503051.334,
              6683070.384
            ],
            [
              25503053.691,
              6683070.499
            ]
          ]
        ]
      },
      "properties": {
        "confidence": 0.8259,
        "length_m": 5.72,
        "width_m": 2.36,
        "heading_deg": 177.2,
        "aoi": "r4-tattarisuo",
        "source_layer": "Ortoilmakuva_2025_5cm",
        "zoom": 16,
        "status": "confirmed",
        "class": "car"
      }
    },
    {
      "type": "Feature",
      "geometry": {
        "type": "Polygon",
        "coordinates": [
          [
            [
              25503060.323,
              6683215.091
            ],
            [
              25503059.599,
              6683217.271
            ],
            [
              25503054.656,
              6683215.628
            ],
            [
              25503055.381,
              6683213.448
            ],
            [
              25503060.323,
              6683215.091
            ]
          ]
        ]
      },
      "properties": {
        "confidence": 0.8251,
        "length_m": 5.21,
        "width_m": 2.3,
        "heading_deg": 71.6,
        "aoi": "r4-tattarisuo",
        "source_layer": "Ortoilmakuva_2025_5cm",
        "zoom": 16,
        "status": "confirmed",
        "class": "car"
      }
    },
    {
      "type": "Feature",
      "geometry": {
        "type": "Polygon",
        "coordinates": [
          [
            [
              25502982.784,
              6683019.009
            ],
            [
              25502978.333,
              6683020.245
            ],
            [
              25502978.871,
              6683022.183
            ],
            [
              25502983.322,
              6683020.946
            ],
            [
              25502982.784,
              6683019.009
            ]
          ]
        ]
      },
      "properties": {
        "confidence": 0.8244,
        "length_m": 4.62,
        "width_m": 2.01,
        "heading_deg": 105.5,
        "aoi": "r4-tattarisuo",
        "source_layer": "Ortoilmakuva_2025_5cm",
        "zoom": 16,
        "status": "confirmed",
        "class": "car"
      }
    },
    {
      "type": "Feature",
      "geometry": {
        "type": "Polygon",
        "coordinates": [
          [
            [
              25502988.127,
              6683025.267
            ],
            [
              25502987.492,
              6683027.78
            ],
            [
              25502981.85,
              6683026.356
            ],
            [
              25502982.485,
              6683023.842
            ],
            [
              25502988.127,
              6683025.267
            ]
          ]
        ]
      },
      "properties": {
        "confidence": 0.8236,
        "length_m": 5.82,
        "width_m": 2.59,
        "heading_deg": 75.8,
        "aoi": "r4-tattarisuo",
        "source_layer": "Ortoilmakuva_2025_5cm",
        "zoom": 16,
        "status": "confirmed",
        "class": "van"
      }
    },
    {
      "type": "Feature",
      "geometry": {
        "type": "Polygon",
        "coordinates": [
          [
            [
              25502824.492,
              6683243.218
            ],
            [
              25502826.998,
              6683242.937
            ],
            [
              25502827.593,
              6683248.252
            ],
            [
              25502825.086,
              6683248.532
            ],
            [
              25502824.492,
              6683243.218
            ]
          ]
        ]
      },
      "properties": {
        "confidence": 0.823,
        "length_m": 5.35,
        "width_m": 2.52,
        "heading_deg": 6.4,
        "aoi": "r4-tattarisuo",
        "source_layer": "Ortoilmakuva_2025_5cm",
        "zoom": 16,
        "status": "confirmed",
        "class": "van"
      }
    },
    {
      "type": "Feature",
      "geometry": {
        "type": "Polygon",
        "coordinates": [
          [
            [
              25502932.046,
              6683153.174
            ],
            [
              25502931.565,
              6683155.358
            ],
            [
              25502926.622,
              6683154.269
            ],
            [
              25502927.104,
              6683152.085
            ],
            [
              25502932.046,
              6683153.174
            ]
          ]
        ]
      },
      "properties": {
        "confidence": 0.8228,
        "length_m": 5.06,
        "width_m": 2.24,
        "heading_deg": 77.6,
        "aoi": "r4-tattarisuo",
        "source_layer": "Ortoilmakuva_2025_5cm",
        "zoom": 16,
        "status": "confirmed",
        "class": "car"
      }
    },
    {
      "type": "Feature",
      "geometry": {
        "type": "Polygon",
        "coordinates": [
          [
            [
              25502922.903,
              6683072.347
            ],
            [
              25502925.228,
              6683072.964
            ],
            [
              25502923.866,
              6683078.099
            ],
            [
              25502921.541,
              6683077.482
            ],
            [
              25502922.903,
              6683072.347
            ]
          ]
        ]
      },
      "properties": {
        "confidence": 0.8207,
        "length_m": 5.31,
        "width_m": 2.41,
        "heading_deg": 165.1,
        "aoi": "r4-tattarisuo",
        "source_layer": "Ortoilmakuva_2025_5cm",
        "zoom": 16,
        "status": "confirmed",
        "class": "van"
      }
    },
    {
      "type": "Feature",
      "geometry": {
        "type": "Polygon",
        "coordinates": [
          [
            [
              25502774.164,
              6683176.482
            ],
            [
              25502773.801,
              6683178.638
            ],
            [
              25502769.138,
              6683177.853
            ],
            [
              25502769.502,
              6683175.697
            ],
            [
              25502774.164,
              6683176.482
            ]
          ]
        ]
      },
      "properties": {
        "confidence": 0.8206,
        "length_m": 4.73,
        "width_m": 2.19,
        "heading_deg": 80.4,
        "aoi": "r4-tattarisuo",
        "source_layer": "Ortoilmakuva_2025_5cm",
        "zoom": 16,
        "status": "confirmed",
        "class": "car"
      }
    },
    {
      "type": "Feature",
      "geometry": {
        "type": "Polygon",
        "coordinates": [
          [
            [
              25502922.649,
              6683233.192
            ],
            [
              25502919.088,
              6683229.346
            ],
            [
              25502917.577,
              6683230.746
            ],
            [
              25502921.138,
              6683234.591
            ],
            [
              25502922.649,
              6683233.192
            ]
          ]
        ]
      },
      "properties": {
        "confidence": 0.8205,
        "length_m": 5.24,
        "width_m": 2.06,
        "heading_deg": 42.8,
        "aoi": "r4-tattarisuo",
        "source_layer": "Ortoilmakuva_2025_5cm",
        "zoom": 16,
        "status": "confirmed",
        "class": "car"
      }
    },
    {
      "type": "Feature",
      "geometry": {
        "type": "Polygon",
        "coordinates": [
          [
            [
              25502800.637,
              6683076.999
            ],
            [
              25502796.57,
              6683080.667
            ],
            [
              25502798.19,
              6683082.464
            ],
            [
              25502802.258,
              6683078.796
            ],
            [
              25502800.637,
              6683076.999
            ]
          ]
        ]
      },
      "properties": {
        "confidence": 0.8177,
        "length_m": 5.48,
        "width_m": 2.42,
        "heading_deg": 132,
        "aoi": "r4-tattarisuo",
        "source_layer": "Ortoilmakuva_2025_5cm",
        "zoom": 16,
        "status": "confirmed",
        "class": "van"
      }
    },
    {
      "type": "Feature",
      "geometry": {
        "type": "Polygon",
        "coordinates": [
          [
            [
              25503024.966,
              6682988.508
            ],
            [
              25503024.187,
              6682991.677
            ],
            [
              25503015.305,
              6682989.494
            ],
            [
              25503016.084,
              6682986.325
            ],
            [
              25503024.966,
              6682988.508
            ]
          ]
        ]
      },
      "properties": {
        "confidence": 0.817,
        "length_m": 9.15,
        "width_m": 3.26,
        "heading_deg": 76.2,
        "aoi": "r4-tattarisuo",
        "source_layer": "Ortoilmakuva_2025_5cm",
        "zoom": 16,
        "status": "confirmed",
        "class": "truck"
      }
    },
    {
      "type": "Feature",
      "geometry": {
        "type": "Polygon",
        "coordinates": [
          [
            [
              25502816.235,
              6683241.343
            ],
            [
              25502818.727,
              6683241.088
            ],
            [
              25502819.356,
              6683247.228
            ],
            [
              25502816.864,
              6683247.483
            ],
            [
              25502816.235,
              6683241.343
            ]
          ]
        ]
      },
      "properties": {
        "confidence": 0.8162,
        "length_m": 6.17,
        "width_m": 2.51,
        "heading_deg": 5.8,
        "aoi": "r4-tattarisuo",
        "source_layer": "Ortoilmakuva_2025_5cm",
        "zoom": 16,
        "status": "confirmed",
        "class": "van"
      }
    },
    {
      "type": "Feature",
      "geometry": {
        "type": "Polygon",
        "coordinates": [
          [
            [
              25502878.533,
              6683014.033
            ],
            [
              25502880.476,
              6683014.464
            ],
            [
              25502879.54,
              6683018.691
            ],
            [
              25502877.596,
              6683018.26
            ],
            [
              25502878.533,
              6683014.033
            ]
          ]
        ]
      },
      "properties": {
        "confidence": 0.8153,
        "length_m": 4.33,
        "width_m": 1.99,
        "heading_deg": 167.5,
        "aoi": "r4-tattarisuo",
        "source_layer": "Ortoilmakuva_2025_5cm",
        "zoom": 16,
        "status": "confirmed",
        "class": "car"
      }
    },
    {
      "type": "Feature",
      "geometry": {
        "type": "Polygon",
        "coordinates": [
          [
            [
              25502881.016,
              6683046.077
            ],
            [
              25502883.33,
              6683046.697
            ],
            [
              25502881.813,
              6683052.365
            ],
            [
              25502879.498,
              6683051.745
            ],
            [
              25502881.016,
              6683046.077
            ]
          ]
        ]
      },
      "properties": {
        "confidence": 0.8145,
        "length_m": 5.87,
        "width_m": 2.4,
        "heading_deg": 165,
        "aoi": "r4-tattarisuo",
        "source_layer": "Ortoilmakuva_2025_5cm",
        "zoom": 16,
        "status": "confirmed",
        "class": "van"
      }
    },
    {
      "type": "Feature",
      "geometry": {
        "type": "Polygon",
        "coordinates": [
          [
            [
              25502994.583,
              6683093.135
            ],
            [
              25502996.956,
              6683093.345
            ],
            [
              25502996.426,
              6683099.318
            ],
            [
              25502994.053,
              6683099.108
            ],
            [
              25502994.583,
              6683093.135
            ]
          ]
        ]
      },
      "properties": {
        "confidence": 0.8135,
        "length_m": 6,
        "width_m": 2.38,
        "heading_deg": 174.9,
        "aoi": "r4-tattarisuo",
        "source_layer": "Ortoilmakuva_2025_5cm",
        "zoom": 16,
        "status": "confirmed",
        "class": "van"
      }
    },
    {
      "type": "Feature",
      "geometry": {
        "type": "Polygon",
        "coordinates": [
          [
            [
              25502915.45,
              6683205.471
            ],
            [
              25502910.411,
              6683204.395
            ],
            [
              25502909.969,
              6683206.463
            ],
            [
              25502915.009,
              6683207.539
            ],
            [
              25502915.45,
              6683205.471
            ]
          ]
        ]
      },
      "properties": {
        "confidence": 0.8134,
        "length_m": 5.15,
        "width_m": 2.11,
        "heading_deg": 78,
        "aoi": "r4-tattarisuo",
        "source_layer": "Ortoilmakuva_2025_5cm",
        "zoom": 16,
        "status": "confirmed",
        "class": "car"
      }
    },
    {
      "type": "Feature",
      "geometry": {
        "type": "Polygon",
        "coordinates": [
          [
            [
              25503056.401,
              6683001.38
            ],
            [
              25503058.745,
              6683002.069
            ],
            [
              25503057.204,
              6683007.31
            ],
            [
              25503054.86,
              6683006.621
            ],
            [
              25503056.401,
              6683001.38
            ]
          ]
        ]
      },
      "properties": {
        "confidence": 0.8131,
        "length_m": 5.46,
        "width_m": 2.44,
        "heading_deg": 163.6,
        "aoi": "r4-tattarisuo",
        "source_layer": "Ortoilmakuva_2025_5cm",
        "zoom": 16,
        "status": "confirmed",
        "class": "van"
      }
    },
    {
      "type": "Feature",
      "geometry": {
        "type": "Polygon",
        "coordinates": [
          [
            [
              25502895.866,
              6683157.877
            ],
            [
              25502896.209,
              6683160.083
            ],
            [
              25502891.447,
              6683160.822
            ],
            [
              25502891.105,
              6683158.616
            ],
            [
              25502895.866,
              6683157.877
            ]
          ]
        ]
      },
      "properties": {
        "confidence": 0.813,
        "length_m": 4.82,
        "width_m": 2.23,
        "heading_deg": 98.8,
        "aoi": "r4-tattarisuo",
        "source_layer": "Ortoilmakuva_2025_5cm",
        "zoom": 16,
        "status": "confirmed",
        "class": "car"
      }
    },
    {
      "type": "Feature",
      "geometry": {
        "type": "Polygon",
        "coordinates": [
          [
            [
              25502922.43,
              6683106.726
            ],
            [
              25502924.434,
              6683108.514
            ],
            [
              25502917.847,
              6683115.897
            ],
            [
              25502915.843,
              6683114.109
            ],
            [
              25502922.43,
              6683106.726
            ]
          ]
        ]
      },
      "properties": {
        "confidence": 0.8119,
        "length_m": 9.89,
        "width_m": 2.69,
        "heading_deg": 138.3,
        "aoi": "r4-tattarisuo",
        "source_layer": "Ortoilmakuva_2025_5cm",
        "zoom": 16,
        "status": "confirmed",
        "class": "bus"
      }
    },
    {
      "type": "Feature",
      "geometry": {
        "type": "Polygon",
        "coordinates": [
          [
            [
              25502937.343,
              6683023.866
            ],
            [
              25502939.497,
              6683023.943
            ],
            [
              25502939.33,
              6683028.623
            ],
            [
              25502937.176,
              6683028.546
            ],
            [
              25502937.343,
              6683023.866
            ]
          ]
        ]
      },
      "properties": {
        "confidence": 0.8082,
        "length_m": 4.68,
        "width_m": 2.16,
        "heading_deg": 178,
        "aoi": "r4-tattarisuo",
        "source_layer": "Ortoilmakuva_2025_5cm",
        "zoom": 16,
        "status": "rejected",
        "class": ""
      }
    },
    {
      "type": "Feature",
      "geometry": {
        "type": "Polygon",
        "coordinates": [
          [
            [
              25502986.375,
              6683170.972
            ],
            [
              25502985.897,
              6683172.82
            ],
            [
              25502981.307,
              6683171.63
            ],
            [
              25502981.786,
              6683169.783
            ],
            [
              25502986.375,
              6683170.972
            ]
          ]
        ]
      },
      "properties": {
        "confidence": 0.8075,
        "length_m": 4.74,
        "width_m": 1.91,
        "heading_deg": 75.5,
        "aoi": "r4-tattarisuo",
        "source_layer": "Ortoilmakuva_2025_5cm",
        "zoom": 16,
        "status": "confirmed",
        "class": "car"
      }
    },
    {
      "type": "Feature",
      "geometry": {
        "type": "Polygon",
        "coordinates": [
          [
            [
              25502804.097,
              6683115.251
            ],
            [
              25502806.022,
              6683113.844
            ],
            [
              25502808.671,
              6683117.47
            ],
            [
              25502806.746,
              6683118.876
            ],
            [
              25502804.097,
              6683115.251
            ]
          ]
        ]
      },
      "properties": {
        "confidence": 0.8074,
        "length_m": 4.49,
        "width_m": 2.38,
        "heading_deg": 36.2,
        "aoi": "r4-tattarisuo",
        "source_layer": "Ortoilmakuva_2025_5cm",
        "zoom": 16,
        "status": "confirmed",
        "class": "car"
      }
    },
    {
      "type": "Feature",
      "geometry": {
        "type": "Polygon",
        "coordinates": [
          [
            [
              25503028.222,
              6683162.239
            ],
            [
              25503027.753,
              6683164.408
            ],
            [
              25503022.846,
              6683163.348
            ],
            [
              25503023.315,
              6683161.179
            ],
            [
              25503028.222,
              6683162.239
            ]
          ]
        ]
      },
      "properties": {
        "confidence": 0.8067,
        "length_m": 5.02,
        "width_m": 2.22,
        "heading_deg": 77.8,
        "aoi": "r4-tattarisuo",
        "source_layer": "Ortoilmakuva_2025_5cm",
        "zoom": 16,
        "status": "confirmed",
        "class": "car"
      }
    },
    {
      "type": "Feature",
      "geometry": {
        "type": "Polygon",
        "coordinates": [
          [
            [
              25503060.362,
              6683245.045
            ],
            [
              25503059.733,
              6683247.494
            ],
            [
              25503053.815,
              6683245.974
            ],
            [
              25503054.444,
              6683243.524
            ],
            [
              25503060.362,
              6683245.045
            ]
          ]
        ]
      },
      "properties": {
        "confidence": 0.8066,
        "length_m": 6.11,
        "width_m": 2.53,
        "heading_deg": 75.6,
        "aoi": "r4-tattarisuo",
        "source_layer": "Ortoilmakuva_2025_5cm",
        "zoom": 16,
        "status": "confirmed",
        "class": "van"
      }
    },
    {
      "type": "Feature",
      "geometry": {
        "type": "Polygon",
        "coordinates": [
          [
            [
              25503012.595,
              6683105.843
            ],
            [
              25503014.73,
              6683105.779
            ],
            [
              25503014.867,
              6683110.317
            ],
            [
              25503012.731,
              6683110.381
            ],
            [
              25503012.595,
              6683105.843
            ]
          ]
        ]
      },
      "properties": {
        "confidence": 0.8061,
        "length_m": 4.54,
        "width_m": 2.14,
        "heading_deg": 1.7,
        "aoi": "r4-tattarisuo",
        "source_layer": "Ortoilmakuva_2025_5cm",
        "zoom": 16,
        "status": "confirmed",
        "class": "van"
      }
    },
    {
      "type": "Feature",
      "geometry": {
        "type": "Polygon",
        "coordinates": [
          [
            [
              25503009.062,
              6683117.137
            ],
            [
              25503003.441,
              6683115.474
            ],
            [
              25503002.774,
              6683117.728
            ],
            [
              25503008.395,
              6683119.391
            ],
            [
              25503009.062,
              6683117.137
            ]
          ]
        ]
      },
      "properties": {
        "confidence": 0.8059,
        "length_m": 5.86,
        "width_m": 2.35,
        "heading_deg": 73.5,
        "aoi": "r4-tattarisuo",
        "source_layer": "Ortoilmakuva_2025_5cm",
        "zoom": 16,
        "status": "confirmed",
        "class": "van"
      }
    },
    {
      "type": "Feature",
      "geometry": {
        "type": "Polygon",
        "coordinates": [
          [
            [
              25503039.681,
              6683240.009
            ],
            [
              25503039.026,
              6683242.201
            ],
            [
              25503034.14,
              6683240.742
            ],
            [
              25503034.795,
              6683238.549
            ],
            [
              25503039.681,
              6683240.009
            ]
          ]
        ]
      },
      "properties": {
        "confidence": 0.8013,
        "length_m": 5.1,
        "width_m": 2.29,
        "heading_deg": 73.4,
        "aoi": "r4-tattarisuo",
        "source_layer": "Ortoilmakuva_2025_5cm",
        "zoom": 16,
        "status": "confirmed",
        "class": "car"
      }
    },
    {
      "type": "Feature",
      "geometry": {
        "type": "Polygon",
        "coordinates": [
          [
            [
              25502926.533,
              6683152.047
            ],
            [
              25502926.057,
              6683154.169
            ],
            [
              25502921.463,
              6683153.139
            ],
            [
              25502921.939,
              6683151.017
            ],
            [
              25502926.533,
              6683152.047
            ]
          ]
        ]
      },
      "properties": {
        "confidence": 0.8,
        "length_m": 4.71,
        "width_m": 2.17,
        "heading_deg": 77.4,
        "aoi": "r4-tattarisuo",
        "source_layer": "Ortoilmakuva_2025_5cm",
        "zoom": 16,
        "status": "confirmed",
        "class": "car"
      }
    },
    {
      "type": "Feature",
      "geometry": {
        "type": "Polygon",
        "coordinates": [
          [
            [
              25502932.327,
              6683228.374
            ],
            [
              25502928.774,
              6683224.071
            ],
            [
              25502926.641,
              6683225.833
            ],
            [
              25502930.194,
              6683230.135
            ],
            [
              25502932.327,
              6683228.374
            ]
          ]
        ]
      },
      "properties": {
        "confidence": 0.7987,
        "length_m": 5.58,
        "width_m": 2.77,
        "heading_deg": 39.5,
        "aoi": "r4-tattarisuo",
        "source_layer": "Ortoilmakuva_2025_5cm",
        "zoom": 16,
        "status": "confirmed",
        "class": "van"
      }
    },
    {
      "type": "Feature",
      "geometry": {
        "type": "Polygon",
        "coordinates": [
          [
            [
              25503067.552,
              6683250.398
            ],
            [
              25503063.395,
              6683249.264
            ],
            [
              25503062.907,
              6683251.051
            ],
            [
              25503067.064,
              6683252.186
            ],
            [
              25503067.552,
              6683250.398
            ]
          ]
        ]
      },
      "properties": {
        "confidence": 0.7977,
        "length_m": 4.31,
        "width_m": 1.85,
        "heading_deg": 74.7,
        "aoi": "r4-tattarisuo",
        "source_layer": "Ortoilmakuva_2025_5cm",
        "zoom": 16,
        "status": "confirmed",
        "class": "car"
      }
    },
    {
      "type": "Feature",
      "geometry": {
        "type": "Polygon",
        "coordinates": [
          [
            [
              25502957.748,
              6683006.215
            ],
            [
              25502959.296,
              6683007.909
            ],
            [
              25502955.386,
              6683011.482
            ],
            [
              25502953.838,
              6683009.788
            ],
            [
              25502957.748,
              6683006.215
            ]
          ]
        ]
      },
      "properties": {
        "confidence": 0.7962,
        "length_m": 5.3,
        "width_m": 2.29,
        "heading_deg": 132.4,
        "aoi": "r4-tattarisuo",
        "source_layer": "Ortoilmakuva_2025_5cm",
        "zoom": 16,
        "status": "confirmed",
        "class": "car"
      }
    },
    {
      "type": "Feature",
      "geometry": {
        "type": "Polygon",
        "coordinates": [
          [
            [
              25502955.598,
              6683010.638
            ],
            [
              25502957.096,
              6683012.424
            ],
            [
              25502952.986,
              6683015.872
            ],
            [
              25502951.488,
              6683014.086
            ],
            [
              25502955.598,
              6683010.638
            ]
          ]
        ]
      },
      "properties": {
        "confidence": 0.7959,
        "length_m": 5.36,
        "width_m": 2.33,
        "heading_deg": 130,
        "aoi": "r4-tattarisuo",
        "source_layer": "Ortoilmakuva_2025_5cm",
        "zoom": 16,
        "status": "confirmed",
        "class": "van"
      }
    },
    {
      "type": "Feature",
      "geometry": {
        "type": "Polygon",
        "coordinates": [
          [
            [
              25502886.044,
              6682982.927
            ],
            [
              25502886.464,
              6682984.72
            ],
            [
              25502882.36,
              6682985.681
            ],
            [
              25502881.94,
              6682983.888
            ],
            [
              25502886.044,
              6682982.927
            ]
          ]
        ]
      },
      "properties": {
        "confidence": 0.7933,
        "length_m": 4.22,
        "width_m": 1.84,
        "heading_deg": 103.2,
        "aoi": "r4-tattarisuo",
        "source_layer": "Ortoilmakuva_2025_5cm",
        "zoom": 16,
        "status": "confirmed",
        "class": "car"
      }
    },
    {
      "type": "Feature",
      "geometry": {
        "type": "Polygon",
        "coordinates": [
          [
            [
              25502999.431,
              6683250.469
            ],
            [
              25503001.118,
              6683252.029
            ],
            [
              25502997.722,
              6683255.703
            ],
            [
              25502996.035,
              6683254.144
            ],
            [
              25502999.431,
              6683250.469
            ]
          ]
        ]
      },
      "properties": {
        "confidence": 0.7928,
        "length_m": 5,
        "width_m": 2.3,
        "heading_deg": 137.3,
        "aoi": "r4-tattarisuo",
        "source_layer": "Ortoilmakuva_2025_5cm",
        "zoom": 16,
        "status": "confirmed",
        "class": "car"
      }
    },
    {
      "type": "Feature",
      "geometry": {
        "type": "Polygon",
        "coordinates": [
          [
            [
              25503018.257,
              6683259.115
            ],
            [
              25503020.159,
              6683257.747
            ],
            [
              25503022.833,
              6683261.465
            ],
            [
              25503020.93,
              6683262.833
            ],
            [
              25503018.257,
              6683259.115
            ]
          ]
        ]
      },
      "properties": {
        "confidence": 0.7915,
        "length_m": 4.58,
        "width_m": 2.34,
        "heading_deg": 35.7,
        "aoi": "r4-tattarisuo",
        "source_layer": "Ortoilmakuva_2025_5cm",
        "zoom": 16,
        "status": "confirmed",
        "class": "car"
      }
    },
    {
      "type": "Feature",
      "geometry": {
        "type": "Polygon",
        "coordinates": [
          [
            [
              25502990.759,
              6683152.632
            ],
            [
              25502984.816,
              6683151.683
            ],
            [
              25502984.462,
              6683153.896
            ],
            [
              25502990.405,
              6683154.846
            ],
            [
              25502990.759,
              6683152.632
            ]
          ]
        ]
      },
      "properties": {
        "confidence": 0.7906,
        "length_m": 6.02,
        "width_m": 2.24,
        "heading_deg": 80.9,
        "aoi": "r4-tattarisuo",
        "source_layer": "Ortoilmakuva_2025_5cm",
        "zoom": 16,
        "status": "confirmed",
        "class": "van"
      }
    },
    {
      "type": "Feature",
      "geometry": {
        "type": "Polygon",
        "coordinates": [
          [
            [
              25502872.512,
              6683005.177
            ],
            [
              25502872.816,
              6683007.574
            ],
            [
              25502867.357,
              6683008.267
            ],
            [
              25502867.053,
              6683005.869
            ],
            [
              25502872.512,
              6683005.177
            ]
          ]
        ]
      },
      "properties": {
        "confidence": 0.7811,
        "length_m": 5.5,
        "width_m": 2.42,
        "heading_deg": 97.2,
        "aoi": "r4-tattarisuo",
        "source_layer": "Ortoilmakuva_2025_5cm",
        "zoom": 16,
        "status": "confirmed",
        "class": "van"
      }
    },
    {
      "type": "Feature",
      "geometry": {
        "type": "Polygon",
        "coordinates": [
          [
            [
              25502975.978,
              6683067.474
            ],
            [
              25502975.371,
              6683069.741
            ],
            [
              25502970.417,
              6683068.416
            ],
            [
              25502971.024,
              6683066.148
            ],
            [
              25502975.978,
              6683067.474
            ]
          ]
        ]
      },
      "properties": {
        "confidence": 0.7801,
        "length_m": 5.13,
        "width_m": 2.35,
        "heading_deg": 75,
        "aoi": "r4-tattarisuo",
        "source_layer": "Ortoilmakuva_2025_5cm",
        "zoom": 16,
        "status": "confirmed",
        "class": "car"
      }
    },
    {
      "type": "Feature",
      "geometry": {
        "type": "Polygon",
        "coordinates": [
          [
            [
              25503027.136,
              6683164.652
            ],
            [
              25503026.572,
              6683167.356
            ],
            [
              25503019.656,
              6683165.915
            ],
            [
              25503020.22,
              6683163.211
            ],
            [
              25503027.136,
              6683164.652
            ]
          ]
        ]
      },
      "properties": {
        "confidence": 0.7792,
        "length_m": 7.06,
        "width_m": 2.76,
        "heading_deg": 78.2,
        "aoi": "r4-tattarisuo",
        "source_layer": "Ortoilmakuva_2025_5cm",
        "zoom": 16,
        "status": "rejected",
        "class": ""
      }
    },
    {
      "type": "Feature",
      "geometry": {
        "type": "Polygon",
        "coordinates": [
          [
            [
              25502890.736,
              6682984.874
            ],
            [
              25502892.766,
              6682984.401
            ],
            [
              25502893.783,
              6682988.76
            ],
            [
              25502891.753,
              6682989.233
            ],
            [
              25502890.736,
              6682984.874
            ]
          ]
        ]
      },
      "properties": {
        "confidence": 0.7782,
        "length_m": 4.48,
        "width_m": 2.08,
        "heading_deg": 13.1,
        "aoi": "r4-tattarisuo",
        "source_layer": "Ortoilmakuva_2025_5cm",
        "zoom": 16,
        "status": "confirmed",
        "class": "car"
      }
    },
    {
      "type": "Feature",
      "geometry": {
        "type": "Polygon",
        "coordinates": [
          [
            [
              25502904.559,
              6683217.421
            ],
            [
              25502906.552,
              6683218.114
            ],
            [
              25502905.069,
              6683222.38
            ],
            [
              25502903.077,
              6683221.688
            ],
            [
              25502904.559,
              6683217.421
            ]
          ]
        ]
      },
      "properties": {
        "confidence": 0.7735,
        "length_m": 4.52,
        "width_m": 2.11,
        "heading_deg": 160.8,
        "aoi": "r4-tattarisuo",
        "source_layer": "Ortoilmakuva_2025_5cm",
        "zoom": 16,
        "status": "confirmed",
        "class": "car"
      }
    },
    {
      "type": "Feature",
      "geometry": {
        "type": "Polygon",
        "coordinates": [
          [
            [
              25502837.138,
              6683105.696
            ],
            [
              25502836.161,
              6683108.81
            ],
            [
              25502827.665,
              6683106.145
            ],
            [
              25502828.642,
              6683103.031
            ],
            [
              25502837.138,
              6683105.696
            ]
          ]
        ]
      },
      "properties": {
        "confidence": 0.772,
        "length_m": 8.9,
        "width_m": 3.26,
        "heading_deg": 72.6,
        "aoi": "r4-tattarisuo",
        "source_layer": "Ortoilmakuva_2025_5cm",
        "zoom": 16,
        "status": "confirmed",
        "class": "truck"
      }
    },
    {
      "type": "Feature",
      "geometry": {
        "type": "Polygon",
        "coordinates": [
          [
            [
              25502908.208,
              6683216.975
            ],
            [
              25502911.965,
              6683220.637
            ],
            [
              25502910.399,
              6683222.245
            ],
            [
              25502906.642,
              6683218.582
            ],
            [
              25502908.208,
              6683216.975
            ]
          ]
        ]
      },
      "properties": {
        "confidence": 0.7693,
        "length_m": 5.25,
        "width_m": 2.24,
        "heading_deg": 45.7,
        "aoi": "r4-tattarisuo",
        "source_layer": "Ortoilmakuva_2025_5cm",
        "zoom": 16,
        "status": "confirmed",
        "class": "van"
      }
    },
    {
      "type": "Feature",
      "geometry": {
        "type": "Polygon",
        "coordinates": [
          [
            [
              25502890.402,
              6682998.86
            ],
            [
              25502889.912,
              6683000.943
            ],
            [
              25502885.882,
              6682999.996
            ],
            [
              25502886.372,
              6682997.913
            ],
            [
              25502890.402,
              6682998.86
            ]
          ]
        ]
      },
      "properties": {
        "confidence": 0.7693,
        "length_m": 4.14,
        "width_m": 2.14,
        "heading_deg": 76.8,
        "aoi": "r4-tattarisuo",
        "source_layer": "Ortoilmakuva_2025_5cm",
        "zoom": 16,
        "status": "confirmed",
        "class": "car"
      }
    },
    {
      "type": "Feature",
      "geometry": {
        "type": "Polygon",
        "coordinates": [
          [
            [
              25503070.94,
              6683170.768
            ],
            [
              25503070.409,
              6683172.933
            ],
            [
              25503065.667,
              6683171.77
            ],
            [
              25503066.198,
              6683169.605
            ],
            [
              25503070.94,
              6683170.768
            ]
          ]
        ]
      },
      "properties": {
        "confidence": 0.767,
        "length_m": 4.88,
        "width_m": 2.23,
        "heading_deg": 76.2,
        "aoi": "r4-tattarisuo",
        "source_layer": "Ortoilmakuva_2025_5cm",
        "zoom": 16,
        "status": "confirmed",
        "class": "car"
      }
    },
    {
      "type": "Feature",
      "geometry": {
        "type": "Polygon",
        "coordinates": [
          [
            [
              25502854.982,
              6683093.987
            ],
            [
              25502857.007,
              6683094.546
            ],
            [
              25502855.796,
              6683098.935
            ],
            [
              25502853.77,
              6683098.376
            ],
            [
              25502854.982,
              6683093.987
            ]
          ]
        ]
      },
      "properties": {
        "confidence": 0.7669,
        "length_m": 4.55,
        "width_m": 2.1,
        "heading_deg": 164.6,
        "aoi": "r4-tattarisuo",
        "source_layer": "Ortoilmakuva_2025_5cm",
        "zoom": 16,
        "status": "confirmed",
        "class": "car"
      }
    },
    {
      "type": "Feature",
      "geometry": {
        "type": "Polygon",
        "coordinates": [
          [
            [
              25502968.92,
              6683174.041
            ],
            [
              25502968.357,
              6683176.241
            ],
            [
              25502963.194,
              6683174.921
            ],
            [
              25502963.756,
              6683172.721
            ],
            [
              25502968.92,
              6683174.041
            ]
          ]
        ]
      },
      "properties": {
        "confidence": 0.762,
        "length_m": 5.33,
        "width_m": 2.27,
        "heading_deg": 75.7,
        "aoi": "r4-tattarisuo",
        "source_layer": "Ortoilmakuva_2025_5cm",
        "zoom": 16,
        "status": "confirmed",
        "class": "van"
      }
    },
    {
      "type": "Feature",
      "geometry": {
        "type": "Polygon",
        "coordinates": [
          [
            [
              25502925.849,
              6683228.393
            ],
            [
              25502921.711,
              6683225.02
            ],
            [
              25502920.325,
              6683226.721
            ],
            [
              25502924.463,
              6683230.094
            ],
            [
              25502925.849,
              6683228.393
            ]
          ]
        ]
      },
      "properties": {
        "confidence": 0.7599,
        "length_m": 5.34,
        "width_m": 2.19,
        "heading_deg": 50.8,
        "aoi": "r4-tattarisuo",
        "source_layer": "Ortoilmakuva_2025_5cm",
        "zoom": 16,
        "status": "confirmed",
        "class": "van"
      }
    },
    {
      "type": "Feature",
      "geometry": {
        "type": "Polygon",
        "coordinates": [
          [
            [
              25502935.726,
              6683032.827
            ],
            [
              25502937.723,
              6683033.362
            ],
            [
              25502936.61,
              6683037.509
            ],
            [
              25502934.613,
              6683036.973
            ],
            [
              25502935.726,
              6683032.827
            ]
          ]
        ]
      },
      "properties": {
        "confidence": 0.7542,
        "length_m": 4.29,
        "width_m": 2.07,
        "heading_deg": 165,
        "aoi": "r4-tattarisuo",
        "source_layer": "Ortoilmakuva_2025_5cm",
        "zoom": 16,
        "status": "confirmed",
        "class": "car"
      }
    },
    {
      "type": "Feature",
      "geometry": {
        "type": "Polygon",
        "coordinates": [
          [
            [
              25502973.624,
              6683042.529
            ],
            [
              25502975.683,
              6683043.084
            ],
            [
              25502974.519,
              6683047.396
            ],
            [
              25502972.461,
              6683046.84
            ],
            [
              25502973.624,
              6683042.529
            ]
          ]
        ]
      },
      "properties": {
        "confidence": 0.7521,
        "length_m": 4.47,
        "width_m": 2.13,
        "heading_deg": 164.9,
        "aoi": "r4-tattarisuo",
        "source_layer": "Ortoilmakuva_2025_5cm",
        "zoom": 16,
        "status": "confirmed",
        "class": "car"
      }
    },
    {
      "type": "Feature",
      "geometry": {
        "type": "Polygon",
        "coordinates": [
          [
            [
              25503063.352,
              6683265.82
            ],
            [
              25503062.771,
              6683267.944
            ],
            [
              25503057.457,
              6683266.49
            ],
            [
              25503058.038,
              6683264.366
            ],
            [
              25503063.352,
              6683265.82
            ]
          ]
        ]
      },
      "properties": {
        "confidence": 0.7489,
        "length_m": 5.51,
        "width_m": 2.2,
        "heading_deg": 74.7,
        "aoi": "r4-tattarisuo",
        "source_layer": "Ortoilmakuva_2025_5cm",
        "zoom": 16,
        "status": "confirmed",
        "class": "car"
      }
    },
    {
      "type": "Feature",
      "geometry": {
        "type": "Polygon",
        "coordinates": [
          [
            [
              25502835.098,
              6683279.231
            ],
            [
              25502837.567,
              6683278.432
            ],
            [
              25502839.72,
              6683285.08
            ],
            [
              25502837.25,
              6683285.879
            ],
            [
              25502835.098,
              6683279.231
            ]
          ]
        ]
      },
      "properties": {
        "confidence": 0.7471,
        "length_m": 6.99,
        "width_m": 2.6,
        "heading_deg": 17.9,
        "aoi": "r4-tattarisuo",
        "source_layer": "Ortoilmakuva_2025_5cm",
        "zoom": 16,
        "status": "rejected",
        "class": ""
      }
    },
    {
      "type": "Feature",
      "geometry": {
        "type": "Polygon",
        "coordinates": [
          [
            [
              25502976.867,
              6683020.116
            ],
            [
              25502977.116,
              6683022.129
            ],
            [
              25502972.881,
              6683022.653
            ],
            [
              25502972.632,
              6683020.64
            ],
            [
              25502976.867,
              6683020.116
            ]
          ]
        ]
      },
      "properties": {
        "confidence": 0.7402,
        "length_m": 4.27,
        "width_m": 2.03,
        "heading_deg": 97.1,
        "aoi": "r4-tattarisuo",
        "source_layer": "Ortoilmakuva_2025_5cm",
        "zoom": 16,
        "status": "confirmed",
        "class": "car"
      }
    },
    {
      "type": "Feature",
      "geometry": {
        "type": "Polygon",
        "coordinates": [
          [
            [
              25502942.507,
              6683027.024
            ],
            [
              25502944.498,
              6683027.176
            ],
            [
              25502944.178,
              6683031.354
            ],
            [
              25502942.187,
              6683031.201
            ],
            [
              25502942.507,
              6683027.024
            ]
          ]
        ]
      },
      "properties": {
        "confidence": 0.7377,
        "length_m": 4.19,
        "width_m": 2,
        "heading_deg": 175.6,
        "aoi": "r4-tattarisuo",
        "source_layer": "Ortoilmakuva_2025_5cm",
        "zoom": 16,
        "status": "confirmed",
        "class": "car"
      }
    },
    {
      "type": "Feature",
      "geometry": {
        "type": "Polygon",
        "coordinates": [
          [
            [
              25502780.708,
              6683137.235
            ],
            [
              25502782.928,
              6683138.046
            ],
            [
              25502781.146,
              6683142.924
            ],
            [
              25502778.926,
              6683142.113
            ],
            [
              25502780.708,
              6683137.235
            ]
          ]
        ]
      },
      "properties": {
        "confidence": 0.7322,
        "length_m": 5.19,
        "width_m": 2.36,
        "heading_deg": 159.9,
        "aoi": "r4-tattarisuo",
        "source_layer": "Ortoilmakuva_2025_5cm",
        "zoom": 16,
        "status": "confirmed",
        "class": "car"
      }
    },
    {
      "type": "Feature",
      "geometry": {
        "type": "Polygon",
        "coordinates": [
          [
            [
              25502967.068,
              6683023.983
            ],
            [
              25502961.812,
              6683021.886
            ],
            [
              25502960.987,
              6683023.955
            ],
            [
              25502966.242,
              6683026.052
            ],
            [
              25502967.068,
              6683023.983
            ]
          ]
        ]
      },
      "properties": {
        "confidence": 0.732,
        "length_m": 5.66,
        "width_m": 2.23,
        "heading_deg": 68.2,
        "aoi": "r4-tattarisuo",
        "source_layer": "Ortoilmakuva_2025_5cm",
        "zoom": 16,
        "status": "confirmed",
        "class": "van"
      }
    },
    {
      "type": "Feature",
      "geometry": {
        "type": "Polygon",
        "coordinates": [
          [
            [
              25502959.625,
              6683024.243
            ],
            [
              25502961.509,
              6683024.14
            ],
            [
              25502961.757,
              6683028.679
            ],
            [
              25502959.873,
              6683028.782
            ],
            [
              25502959.625,
              6683024.243
            ]
          ]
        ]
      },
      "properties": {
        "confidence": 0.7279,
        "length_m": 4.55,
        "width_m": 1.89,
        "heading_deg": 3.1,
        "aoi": "r4-tattarisuo",
        "source_layer": "Ortoilmakuva_2025_5cm",
        "zoom": 16,
        "status": "confirmed",
        "class": "car"
      }
    },
    {
      "type": "Feature",
      "geometry": {
        "type": "Polygon",
        "coordinates": [
          [
            [
              25502881.276,
              6683280.685
            ],
            [
              25502882.849,
              6683282.475
            ],
            [
              25502878.201,
              6683286.559
            ],
            [
              25502876.627,
              6683284.768
            ],
            [
              25502881.276,
              6683280.685
            ]
          ]
        ]
      },
      "properties": {
        "confidence": 0.7269,
        "length_m": 6.19,
        "width_m": 2.38,
        "heading_deg": 131.3,
        "aoi": "r4-tattarisuo",
        "source_layer": "Ortoilmakuva_2025_5cm",
        "zoom": 16,
        "status": "confirmed",
        "class": "van"
      }
    },
    {
      "type": "Feature",
      "geometry": {
        "type": "Polygon",
        "coordinates": [
          [
            [
              25502816.567,
              6683097.501
            ],
            [
              25502820.239,
              6683101.776
            ],
            [
              25502818.457,
              6683103.307
            ],
            [
              25502814.785,
              6683099.032
            ],
            [
              25502816.567,
              6683097.501
            ]
          ]
        ]
      },
      "properties": {
        "confidence": 0.7263,
        "length_m": 5.64,
        "width_m": 2.35,
        "heading_deg": 40.7,
        "aoi": "r4-tattarisuo",
        "source_layer": "Ortoilmakuva_2025_5cm",
        "zoom": 16,
        "status": "confirmed",
        "class": "van"
      }
    },
    {
      "type": "Feature",
      "geometry": {
        "type": "Polygon",
        "coordinates": [
          [
            [
              25503001.581,
              6683068.747
            ],
            [
              25503003.847,
              6683069.365
            ],
            [
              25503002.52,
              6683074.228
            ],
            [
              25503000.255,
              6683073.611
            ],
            [
              25503001.581,
              6683068.747
            ]
          ]
        ]
      },
      "properties": {
        "confidence": 0.7215,
        "length_m": 5.04,
        "width_m": 2.35,
        "heading_deg": 164.7,
        "aoi": "r4-tattarisuo",
        "source_layer": "Ortoilmakuva_2025_5cm",
        "zoom": 16,
        "status": "confirmed",
        "class": "van"
      }
    },
    {
      "type": "Feature",
      "geometry": {
        "type": "Polygon",
        "coordinates": [
          [
            [
              25502847.807,
              6683096.334
            ],
            [
              25502850.081,
              6683097.007
            ],
            [
              25502848.482,
              6683102.412
            ],
            [
              25502846.208,
              6683101.739
            ],
            [
              25502847.807,
              6683096.334
            ]
          ]
        ]
      },
      "properties": {
        "confidence": 0.7183,
        "length_m": 5.64,
        "width_m": 2.37,
        "heading_deg": 163.5,
        "aoi": "r4-tattarisuo",
        "source_layer": "Ortoilmakuva_2025_5cm",
        "zoom": 16,
        "status": "confirmed",
        "class": "car"
      }
    },
    {
      "type": "Feature",
      "geometry": {
        "type": "Polygon",
        "coordinates": [
          [
            [
              25502931.095,
              6683022.871
            ],
            [
              25502933.119,
              6683023.727
            ],
            [
              25502930.843,
              6683029.109
            ],
            [
              25502928.818,
              6683028.253
            ],
            [
              25502931.095,
              6683022.871
            ]
          ]
        ]
      },
      "properties": {
        "confidence": 0.7167,
        "length_m": 5.84,
        "width_m": 2.2,
        "heading_deg": 157.1,
        "aoi": "r4-tattarisuo",
        "source_layer": "Ortoilmakuva_2025_5cm",
        "zoom": 16,
        "status": "rejected",
        "class": ""
      }
    },
    {
      "type": "Feature",
      "geometry": {
        "type": "Polygon",
        "coordinates": [
          [
            [
              25503029.574,
              6683168.495
            ],
            [
              25503024.615,
              6683167.23
            ],
            [
              25503024.025,
              6683169.541
            ],
            [
              25503028.985,
              6683170.806
            ],
            [
              25503029.574,
              6683168.495
            ]
          ]
        ]
      },
      "properties": {
        "confidence": 0.7166,
        "length_m": 5.12,
        "width_m": 2.38,
        "heading_deg": 75.7,
        "aoi": "r4-tattarisuo",
        "source_layer": "Ortoilmakuva_2025_5cm",
        "zoom": 16,
        "status": "confirmed",
        "class": "car"
      }
    },
    {
      "type": "Feature",
      "geometry": {
        "type": "Polygon",
        "coordinates": [
          [
            [
              25502954.18,
              6683021.406
            ],
            [
              25502950.206,
              6683019.538
            ],
            [
              25502949.278,
              6683021.512
            ],
            [
              25502953.252,
              6683023.38
            ],
            [
              25502954.18,
              6683021.406
            ]
          ]
        ]
      },
      "properties": {
        "confidence": 0.7154,
        "length_m": 4.39,
        "width_m": 2.18,
        "heading_deg": 64.8,
        "aoi": "r4-tattarisuo",
        "source_layer": "Ortoilmakuva_2025_5cm",
        "zoom": 16,
        "status": "confirmed",
        "class": "car"
      }
    },
    {
      "type": "Feature",
      "geometry": {
        "type": "Polygon",
        "coordinates": [
          [
            [
              25503001.513,
              6683178.302
            ],
            [
              25503000.507,
              6683181.597
            ],
            [
              25502983.052,
              6683176.267
            ],
            [
              25502984.058,
              6683172.972
            ],
            [
              25503001.513,
              6683178.302
            ]
          ]
        ]
      },
      "properties": {
        "confidence": 0.7102,
        "length_m": 18.25,
        "width_m": 3.45,
        "heading_deg": 73,
        "aoi": "r4-tattarisuo",
        "source_layer": "Ortoilmakuva_2025_5cm",
        "zoom": 16,
        "status": "rejected",
        "class": ""
      }
    },
    {
      "type": "Feature",
      "geometry": {
        "type": "Polygon",
        "coordinates": [
          [
            [
              25502945.23,
              6683061.979
            ],
            [
              25502944.725,
              6683064.183
            ],
            [
              25502940.017,
              6683063.104
            ],
            [
              25502940.522,
              6683060.9
            ],
            [
              25502945.23,
              6683061.979
            ]
          ]
        ]
      },
      "properties": {
        "confidence": 0.7055,
        "length_m": 4.83,
        "width_m": 2.26,
        "heading_deg": 77.1,
        "aoi": "r4-tattarisuo",
        "source_layer": "Ortoilmakuva_2025_5cm",
        "zoom": 16,
        "status": "confirmed",
        "class": "car"
      }
    },
    {
      "type": "Feature",
      "geometry": {
        "type": "Polygon",
        "coordinates": [
          [
            [
              25502865.737,
              6683004.833
            ],
            [
              25502866.113,
              6683007.036
            ],
            [
              25502861.328,
              6683007.854
            ],
            [
              25502860.951,
              6683005.651
            ],
            [
              25502865.737,
              6683004.833
            ]
          ]
        ]
      },
      "properties": {
        "confidence": 0.7036,
        "length_m": 4.85,
        "width_m": 2.23,
        "heading_deg": 99.7,
        "aoi": "r4-tattarisuo",
        "source_layer": "Ortoilmakuva_2025_5cm",
        "zoom": 16,
        "status": "confirmed",
        "class": "car"
      }
    },
    {
      "type": "Feature",
      "geometry": {
        "type": "Polygon",
        "coordinates": [
          [
            [
              25503021.663,
              6683173.371
            ],
            [
              25503016.656,
              6683172.341
            ],
            [
              25503016.203,
              6683174.544
            ],
            [
              25503021.21,
              6683175.574
            ],
            [
              25503021.663,
              6683173.371
            ]
          ]
        ]
      },
      "properties": {
        "confidence": 0.7027,
        "length_m": 5.11,
        "width_m": 2.25,
        "heading_deg": 78.4,
        "aoi": "r4-tattarisuo",
        "source_layer": "Ortoilmakuva_2025_5cm",
        "zoom": 16,
        "status": "confirmed",
        "class": "van"
      }
    },
    {
      "type": "Feature",
      "geometry": {
        "type": "Polygon",
        "coordinates": [
          [
            [
              25502938.459,
              6683160.797
            ],
            [
              25502938.258,
              6683162.189
            ],
            [
              25502933.44,
              6683161.494
            ],
            [
              25502933.641,
              6683160.102
            ],
            [
              25502938.459,
              6683160.797
            ]
          ]
        ]
      },
      "properties": {
        "confidence": 0.6986,
        "length_m": 4.87,
        "width_m": 1.41,
        "heading_deg": 81.8,
        "aoi": "r4-tattarisuo",
        "source_layer": "Ortoilmakuva_2025_5cm",
        "zoom": 16,
        "status": "rejected",
        "class": ""
      }
    },
    {
      "type": "Feature",
      "geometry": {
        "type": "Polygon",
        "coordinates": [
          [
            [
              25502801.828,
              6683049.513
            ],
            [
              25502804.17,
              6683050.216
            ],
            [
              25502802.389,
              6683056.15
            ],
            [
              25502800.047,
              6683055.447
            ],
            [
              25502801.828,
              6683049.513
            ]
          ]
        ]
      },
      "properties": {
        "confidence": 0.6786,
        "length_m": 6.2,
        "width_m": 2.45,
        "heading_deg": 163.3,
        "aoi": "r4-tattarisuo",
        "source_layer": "Ortoilmakuva_2025_5cm",
        "zoom": 16,
        "status": "confirmed",
        "class": "van"
      }
    },
    {
      "type": "Feature",
      "geometry": {
        "type": "Polygon",
        "coordinates": [
          [
            [
              25502904.225,
              6683224.209
            ],
            [
              25502908.21,
              6683229.058
            ],
            [
              25502906.271,
              6683230.651
            ],
            [
              25502902.287,
              6683225.802
            ],
            [
              25502904.225,
              6683224.209
            ]
          ]
        ]
      },
      "properties": {
        "confidence": 0.6743,
        "length_m": 6.28,
        "width_m": 2.51,
        "heading_deg": 39.4,
        "aoi": "r4-tattarisuo",
        "source_layer": "Ortoilmakuva_2025_5cm",
        "zoom": 16,
        "status": "confirmed",
        "class": "van"
      }
    },
    {
      "type": "Feature",
      "geometry": {
        "type": "Polygon",
        "coordinates": [
          [
            [
              25502889.616,
              6683003.367
            ],
            [
              25502889.334,
              6683005.381
            ],
            [
              25502884.819,
              6683004.749
            ],
            [
              25502885.101,
              6683002.735
            ],
            [
              25502889.616,
              6683003.367
            ]
          ]
        ]
      },
      "properties": {
        "confidence": 0.6719,
        "length_m": 4.56,
        "width_m": 2.03,
        "heading_deg": 82,
        "aoi": "r4-tattarisuo",
        "source_layer": "Ortoilmakuva_2025_5cm",
        "zoom": 16,
        "status": "confirmed",
        "class": "van"
      }
    },
    {
      "type": "Feature",
      "geometry": {
        "type": "Polygon",
        "coordinates": [
          [
            [
              25502991.674,
              6683071.776
            ],
            [
              25502986.764,
              6683070.604
            ],
            [
              25502986.223,
              6683072.867
            ],
            [
              25502991.133,
              6683074.04
            ],
            [
              25502991.674,
              6683071.776
            ]
          ]
        ]
      },
      "properties": {
        "confidence": 0.6683,
        "length_m": 5.05,
        "width_m": 2.33,
        "heading_deg": 76.6,
        "aoi": "r4-tattarisuo",
        "source_layer": "Ortoilmakuva_2025_5cm",
        "zoom": 16,
        "status": "confirmed",
        "class": "van"
      }
    },
    {
      "type": "Feature",
      "geometry": {
        "type": "Polygon",
        "coordinates": [
          [
            [
              25503033.926,
              6683232.941
            ],
            [
              25503028.263,
              6683231.593
            ],
            [
              25503027.639,
              6683234.212
            ],
            [
              25503033.302,
              6683235.56
            ],
            [
              25503033.926,
              6683232.941
            ]
          ]
        ]
      },
      "properties": {
        "confidence": 0.6564,
        "length_m": 5.82,
        "width_m": 2.69,
        "heading_deg": 76.6,
        "aoi": "r4-tattarisuo",
        "source_layer": "Ortoilmakuva_2025_5cm",
        "zoom": 16,
        "status": "confirmed",
        "class": "van"
      }
    },
    {
      "type": "Feature",
      "geometry": {
        "type": "Polygon",
        "coordinates": [
          [
            [
              25503014.376,
              6683097.444
            ],
            [
              25503017.244,
              6683098.176
            ],
            [
              25503014.69,
              6683108.187
            ],
            [
              25503011.821,
              6683107.456
            ],
            [
              25503014.376,
              6683097.444
            ]
          ]
        ]
      },
      "properties": {
        "confidence": 0.6562,
        "length_m": 10.33,
        "width_m": 2.96,
        "heading_deg": 165.7,
        "aoi": "r4-tattarisuo",
        "source_layer": "Ortoilmakuva_2025_5cm",
        "zoom": 16,
        "status": "rejected",
        "class": ""
      }
    },
    {
      "type": "Feature",
      "geometry": {
        "type": "Polygon",
        "coordinates": [
          [
            [
              25502949.548,
              6683004.691
            ],
            [
              25502951.079,
              6683005.854
            ],
            [
              25502948.427,
              6683009.344
            ],
            [
              25502946.897,
              6683008.181
            ],
            [
              25502949.548,
              6683004.691
            ]
          ]
        ]
      },
      "properties": {
        "confidence": 0.6558,
        "length_m": 4.38,
        "width_m": 1.92,
        "heading_deg": 142.8,
        "aoi": "r4-tattarisuo",
        "source_layer": "Ortoilmakuva_2025_5cm",
        "zoom": 16,
        "status": "confirmed",
        "class": "car"
      }
    },
    {
      "type": "Feature",
      "geometry": {
        "type": "Polygon",
        "coordinates": [
          [
            [
              25502845.319,
              6683276.768
            ],
            [
              25502847.951,
              6683276.318
            ],
            [
              25502849.075,
              6683282.892
            ],
            [
              25502846.443,
              6683283.342
            ],
            [
              25502845.319,
              6683276.768
            ]
          ]
        ]
      },
      "properties": {
        "confidence": 0.6548,
        "length_m": 6.67,
        "width_m": 2.67,
        "heading_deg": 9.7,
        "aoi": "r4-tattarisuo",
        "source_layer": "Ortoilmakuva_2025_5cm",
        "zoom": 16,
        "status": "rejected",
        "class": ""
      }
    },
    {
      "type": "Feature",
      "geometry": {
        "type": "Polygon",
        "coordinates": [
          [
            [
              25502797.611,
              6683253.999
            ],
            [
              25502791.508,
              6683244.904
            ],
            [
              25502789.002,
              6683246.586
            ],
            [
              25502795.105,
              6683255.68
            ],
            [
              25502797.611,
              6683253.999
            ]
          ]
        ]
      },
      "properties": {
        "confidence": 0.6469,
        "length_m": 10.95,
        "width_m": 3.02,
        "heading_deg": 33.9,
        "aoi": "r4-tattarisuo",
        "source_layer": "Ortoilmakuva_2025_5cm",
        "zoom": 16,
        "status": "confirmed",
        "class": "truck"
      }
    },
    {
      "type": "Feature",
      "geometry": {
        "type": "Polygon",
        "coordinates": [
          [
            [
              25502809.631,
              6683281.304
            ],
            [
              25502810.541,
              6683283.886
            ],
            [
              25502801.416,
              6683287.102
            ],
            [
              25502800.506,
              6683284.519
            ],
            [
              25502809.631,
              6683281.304
            ]
          ]
        ]
      },
      "properties": {
        "confidence": 0.6449,
        "length_m": 9.68,
        "width_m": 2.74,
        "heading_deg": 109.4,
        "aoi": "r4-tattarisuo",
        "source_layer": "Ortoilmakuva_2025_5cm",
        "zoom": 16,
        "status": "rejected",
        "class": ""
      }
    },
    {
      "type": "Feature",
      "geometry": {
        "type": "Polygon",
        "coordinates": [
          [
            [
              25502890.657,
              6683174.991
            ],
            [
              25502890.105,
              6683177.158
            ],
            [
              25502886.012,
              6683176.114
            ],
            [
              25502886.564,
              6683173.948
            ],
            [
              25502890.657,
              6683174.991
            ]
          ]
        ]
      },
      "properties": {
        "confidence": 0.6447,
        "length_m": 4.22,
        "width_m": 2.24,
        "heading_deg": 75.7,
        "aoi": "r4-tattarisuo",
        "source_layer": "Ortoilmakuva_2025_5cm",
        "zoom": 16,
        "status": "confirmed",
        "class": "car"
      }
    },
    {
      "type": "Feature",
      "geometry": {
        "type": "Polygon",
        "coordinates": [
          [
            [
              25502829.375,
              6683163.784
            ],
            [
              25502830.061,
              6683166.049
            ],
            [
              25502825.129,
              6683167.542
            ],
            [
              25502824.443,
              6683165.277
            ],
            [
              25502829.375,
              6683163.784
            ]
          ]
        ]
      },
      "properties": {
        "confidence": 0.6423,
        "length_m": 5.15,
        "width_m": 2.37,
        "heading_deg": 106.8,
        "aoi": "r4-tattarisuo",
        "source_layer": "Ortoilmakuva_2025_5cm",
        "zoom": 16,
        "status": "confirmed",
        "class": "car"
      }
    },
    {
      "type": "Feature",
      "geometry": {
        "type": "Polygon",
        "coordinates": [
          [
            [
              25502987.737,
              6683020.652
            ],
            [
              25502987.852,
              6683023.22
            ],
            [
              25502982.927,
              6683023.44
            ],
            [
              25502982.812,
              6683020.872
            ],
            [
              25502987.737,
              6683020.652
            ]
          ]
        ]
      },
      "properties": {
        "confidence": 0.6412,
        "length_m": 4.93,
        "width_m": 2.57,
        "heading_deg": 92.6,
        "aoi": "r4-tattarisuo",
        "source_layer": "Ortoilmakuva_2025_5cm",
        "zoom": 16,
        "status": "confirmed",
        "class": "car"
      }
    },
    {
      "type": "Feature",
      "geometry": {
        "type": "Polygon",
        "coordinates": [
          [
            [
              25503033.87,
              6683191.344
            ],
            [
              25503035.676,
              6683190.334
            ],
            [
              25503038.019,
              6683194.527
            ],
            [
              25503036.214,
              6683195.536
            ],
            [
              25503033.87,
              6683191.344
            ]
          ]
        ]
      },
      "properties": {
        "confidence": 0.6349,
        "length_m": 4.8,
        "width_m": 2.07,
        "heading_deg": 29.2,
        "aoi": "r4-tattarisuo",
        "source_layer": "Ortoilmakuva_2025_5cm",
        "zoom": 16,
        "status": "confirmed",
        "class": "car"
      }
    },
    {
      "type": "Feature",
      "geometry": {
        "type": "Polygon",
        "coordinates": [
          [
            [
              25502805.386,
              6683159.512
            ],
            [
              25502804.601,
              6683161.703
            ],
            [
              25502799.973,
              6683160.044
            ],
            [
              25502800.759,
              6683157.853
            ],
            [
              25502805.386,
              6683159.512
            ]
          ]
        ]
      },
      "properties": {
        "confidence": 0.6271,
        "length_m": 4.92,
        "width_m": 2.33,
        "heading_deg": 70.3,
        "aoi": "r4-tattarisuo",
        "source_layer": "Ortoilmakuva_2025_5cm",
        "zoom": 16,
        "status": "confirmed",
        "class": "car"
      }
    },
    {
      "type": "Feature",
      "geometry": {
        "type": "Polygon",
        "coordinates": [
          [
            [
              25502963.228,
              6683123.614
            ],
            [
              25502962.765,
              6683126.134
            ],
            [
              25502952.717,
              6683124.286
            ],
            [
              25502953.18,
              6683121.766
            ],
            [
              25502963.228,
              6683123.614
            ]
          ]
        ]
      },
      "properties": {
        "confidence": 0.625,
        "length_m": 10.22,
        "width_m": 2.56,
        "heading_deg": 79.6,
        "aoi": "r4-tattarisuo",
        "source_layer": "Ortoilmakuva_2025_5cm",
        "zoom": 16,
        "status": "confirmed",
        "class": "bus"
      }
    },
    {
      "type": "Feature",
      "geometry": {
        "type": "Polygon",
        "coordinates": [
          [
            [
              25502890.203,
              6683096.356
            ],
            [
              25502891.41,
              6683091.924
            ],
            [
              25502889.578,
              6683091.425
            ],
            [
              25502888.371,
              6683095.856
            ],
            [
              25502890.203,
              6683096.356
            ]
          ]
        ]
      },
      "properties": {
        "confidence": 0.6225,
        "length_m": 4.59,
        "width_m": 1.9,
        "heading_deg": 164.8,
        "aoi": "r4-tattarisuo",
        "source_layer": "Ortoilmakuva_2025_5cm",
        "zoom": 16,
        "status": "confirmed",
        "class": "car"
      }
    },
    {
      "type": "Feature",
      "geometry": {
        "type": "Polygon",
        "coordinates": [
          [
            [
              25503019.405,
              6683184.433
            ],
            [
              25503018.146,
              6683186.226
            ],
            [
              25503014.199,
              6683183.454
            ],
            [
              25503015.457,
              6683181.662
            ],
            [
              25503019.405,
              6683184.433
            ]
          ]
        ]
      },
      "properties": {
        "confidence": 0.6198,
        "length_m": 4.82,
        "width_m": 2.19,
        "heading_deg": 54.9,
        "aoi": "r4-tattarisuo",
        "source_layer": "Ortoilmakuva_2025_5cm",
        "zoom": 16,
        "status": "confirmed",
        "class": "car"
      }
    },
    {
      "type": "Feature",
      "geometry": {
        "type": "Polygon",
        "coordinates": [
          [
            [
              25502927.339,
              6683226.133
            ],
            [
              25502926.096,
              6683227.779
            ],
            [
              25502922.887,
              6683225.356
            ],
            [
              25502924.13,
              6683223.711
            ],
            [
              25502927.339,
              6683226.133
            ]
          ]
        ]
      },
      "properties": {
        "confidence": 0.617,
        "length_m": 4.02,
        "width_m": 2.06,
        "heading_deg": 52.9,
        "aoi": "r4-tattarisuo",
        "source_layer": "Ortoilmakuva_2025_5cm",
        "zoom": 16,
        "status": "confirmed",
        "class": "car"
      }
    },
    {
      "type": "Feature",
      "geometry": {
        "type": "Polygon",
        "coordinates": [
          [
            [
              25503016.906,
              6683281.232
            ],
            [
              25503011.251,
              6683279.704
            ],
            [
              25503010.572,
              6683282.218
            ],
            [
              25503016.227,
              6683283.746
            ],
            [
              25503016.906,
              6683281.232
            ]
          ]
        ]
      },
      "properties": {
        "confidence": 0.6136,
        "length_m": 5.86,
        "width_m": 2.6,
        "heading_deg": 74.9,
        "aoi": "r4-tattarisuo",
        "source_layer": "Ortoilmakuva_2025_5cm",
        "zoom": 16,
        "status": "confirmed",
        "class": "van"
      }
    },
    {
      "type": "Feature",
      "geometry": {
        "type": "Polygon",
        "coordinates": [
          [
            [
              25502817.788,
              6683072.488
            ],
            [
              25502812.346,
              6683070.85
            ],
            [
              25502811.608,
              6683073.303
            ],
            [
              25502817.05,
              6683074.941
            ],
            [
              25502817.788,
              6683072.488
            ]
          ]
        ]
      },
      "properties": {
        "confidence": 0.6046,
        "length_m": 5.68,
        "width_m": 2.56,
        "heading_deg": 73.2,
        "aoi": "r4-tattarisuo",
        "source_layer": "Ortoilmakuva_2025_5cm",
        "zoom": 16,
        "status": "confirmed",
        "class": "van"
      }
    },
    {
      "type": "Feature",
      "geometry": {
        "type": "Polygon",
        "coordinates": [
          [
            [
              25502968.768,
              6683052.283
            ],
            [
              25502971.262,
              6683052.828
            ],
            [
              25502969.969,
              6683058.748
            ],
            [
              25502967.476,
              6683058.203
            ],
            [
              25502968.768,
              6683052.283
            ]
          ]
        ]
      },
      "properties": {
        "confidence": 0.5984,
        "length_m": 6.06,
        "width_m": 2.55,
        "heading_deg": 167.7,
        "aoi": "r4-tattarisuo",
        "source_layer": "Ortoilmakuva_2025_5cm",
        "zoom": 16,
        "status": "confirmed",
        "class": "van"
      }
    },
    {
      "type": "Feature",
      "geometry": {
        "type": "Polygon",
        "coordinates": [
          [
            [
              25502959.075,
              6683022.11
            ],
            [
              25502954.994,
              6683020.369
            ],
            [
              25502954.217,
              6683022.193
            ],
            [
              25502958.298,
              6683023.934
            ],
            [
              25502959.075,
              6683022.11
            ]
          ]
        ]
      },
      "properties": {
        "confidence": 0.5892,
        "length_m": 4.44,
        "width_m": 1.98,
        "heading_deg": 66.9,
        "aoi": "r4-tattarisuo",
        "source_layer": "Ortoilmakuva_2025_5cm",
        "zoom": 16,
        "status": "confirmed",
        "class": "car"
      }
    },
    {
      "type": "Feature",
      "geometry": {
        "type": "Polygon",
        "coordinates": [
          [
            [
              25502819.245,
              6683130.319
            ],
            [
              25502823.066,
              6683134.629
            ],
            [
              25502821.14,
              6683136.336
            ],
            [
              25502817.319,
              6683132.026
            ],
            [
              25502819.245,
              6683130.319
            ]
          ]
        ]
      },
      "properties": {
        "confidence": 0.5887,
        "length_m": 5.76,
        "width_m": 2.57,
        "heading_deg": 41.6,
        "aoi": "r4-tattarisuo",
        "source_layer": "Ortoilmakuva_2025_5cm",
        "zoom": 16,
        "status": "confirmed",
        "class": "van"
      }
    },
    {
      "type": "Feature",
      "geometry": {
        "type": "Polygon",
        "coordinates": [
          [
            [
              25502841.946,
              6683277.312
            ],
            [
              25502844.439,
              6683277.04
            ],
            [
              25502845.151,
              6683283.563
            ],
            [
              25502842.658,
              6683283.836
            ],
            [
              25502841.946,
              6683277.312
            ]
          ]
        ]
      },
      "properties": {
        "confidence": 0.5861,
        "length_m": 6.56,
        "width_m": 2.51,
        "heading_deg": 6.2,
        "aoi": "r4-tattarisuo",
        "source_layer": "Ortoilmakuva_2025_5cm",
        "zoom": 16,
        "status": "rejected",
        "class": ""
      }
    },
    {
      "type": "Feature",
      "geometry": {
        "type": "Polygon",
        "coordinates": [
          [
            [
              25503069.936,
              6683198.029
            ],
            [
              25503068.512,
              6683192.945
            ],
            [
              25503066.157,
              6683193.605
            ],
            [
              25503067.581,
              6683198.689
            ],
            [
              25503069.936,
              6683198.029
            ]
          ]
        ]
      },
      "properties": {
        "confidence": 0.586,
        "length_m": 5.28,
        "width_m": 2.45,
        "heading_deg": 15.6,
        "aoi": "r4-tattarisuo",
        "source_layer": "Ortoilmakuva_2025_5cm",
        "zoom": 16,
        "status": "confirmed",
        "class": "van"
      }
    },
    {
      "type": "Feature",
      "geometry": {
        "type": "Polygon",
        "coordinates": [
          [
            [
              25502946.039,
              6683008.92
            ],
            [
              25502947.462,
              6683010.814
            ],
            [
              25502943.782,
              6683013.579
            ],
            [
              25502942.359,
              6683011.685
            ],
            [
              25502946.039,
              6683008.92
            ]
          ]
        ]
      },
      "properties": {
        "confidence": 0.5763,
        "length_m": 4.6,
        "width_m": 2.37,
        "heading_deg": 126.9,
        "aoi": "r4-tattarisuo",
        "source_layer": "Ortoilmakuva_2025_5cm",
        "zoom": 16,
        "status": "confirmed",
        "class": "car"
      }
    },
    {
      "type": "Feature",
      "geometry": {
        "type": "Polygon",
        "coordinates": [
          [
            [
              25502771.572,
              6683108.861
            ],
            [
              25502771.325,
              6683111.017
            ],
            [
              25502766.551,
              6683110.471
            ],
            [
              25502766.798,
              6683108.314
            ],
            [
              25502771.572,
              6683108.861
            ]
          ]
        ]
      },
      "properties": {
        "confidence": 0.5755,
        "length_m": 4.81,
        "width_m": 2.17,
        "heading_deg": 83.5,
        "aoi": "r4-tattarisuo",
        "source_layer": "Ortoilmakuva_2025_5cm",
        "zoom": 16,
        "status": "confirmed",
        "class": "car"
      }
    },
    {
      "type": "Feature",
      "geometry": {
        "type": "Polygon",
        "coordinates": [
          [
            [
              25502968.556,
              6683091.027
            ],
            [
              25502968.222,
              6683093.404
            ],
            [
              25502963.649,
              6683092.762
            ],
            [
              25502963.983,
              6683090.384
            ],
            [
              25502968.556,
              6683091.027
            ]
          ]
        ]
      },
      "properties": {
        "confidence": 0.5618,
        "length_m": 4.62,
        "width_m": 2.4,
        "heading_deg": 82,
        "aoi": "r4-tattarisuo",
        "source_layer": "Ortoilmakuva_2025_5cm",
        "zoom": 16,
        "status": "confirmed",
        "class": "car"
      }
    },
    {
      "type": "Feature",
      "geometry": {
        "type": "Polygon",
        "coordinates": [
          [
            [
              25502958.226,
              6683035.316
            ],
            [
              25502960.264,
              6683029.715
            ],
            [
              25502958.134,
              6683028.94
            ],
            [
              25502956.096,
              6683034.541
            ],
            [
              25502958.226,
              6683035.316
            ]
          ]
        ]
      },
      "properties": {
        "confidence": 0.5574,
        "length_m": 5.96,
        "width_m": 2.27,
        "heading_deg": 160,
        "aoi": "r4-tattarisuo",
        "source_layer": "Ortoilmakuva_2025_5cm",
        "zoom": 16,
        "status": "confirmed",
        "class": "van"
      }
    },
    {
      "type": "Feature",
      "geometry": {
        "type": "Polygon",
        "coordinates": [
          [
            [
              25503049.089,
              6683212.822
            ],
            [
              25503048.685,
              6683214.391
            ],
            [
              25503044.785,
              6683213.387
            ],
            [
              25503045.189,
              6683211.818
            ],
            [
              25503049.089,
              6683212.822
            ]
          ]
        ]
      },
      "properties": {
        "confidence": 0.5563,
        "length_m": 4.03,
        "width_m": 1.62,
        "heading_deg": 75.6,
        "aoi": "r4-tattarisuo",
        "source_layer": "Ortoilmakuva_2025_5cm",
        "zoom": 16,
        "status": "confirmed",
        "class": "car"
      }
    },
    {
      "type": "Feature",
      "geometry": {
        "type": "Polygon",
        "coordinates": [
          [
            [
              25502886.788,
              6683204.851
            ],
            [
              25502883.172,
              6683201.175
            ],
            [
              25502881.762,
              6683202.562
            ],
            [
              25502885.378,
              6683206.238
            ],
            [
              25502886.788,
              6683204.851
            ]
          ]
        ]
      },
      "properties": {
        "confidence": 0.5562,
        "length_m": 5.16,
        "width_m": 1.98,
        "heading_deg": 44.5,
        "aoi": "r4-tattarisuo",
        "source_layer": "Ortoilmakuva_2025_5cm",
        "zoom": 16,
        "status": "confirmed",
        "class": "car"
      }
    },
    {
      "type": "Feature",
      "geometry": {
        "type": "Polygon",
        "coordinates": [
          [
            [
              25502882.133,
              6683009.778
            ],
            [
              25502884.068,
              6683010.301
            ],
            [
              25502882.819,
              6683014.927
            ],
            [
              25502880.884,
              6683014.405
            ],
            [
              25502882.133,
              6683009.778
            ]
          ]
        ]
      },
      "properties": {
        "confidence": 0.5494,
        "length_m": 4.79,
        "width_m": 2,
        "heading_deg": 164.9,
        "aoi": "r4-tattarisuo",
        "source_layer": "Ortoilmakuva_2025_5cm",
        "zoom": 16,
        "status": "confirmed",
        "class": "car"
      }
    },
    {
      "type": "Feature",
      "geometry": {
        "type": "Polygon",
        "coordinates": [
          [
            [
              25503027.305,
              6683250.311
            ],
            [
              25503025.089,
              6683246.215
            ],
            [
              25503023.369,
              6683247.145
            ],
            [
              25503025.585,
              6683251.242
            ],
            [
              25503027.305,
              6683250.311
            ]
          ]
        ]
      },
      "properties": {
        "confidence": 0.5457,
        "length_m": 4.66,
        "width_m": 1.96,
        "heading_deg": 28.4,
        "aoi": "r4-tattarisuo",
        "source_layer": "Ortoilmakuva_2025_5cm",
        "zoom": 16,
        "status": "confirmed",
        "class": "car"
      }
    },
    {
      "type": "Feature",
      "geometry": {
        "type": "Polygon",
        "coordinates": [
          [
            [
              25503002.129,
              6683175.191
            ],
            [
              25503001.635,
              6683177.103
            ],
            [
              25502997.517,
              6683176.039
            ],
            [
              25502998.011,
              6683174.126
            ],
            [
              25503002.129,
              6683175.191
            ]
          ]
        ]
      },
      "properties": {
        "confidence": 0.5442,
        "length_m": 4.25,
        "width_m": 1.97,
        "heading_deg": 75.5,
        "aoi": "r4-tattarisuo",
        "source_layer": "Ortoilmakuva_2025_5cm",
        "zoom": 16,
        "status": "confirmed",
        "class": "car"
      }
    },
    {
      "type": "Feature",
      "geometry": {
        "type": "Polygon",
        "coordinates": [
          [
            [
              25503016.401,
              6683199.472
            ],
            [
              25503011.191,
              6683197.915
            ],
            [
              25503010.576,
              6683199.973
            ],
            [
              25503015.786,
              6683201.529
            ],
            [
              25503016.401,
              6683199.472
            ]
          ]
        ]
      },
      "properties": {
        "confidence": 0.544,
        "length_m": 5.44,
        "width_m": 2.15,
        "heading_deg": 73.4,
        "aoi": "r4-tattarisuo",
        "source_layer": "Ortoilmakuva_2025_5cm",
        "zoom": 16,
        "status": "confirmed",
        "class": "car"
      }
    },
    {
      "type": "Feature",
      "geometry": {
        "type": "Polygon",
        "coordinates": [
          [
            [
              25502893.826,
              6683203.435
            ],
            [
              25502895.953,
              6683203.167
            ],
            [
              25502896.597,
              6683208.281
            ],
            [
              25502894.47,
              6683208.549
            ],
            [
              25502893.826,
              6683203.435
            ]
          ]
        ]
      },
      "properties": {
        "confidence": 0.5432,
        "length_m": 5.15,
        "width_m": 2.14,
        "heading_deg": 7.2,
        "aoi": "r4-tattarisuo",
        "source_layer": "Ortoilmakuva_2025_5cm",
        "zoom": 16,
        "status": "confirmed",
        "class": "car"
      }
    },
    {
      "type": "Feature",
      "geometry": {
        "type": "Polygon",
        "coordinates": [
          [
            [
              25502870.287,
              6682991.965
            ],
            [
              25502869.818,
              6682993.751
            ],
            [
              25502865.72,
              6682992.675
            ],
            [
              25502866.189,
              6682990.888
            ],
            [
              25502870.287,
              6682991.965
            ]
          ]
        ]
      },
      "properties": {
        "confidence": 0.5408,
        "length_m": 4.24,
        "width_m": 1.85,
        "heading_deg": 75.3,
        "aoi": "r4-tattarisuo",
        "source_layer": "Ortoilmakuva_2025_5cm",
        "zoom": 16,
        "status": "confirmed",
        "class": "car"
      }
    },
    {
      "type": "Feature",
      "geometry": {
        "type": "Polygon",
        "coordinates": [
          [
            [
              25502954.816,
              6683005.614
            ],
            [
              25502956.266,
              6683006.918
            ],
            [
              25502953.231,
              6683010.291
            ],
            [
              25502951.782,
              6683008.987
            ],
            [
              25502954.816,
              6683005.614
            ]
          ]
        ]
      },
      "properties": {
        "confidence": 0.5387,
        "length_m": 4.54,
        "width_m": 1.95,
        "heading_deg": 138,
        "aoi": "r4-tattarisuo",
        "source_layer": "Ortoilmakuva_2025_5cm",
        "zoom": 16,
        "status": "confirmed",
        "class": "car"
      }
    },
    {
      "type": "Feature",
      "geometry": {
        "type": "Polygon",
        "coordinates": [
          [
            [
              25503034.158,
              6683193.402
            ],
            [
              25503035.953,
              6683195.215
            ],
            [
              25503031.387,
              6683199.734
            ],
            [
              25503029.593,
              6683197.921
            ],
            [
              25503034.158,
              6683193.402
            ]
          ]
        ]
      },
      "properties": {
        "confidence": 0.5373,
        "length_m": 6.42,
        "width_m": 2.55,
        "heading_deg": 134.7,
        "aoi": "r4-tattarisuo",
        "source_layer": "Ortoilmakuva_2025_5cm",
        "zoom": 16,
        "status": "confirmed",
        "class": "van"
      }
    },
    {
      "type": "Feature",
      "geometry": {
        "type": "Polygon",
        "coordinates": [
          [
            [
              25503025.502,
              6683036.854
            ],
            [
              25503027.507,
              6683037.39
            ],
            [
              25503026.076,
              6683042.749
            ],
            [
              25503024.071,
              6683042.214
            ],
            [
              25503025.502,
              6683036.854
            ]
          ]
        ]
      },
      "properties": {
        "confidence": 0.5334,
        "length_m": 5.55,
        "width_m": 2.08,
        "heading_deg": 165,
        "aoi": "r4-tattarisuo",
        "source_layer": "Ortoilmakuva_2025_5cm",
        "zoom": 16,
        "status": "rejected",
        "class": ""
      }
    },
    {
      "type": "Feature",
      "geometry": {
        "type": "Polygon",
        "coordinates": [
          [
            [
              25503046.189,
              6683209.531
            ],
            [
              25503045.663,
              6683211.841
            ],
            [
              25503040.663,
              6683210.702
            ],
            [
              25503041.189,
              6683208.392
            ],
            [
              25503046.189,
              6683209.531
            ]
          ]
        ]
      },
      "properties": {
        "confidence": 0.525,
        "length_m": 5.13,
        "width_m": 2.37,
        "heading_deg": 77.2,
        "aoi": "r4-tattarisuo",
        "source_layer": "Ortoilmakuva_2025_5cm",
        "zoom": 16,
        "status": "confirmed",
        "class": "car"
      }
    },
    {
      "type": "Feature",
      "geometry": {
        "type": "Polygon",
        "coordinates": [
          [
            [
              25502871.562,
              6683003.216
            ],
            [
              25502871.603,
              6683005.342
            ],
            [
              25502867.173,
              6683005.428
            ],
            [
              25502867.132,
              6683003.301
            ],
            [
              25502871.562,
              6683003.216
            ]
          ]
        ]
      },
      "properties": {
        "confidence": 0.5221,
        "length_m": 4.43,
        "width_m": 2.13,
        "heading_deg": 91.1,
        "aoi": "r4-tattarisuo",
        "source_layer": "Ortoilmakuva_2025_5cm",
        "zoom": 16,
        "status": "confirmed",
        "class": "car"
      }
    },
    {
      "type": "Feature",
      "geometry": {
        "type": "Polygon",
        "coordinates": [
          [
            [
              25502988.531,
              6683018.31
            ],
            [
              25502988.651,
              6683020.345
            ],
            [
              25502984.387,
              6683020.596
            ],
            [
              25502984.268,
              6683018.561
            ],
            [
              25502988.531,
              6683018.31
            ]
          ]
        ]
      },
      "properties": {
        "confidence": 0.5191,
        "length_m": 4.27,
        "width_m": 2.04,
        "heading_deg": 93.4,
        "aoi": "r4-tattarisuo",
        "source_layer": "Ortoilmakuva_2025_5cm",
        "zoom": 16,
        "status": "confirmed",
        "class": "car"
      }
    },
    {
      "type": "Feature",
      "geometry": {
        "type": "Polygon",
        "coordinates": [
          [
            [
              25502955.298,
              6683218.53
            ],
            [
              25502957.754,
              6683219.276
            ],
            [
              25502955.915,
              6683225.336
            ],
            [
              25502953.458,
              6683224.59
            ],
            [
              25502955.298,
              6683218.53
            ]
          ]
        ]
      },
      "properties": {
        "confidence": 0.5132,
        "length_m": 6.33,
        "width_m": 2.57,
        "heading_deg": 163.1,
        "aoi": "r4-tattarisuo",
        "source_layer": "Ortoilmakuva_2025_5cm",
        "zoom": 16,
        "status": "rejected",
        "class": ""
      }
    },
    {
      "type": "Feature",
      "geometry": {
        "type": "Polygon",
        "coordinates": [
          [
            [
              25503016.016,
              6683081.681
            ],
            [
              25503015.436,
              6683083.705
            ],
            [
              25503010.629,
              6683082.326
            ],
            [
              25503011.209,
              6683080.302
            ],
            [
              25503016.016,
              6683081.681
            ]
          ]
        ]
      },
      "properties": {
        "confidence": 0.5132,
        "length_m": 5,
        "width_m": 2.11,
        "heading_deg": 74,
        "aoi": "r4-tattarisuo",
        "source_layer": "Ortoilmakuva_2025_5cm",
        "zoom": 16,
        "status": "confirmed",
        "class": "car"
      }
    },
    {
      "type": "Feature",
      "geometry": {
        "type": "Polygon",
        "coordinates": [
          [
            [
              25502979.76,
              6683031.171
            ],
            [
              25502979.179,
              6683033.089
            ],
            [
              25502975.2,
              6683031.884
            ],
            [
              25502975.781,
              6683029.966
            ],
            [
              25502979.76,
              6683031.171
            ]
          ]
        ]
      },
      "properties": {
        "confidence": 0.5035,
        "length_m": 4.16,
        "width_m": 2,
        "heading_deg": 73.2,
        "aoi": "r4-tattarisuo",
        "source_layer": "Ortoilmakuva_2025_5cm",
        "zoom": 16,
        "status": "confirmed",
        "class": "car"
      }
    },
    {
      "type": "Feature",
      "geometry": {
        "type": "Polygon",
        "coordinates": [
          [
            [
              25502922.537,
              6683233.204
            ],
            [
              25502924.065,
              6683234.399
            ],
            [
              25502921.352,
              6683237.866
            ],
            [
              25502919.824,
              6683236.671
            ],
            [
              25502922.537,
              6683233.204
            ]
          ]
        ]
      },
      "properties": {
        "confidence": 0.5,
        "length_m": 4.4,
        "width_m": 1.94,
        "heading_deg": 142,
        "aoi": "r4-tattarisuo",
        "source_layer": "Ortoilmakuva_2025_5cm",
        "zoom": 16,
        "status": "rejected",
        "class": ""
      }
    },
    {
      "type": "Feature",
      "geometry": {
        "type": "Polygon",
        "coordinates": [
          [
            [
              25502828.551,
              6683004.35
            ],
            [
              25502825.203,
              6683001.157
            ],
            [
              25502823.941,
              6683002.48
            ],
            [
              25502827.288,
              6683005.674
            ],
            [
              25502828.551,
              6683004.35
            ]
          ]
        ]
      },
      "properties": {
        "confidence": 0.499,
        "length_m": 4.63,
        "width_m": 1.83,
        "heading_deg": 46.4,
        "aoi": "r4-tattarisuo",
        "source_layer": "Ortoilmakuva_2025_5cm",
        "zoom": 16,
        "status": "confirmed",
        "class": "car"
      }
    },
    {
      "type": "Feature",
      "geometry": {
        "type": "Polygon",
        "coordinates": [
          [
            [
              25502905.628,
              6682994.59
            ],
            [
              25502905.312,
              6682996.637
            ],
            [
              25502900.855,
              6682995.948
            ],
            [
              25502901.171,
              6682993.902
            ],
            [
              25502905.628,
              6682994.59
            ]
          ]
        ]
      },
      "properties": {
        "confidence": 0.4971,
        "length_m": 4.51,
        "width_m": 2.07,
        "heading_deg": 81.2,
        "aoi": "r4-tattarisuo",
        "source_layer": "Ortoilmakuva_2025_5cm",
        "zoom": 16,
        "status": "confirmed",
        "class": "car"
      }
    },
    {
      "type": "Feature",
      "geometry": {
        "type": "Polygon",
        "coordinates": [
          [
            [
              25502997.262,
              6683093.816
            ],
            [
              25502999.425,
              6683094.037
            ],
            [
              25502998.944,
              6683098.752
            ],
            [
              25502996.782,
              6683098.532
            ],
            [
              25502997.262,
              6683093.816
            ]
          ]
        ]
      },
      "properties": {
        "confidence": 0.4919,
        "length_m": 4.74,
        "width_m": 2.17,
        "heading_deg": 174.2,
        "aoi": "r4-tattarisuo",
        "source_layer": "Ortoilmakuva_2025_5cm",
        "zoom": 16,
        "status": "confirmed",
        "class": "car"
      }
    },
    {
      "type": "Feature",
      "geometry": {
        "type": "Polygon",
        "coordinates": [
          [
            [
              25502895.208,
              6683000.993
            ],
            [
              25502895.375,
              6683003.039
            ],
            [
              25502890.85,
              6683003.408
            ],
            [
              25502890.683,
              6683001.362
            ],
            [
              25502895.208,
              6683000.993
            ]
          ]
        ]
      },
      "properties": {
        "confidence": 0.4914,
        "length_m": 4.54,
        "width_m": 2.05,
        "heading_deg": 94.7,
        "aoi": "r4-tattarisuo",
        "source_layer": "Ortoilmakuva_2025_5cm",
        "zoom": 16,
        "status": "confirmed",
        "class": "car"
      }
    },
    {
      "type": "Feature",
      "geometry": {
        "type": "Polygon",
        "coordinates": [
          [
            [
              25502989.608,
              6683091.528
            ],
            [
              25502991.629,
              6683092.144
            ],
            [
              25502990.139,
              6683097.032
            ],
            [
              25502988.118,
              6683096.416
            ],
            [
              25502989.608,
              6683091.528
            ]
          ]
        ]
      },
      "properties": {
        "confidence": 0.491,
        "length_m": 5.11,
        "width_m": 2.11,
        "heading_deg": 163,
        "aoi": "r4-tattarisuo",
        "source_layer": "Ortoilmakuva_2025_5cm",
        "zoom": 16,
        "status": "rejected",
        "class": ""
      }
    },
    {
      "type": "Feature",
      "geometry": {
        "type": "Polygon",
        "coordinates": [
          [
            [
              25502903.244,
              6682991.769
            ],
            [
              25502902.773,
              6682993.788
            ],
            [
              25502898.347,
              6682992.754
            ],
            [
              25502898.819,
              6682990.735
            ],
            [
              25502903.244,
              6682991.769
            ]
          ]
        ]
      },
      "properties": {
        "confidence": 0.4897,
        "length_m": 4.55,
        "width_m": 2.07,
        "heading_deg": 76.9,
        "aoi": "r4-tattarisuo",
        "source_layer": "Ortoilmakuva_2025_5cm",
        "zoom": 16,
        "status": "confirmed",
        "class": "car"
      }
    },
    {
      "type": "Feature",
      "geometry": {
        "type": "Polygon",
        "coordinates": [
          [
            [
              25503012.637,
              6683180.589
            ],
            [
              25503011.735,
              6683183.958
            ],
            [
              25502991.805,
              6683178.624
            ],
            [
              25502992.706,
              6683175.255
            ],
            [
              25503012.637,
              6683180.589
            ]
          ]
        ]
      },
      "properties": {
        "confidence": 0.4852,
        "length_m": 20.63,
        "width_m": 3.49,
        "heading_deg": 75,
        "aoi": "r4-tattarisuo",
        "source_layer": "Ortoilmakuva_2025_5cm",
        "zoom": 16,
        "status": "rejected",
        "class": ""
      }
    },
    {
      "type": "Feature",
      "geometry": {
        "type": "Polygon",
        "coordinates": [
          [
            [
              25502796.189,
              6683145.554
            ],
            [
              25502796.021,
              6683147.828
            ],
            [
              25502790.441,
              6683147.415
            ],
            [
              25502790.609,
              6683145.141
            ],
            [
              25502796.189,
              6683145.554
            ]
          ]
        ]
      },
      "properties": {
        "confidence": 0.4821,
        "length_m": 5.6,
        "width_m": 2.28,
        "heading_deg": 85.8,
        "aoi": "r4-tattarisuo",
        "source_layer": "Ortoilmakuva_2025_5cm",
        "zoom": 16,
        "status": "confirmed",
        "class": "truck"
      }
    },
    {
      "type": "Feature",
      "geometry": {
        "type": "Polygon",
        "coordinates": [
          [
            [
              25502941.932,
              6683021.775
            ],
            [
              25502944.042,
              6683021.912
            ],
            [
              25502943.754,
              6683026.344
            ],
            [
              25502941.643,
              6683026.207
            ],
            [
              25502941.932,
              6683021.775
            ]
          ]
        ]
      },
      "properties": {
        "confidence": 0.4814,
        "length_m": 4.44,
        "width_m": 2.11,
        "heading_deg": 176.3,
        "aoi": "r4-tattarisuo",
        "source_layer": "Ortoilmakuva_2025_5cm",
        "zoom": 16,
        "status": "confirmed",
        "class": "car"
      }
    },
    {
      "type": "Feature",
      "geometry": {
        "type": "Polygon",
        "coordinates": [
          [
            [
              25502849.361,
              6683009.223
            ],
            [
              25502842.904,
              6683007.567
            ],
            [
              25502842.237,
              6683010.171
            ],
            [
              25502848.693,
              6683011.827
            ],
            [
              25502849.361,
              6683009.223
            ]
          ]
        ]
      },
      "properties": {
        "confidence": 0.4747,
        "length_m": 6.67,
        "width_m": 2.69,
        "heading_deg": 75.6,
        "aoi": "r4-tattarisuo",
        "source_layer": "Ortoilmakuva_2025_5cm",
        "zoom": 16,
        "status": "confirmed",
        "class": "truck"
      }
    },
    {
      "type": "Feature",
      "geometry": {
        "type": "Polygon",
        "coordinates": [
          [
            [
              25503017.887,
              6683202.736
            ],
            [
              25503012.634,
              6683201.92
            ],
            [
              25503012.305,
              6683204.037
            ],
            [
              25503017.558,
              6683204.853
            ],
            [
              25503017.887,
              6683202.736
            ]
          ]
        ]
      },
      "properties": {
        "confidence": 0.4644,
        "length_m": 5.32,
        "width_m": 2.14,
        "heading_deg": 81.2,
        "aoi": "r4-tattarisuo",
        "source_layer": "Ortoilmakuva_2025_5cm",
        "zoom": 16,
        "status": "confirmed",
        "class": "van"
      }
    },
    {
      "type": "Feature",
      "geometry": {
        "type": "Polygon",
        "coordinates": [
          [
            [
              25502813.474,
              6683251.321
            ],
            [
              25502810.935,
              6683241.784
            ],
            [
              25502807.924,
              6683242.586
            ],
            [
              25502810.463,
              6683252.123
            ],
            [
              25502813.474,
              6683251.321
            ]
          ]
        ]
      },
      "properties": {
        "confidence": 0.4559,
        "length_m": 9.87,
        "width_m": 3.12,
        "heading_deg": 14.9,
        "aoi": "r4-tattarisuo",
        "source_layer": "Ortoilmakuva_2025_5cm",
        "zoom": 16,
        "status": "confirmed",
        "class": "truck"
      }
    },
    {
      "type": "Feature",
      "geometry": {
        "type": "Polygon",
        "coordinates": [
          [
            [
              25502912.539,
              6683213.003
            ],
            [
              25502907.77,
              6683211.542
            ],
            [
              25502907.236,
              6683213.287
            ],
            [
              25502912.004,
              6683214.748
            ],
            [
              25502912.539,
              6683213.003
            ]
          ]
        ]
      },
      "properties": {
        "confidence": 0.4557,
        "length_m": 4.99,
        "width_m": 1.82,
        "heading_deg": 73,
        "aoi": "r4-tattarisuo",
        "source_layer": "Ortoilmakuva_2025_5cm",
        "zoom": 16,
        "status": "confirmed",
        "class": "car"
      }
    },
    {
      "type": "Feature",
      "geometry": {
        "type": "Polygon",
        "coordinates": [
          [
            [
              25502984.645,
              6683031.959
            ],
            [
              25502984.145,
              6683033.865
            ],
            [
              25502980.19,
              6683032.825
            ],
            [
              25502980.69,
              6683030.92
            ],
            [
              25502984.645,
              6683031.959
            ]
          ]
        ]
      },
      "properties": {
        "confidence": 0.4519,
        "length_m": 4.09,
        "width_m": 1.97,
        "heading_deg": 75.3,
        "aoi": "r4-tattarisuo",
        "source_layer": "Ortoilmakuva_2025_5cm",
        "zoom": 16,
        "status": "confirmed",
        "class": "car"
      }
    },
    {
      "type": "Feature",
      "geometry": {
        "type": "Polygon",
        "coordinates": [
          [
            [
              25502973.167,
              6683018.728
            ],
            [
              25502973.346,
              6683020.683
            ],
            [
              25502969.256,
              6683021.057
            ],
            [
              25502969.078,
              6683019.101
            ],
            [
              25502973.167,
              6683018.728
            ]
          ]
        ]
      },
      "properties": {
        "confidence": 0.4373,
        "length_m": 4.11,
        "width_m": 1.96,
        "heading_deg": 95.2,
        "aoi": "r4-tattarisuo",
        "source_layer": "Ortoilmakuva_2025_5cm",
        "zoom": 16,
        "status": "confirmed",
        "class": "car"
      }
    },
    {
      "type": "Feature",
      "geometry": {
        "type": "Polygon",
        "coordinates": [
          [
            [
              25502848.855,
              6683012.568
            ],
            [
              25502848.037,
              6683015.83
            ],
            [
              25502840.499,
              6683013.94
            ],
            [
              25502841.317,
              6683010.678
            ],
            [
              25502848.855,
              6683012.568
            ]
          ]
        ]
      },
      "properties": {
        "confidence": 0.435,
        "length_m": 7.77,
        "width_m": 3.36,
        "heading_deg": 75.9,
        "aoi": "r4-tattarisuo",
        "source_layer": "Ortoilmakuva_2025_5cm",
        "zoom": 16,
        "status": "rejected",
        "class": ""
      }
    },
    {
      "type": "Feature",
      "geometry": {
        "type": "Polygon",
        "coordinates": [
          [
            [
              25502800.424,
              6683013.134
            ],
            [
              25502802.334,
              6683013.739
            ],
            [
              25502800.739,
              6683018.779
            ],
            [
              25502798.828,
              6683018.174
            ],
            [
              25502800.424,
              6683013.134
            ]
          ]
        ]
      },
      "properties": {
        "confidence": 0.4284,
        "length_m": 5.29,
        "width_m": 2,
        "heading_deg": 162.4,
        "aoi": "r4-tattarisuo",
        "source_layer": "Ortoilmakuva_2025_5cm",
        "zoom": 16,
        "status": "confirmed",
        "class": "van"
      }
    },
    {
      "type": "Feature",
      "geometry": {
        "type": "Polygon",
        "coordinates": [
          [
            [
              25502860.374,
              6683005.271
            ],
            [
              25502860.364,
              6683007.561
            ],
            [
              25502855.644,
              6683007.54
            ],
            [
              25502855.654,
              6683005.251
            ],
            [
              25502860.374,
              6683005.271
            ]
          ]
        ]
      },
      "properties": {
        "confidence": 0.4218,
        "length_m": 4.72,
        "width_m": 2.29,
        "heading_deg": 89.7,
        "aoi": "r4-tattarisuo",
        "source_layer": "Ortoilmakuva_2025_5cm",
        "zoom": 16,
        "status": "confirmed",
        "class": "car"
      }
    },
    {
      "type": "Feature",
      "geometry": {
        "type": "Polygon",
        "coordinates": [
          [
            [
              25502952.233,
              6683023.287
            ],
            [
              25502954.226,
              6683023.069
            ],
            [
              25502954.755,
              6683027.917
            ],
            [
              25502952.762,
              6683028.135
            ],
            [
              25502952.233,
              6683023.287
            ]
          ]
        ]
      },
      "properties": {
        "confidence": 0.4075,
        "length_m": 4.88,
        "width_m": 2,
        "heading_deg": 6.2,
        "aoi": "r4-tattarisuo",
        "source_layer": "Ortoilmakuva_2025_5cm",
        "zoom": 16,
        "status": "confirmed",
        "class": "car"
      }
    },
    {
      "type": "Feature",
      "geometry": {
        "type": "Polygon",
        "coordinates": [
          [
            [
              25503072.089,
              6683149.24
            ],
            [
              25503071.472,
              6683143.729
            ],
            [
              25503069.678,
              6683143.93
            ],
            [
              25503070.296,
              6683149.441
            ],
            [
              25503072.089,
              6683149.24
            ]
          ]
        ]
      },
      "properties": {
        "confidence": 0.3891,
        "length_m": 5.55,
        "width_m": 1.8,
        "heading_deg": 6.4,
        "aoi": "r4-tattarisuo",
        "source_layer": "Ortoilmakuva_2025_5cm",
        "zoom": 16,
        "status": "confirmed",
        "class": "van"
      }
    },
    {
      "type": "Feature",
      "geometry": {
        "type": "Polygon",
        "coordinates": [
          [
            [
              25502972.948,
              6683010.175
            ],
            [
              25502974.114,
              6683011.941
            ],
            [
              25502970.263,
              6683014.483
            ],
            [
              25502969.097,
              6683012.717
            ],
            [
              25502972.948,
              6683010.175
            ]
          ]
        ]
      },
      "properties": {
        "confidence": 0.3848,
        "length_m": 4.61,
        "width_m": 2.12,
        "heading_deg": 123.4,
        "aoi": "r4-tattarisuo",
        "source_layer": "Ortoilmakuva_2025_5cm",
        "zoom": 16,
        "status": "confirmed",
        "class": "car"
      }
    },
    {
      "type": "Feature",
      "geometry": {
        "type": "Polygon",
        "coordinates": [
          [
            [
              25502891.664,
              6682983.623
            ],
            [
              25502887.514,
              6682978.527
            ],
            [
              25502885.663,
              6682980.035
            ],
            [
              25502889.812,
              6682985.13
            ],
            [
              25502891.664,
              6682983.623
            ]
          ]
        ]
      },
      "properties": {
        "confidence": 0.3756,
        "length_m": 6.57,
        "width_m": 2.39,
        "heading_deg": 39.2,
        "aoi": "r4-tattarisuo",
        "source_layer": "Ortoilmakuva_2025_5cm",
        "zoom": 16,
        "status": "confirmed",
        "class": "truck"
      }
    },
    {
      "type": "Feature",
      "geometry": {
        "type": "Polygon",
        "coordinates": [
          [
            [
              25502865.128,
              6682995.294
            ],
            [
              25502864.666,
              6682997.591
            ],
            [
              25502859.617,
              6682996.576
            ],
            [
              25502860.079,
              6682994.279
            ],
            [
              25502865.128,
              6682995.294
            ]
          ]
        ]
      },
      "properties": {
        "confidence": 0.3741,
        "length_m": 5.15,
        "width_m": 2.34,
        "heading_deg": 78.6,
        "aoi": "r4-tattarisuo",
        "source_layer": "Ortoilmakuva_2025_5cm",
        "zoom": 16,
        "status": "confirmed",
        "class": "van"
      }
    },
    {
      "type": "Feature",
      "geometry": {
        "type": "Polygon",
        "coordinates": [
          [
            [
              25503068.911,
              6683244.606
            ],
            [
              25503068.265,
              6683246.388
            ],
            [
              25503064.113,
              6683244.883
            ],
            [
              25503064.76,
              6683243.1
            ],
            [
              25503068.911,
              6683244.606
            ]
          ]
        ]
      },
      "properties": {
        "confidence": 0.374,
        "length_m": 4.42,
        "width_m": 1.9,
        "heading_deg": 70.1,
        "aoi": "r4-tattarisuo",
        "source_layer": "Ortoilmakuva_2025_5cm",
        "zoom": 16,
        "status": "confirmed",
        "class": "car"
      }
    },
    {
      "type": "Feature",
      "geometry": {
        "type": "Polygon",
        "coordinates": [
          [
            [
              25502918.222,
              6682984.69
            ],
            [
              25502919.597,
              6682979.137
            ],
            [
              25502917.374,
              6682978.587
            ],
            [
              25502916,
              6682984.14
            ],
            [
              25502918.222,
              6682984.69
            ]
          ]
        ]
      },
      "properties": {
        "confidence": 0.3702,
        "length_m": 5.72,
        "width_m": 2.29,
        "heading_deg": 166.1,
        "aoi": "r4-tattarisuo",
        "source_layer": "Ortoilmakuva_2025_5cm",
        "zoom": 16,
        "status": "confirmed",
        "class": "van"
      }
    },
    {
      "type": "Feature",
      "geometry": {
        "type": "Polygon",
        "coordinates": [
          [
            [
              25502947.661,
              6683086.364
            ],
            [
              25502947.152,
              6683088.51
            ],
            [
              25502942.293,
              6683087.357
            ],
            [
              25502942.803,
              6683085.21
            ],
            [
              25502947.661,
              6683086.364
            ]
          ]
        ]
      },
      "properties": {
        "confidence": 0.3592,
        "length_m": 4.99,
        "width_m": 2.21,
        "heading_deg": 76.7,
        "aoi": "r4-tattarisuo",
        "source_layer": "Ortoilmakuva_2025_5cm",
        "zoom": 16,
        "status": "confirmed",
        "class": "car"
      }
    },
    {
      "type": "Feature",
      "geometry": {
        "type": "Polygon",
        "coordinates": [
          [
            [
              25503043.92,
              6683079.166
            ],
            [
              25503046.299,
              6683079.704
            ],
            [
              25503045.292,
              6683084.163
            ],
            [
              25503042.912,
              6683083.625
            ],
            [
              25503043.92,
              6683079.166
            ]
          ]
        ]
      },
      "properties": {
        "confidence": 0.3426,
        "length_m": 4.57,
        "width_m": 2.44,
        "heading_deg": 167.3,
        "aoi": "r4-tattarisuo",
        "source_layer": "Ortoilmakuva_2025_5cm",
        "zoom": 16,
        "status": "rejected",
        "class": ""
      }
    },
    {
      "type": "Feature",
      "geometry": {
        "type": "Polygon",
        "coordinates": [
          [
            [
              25503042.749,
              6683264.222
            ],
            [
              25503044.675,
              6683263.384
            ],
            [
              25503046.597,
              6683267.805
            ],
            [
              25503044.671,
              6683268.642
            ],
            [
              25503042.749,
              6683264.222
            ]
          ]
        ]
      },
      "properties": {
        "confidence": 0.3404,
        "length_m": 4.82,
        "width_m": 2.1,
        "heading_deg": 23.5,
        "aoi": "r4-tattarisuo",
        "source_layer": "Ortoilmakuva_2025_5cm",
        "zoom": 16,
        "status": "confirmed",
        "class": "car"
      }
    },
    {
      "type": "Feature",
      "geometry": {
        "type": "Polygon",
        "coordinates": [
          [
            [
              25502804.848,
              6683050.544
            ],
            [
              25502807.595,
              6683051.538
            ],
            [
              25502805.249,
              6683058.02
            ],
            [
              25502802.502,
              6683057.026
            ],
            [
              25502804.848,
              6683050.544
            ]
          ]
        ]
      },
      "properties": {
        "confidence": 0.3351,
        "length_m": 6.89,
        "width_m": 2.92,
        "heading_deg": 160.1,
        "aoi": "r4-tattarisuo",
        "source_layer": "Ortoilmakuva_2025_5cm",
        "zoom": 16,
        "status": "rejected",
        "class": ""
      }
    },
    {
      "type": "Feature",
      "geometry": {
        "type": "Polygon",
        "coordinates": [
          [
            [
              25502900.216,
              6682993.897
            ],
            [
              25502899.807,
              6682996.009
            ],
            [
              25502895.448,
              6682995.164
            ],
            [
              25502895.857,
              6682993.052
            ],
            [
              25502900.216,
              6682993.897
            ]
          ]
        ]
      },
      "properties": {
        "confidence": 0.3198,
        "length_m": 4.44,
        "width_m": 2.15,
        "heading_deg": 79,
        "aoi": "r4-tattarisuo",
        "source_layer": "Ortoilmakuva_2025_5cm",
        "zoom": 16,
        "status": "confirmed",
        "class": "car"
      }
    },
    {
      "type": "Feature",
      "geometry": {
        "type": "Polygon",
        "coordinates": [
          [
            [
              25503071.944,
              6683247.931
            ],
            [
              25503071.214,
              6683250.676
            ],
            [
              25503066.45,
              6683249.41
            ],
            [
              25503067.18,
              6683246.664
            ],
            [
              25503071.944,
              6683247.931
            ]
          ]
        ]
      },
      "properties": {
        "confidence": 0.3048,
        "length_m": 4.93,
        "width_m": 2.84,
        "heading_deg": 75.1,
        "aoi": "r4-tattarisuo",
        "source_layer": "Ortoilmakuva_2025_5cm",
        "zoom": 16,
        "status": "rejected",
        "class": ""
      }
    },
    {
      "type": "Feature",
      "geometry": {
        "type": "Polygon",
        "coordinates": [
          [
            [
              25502931.059,
              6683018.465
            ],
            [
              25502932.823,
              6683019.595
            ],
            [
              25502930.413,
              6683023.357
            ],
            [
              25502928.649,
              6683022.228
            ],
            [
              25502931.059,
              6683018.465
            ]
          ]
        ]
      },
      "properties": {
        "confidence": 0.3038,
        "length_m": 4.47,
        "width_m": 2.09,
        "heading_deg": 147.4,
        "aoi": "r4-tattarisuo",
        "source_layer": "Ortoilmakuva_2025_5cm",
        "zoom": 16,
        "status": "confirmed",
        "class": "car"
      }
    },
    {
      "type": "Feature",
      "geometry": {
        "type": "Polygon",
        "coordinates": [
          [
            [
              25502962.436,
              6683240.284
            ],
            [
              25502961.654,
              6683243.352
            ],
            [
              25502954.89,
              6683241.627
            ],
            [
              25502955.672,
              6683238.559
            ],
            [
              25502962.436,
              6683240.284
            ]
          ]
        ]
      },
      "properties": {
        "confidence": 0.299,
        "length_m": 6.98,
        "width_m": 3.17,
        "heading_deg": 75.7,
        "aoi": "r4-tattarisuo",
        "source_layer": "Ortoilmakuva_2025_5cm",
        "zoom": 16,
        "status": "rejected",
        "class": ""
      }
    },
    {
      "type": "Feature",
      "geometry": {
        "type": "Polygon",
        "coordinates": [
          [
            [
              25502910.823,
              6683025.881
            ],
            [
              25502912.216,
              6683020.614
            ],
            [
              25502910.153,
              6683020.068
            ],
            [
              25502908.759,
              6683025.335
            ],
            [
              25502910.823,
              6683025.881
            ]
          ]
        ]
      },
      "properties": {
        "confidence": 0.2954,
        "length_m": 5.45,
        "width_m": 2.13,
        "heading_deg": 165.2,
        "aoi": "r4-tattarisuo",
        "source_layer": "Ortoilmakuva_2025_5cm",
        "zoom": 16,
        "status": "confirmed",
        "class": "van"
      }
    },
    {
      "type": "Feature",
      "geometry": {
        "type": "Polygon",
        "coordinates": [
          [
            [
              25502900.191,
              6682983.893
            ],
            [
              25502899.842,
              6682985.65
            ],
            [
              25502895.719,
              6682984.831
            ],
            [
              25502896.068,
              6682983.074
            ],
            [
              25502900.191,
              6682983.893
            ]
          ]
        ]
      },
      "properties": {
        "confidence": 0.2908,
        "length_m": 4.2,
        "width_m": 1.79,
        "heading_deg": 78.8,
        "aoi": "r4-tattarisuo",
        "source_layer": "Ortoilmakuva_2025_5cm",
        "zoom": 16,
        "status": "confirmed",
        "class": "car"
      }
    },
    {
      "type": "Feature",
      "geometry": {
        "type": "Polygon",
        "coordinates": [
          [
            [
              25503012.548,
              6683119.986
            ],
            [
              25503007.104,
              6683119.146
            ],
            [
              25503006.767,
              6683121.333
            ],
            [
              25503012.211,
              6683122.173
            ],
            [
              25503012.548,
              6683119.986
            ]
          ]
        ]
      },
      "properties": {
        "confidence": 0.2902,
        "length_m": 5.51,
        "width_m": 2.21,
        "heading_deg": 81.2,
        "aoi": "r4-tattarisuo",
        "source_layer": "Ortoilmakuva_2025_5cm",
        "zoom": 16,
        "status": "confirmed",
        "class": "van"
      }
    },
    {
      "type": "Feature",
      "geometry": {
        "type": "Polygon",
        "coordinates": [
          [
            [
              25502821.847,
              6683269.505
            ],
            [
              25502823.69,
              6683268.896
            ],
            [
              25502825.003,
              6683272.87
            ],
            [
              25502823.159,
              6683273.479
            ],
            [
              25502821.847,
              6683269.505
            ]
          ]
        ]
      },
      "properties": {
        "confidence": 0.2782,
        "length_m": 4.19,
        "width_m": 1.94,
        "heading_deg": 18.3,
        "aoi": "r4-tattarisuo",
        "source_layer": "Ortoilmakuva_2025_5cm",
        "zoom": 16,
        "status": "rejected",
        "class": ""
      }
    },
    {
      "type": "Feature",
      "geometry": {
        "type": "Polygon",
        "coordinates": [
          [
            [
              25502928.619,
              6682979.648
            ],
            [
              25502928.333,
              6682981.09
            ],
            [
              25502924.173,
              6682980.265
            ],
            [
              25502924.459,
              6682978.823
            ],
            [
              25502928.619,
              6682979.648
            ]
          ]
        ]
      },
      "properties": {
        "confidence": 0.278,
        "length_m": 4.24,
        "width_m": 1.47,
        "heading_deg": 78.8,
        "aoi": "r4-tattarisuo",
        "source_layer": "Ortoilmakuva_2025_5cm",
        "zoom": 16,
        "status": "rejected",
        "class": ""
      }
    },
    {
      "type": "Feature",
      "geometry": {
        "type": "Polygon",
        "coordinates": [
          [
            [
              25503044.73,
              6683100.279
            ],
            [
              25503043.851,
              6683102.791
            ],
            [
              25503036.012,
              6683100.05
            ],
            [
              25503036.89,
              6683097.537
            ],
            [
              25503044.73,
              6683100.279
            ]
          ]
        ]
      },
      "properties": {
        "confidence": 0.2768,
        "length_m": 8.3,
        "width_m": 2.66,
        "heading_deg": 70.7,
        "aoi": "r4-tattarisuo",
        "source_layer": "Ortoilmakuva_2025_5cm",
        "zoom": 16,
        "status": "rejected",
        "class": ""
      }
    },
    {
      "type": "Feature",
      "geometry": {
        "type": "Polygon",
        "coordinates": [
          [
            [
              25502951.825,
              6683218.81
            ],
            [
              25502954.464,
              6683219.708
            ],
            [
              25502952.412,
              6683225.739
            ],
            [
              25502949.773,
              6683224.842
            ],
            [
              25502951.825,
              6683218.81
            ]
          ]
        ]
      },
      "properties": {
        "confidence": 0.2681,
        "length_m": 6.37,
        "width_m": 2.79,
        "heading_deg": 161.2,
        "aoi": "r4-tattarisuo",
        "source_layer": "Ortoilmakuva_2025_5cm",
        "zoom": 16,
        "status": "rejected",
        "class": ""
      }
    },
    {
      "type": "Feature",
      "geometry": {
        "type": "Polygon",
        "coordinates": [
          [
            [
              25503038.557,
              6683078.014
            ],
            [
              25503040.415,
              6683079.374
            ],
            [
              25503037.392,
              6683083.504
            ],
            [
              25503035.534,
              6683082.144
            ],
            [
              25503038.557,
              6683078.014
            ]
          ]
        ]
      },
      "properties": {
        "confidence": 0.2672,
        "length_m": 5.12,
        "width_m": 2.3,
        "heading_deg": 143.8,
        "aoi": "r4-tattarisuo",
        "source_layer": "Ortoilmakuva_2025_5cm",
        "zoom": 16,
        "status": "confirmed",
        "class": "car"
      }
    },
    {
      "type": "Feature",
      "geometry": {
        "type": "Polygon",
        "coordinates": [
          [
            [
              25502884.057,
              6683053.504
            ],
            [
              25502883.354,
              6683055.514
            ],
            [
              25502879.182,
              6683054.055
            ],
            [
              25502879.885,
              6683052.046
            ],
            [
              25502884.057,
              6683053.504
            ]
          ]
        ]
      },
      "properties": {
        "confidence": 0.263,
        "length_m": 4.42,
        "width_m": 2.13,
        "heading_deg": 70.7,
        "aoi": "r4-tattarisuo",
        "source_layer": "Ortoilmakuva_2025_5cm",
        "zoom": 16,
        "status": "rejected",
        "class": ""
      }
    },
    {
      "type": "Feature",
      "geometry": {
        "type": "Polygon",
        "coordinates": [
          [
            [
              25503046.456,
              6683057.812
            ],
            [
              25503045.926,
              6683059.699
            ],
            [
              25503037.756,
              6683057.404
            ],
            [
              25503038.286,
              6683055.517
            ],
            [
              25503046.456,
              6683057.812
            ]
          ]
        ]
      },
      "properties": {
        "confidence": 0.2559,
        "length_m": 8.49,
        "width_m": 1.96,
        "heading_deg": 74.3,
        "aoi": "r4-tattarisuo",
        "source_layer": "Ortoilmakuva_2025_5cm",
        "zoom": 16,
        "status": "rejected",
        "class": ""
      }
    },
    {
      "type": "Feature",
      "geometry": {
        "type": "Polygon",
        "coordinates": [
          [
            [
              25503053.799,
              6683268.151
            ],
            [
              25503057.242,
              6683268.946
            ],
            [
              25503057.691,
              6683266.999
            ],
            [
              25503054.248,
              6683266.204
            ],
            [
              25503053.799,
              6683268.151
            ]
          ]
        ]
      },
      "properties": {
        "class": "car",
        "status": "added",
        "confidence": null,
        "aoi": "r4-tattarisuo",
        "source_layer": "Ortoilmakuva_2025_5cm",
        "zoom": 16,
        "length_m": 3.53,
        "width_m": 2,
        "heading_deg": 77
      }
    },
    {
      "type": "Feature",
      "geometry": {
        "type": "Polygon",
        "coordinates": [
          [
            [
              25503025.838,
              6683260.347
            ],
            [
              25503028.058,
              6683264.31
            ],
            [
              25503029.801,
              6683263.333
            ],
            [
              25503027.581,
              6683259.371
            ],
            [
              25503025.838,
              6683260.347
            ]
          ]
        ]
      },
      "properties": {
        "class": "car",
        "status": "added",
        "confidence": null,
        "aoi": "r4-tattarisuo",
        "source_layer": "Ortoilmakuva_2025_5cm",
        "zoom": 16,
        "length_m": 4.54,
        "width_m": 2,
        "heading_deg": 29.3
      }
    },
    {
      "type": "Feature",
      "geometry": {
        "type": "Polygon",
        "coordinates": [
          [
            [
              25502962.942,
              6683016.383
            ],
            [
              25502966.076,
              6683014.537
            ],
            [
              25502965.197,
              6683013.045
            ],
            [
              25502962.063,
              6683014.891
            ],
            [
              25502962.942,
              6683016.383
            ]
          ]
        ]
      },
      "properties": {
        "class": "car",
        "status": "added",
        "confidence": null,
        "aoi": "r4-tattarisuo",
        "source_layer": "Ortoilmakuva_2025_5cm",
        "zoom": 16,
        "length_m": 3.64,
        "width_m": 1.73,
        "heading_deg": 120.5
      }
    },
    {
      "type": "Feature",
      "geometry": {
        "type": "Polygon",
        "coordinates": [
          [
            [
              25502880.736,
              6682988.564
            ],
            [
              25502878.049,
              6682986.188
            ],
            [
              25502876.918,
              6682987.467
            ],
            [
              25502879.605,
              6682989.843
            ],
            [
              25502880.736,
              6682988.564
            ]
          ]
        ]
      },
      "properties": {
        "class": "car",
        "status": "added",
        "confidence": null,
        "aoi": "r4-tattarisuo",
        "source_layer": "Ortoilmakuva_2025_5cm",
        "zoom": 16,
        "length_m": 3.59,
        "width_m": 1.71,
        "heading_deg": 48.5
      }
    },
    {
      "type": "Feature",
      "geometry": {
        "type": "Polygon",
        "coordinates": [
          [
            [
              25502891.077,
              6683048.987
            ],
            [
              25502890.236,
              6683052.42
            ],
            [
              25502892.09,
              6683052.874
            ],
            [
              25502892.93,
              6683049.441
            ],
            [
              25502891.077,
              6683048.987
            ]
          ]
        ]
      },
      "properties": {
        "class": "car",
        "status": "added",
        "confidence": null,
        "aoi": "r4-tattarisuo",
        "source_layer": "Ortoilmakuva_2025_5cm",
        "zoom": 16,
        "length_m": 3.53,
        "width_m": 1.91,
        "heading_deg": 166.2
      }
    },
    {
      "type": "Feature",
      "geometry": {
        "type": "Polygon",
        "coordinates": [
          [
            [
              25502876.908,
              6683002.288
            ],
            [
              25502873.227,
              6683001.55
            ],
            [
              25502872.891,
              6683003.225
            ],
            [
              25502876.573,
              6683003.963
            ],
            [
              25502876.908,
              6683002.288
            ]
          ]
        ]
      },
      "properties": {
        "class": "car",
        "status": "added",
        "confidence": null,
        "aoi": "r4-tattarisuo",
        "source_layer": "Ortoilmakuva_2025_5cm",
        "zoom": 16,
        "length_m": 3.75,
        "width_m": 1.71,
        "heading_deg": 78.7
      }
    },
    {
      "type": "Feature",
      "geometry": {
        "type": "Polygon",
        "coordinates": [
          [
            [
              25502863.201,
              6683166.735
            ],
            [
              25502865.338,
              6683170.699
            ],
            [
              25502867.097,
              6683169.751
            ],
            [
              25502864.96,
              6683165.787
            ],
            [
              25502863.201,
              6683166.735
            ]
          ]
        ]
      },
      "properties": {
        "class": "car",
        "status": "added",
        "confidence": null,
        "aoi": "r4-tattarisuo",
        "source_layer": "Ortoilmakuva_2025_5cm",
        "zoom": 16,
        "length_m": 4.5,
        "width_m": 2,
        "heading_deg": 28.3
      }
    },
    {
      "type": "Feature",
      "geometry": {
        "type": "Polygon",
        "coordinates": [
          [
            [
              25502843.679,
              6683265.445
            ],
            [
              25502845.346,
              6683272.385
            ],
            [
              25502847.777,
              6683271.801
            ],
            [
              25502846.109,
              6683264.861
            ],
            [
              25502843.679,
              6683265.445
            ]
          ]
        ]
      },
      "properties": {
        "class": "",
        "status": "rejected",
        "confidence": null,
        "aoi": "r4-tattarisuo",
        "source_layer": "Ortoilmakuva_2025_5cm",
        "zoom": 16,
        "length_m": 7.14,
        "width_m": 2.5,
        "heading_deg": 13.5
      }
    },
    {
      "type": "Feature",
      "geometry": {
        "type": "Polygon",
        "coordinates": [
          [
            [
              25502841.437,
              6683265.889
            ],
            [
              25502842.466,
              6683272.232
            ],
            [
              25502844.934,
              6683271.831
            ],
            [
              25502843.905,
              6683265.489
            ],
            [
              25502841.437,
              6683265.889
            ]
          ]
        ]
      },
      "properties": {
        "class": "",
        "status": "rejected",
        "confidence": null,
        "aoi": "r4-tattarisuo",
        "source_layer": "Ortoilmakuva_2025_5cm",
        "zoom": 16,
        "length_m": 6.43,
        "width_m": 2.5,
        "heading_deg": 9.2
      }
    },
    {
      "type": "Feature",
      "geometry": {
        "type": "Polygon",
        "coordinates": [
          [
            [
              25502838.259,
              6683265.828
            ],
            [
              25502839.618,
              6683272.685
            ],
            [
              25502842.266,
              6683272.161
            ],
            [
              25502840.908,
              6683265.303
            ],
            [
              25502838.259,
              6683265.828
            ]
          ]
        ]
      },
      "properties": {
        "class": "",
        "status": "rejected",
        "confidence": null,
        "aoi": "r4-tattarisuo",
        "source_layer": "Ortoilmakuva_2025_5cm",
        "zoom": 16,
        "length_m": 6.99,
        "width_m": 2.7,
        "heading_deg": 11.2
      }
    },
    {
      "type": "Feature",
      "geometry": {
        "type": "Polygon",
        "coordinates": [
          [
            [
              25502825.177,
              6683264.458
            ],
            [
              25502818.918,
              6683267.084
            ],
            [
              25502819.962,
              6683269.574
            ],
            [
              25502826.222,
              6683266.947
            ],
            [
              25502825.177,
              6683264.458
            ]
          ]
        ]
      },
      "properties": {
        "class": "",
        "status": "rejected",
        "confidence": null,
        "aoi": "r4-tattarisuo",
        "source_layer": "Ortoilmakuva_2025_5cm",
        "zoom": 16,
        "length_m": 6.79,
        "width_m": 2.7,
        "heading_deg": 112.8
      }
    },
    {
      "type": "Feature",
      "geometry": {
        "type": "Polygon",
        "coordinates": [
          [
            [
              25502830.838,
              6683266.424
            ],
            [
              25502832.896,
              6683273.295
            ],
            [
              25502835.482,
              6683272.52
            ],
            [
              25502833.424,
              6683265.65
            ],
            [
              25502830.838,
              6683266.424
            ]
          ]
        ]
      },
      "properties": {
        "class": "",
        "status": "rejected",
        "confidence": null,
        "aoi": "r4-tattarisuo",
        "source_layer": "Ortoilmakuva_2025_5cm",
        "zoom": 16,
        "length_m": 7.17,
        "width_m": 2.7,
        "heading_deg": 16.7
      }
    },
    {
      "type": "Feature",
      "geometry": {
        "type": "Polygon",
        "coordinates": [
          [
            [
              25502834.641,
              6683266.172
            ],
            [
              25502836.061,
              6683273.11
            ],
            [
              25502838.706,
              6683272.568
            ],
            [
              25502837.286,
              6683265.631
            ],
            [
              25502834.641,
              6683266.172
            ]
          ]
        ]
      },
      "properties": {
        "class": "",
        "status": "rejected",
        "confidence": null,
        "aoi": "r4-tattarisuo",
        "source_layer": "Ortoilmakuva_2025_5cm",
        "zoom": 16,
        "length_m": 7.08,
        "width_m": 2.7,
        "heading_deg": 11.6
      }
    },
    {
      "type": "Feature",
      "geometry": {
        "type": "Polygon",
        "coordinates": [
          [
            [
              25502834.286,
              6683287.287
            ],
            [
              25502832.665,
              6683280.639
            ],
            [
              25502829.927,
              6683281.306
            ],
            [
              25502831.548,
              6683287.955
            ],
            [
              25502834.286,
              6683287.287
            ]
          ]
        ]
      },
      "properties": {
        "class": "",
        "status": "rejected",
        "confidence": null,
        "aoi": "r4-tattarisuo",
        "source_layer": "Ortoilmakuva_2025_5cm",
        "zoom": 16,
        "length_m": 6.84,
        "width_m": 2.82,
        "heading_deg": 13.7
      }
    },
    {
      "type": "Feature",
      "geometry": {
        "type": "Polygon",
        "coordinates": [
          [
            [
              25502831.376,
              6683289.345
            ],
            [
              25502829.56,
              6683280.616
            ],
            [
              25502826.606,
              6683281.231
            ],
            [
              25502828.422,
              6683289.959
            ],
            [
              25502831.376,
              6683289.345
            ]
          ]
        ]
      },
      "properties": {
        "class": "",
        "status": "rejected",
        "confidence": null,
        "aoi": "r4-tattarisuo",
        "source_layer": "Ortoilmakuva_2025_5cm",
        "zoom": 16,
        "length_m": 8.92,
        "width_m": 3.02,
        "heading_deg": 11.8
      }
    },
    {
      "type": "Feature",
      "geometry": {
        "type": "Polygon",
        "coordinates": [
          [
            [
              25502794.773,
              6683244.402
            ],
            [
              25502797.123,
              6683251.21
            ],
            [
              25502799.976,
              6683250.225
            ],
            [
              25502797.626,
              6683243.417
            ],
            [
              25502794.773,
              6683244.402
            ]
          ]
        ]
      },
      "properties": {
        "class": "truck",
        "status": "added",
        "confidence": null,
        "aoi": "r4-tattarisuo",
        "source_layer": "Ortoilmakuva_2025_5cm",
        "zoom": 16,
        "length_m": 7.2,
        "width_m": 3.02,
        "heading_deg": 19
      }
    },
    {
      "type": "Feature",
      "geometry": {
        "type": "Polygon",
        "coordinates": [
          [
            [
              25503053.548,
              6683243.622
            ],
            [
              25503049.926,
              6683242.716
            ],
            [
              25503049.47,
              6683244.538
            ],
            [
              25503053.092,
              6683245.444
            ],
            [
              25503053.548,
              6683243.622
            ]
          ]
        ]
      },
      "properties": {
        "class": "car",
        "status": "added",
        "confidence": null,
        "aoi": "r4-tattarisuo",
        "source_layer": "Ortoilmakuva_2025_5cm",
        "zoom": 16,
        "length_m": 3.73,
        "width_m": 1.88,
        "heading_deg": 76
      }
    },
    {
      "type": "Feature",
      "geometry": {
        "type": "Polygon",
        "coordinates": [
          [
            [
              25502920.679,
              6683150.774
            ],
            [
              25502916.406,
              6683149.304
            ],
            [
              25502915.73,
              6683151.269
            ],
            [
              25502920.004,
              6683152.739
            ],
            [
              25502920.679,
              6683150.774
            ]
          ]
        ]
      },
      "properties": {
        "class": "car",
        "status": "added",
        "confidence": null,
        "aoi": "r4-tattarisuo",
        "source_layer": "Ortoilmakuva_2025_5cm",
        "zoom": 16,
        "length_m": 4.52,
        "width_m": 2.08,
        "heading_deg": 71
      }
    },
    {
      "type": "Feature",
      "geometry": {
        "type": "Polygon",
        "coordinates": [
          [
            [
              25502946.548,
              6683126.92
            ],
            [
              25502959.427,
              6683130.42
            ],
            [
              25502960.209,
              6683127.541
            ],
            [
              25502947.33,
              6683124.042
            ],
            [
              25502946.548,
              6683126.92
            ]
          ]
        ]
      },
      "properties": {
        "class": "bus",
        "status": "added",
        "confidence": null,
        "aoi": "r4-tattarisuo",
        "source_layer": "Ortoilmakuva_2025_5cm",
        "zoom": 16,
        "length_m": 13.35,
        "width_m": 2.98,
        "heading_deg": 74.8
      }
    },
    {
      "type": "Feature",
      "geometry": {
        "type": "Polygon",
        "coordinates": [
          [
            [
              25503056.047,
              6683190.89
            ],
            [
              25503056.273,
              6683195.607
            ],
            [
              25503058.149,
              6683195.517
            ],
            [
              25503057.923,
              6683190.8
            ],
            [
              25503056.047,
              6683190.89
            ]
          ]
        ]
      },
      "properties": {
        "class": "car",
        "status": "added",
        "confidence": null,
        "aoi": "r4-tattarisuo",
        "source_layer": "Ortoilmakuva_2025_5cm",
        "zoom": 16,
        "length_m": 4.72,
        "width_m": 1.88,
        "heading_deg": 2.7
      }
    },
    {
      "type": "Feature",
      "geometry": {
        "type": "Polygon",
        "coordinates": [
          [
            [
              25502976.174,
              6683036.569
            ],
            [
              25502977.85,
              6683039.738
            ],
            [
              25502979.337,
              6683038.951
            ],
            [
              25502977.662,
              6683035.782
            ],
            [
              25502976.174,
              6683036.569
            ]
          ]
        ]
      },
      "properties": {
        "class": "car",
        "status": "added",
        "confidence": null,
        "aoi": "r4-tattarisuo",
        "source_layer": "Ortoilmakuva_2025_5cm",
        "zoom": 16,
        "length_m": 3.58,
        "width_m": 1.68,
        "heading_deg": 27.9
      }
    },
    {
      "type": "Feature",
      "geometry": {
        "type": "Polygon",
        "coordinates": [
          [
            [
              25502976.515,
              6683024.075
            ],
            [
              25502980.204,
              6683025.07
            ],
            [
              25502980.675,
              6683023.322
            ],
            [
              25502976.986,
              6683022.327
            ],
            [
              25502976.515,
              6683024.075
            ]
          ]
        ]
      },
      "properties": {
        "class": "car",
        "status": "added",
        "confidence": null,
        "aoi": "r4-tattarisuo",
        "source_layer": "Ortoilmakuva_2025_5cm",
        "zoom": 16,
        "length_m": 3.82,
        "width_m": 1.81,
        "heading_deg": 74.9
      }
    },
    {
      "type": "Feature",
      "geometry": {
        "type": "Polygon",
        "coordinates": [
          [
            [
              25502991.136,
              6683046.232
            ],
            [
              25502985.172,
              6683043.978
            ],
            [
              25502984.253,
              6683046.41
            ],
            [
              25502990.218,
              6683048.664
            ],
            [
              25502991.136,
              6683046.232
            ]
          ]
        ]
      },
      "properties": {
        "class": "",
        "status": "rejected",
        "confidence": null,
        "aoi": "r4-tattarisuo",
        "source_layer": "Ortoilmakuva_2025_5cm",
        "zoom": 16,
        "length_m": 6.38,
        "width_m": 2.6,
        "heading_deg": 69.3
      }
    },
    {
      "type": "Feature",
      "geometry": {
        "type": "Polygon",
        "coordinates": [
          [
            [
              25502893.769,
              6683003.725
            ],
            [
              25502889.896,
              6683003.683
            ],
            [
              25502889.877,
              6683005.422
            ],
            [
              25502893.75,
              6683005.465
            ],
            [
              25502893.769,
              6683003.725
            ]
          ]
        ]
      },
      "properties": {
        "class": "car",
        "status": "added",
        "confidence": null,
        "aoi": "r4-tattarisuo",
        "source_layer": "Ortoilmakuva_2025_5cm",
        "zoom": 16,
        "length_m": 3.87,
        "width_m": 1.74,
        "heading_deg": 89.4
      }
    }
  ]
}
