{
  "type": "FeatureCollection",
  "crs": {
    "type": "name",
    "properties": {
      "name": "urn:ogc:def:crs:EPSG::3879"
    }
  },
  "features": [
    {
      "type": "Feature",
      "geometry": {
        "type": "Polygon",
        "coordinates": [
          [
            [
              25498447.06,
              6676880.732
            ],
            [
              25498448.658,
              6676882.16
            ],
            [
              25498445.442,
              6676885.759
            ],
            [
              25498443.844,
              6676884.33
            ],
            [
              25498447.06,
              6676880.732
            ]
          ]
        ]
      },
      "properties": {
        "confidence": 0.9479,
        "length_m": 4.83,
        "width_m": 2.14,
        "heading_deg": 138.2,
        "aoi": "r4-toukola",
        "source_layer": "Ortoilmakuva_2025_5cm",
        "zoom": 16,
        "status": "confirmed",
        "class": "car"
      }
    },
    {
      "type": "Feature",
      "geometry": {
        "type": "Polygon",
        "coordinates": [
          [
            [
              25498395.213,
              6676778.587
            ],
            [
              25498396.899,
              6676780.188
            ],
            [
              25498393.391,
              6676783.883
            ],
            [
              25498391.705,
              6676782.283
            ],
            [
              25498395.213,
              6676778.587
            ]
          ]
        ]
      },
      "properties": {
        "confidence": 0.9459,
        "length_m": 5.1,
        "width_m": 2.33,
        "heading_deg": 136.5,
        "aoi": "r4-toukola",
        "source_layer": "Ortoilmakuva_2025_5cm",
        "zoom": 16,
        "status": "confirmed",
        "class": "car"
      }
    },
    {
      "type": "Feature",
      "geometry": {
        "type": "Polygon",
        "coordinates": [
          [
            [
              25498260.731,
              6676692.69
            ],
            [
              25498262.459,
              6676694.213
            ],
            [
              25498258.734,
              6676698.437
            ],
            [
              25498257.007,
              6676696.914
            ],
            [
              25498260.731,
              6676692.69
            ]
          ]
        ]
      },
      "properties": {
        "confidence": 0.9441,
        "length_m": 5.63,
        "width_m": 2.3,
        "heading_deg": 138.6,
        "aoi": "r4-toukola",
        "source_layer": "Ortoilmakuva_2025_5cm",
        "zoom": 16,
        "status": "confirmed",
        "class": "van"
      }
    },
    {
      "type": "Feature",
      "geometry": {
        "type": "Polygon",
        "coordinates": [
          [
            [
              25498358.251,
              6676781.915
            ],
            [
              25498359.869,
              6676783.512
            ],
            [
              25498356.108,
              6676787.321
            ],
            [
              25498354.49,
              6676785.724
            ],
            [
              25498358.251,
              6676781.915
            ]
          ]
        ]
      },
      "properties": {
        "confidence": 0.9417,
        "length_m": 5.35,
        "width_m": 2.27,
        "heading_deg": 135.4,
        "aoi": "r4-toukola",
        "source_layer": "Ortoilmakuva_2025_5cm",
        "zoom": 16,
        "status": "confirmed",
        "class": "van"
      }
    },
    {
      "type": "Feature",
      "geometry": {
        "type": "Polygon",
        "coordinates": [
          [
            [
              25498397.097,
              6676780.366
            ],
            [
              25498398.742,
              6676781.903
            ],
            [
              25498395.441,
              6676785.434
            ],
            [
              25498393.796,
              6676783.897
            ],
            [
              25498397.097,
              6676780.366
            ]
          ]
        ]
      },
      "properties": {
        "confidence": 0.9416,
        "length_m": 4.83,
        "width_m": 2.25,
        "heading_deg": 136.9,
        "aoi": "r4-toukola",
        "source_layer": "Ortoilmakuva_2025_5cm",
        "zoom": 16,
        "status": "confirmed",
        "class": "car"
      }
    },
    {
      "type": "Feature",
      "geometry": {
        "type": "Polygon",
        "coordinates": [
          [
            [
              25498347.164,
              6676771.061
            ],
            [
              25498348.948,
              6676772.633
            ],
            [
              25498345.04,
              6676777.066
            ],
            [
              25498343.257,
              6676775.494
            ],
            [
              25498347.164,
              6676771.061
            ]
          ]
        ]
      },
      "properties": {
        "confidence": 0.94,
        "length_m": 5.91,
        "width_m": 2.38,
        "heading_deg": 138.6,
        "aoi": "r4-toukola",
        "source_layer": "Ortoilmakuva_2025_5cm",
        "zoom": 16,
        "status": "confirmed",
        "class": "truck"
      }
    },
    {
      "type": "Feature",
      "geometry": {
        "type": "Polygon",
        "coordinates": [
          [
            [
              25498429.355,
              6676717.96
            ],
            [
              25498431.109,
              6676719.376
            ],
            [
              25498427.883,
              6676723.369
            ],
            [
              25498426.13,
              6676721.952
            ],
            [
              25498429.355,
              6676717.96
            ]
          ]
        ]
      },
      "properties": {
        "confidence": 0.9394,
        "length_m": 5.13,
        "width_m": 2.25,
        "heading_deg": 141.1,
        "aoi": "r4-toukola",
        "source_layer": "Ortoilmakuva_2025_5cm",
        "zoom": 16,
        "status": "confirmed",
        "class": "car"
      }
    },
    {
      "type": "Feature",
      "geometry": {
        "type": "Polygon",
        "coordinates": [
          [
            [
              25498345.521,
              6676777.031
            ],
            [
              25498347.134,
              6676778.564
            ],
            [
              25498343.819,
              6676782.05
            ],
            [
              25498342.207,
              6676780.516
            ],
            [
              25498345.521,
              6676777.031
            ]
          ]
        ]
      },
      "properties": {
        "confidence": 0.9393,
        "length_m": 4.81,
        "width_m": 2.23,
        "heading_deg": 136.4,
        "aoi": "r4-toukola",
        "source_layer": "Ortoilmakuva_2025_5cm",
        "zoom": 16,
        "status": "confirmed",
        "class": "car"
      }
    },
    {
      "type": "Feature",
      "geometry": {
        "type": "Polygon",
        "coordinates": [
          [
            [
              25498428.904,
              6676756.288
            ],
            [
              25498430.498,
              6676757.762
            ],
            [
              25498427.253,
              6676761.27
            ],
            [
              25498425.659,
              6676759.796
            ],
            [
              25498428.904,
              6676756.288
            ]
          ]
        ]
      },
      "properties": {
        "confidence": 0.939,
        "length_m": 4.78,
        "width_m": 2.17,
        "heading_deg": 137.2,
        "aoi": "r4-toukola",
        "source_layer": "Ortoilmakuva_2025_5cm",
        "zoom": 16,
        "status": "confirmed",
        "class": "car"
      }
    },
    {
      "type": "Feature",
      "geometry": {
        "type": "Polygon",
        "coordinates": [
          [
            [
              25498427.67,
              6676875.899
            ],
            [
              25498428.188,
              6676878.077
            ],
            [
              25498423.487,
              6676879.196
            ],
            [
              25498422.969,
              6676877.018
            ],
            [
              25498427.67,
              6676875.899
            ]
          ]
        ]
      },
      "properties": {
        "confidence": 0.9381,
        "length_m": 4.83,
        "width_m": 2.24,
        "heading_deg": 103.4,
        "aoi": "r4-toukola",
        "source_layer": "Ortoilmakuva_2025_5cm",
        "zoom": 16,
        "status": "confirmed",
        "class": "car"
      }
    },
    {
      "type": "Feature",
      "geometry": {
        "type": "Polygon",
        "coordinates": [
          [
            [
              25498418.889,
              6676762.877
            ],
            [
              25498420.539,
              6676764.375
            ],
            [
              25498417.245,
              6676768.004
            ],
            [
              25498415.594,
              6676766.505
            ],
            [
              25498418.889,
              6676762.877
            ]
          ]
        ]
      },
      "properties": {
        "confidence": 0.9374,
        "length_m": 4.9,
        "width_m": 2.23,
        "heading_deg": 137.8,
        "aoi": "r4-toukola",
        "source_layer": "Ortoilmakuva_2025_5cm",
        "zoom": 16,
        "status": "confirmed",
        "class": "car"
      }
    },
    {
      "type": "Feature",
      "geometry": {
        "type": "Polygon",
        "coordinates": [
          [
            [
              25498448.946,
              6676873.215
            ],
            [
              25498450.682,
              6676874.802
            ],
            [
              25498446.564,
              6676879.305
            ],
            [
              25498444.828,
              6676877.717
            ],
            [
              25498448.946,
              6676873.215
            ]
          ]
        ]
      },
      "properties": {
        "confidence": 0.9367,
        "length_m": 6.1,
        "width_m": 2.35,
        "heading_deg": 137.6,
        "aoi": "r4-toukola",
        "source_layer": "Ortoilmakuva_2025_5cm",
        "zoom": 16,
        "status": "confirmed",
        "class": "truck"
      }
    },
    {
      "type": "Feature",
      "geometry": {
        "type": "Polygon",
        "coordinates": [
          [
            [
              25498368.2,
              6676771.491
            ],
            [
              25498370.066,
              6676773.188
            ],
            [
              25498365.871,
              6676777.802
            ],
            [
              25498364.005,
              6676776.105
            ],
            [
              25498368.2,
              6676771.491
            ]
          ]
        ]
      },
      "properties": {
        "confidence": 0.9338,
        "length_m": 6.24,
        "width_m": 2.52,
        "heading_deg": 137.7,
        "aoi": "r4-toukola",
        "source_layer": "Ortoilmakuva_2025_5cm",
        "zoom": 16,
        "status": "confirmed",
        "class": "van"
      }
    },
    {
      "type": "Feature",
      "geometry": {
        "type": "Polygon",
        "coordinates": [
          [
            [
              25498246.382,
              6676882.887
            ],
            [
              25498248.277,
              6676884.142
            ],
            [
              25498245.613,
              6676888.167
            ],
            [
              25498243.718,
              6676886.912
            ],
            [
              25498246.382,
              6676882.887
            ]
          ]
        ]
      },
      "properties": {
        "confidence": 0.9333,
        "length_m": 4.83,
        "width_m": 2.27,
        "heading_deg": 146.5,
        "aoi": "r4-toukola",
        "source_layer": "Ortoilmakuva_2025_5cm",
        "zoom": 16,
        "status": "confirmed",
        "class": "car"
      }
    },
    {
      "type": "Feature",
      "geometry": {
        "type": "Polygon",
        "coordinates": [
          [
            [
              25498429.718,
              6676877.894
            ],
            [
              25498430.274,
              6676880.059
            ],
            [
              25498425.493,
              6676881.288
            ],
            [
              25498424.937,
              6676879.124
            ],
            [
              25498429.718,
              6676877.894
            ]
          ]
        ]
      },
      "properties": {
        "confidence": 0.9331,
        "length_m": 4.94,
        "width_m": 2.24,
        "heading_deg": 104.4,
        "aoi": "r4-toukola",
        "source_layer": "Ortoilmakuva_2025_5cm",
        "zoom": 16,
        "status": "confirmed",
        "class": "car"
      }
    },
    {
      "type": "Feature",
      "geometry": {
        "type": "Polygon",
        "coordinates": [
          [
            [
              25498397.903,
              6676863.298
            ],
            [
              25498399.619,
              6676861.655
            ],
            [
              25498403.898,
              6676866.121
            ],
            [
              25498402.182,
              6676867.764
            ],
            [
              25498397.903,
              6676863.298
            ]
          ]
        ]
      },
      "properties": {
        "confidence": 0.933,
        "length_m": 6.19,
        "width_m": 2.38,
        "heading_deg": 43.8,
        "aoi": "r4-toukola",
        "source_layer": "Ortoilmakuva_2025_5cm",
        "zoom": 16,
        "status": "confirmed",
        "class": "van"
      }
    },
    {
      "type": "Feature",
      "geometry": {
        "type": "Polygon",
        "coordinates": [
          [
            [
              25498417.401,
              6676852.563
            ],
            [
              25498418.96,
              6676854.069
            ],
            [
              25498415.65,
              6676857.494
            ],
            [
              25498414.091,
              6676855.988
            ],
            [
              25498417.401,
              6676852.563
            ]
          ]
        ]
      },
      "properties": {
        "confidence": 0.9329,
        "length_m": 4.76,
        "width_m": 2.17,
        "heading_deg": 136,
        "aoi": "r4-toukola",
        "source_layer": "Ortoilmakuva_2025_5cm",
        "zoom": 16,
        "status": "confirmed",
        "class": "car"
      }
    },
    {
      "type": "Feature",
      "geometry": {
        "type": "Polygon",
        "coordinates": [
          [
            [
              25498400.563,
              6676783.793
            ],
            [
              25498402.266,
              6676785.352
            ],
            [
              25498399.094,
              6676788.818
            ],
            [
              25498397.391,
              6676787.259
            ],
            [
              25498400.563,
              6676783.793
            ]
          ]
        ]
      },
      "properties": {
        "confidence": 0.9327,
        "length_m": 4.7,
        "width_m": 2.31,
        "heading_deg": 137.5,
        "aoi": "r4-toukola",
        "source_layer": "Ortoilmakuva_2025_5cm",
        "zoom": 16,
        "status": "confirmed",
        "class": "car"
      }
    },
    {
      "type": "Feature",
      "geometry": {
        "type": "Polygon",
        "coordinates": [
          [
            [
              25498422.541,
              6676857.858
            ],
            [
              25498424.077,
              6676859.133
            ],
            [
              25498421.227,
              6676862.568
            ],
            [
              25498419.691,
              6676861.294
            ],
            [
              25498422.541,
              6676857.858
            ]
          ]
        ]
      },
      "properties": {
        "confidence": 0.9322,
        "length_m": 4.46,
        "width_m": 2,
        "heading_deg": 140.3,
        "aoi": "r4-toukola",
        "source_layer": "Ortoilmakuva_2025_5cm",
        "zoom": 16,
        "status": "confirmed",
        "class": "car"
      }
    },
    {
      "type": "Feature",
      "geometry": {
        "type": "Polygon",
        "coordinates": [
          [
            [
              25498409.981,
              6676844.348
            ],
            [
              25498411.545,
              6676845.863
            ],
            [
              25498408.115,
              6676849.402
            ],
            [
              25498406.552,
              6676847.886
            ],
            [
              25498409.981,
              6676844.348
            ]
          ]
        ]
      },
      "properties": {
        "confidence": 0.9321,
        "length_m": 4.93,
        "width_m": 2.18,
        "heading_deg": 135.9,
        "aoi": "r4-toukola",
        "source_layer": "Ortoilmakuva_2025_5cm",
        "zoom": 16,
        "status": "confirmed",
        "class": "car"
      }
    },
    {
      "type": "Feature",
      "geometry": {
        "type": "Polygon",
        "coordinates": [
          [
            [
              25498376.853,
              6676823.433
            ],
            [
              25498377.565,
              6676825.494
            ],
            [
              25498373.131,
              6676827.026
            ],
            [
              25498372.419,
              6676824.966
            ],
            [
              25498376.853,
              6676823.433
            ]
          ]
        ]
      },
      "properties": {
        "confidence": 0.932,
        "length_m": 4.69,
        "width_m": 2.18,
        "heading_deg": 109.1,
        "aoi": "r4-toukola",
        "source_layer": "Ortoilmakuva_2025_5cm",
        "zoom": 16,
        "status": "confirmed",
        "class": "car"
      }
    },
    {
      "type": "Feature",
      "geometry": {
        "type": "Polygon",
        "coordinates": [
          [
            [
              25498277.526,
              6676842.523
            ],
            [
              25498279.114,
              6676844.008
            ],
            [
              25498275.98,
              6676847.358
            ],
            [
              25498274.392,
              6676845.872
            ],
            [
              25498277.526,
              6676842.523
            ]
          ]
        ]
      },
      "properties": {
        "confidence": 0.9313,
        "length_m": 4.59,
        "width_m": 2.17,
        "heading_deg": 136.9,
        "aoi": "r4-toukola",
        "source_layer": "Ortoilmakuva_2025_5cm",
        "zoom": 16,
        "status": "confirmed",
        "class": "car"
      }
    },
    {
      "type": "Feature",
      "geometry": {
        "type": "Polygon",
        "coordinates": [
          [
            [
              25498284.809,
              6676777.088
            ],
            [
              25498287.133,
              6676776.427
            ],
            [
              25498288.447,
              6676781.048
            ],
            [
              25498286.123,
              6676781.709
            ],
            [
              25498284.809,
              6676777.088
            ]
          ]
        ]
      },
      "properties": {
        "confidence": 0.9312,
        "length_m": 4.8,
        "width_m": 2.42,
        "heading_deg": 15.9,
        "aoi": "r4-toukola",
        "source_layer": "Ortoilmakuva_2025_5cm",
        "zoom": 16,
        "status": "confirmed",
        "class": "car"
      }
    },
    {
      "type": "Feature",
      "geometry": {
        "type": "Polygon",
        "coordinates": [
          [
            [
              25498415.548,
              6676850.567
            ],
            [
              25498417.154,
              6676852.093
            ],
            [
              25498413.857,
              6676855.564
            ],
            [
              25498412.251,
              6676854.039
            ],
            [
              25498415.548,
              6676850.567
            ]
          ]
        ]
      },
      "properties": {
        "confidence": 0.9293,
        "length_m": 4.79,
        "width_m": 2.22,
        "heading_deg": 136.5,
        "aoi": "r4-toukola",
        "source_layer": "Ortoilmakuva_2025_5cm",
        "zoom": 16,
        "status": "confirmed",
        "class": "car"
      }
    },
    {
      "type": "Feature",
      "geometry": {
        "type": "Polygon",
        "coordinates": [
          [
            [
              25498261.985,
              6676857.539
            ],
            [
              25498263.476,
              6676859.029
            ],
            [
              25498260.219,
              6676862.287
            ],
            [
              25498258.728,
              6676860.797
            ],
            [
              25498261.985,
              6676857.539
            ]
          ]
        ]
      },
      "properties": {
        "confidence": 0.9289,
        "length_m": 4.61,
        "width_m": 2.11,
        "heading_deg": 135,
        "aoi": "r4-toukola",
        "source_layer": "Ortoilmakuva_2025_5cm",
        "zoom": 16,
        "status": "confirmed",
        "class": "car"
      }
    },
    {
      "type": "Feature",
      "geometry": {
        "type": "Polygon",
        "coordinates": [
          [
            [
              25498380.421,
              6676641.652
            ],
            [
              25498382.059,
              6676643.063
            ],
            [
              25498379.045,
              6676646.561
            ],
            [
              25498377.407,
              6676645.149
            ],
            [
              25498380.421,
              6676641.652
            ]
          ]
        ]
      },
      "properties": {
        "confidence": 0.9286,
        "length_m": 4.62,
        "width_m": 2.16,
        "heading_deg": 139.3,
        "aoi": "r4-toukola",
        "source_layer": "Ortoilmakuva_2025_5cm",
        "zoom": 16,
        "status": "confirmed",
        "class": "car"
      }
    },
    {
      "type": "Feature",
      "geometry": {
        "type": "Polygon",
        "coordinates": [
          [
            [
              25498436.297,
              6676762.853
            ],
            [
              25498438.026,
              6676764.291
            ],
            [
              25498434.942,
              6676767.999
            ],
            [
              25498433.213,
              6676766.561
            ],
            [
              25498436.297,
              6676762.853
            ]
          ]
        ]
      },
      "properties": {
        "confidence": 0.9285,
        "length_m": 4.82,
        "width_m": 2.25,
        "heading_deg": 140.2,
        "aoi": "r4-toukola",
        "source_layer": "Ortoilmakuva_2025_5cm",
        "zoom": 16,
        "status": "confirmed",
        "class": "car"
      }
    },
    {
      "type": "Feature",
      "geometry": {
        "type": "Polygon",
        "coordinates": [
          [
            [
              25498265.924,
              6676853.588
            ],
            [
              25498267.478,
              6676855.03
            ],
            [
              25498264.457,
              6676858.283
            ],
            [
              25498262.904,
              6676856.84
            ],
            [
              25498265.924,
              6676853.588
            ]
          ]
        ]
      },
      "properties": {
        "confidence": 0.9277,
        "length_m": 4.44,
        "width_m": 2.12,
        "heading_deg": 137.1,
        "aoi": "r4-toukola",
        "source_layer": "Ortoilmakuva_2025_5cm",
        "zoom": 16,
        "status": "confirmed",
        "class": "car"
      }
    },
    {
      "type": "Feature",
      "geometry": {
        "type": "Polygon",
        "coordinates": [
          [
            [
              25498425.451,
              6676752.58
            ],
            [
              25498427.074,
              6676754.03
            ],
            [
              25498423.775,
              6676757.721
            ],
            [
              25498422.152,
              6676756.27
            ],
            [
              25498425.451,
              6676752.58
            ]
          ]
        ]
      },
      "properties": {
        "confidence": 0.9274,
        "length_m": 4.95,
        "width_m": 2.18,
        "heading_deg": 138.2,
        "aoi": "r4-toukola",
        "source_layer": "Ortoilmakuva_2025_5cm",
        "zoom": 16,
        "status": "confirmed",
        "class": "car"
      }
    },
    {
      "type": "Feature",
      "geometry": {
        "type": "Polygon",
        "coordinates": [
          [
            [
              25498452.995,
              6676877.172
            ],
            [
              25498454.829,
              6676878.761
            ],
            [
              25498450.719,
              6676883.504
            ],
            [
              25498448.885,
              6676881.915
            ],
            [
              25498452.995,
              6676877.172
            ]
          ]
        ]
      },
      "properties": {
        "confidence": 0.9274,
        "length_m": 6.28,
        "width_m": 2.43,
        "heading_deg": 139.1,
        "aoi": "r4-toukola",
        "source_layer": "Ortoilmakuva_2025_5cm",
        "zoom": 16,
        "status": "confirmed",
        "class": "van"
      }
    },
    {
      "type": "Feature",
      "geometry": {
        "type": "Polygon",
        "coordinates": [
          [
            [
              25498342.913,
              6676775.757
            ],
            [
              25498344.58,
              6676777.107
            ],
            [
              25498341.668,
              6676780.702
            ],
            [
              25498340.001,
              6676779.352
            ],
            [
              25498342.913,
              6676775.757
            ]
          ]
        ]
      },
      "properties": {
        "confidence": 0.9272,
        "length_m": 4.63,
        "width_m": 2.15,
        "heading_deg": 141,
        "aoi": "r4-toukola",
        "source_layer": "Ortoilmakuva_2025_5cm",
        "zoom": 16,
        "status": "confirmed",
        "class": "car"
      }
    },
    {
      "type": "Feature",
      "geometry": {
        "type": "Polygon",
        "coordinates": [
          [
            [
              25498453.705,
              6676795.573
            ],
            [
              25498455.378,
              6676797.059
            ],
            [
              25498452.161,
              6676800.68
            ],
            [
              25498450.488,
              6676799.194
            ],
            [
              25498453.705,
              6676795.573
            ]
          ]
        ]
      },
      "properties": {
        "confidence": 0.927,
        "length_m": 4.84,
        "width_m": 2.24,
        "heading_deg": 138.4,
        "aoi": "r4-toukola",
        "source_layer": "Ortoilmakuva_2025_5cm",
        "zoom": 16,
        "status": "confirmed",
        "class": "car"
      }
    },
    {
      "type": "Feature",
      "geometry": {
        "type": "Polygon",
        "coordinates": [
          [
            [
              25498288.144,
              6676839.041
            ],
            [
              25498290.057,
              6676840.014
            ],
            [
              25498288.031,
              6676843.995
            ],
            [
              25498286.118,
              6676843.022
            ],
            [
              25498288.144,
              6676839.041
            ]
          ]
        ]
      },
      "properties": {
        "confidence": 0.9269,
        "length_m": 4.47,
        "width_m": 2.15,
        "heading_deg": 153,
        "aoi": "r4-toukola",
        "source_layer": "Ortoilmakuva_2025_5cm",
        "zoom": 16,
        "status": "confirmed",
        "class": "car"
      }
    },
    {
      "type": "Feature",
      "geometry": {
        "type": "Polygon",
        "coordinates": [
          [
            [
              25498286.157,
              6676626.484
            ],
            [
              25498284.708,
              6676628.208
            ],
            [
              25498281.251,
              6676625.3
            ],
            [
              25498282.701,
              6676623.577
            ],
            [
              25498286.157,
              6676626.484
            ]
          ]
        ]
      },
      "properties": {
        "confidence": 0.9269,
        "length_m": 4.52,
        "width_m": 2.25,
        "heading_deg": 49.9,
        "aoi": "r4-toukola",
        "source_layer": "Ortoilmakuva_2025_5cm",
        "zoom": 16,
        "status": "confirmed",
        "class": "car"
      }
    },
    {
      "type": "Feature",
      "geometry": {
        "type": "Polygon",
        "coordinates": [
          [
            [
              25498241.144,
              6676878.563
            ],
            [
              25498242.763,
              6676880.114
            ],
            [
              25498239.265,
              6676883.768
            ],
            [
              25498237.645,
              6676882.218
            ],
            [
              25498241.144,
              6676878.563
            ]
          ]
        ]
      },
      "properties": {
        "confidence": 0.9268,
        "length_m": 5.06,
        "width_m": 2.24,
        "heading_deg": 136.2,
        "aoi": "r4-toukola",
        "source_layer": "Ortoilmakuva_2025_5cm",
        "zoom": 16,
        "status": "confirmed",
        "class": "car"
      }
    },
    {
      "type": "Feature",
      "geometry": {
        "type": "Polygon",
        "coordinates": [
          [
            [
              25498431.739,
              6676879.955
            ],
            [
              25498432.317,
              6676882.099
            ],
            [
              25498427.539,
              6676883.388
            ],
            [
              25498426.961,
              6676881.243
            ],
            [
              25498431.739,
              6676879.955
            ]
          ]
        ]
      },
      "properties": {
        "confidence": 0.9265,
        "length_m": 4.95,
        "width_m": 2.22,
        "heading_deg": 105.1,
        "aoi": "r4-toukola",
        "source_layer": "Ortoilmakuva_2025_5cm",
        "zoom": 16,
        "status": "confirmed",
        "class": "car"
      }
    },
    {
      "type": "Feature",
      "geometry": {
        "type": "Polygon",
        "coordinates": [
          [
            [
              25498407.457,
              6676843.426
            ],
            [
              25498408.971,
              6676844.802
            ],
            [
              25498406.083,
              6676847.981
            ],
            [
              25498404.568,
              6676846.605
            ],
            [
              25498407.457,
              6676843.426
            ]
          ]
        ]
      },
      "properties": {
        "confidence": 0.9262,
        "length_m": 4.29,
        "width_m": 2.05,
        "heading_deg": 137.7,
        "aoi": "r4-toukola",
        "source_layer": "Ortoilmakuva_2025_5cm",
        "zoom": 16,
        "status": "confirmed",
        "class": "car"
      }
    },
    {
      "type": "Feature",
      "geometry": {
        "type": "Polygon",
        "coordinates": [
          [
            [
              25498341.722,
              6676788.91
            ],
            [
              25498343.958,
              6676789.52
            ],
            [
              25498342.473,
              6676794.961
            ],
            [
              25498340.237,
              6676794.351
            ],
            [
              25498341.722,
              6676788.91
            ]
          ]
        ]
      },
      "properties": {
        "confidence": 0.9261,
        "length_m": 5.64,
        "width_m": 2.32,
        "heading_deg": 164.7,
        "aoi": "r4-toukola",
        "source_layer": "Ortoilmakuva_2025_5cm",
        "zoom": 16,
        "status": "confirmed",
        "class": "van"
      }
    },
    {
      "type": "Feature",
      "geometry": {
        "type": "Polygon",
        "coordinates": [
          [
            [
              25498351.765,
              6676784.467
            ],
            [
              25498353.245,
              6676785.864
            ],
            [
              25498350.236,
              6676789.051
            ],
            [
              25498348.755,
              6676787.653
            ],
            [
              25498351.765,
              6676784.467
            ]
          ]
        ]
      },
      "properties": {
        "confidence": 0.9261,
        "length_m": 4.38,
        "width_m": 2.04,
        "heading_deg": 136.6,
        "aoi": "r4-toukola",
        "source_layer": "Ortoilmakuva_2025_5cm",
        "zoom": 16,
        "status": "confirmed",
        "class": "car"
      }
    },
    {
      "type": "Feature",
      "geometry": {
        "type": "Polygon",
        "coordinates": [
          [
            [
              25498258.905,
              6676869.671
            ],
            [
              25498260.414,
              6676871.053
            ],
            [
              25498257.425,
              6676874.317
            ],
            [
              25498255.916,
              6676872.934
            ],
            [
              25498258.905,
              6676869.671
            ]
          ]
        ]
      },
      "properties": {
        "confidence": 0.926,
        "length_m": 4.43,
        "width_m": 2.05,
        "heading_deg": 137.5,
        "aoi": "r4-toukola",
        "source_layer": "Ortoilmakuva_2025_5cm",
        "zoom": 16,
        "status": "confirmed",
        "class": "car"
      }
    },
    {
      "type": "Feature",
      "geometry": {
        "type": "Polygon",
        "coordinates": [
          [
            [
              25498324.704,
              6676836.195
            ],
            [
              25498326.371,
              6676834.61
            ],
            [
              25498329.66,
              6676838.071
            ],
            [
              25498327.993,
              6676839.655
            ],
            [
              25498324.704,
              6676836.195
            ]
          ]
        ]
      },
      "properties": {
        "confidence": 0.926,
        "length_m": 4.77,
        "width_m": 2.3,
        "heading_deg": 43.5,
        "aoi": "r4-toukola",
        "source_layer": "Ortoilmakuva_2025_5cm",
        "zoom": 16,
        "status": "confirmed",
        "class": "car"
      }
    },
    {
      "type": "Feature",
      "geometry": {
        "type": "Polygon",
        "coordinates": [
          [
            [
              25498450.014,
              6676792.499
            ],
            [
              25498451.574,
              6676794.064
            ],
            [
              25498447.936,
              6676797.69
            ],
            [
              25498446.375,
              6676796.124
            ],
            [
              25498450.014,
              6676792.499
            ]
          ]
        ]
      },
      "properties": {
        "confidence": 0.9259,
        "length_m": 5.14,
        "width_m": 2.21,
        "heading_deg": 134.9,
        "aoi": "r4-toukola",
        "source_layer": "Ortoilmakuva_2025_5cm",
        "zoom": 16,
        "status": "confirmed",
        "class": "car"
      }
    },
    {
      "type": "Feature",
      "geometry": {
        "type": "Polygon",
        "coordinates": [
          [
            [
              25498426.212,
              6676769.911
            ],
            [
              25498427.856,
              6676771.466
            ],
            [
              25498424.488,
              6676775.026
            ],
            [
              25498422.844,
              6676773.47
            ],
            [
              25498426.212,
              6676769.911
            ]
          ]
        ]
      },
      "properties": {
        "confidence": 0.9258,
        "length_m": 4.9,
        "width_m": 2.26,
        "heading_deg": 136.6,
        "aoi": "r4-toukola",
        "source_layer": "Ortoilmakuva_2025_5cm",
        "zoom": 16,
        "status": "confirmed",
        "class": "car"
      }
    },
    {
      "type": "Feature",
      "geometry": {
        "type": "Polygon",
        "coordinates": [
          [
            [
              25498413.15,
              6676841.131
            ],
            [
              25498414.67,
              6676842.483
            ],
            [
              25498411.846,
              6676845.656
            ],
            [
              25498410.327,
              6676844.304
            ],
            [
              25498413.15,
              6676841.131
            ]
          ]
        ]
      },
      "properties": {
        "confidence": 0.9256,
        "length_m": 4.25,
        "width_m": 2.03,
        "heading_deg": 138.3,
        "aoi": "r4-toukola",
        "source_layer": "Ortoilmakuva_2025_5cm",
        "zoom": 16,
        "status": "confirmed",
        "class": "car"
      }
    },
    {
      "type": "Feature",
      "geometry": {
        "type": "Polygon",
        "coordinates": [
          [
            [
              25498343.547,
              6676679.955
            ],
            [
              25498345.386,
              6676681.56
            ],
            [
              25498341.953,
              6676685.494
            ],
            [
              25498340.114,
              6676683.89
            ],
            [
              25498343.547,
              6676679.955
            ]
          ]
        ]
      },
      "properties": {
        "confidence": 0.9252,
        "length_m": 5.22,
        "width_m": 2.44,
        "heading_deg": 138.9,
        "aoi": "r4-toukola",
        "source_layer": "Ortoilmakuva_2025_5cm",
        "zoom": 16,
        "status": "confirmed",
        "class": "car"
      }
    },
    {
      "type": "Feature",
      "geometry": {
        "type": "Polygon",
        "coordinates": [
          [
            [
              25498419.253,
              6676854.415
            ],
            [
              25498420.78,
              6676855.828
            ],
            [
              25498417.85,
              6676858.996
            ],
            [
              25498416.322,
              6676857.582
            ],
            [
              25498419.253,
              6676854.415
            ]
          ]
        ]
      },
      "properties": {
        "confidence": 0.925,
        "length_m": 4.32,
        "width_m": 2.08,
        "heading_deg": 137.2,
        "aoi": "r4-toukola",
        "source_layer": "Ortoilmakuva_2025_5cm",
        "zoom": 16,
        "status": "confirmed",
        "class": "car"
      }
    },
    {
      "type": "Feature",
      "geometry": {
        "type": "Polygon",
        "coordinates": [
          [
            [
              25498250.663,
              6676869.125
            ],
            [
              25498252.085,
              6676870.553
            ],
            [
              25498249.144,
              6676873.484
            ],
            [
              25498247.721,
              6676872.056
            ],
            [
              25498250.663,
              6676869.125
            ]
          ]
        ]
      },
      "properties": {
        "confidence": 0.9249,
        "length_m": 4.15,
        "width_m": 2.02,
        "heading_deg": 134.9,
        "aoi": "r4-toukola",
        "source_layer": "Ortoilmakuva_2025_5cm",
        "zoom": 16,
        "status": "confirmed",
        "class": "car"
      }
    },
    {
      "type": "Feature",
      "geometry": {
        "type": "Polygon",
        "coordinates": [
          [
            [
              25498471.194,
              6676674.462
            ],
            [
              25498472.676,
              6676675.748
            ],
            [
              25498469.954,
              6676678.883
            ],
            [
              25498468.472,
              6676677.597
            ],
            [
              25498471.194,
              6676674.462
            ]
          ]
        ]
      },
      "properties": {
        "confidence": 0.9248,
        "length_m": 4.15,
        "width_m": 1.96,
        "heading_deg": 139,
        "aoi": "r4-toukola",
        "source_layer": "Ortoilmakuva_2025_5cm",
        "zoom": 16,
        "status": "confirmed",
        "class": "car"
      }
    },
    {
      "type": "Feature",
      "geometry": {
        "type": "Polygon",
        "coordinates": [
          [
            [
              25498253.654,
              6676874.729
            ],
            [
              25498255.33,
              6676876.066
            ],
            [
              25498252.335,
              6676879.822
            ],
            [
              25498250.659,
              6676878.485
            ],
            [
              25498253.654,
              6676874.729
            ]
          ]
        ]
      },
      "properties": {
        "confidence": 0.9243,
        "length_m": 4.8,
        "width_m": 2.14,
        "heading_deg": 141.4,
        "aoi": "r4-toukola",
        "source_layer": "Ortoilmakuva_2025_5cm",
        "zoom": 16,
        "status": "confirmed",
        "class": "car"
      }
    },
    {
      "type": "Feature",
      "geometry": {
        "type": "Polygon",
        "coordinates": [
          [
            [
              25498448.887,
              6676775.025
            ],
            [
              25498450.582,
              6676776.58
            ],
            [
              25498447.19,
              6676780.277
            ],
            [
              25498445.495,
              6676778.721
            ],
            [
              25498448.887,
              6676775.025
            ]
          ]
        ]
      },
      "properties": {
        "confidence": 0.9242,
        "length_m": 5.02,
        "width_m": 2.3,
        "heading_deg": 137.5,
        "aoi": "r4-toukola",
        "source_layer": "Ortoilmakuva_2025_5cm",
        "zoom": 16,
        "status": "confirmed",
        "class": "car"
      }
    },
    {
      "type": "Feature",
      "geometry": {
        "type": "Polygon",
        "coordinates": [
          [
            [
              25498328.402,
              6676775.615
            ],
            [
              25498330.408,
              6676776.515
            ],
            [
              25498328.331,
              6676781.149
            ],
            [
              25498326.324,
              6676780.25
            ],
            [
              25498328.402,
              6676775.615
            ]
          ]
        ]
      },
      "properties": {
        "confidence": 0.9238,
        "length_m": 5.08,
        "width_m": 2.2,
        "heading_deg": 155.9,
        "aoi": "r4-toukola",
        "source_layer": "Ortoilmakuva_2025_5cm",
        "zoom": 16,
        "status": "confirmed",
        "class": "car"
      }
    },
    {
      "type": "Feature",
      "geometry": {
        "type": "Polygon",
        "coordinates": [
          [
            [
              25498359.478,
              6676763.64
            ],
            [
              25498361.259,
              6676765.273
            ],
            [
              25498357.337,
              6676769.55
            ],
            [
              25498355.556,
              6676767.917
            ],
            [
              25498359.478,
              6676763.64
            ]
          ]
        ]
      },
      "properties": {
        "confidence": 0.9237,
        "length_m": 5.8,
        "width_m": 2.42,
        "heading_deg": 137.5,
        "aoi": "r4-toukola",
        "source_layer": "Ortoilmakuva_2025_5cm",
        "zoom": 16,
        "status": "confirmed",
        "class": "van"
      }
    },
    {
      "type": "Feature",
      "geometry": {
        "type": "Polygon",
        "coordinates": [
          [
            [
              25498273.158,
              6676846.862
            ],
            [
              25498274.689,
              6676848.23
            ],
            [
              25498271.811,
              6676851.453
            ],
            [
              25498270.279,
              6676850.085
            ],
            [
              25498273.158,
              6676846.862
            ]
          ]
        ]
      },
      "properties": {
        "confidence": 0.9235,
        "length_m": 4.32,
        "width_m": 2.05,
        "heading_deg": 138.2,
        "aoi": "r4-toukola",
        "source_layer": "Ortoilmakuva_2025_5cm",
        "zoom": 16,
        "status": "confirmed",
        "class": "car"
      }
    },
    {
      "type": "Feature",
      "geometry": {
        "type": "Polygon",
        "coordinates": [
          [
            [
              25498324.693,
              6676772.28
            ],
            [
              25498326.593,
              6676773.212
            ],
            [
              25498324.493,
              6676777.494
            ],
            [
              25498322.593,
              6676776.562
            ],
            [
              25498324.693,
              6676772.28
            ]
          ]
        ]
      },
      "properties": {
        "confidence": 0.9235,
        "length_m": 4.77,
        "width_m": 2.12,
        "heading_deg": 153.9,
        "aoi": "r4-toukola",
        "source_layer": "Ortoilmakuva_2025_5cm",
        "zoom": 16,
        "status": "confirmed",
        "class": "car"
      }
    },
    {
      "type": "Feature",
      "geometry": {
        "type": "Polygon",
        "coordinates": [
          [
            [
              25498354.982,
              6676780.784
            ],
            [
              25498356.465,
              6676782.19
            ],
            [
              25498353.541,
              6676785.276
            ],
            [
              25498352.058,
              6676783.87
            ],
            [
              25498354.982,
              6676780.784
            ]
          ]
        ]
      },
      "properties": {
        "confidence": 0.9233,
        "length_m": 4.25,
        "width_m": 2.04,
        "heading_deg": 136.5,
        "aoi": "r4-toukola",
        "source_layer": "Ortoilmakuva_2025_5cm",
        "zoom": 16,
        "status": "confirmed",
        "class": "car"
      }
    },
    {
      "type": "Feature",
      "geometry": {
        "type": "Polygon",
        "coordinates": [
          [
            [
              25498254.138,
              6676865.436
            ],
            [
              25498255.665,
              6676866.949
            ],
            [
              25498252.464,
              6676870.182
            ],
            [
              25498250.936,
              6676868.669
            ],
            [
              25498254.138,
              6676865.436
            ]
          ]
        ]
      },
      "properties": {
        "confidence": 0.9232,
        "length_m": 4.55,
        "width_m": 2.15,
        "heading_deg": 135.3,
        "aoi": "r4-toukola",
        "source_layer": "Ortoilmakuva_2025_5cm",
        "zoom": 16,
        "status": "confirmed",
        "class": "car"
      }
    },
    {
      "type": "Feature",
      "geometry": {
        "type": "Polygon",
        "coordinates": [
          [
            [
              25498262.854,
              6676865.515
            ],
            [
              25498264.521,
              6676867.036
            ],
            [
              25498261.061,
              6676870.827
            ],
            [
              25498259.394,
              6676869.306
            ],
            [
              25498262.854,
              6676865.515
            ]
          ]
        ]
      },
      "properties": {
        "confidence": 0.9229,
        "length_m": 5.13,
        "width_m": 2.26,
        "heading_deg": 137.6,
        "aoi": "r4-toukola",
        "source_layer": "Ortoilmakuva_2025_5cm",
        "zoom": 16,
        "status": "confirmed",
        "class": "car"
      }
    },
    {
      "type": "Feature",
      "geometry": {
        "type": "Polygon",
        "coordinates": [
          [
            [
              25498429.893,
              6676773.58
            ],
            [
              25498431.477,
              6676775.185
            ],
            [
              25498427.974,
              6676778.644
            ],
            [
              25498426.389,
              6676777.038
            ],
            [
              25498429.893,
              6676773.58
            ]
          ]
        ]
      },
      "properties": {
        "confidence": 0.9228,
        "length_m": 4.92,
        "width_m": 2.26,
        "heading_deg": 134.6,
        "aoi": "r4-toukola",
        "source_layer": "Ortoilmakuva_2025_5cm",
        "zoom": 16,
        "status": "confirmed",
        "class": "car"
      }
    },
    {
      "type": "Feature",
      "geometry": {
        "type": "Polygon",
        "coordinates": [
          [
            [
              25498232.639,
              6676886.734
            ],
            [
              25498234.373,
              6676888.5
            ],
            [
              25498230.352,
              6676892.447
            ],
            [
              25498228.618,
              6676890.68
            ],
            [
              25498232.639,
              6676886.734
            ]
          ]
        ]
      },
      "properties": {
        "confidence": 0.9228,
        "length_m": 5.63,
        "width_m": 2.47,
        "heading_deg": 134.5,
        "aoi": "r4-toukola",
        "source_layer": "Ortoilmakuva_2025_5cm",
        "zoom": 16,
        "status": "confirmed",
        "class": "van"
      }
    },
    {
      "type": "Feature",
      "geometry": {
        "type": "Polygon",
        "coordinates": [
          [
            [
              25498439.723,
              6676766.775
            ],
            [
              25498441.378,
              6676768.201
            ],
            [
              25498438.207,
              6676771.882
            ],
            [
              25498436.552,
              6676770.456
            ],
            [
              25498439.723,
              6676766.775
            ]
          ]
        ]
      },
      "properties": {
        "confidence": 0.9225,
        "length_m": 4.86,
        "width_m": 2.18,
        "heading_deg": 139.3,
        "aoi": "r4-toukola",
        "source_layer": "Ortoilmakuva_2025_5cm",
        "zoom": 16,
        "status": "confirmed",
        "class": "car"
      }
    },
    {
      "type": "Feature",
      "geometry": {
        "type": "Polygon",
        "coordinates": [
          [
            [
              25498349.818,
              6676781.609
            ],
            [
              25498351.458,
              6676783.111
            ],
            [
              25498348.269,
              6676786.593
            ],
            [
              25498346.629,
              6676785.091
            ],
            [
              25498349.818,
              6676781.609
            ]
          ]
        ]
      },
      "properties": {
        "confidence": 0.9224,
        "length_m": 4.72,
        "width_m": 2.22,
        "heading_deg": 137.5,
        "aoi": "r4-toukola",
        "source_layer": "Ortoilmakuva_2025_5cm",
        "zoom": 16,
        "status": "confirmed",
        "class": "car"
      }
    },
    {
      "type": "Feature",
      "geometry": {
        "type": "Polygon",
        "coordinates": [
          [
            [
              25498423.492,
              6676871.734
            ],
            [
              25498423.929,
              6676873.843
            ],
            [
              25498419.207,
              6676874.823
            ],
            [
              25498418.769,
              6676872.713
            ],
            [
              25498423.492,
              6676871.734
            ]
          ]
        ]
      },
      "properties": {
        "confidence": 0.9223,
        "length_m": 4.82,
        "width_m": 2.15,
        "heading_deg": 101.7,
        "aoi": "r4-toukola",
        "source_layer": "Ortoilmakuva_2025_5cm",
        "zoom": 16,
        "status": "confirmed",
        "class": "car"
      }
    },
    {
      "type": "Feature",
      "geometry": {
        "type": "Polygon",
        "coordinates": [
          [
            [
              25498346.956,
              6676715.028
            ],
            [
              25498348.544,
              6676713.549
            ],
            [
              25498351.85,
              6676717.103
            ],
            [
              25498350.262,
              6676718.581
            ],
            [
              25498346.956,
              6676715.028
            ]
          ]
        ]
      },
      "properties": {
        "confidence": 0.9221,
        "length_m": 4.85,
        "width_m": 2.17,
        "heading_deg": 42.9,
        "aoi": "r4-toukola",
        "source_layer": "Ortoilmakuva_2025_5cm",
        "zoom": 16,
        "status": "confirmed",
        "class": "car"
      }
    },
    {
      "type": "Feature",
      "geometry": {
        "type": "Polygon",
        "coordinates": [
          [
            [
              25498396.26,
              6676865.53
            ],
            [
              25498397.957,
              6676863.969
            ],
            [
              25498401.634,
              6676867.965
            ],
            [
              25498399.937,
              6676869.526
            ],
            [
              25498396.26,
              6676865.53
            ]
          ]
        ]
      },
      "properties": {
        "confidence": 0.9214,
        "length_m": 5.43,
        "width_m": 2.31,
        "heading_deg": 42.6,
        "aoi": "r4-toukola",
        "source_layer": "Ortoilmakuva_2025_5cm",
        "zoom": 16,
        "status": "confirmed",
        "class": "van"
      }
    },
    {
      "type": "Feature",
      "geometry": {
        "type": "Polygon",
        "coordinates": [
          [
            [
              25498394.342,
              6676627.145
            ],
            [
              25498395.91,
              6676628.61
            ],
            [
              25498392.996,
              6676631.729
            ],
            [
              25498391.427,
              6676630.264
            ],
            [
              25498394.342,
              6676627.145
            ]
          ]
        ]
      },
      "properties": {
        "confidence": 0.9213,
        "length_m": 4.27,
        "width_m": 2.15,
        "heading_deg": 136.9,
        "aoi": "r4-toukola",
        "source_layer": "Ortoilmakuva_2025_5cm",
        "zoom": 16,
        "status": "confirmed",
        "class": "car"
      }
    },
    {
      "type": "Feature",
      "geometry": {
        "type": "Polygon",
        "coordinates": [
          [
            [
              25498453.739,
              6676899.68
            ],
            [
              25498454.586,
              6676902.103
            ],
            [
              25498448.629,
              6676904.185
            ],
            [
              25498447.782,
              6676901.762
            ],
            [
              25498453.739,
              6676899.68
            ]
          ]
        ]
      },
      "properties": {
        "confidence": 0.9213,
        "length_m": 6.31,
        "width_m": 2.57,
        "heading_deg": 109.3,
        "aoi": "r4-toukola",
        "source_layer": "Ortoilmakuva_2025_5cm",
        "zoom": 16,
        "status": "confirmed",
        "class": "van"
      }
    },
    {
      "type": "Feature",
      "geometry": {
        "type": "Polygon",
        "coordinates": [
          [
            [
              25498415.286,
              6676842.636
            ],
            [
              25498416.9,
              6676844.114
            ],
            [
              25498413.557,
              6676847.764
            ],
            [
              25498411.943,
              6676846.286
            ],
            [
              25498415.286,
              6676842.636
            ]
          ]
        ]
      },
      "properties": {
        "confidence": 0.921,
        "length_m": 4.95,
        "width_m": 2.19,
        "heading_deg": 137.5,
        "aoi": "r4-toukola",
        "source_layer": "Ortoilmakuva_2025_5cm",
        "zoom": 16,
        "status": "confirmed",
        "class": "car"
      }
    },
    {
      "type": "Feature",
      "geometry": {
        "type": "Polygon",
        "coordinates": [
          [
            [
              25498296.324,
              6676754.962
            ],
            [
              25498294.859,
              6676756.51
            ],
            [
              25498291.638,
              6676753.461
            ],
            [
              25498293.103,
              6676751.913
            ],
            [
              25498296.324,
              6676754.962
            ]
          ]
        ]
      },
      "properties": {
        "confidence": 0.9208,
        "length_m": 4.44,
        "width_m": 2.13,
        "heading_deg": 46.6,
        "aoi": "r4-toukola",
        "source_layer": "Ortoilmakuva_2025_5cm",
        "zoom": 16,
        "status": "confirmed",
        "class": "car"
      }
    },
    {
      "type": "Feature",
      "geometry": {
        "type": "Polygon",
        "coordinates": [
          [
            [
              25498269.236,
              6676850.532
            ],
            [
              25498270.608,
              6676851.901
            ],
            [
              25498267.651,
              6676854.866
            ],
            [
              25498266.278,
              6676853.496
            ],
            [
              25498269.236,
              6676850.532
            ]
          ]
        ]
      },
      "properties": {
        "confidence": 0.9207,
        "length_m": 4.19,
        "width_m": 1.94,
        "heading_deg": 135.1,
        "aoi": "r4-toukola",
        "source_layer": "Ortoilmakuva_2025_5cm",
        "zoom": 16,
        "status": "confirmed",
        "class": "car"
      }
    },
    {
      "type": "Feature",
      "geometry": {
        "type": "Polygon",
        "coordinates": [
          [
            [
              25498473.683,
              6676808.959
            ],
            [
              25498472.206,
              6676810.567
            ],
            [
              25498468.911,
              6676807.538
            ],
            [
              25498470.389,
              6676805.931
            ],
            [
              25498473.683,
              6676808.959
            ]
          ]
        ]
      },
      "properties": {
        "confidence": 0.9207,
        "length_m": 4.48,
        "width_m": 2.18,
        "heading_deg": 47.4,
        "aoi": "r4-toukola",
        "source_layer": "Ortoilmakuva_2025_5cm",
        "zoom": 16,
        "status": "confirmed",
        "class": "car"
      }
    },
    {
      "type": "Feature",
      "geometry": {
        "type": "Polygon",
        "coordinates": [
          [
            [
              25498379.507,
              6676891.848
            ],
            [
              25498380.998,
              6676890.403
            ],
            [
              25498384.149,
              6676893.653
            ],
            [
              25498382.659,
              6676895.098
            ],
            [
              25498379.507,
              6676891.848
            ]
          ]
        ]
      },
      "properties": {
        "confidence": 0.9199,
        "length_m": 4.53,
        "width_m": 2.08,
        "heading_deg": 44.1,
        "aoi": "r4-toukola",
        "source_layer": "Ortoilmakuva_2025_5cm",
        "zoom": 16,
        "status": "confirmed",
        "class": "car"
      }
    },
    {
      "type": "Feature",
      "geometry": {
        "type": "Polygon",
        "coordinates": [
          [
            [
              25498433.51,
              6676776.828
            ],
            [
              25498435.082,
              6676778.424
            ],
            [
              25498431.498,
              6676781.955
            ],
            [
              25498429.925,
              6676780.359
            ],
            [
              25498433.51,
              6676776.828
            ]
          ]
        ]
      },
      "properties": {
        "confidence": 0.9199,
        "length_m": 5.03,
        "width_m": 2.24,
        "heading_deg": 134.6,
        "aoi": "r4-toukola",
        "source_layer": "Ortoilmakuva_2025_5cm",
        "zoom": 16,
        "status": "confirmed",
        "class": "car"
      }
    },
    {
      "type": "Feature",
      "geometry": {
        "type": "Polygon",
        "coordinates": [
          [
            [
              25498281.291,
              6676837.999
            ],
            [
              25498282.982,
              6676839.49
            ],
            [
              25498279.661,
              6676843.255
            ],
            [
              25498277.971,
              6676841.764
            ],
            [
              25498281.291,
              6676837.999
            ]
          ]
        ]
      },
      "properties": {
        "confidence": 0.9194,
        "length_m": 5.02,
        "width_m": 2.25,
        "heading_deg": 138.6,
        "aoi": "r4-toukola",
        "source_layer": "Ortoilmakuva_2025_5cm",
        "zoom": 16,
        "status": "confirmed",
        "class": "car"
      }
    },
    {
      "type": "Feature",
      "geometry": {
        "type": "Polygon",
        "coordinates": [
          [
            [
              25498414.39,
              6676862.458
            ],
            [
              25498414.943,
              6676864.476
            ],
            [
              25498410.729,
              6676865.632
            ],
            [
              25498410.175,
              6676863.613
            ],
            [
              25498414.39,
              6676862.458
            ]
          ]
        ]
      },
      "properties": {
        "confidence": 0.9193,
        "length_m": 4.37,
        "width_m": 2.09,
        "heading_deg": 105.3,
        "aoi": "r4-toukola",
        "source_layer": "Ortoilmakuva_2025_5cm",
        "zoom": 16,
        "status": "confirmed",
        "class": "car"
      }
    },
    {
      "type": "Feature",
      "geometry": {
        "type": "Polygon",
        "coordinates": [
          [
            [
              25498411.09,
              6676860.268
            ],
            [
              25498411.681,
              6676862.477
            ],
            [
              25498406.953,
              6676863.742
            ],
            [
              25498406.362,
              6676861.532
            ],
            [
              25498411.09,
              6676860.268
            ]
          ]
        ]
      },
      "properties": {
        "confidence": 0.919,
        "length_m": 4.89,
        "width_m": 2.29,
        "heading_deg": 105,
        "aoi": "r4-toukola",
        "source_layer": "Ortoilmakuva_2025_5cm",
        "zoom": 16,
        "status": "confirmed",
        "class": "car"
      }
    },
    {
      "type": "Feature",
      "geometry": {
        "type": "Polygon",
        "coordinates": [
          [
            [
              25498358.823,
              6676769.279
            ],
            [
              25498360.269,
              6676770.592
            ],
            [
              25498357.466,
              6676773.68
            ],
            [
              25498356.02,
              6676772.367
            ],
            [
              25498358.823,
              6676769.279
            ]
          ]
        ]
      },
      "properties": {
        "confidence": 0.9184,
        "length_m": 4.17,
        "width_m": 1.95,
        "heading_deg": 137.8,
        "aoi": "r4-toukola",
        "source_layer": "Ortoilmakuva_2025_5cm",
        "zoom": 16,
        "status": "confirmed",
        "class": "car"
      }
    },
    {
      "type": "Feature",
      "geometry": {
        "type": "Polygon",
        "coordinates": [
          [
            [
              25498411.484,
              6676756.815
            ],
            [
              25498409.964,
              6676758.48
            ],
            [
              25498406.588,
              6676755.397
            ],
            [
              25498408.108,
              6676753.732
            ],
            [
              25498411.484,
              6676756.815
            ]
          ]
        ]
      },
      "properties": {
        "confidence": 0.9179,
        "length_m": 4.57,
        "width_m": 2.25,
        "heading_deg": 47.6,
        "aoi": "r4-toukola",
        "source_layer": "Ortoilmakuva_2025_5cm",
        "zoom": 16,
        "status": "confirmed",
        "class": "car"
      }
    },
    {
      "type": "Feature",
      "geometry": {
        "type": "Polygon",
        "coordinates": [
          [
            [
              25498441.325,
              6676889.594
            ],
            [
              25498441.822,
              6676891.702
            ],
            [
              25498437.458,
              6676892.732
            ],
            [
              25498436.96,
              6676890.623
            ],
            [
              25498441.325,
              6676889.594
            ]
          ]
        ]
      },
      "properties": {
        "confidence": 0.9175,
        "length_m": 4.48,
        "width_m": 2.17,
        "heading_deg": 103.3,
        "aoi": "r4-toukola",
        "source_layer": "Ortoilmakuva_2025_5cm",
        "zoom": 16,
        "status": "confirmed",
        "class": "car"
      }
    },
    {
      "type": "Feature",
      "geometry": {
        "type": "Polygon",
        "coordinates": [
          [
            [
              25498366.617,
              6676792.262
            ],
            [
              25498368.007,
              6676793.721
            ],
            [
              25498364.781,
              6676796.794
            ],
            [
              25498363.391,
              6676795.335
            ],
            [
              25498366.617,
              6676792.262
            ]
          ]
        ]
      },
      "properties": {
        "confidence": 0.9173,
        "length_m": 4.46,
        "width_m": 2.02,
        "heading_deg": 133.6,
        "aoi": "r4-toukola",
        "source_layer": "Ortoilmakuva_2025_5cm",
        "zoom": 16,
        "status": "confirmed",
        "class": "car"
      }
    },
    {
      "type": "Feature",
      "geometry": {
        "type": "Polygon",
        "coordinates": [
          [
            [
              25498411.195,
              6676846.468
            ],
            [
              25498412.818,
              6676847.963
            ],
            [
              25498409.507,
              6676851.556
            ],
            [
              25498407.884,
              6676850.061
            ],
            [
              25498411.195,
              6676846.468
            ]
          ]
        ]
      },
      "properties": {
        "confidence": 0.9166,
        "length_m": 4.89,
        "width_m": 2.21,
        "heading_deg": 137.3,
        "aoi": "r4-toukola",
        "source_layer": "Ortoilmakuva_2025_5cm",
        "zoom": 16,
        "status": "confirmed",
        "class": "car"
      }
    },
    {
      "type": "Feature",
      "geometry": {
        "type": "Polygon",
        "coordinates": [
          [
            [
              25498333.059,
              6676844.605
            ],
            [
              25498334.843,
              6676842.926
            ],
            [
              25498338.452,
              6676846.764
            ],
            [
              25498336.667,
              6676848.442
            ],
            [
              25498333.059,
              6676844.605
            ]
          ]
        ]
      },
      "properties": {
        "confidence": 0.9162,
        "length_m": 5.27,
        "width_m": 2.45,
        "heading_deg": 43.2,
        "aoi": "r4-toukola",
        "source_layer": "Ortoilmakuva_2025_5cm",
        "zoom": 16,
        "status": "confirmed",
        "class": "car"
      }
    },
    {
      "type": "Feature",
      "geometry": {
        "type": "Polygon",
        "coordinates": [
          [
            [
              25498483.54,
              6676798.754
            ],
            [
              25498482.243,
              6676800.368
            ],
            [
              25498478.865,
              6676797.653
            ],
            [
              25498480.162,
              6676796.039
            ],
            [
              25498483.54,
              6676798.754
            ]
          ]
        ]
      },
      "properties": {
        "confidence": 0.9157,
        "length_m": 4.33,
        "width_m": 2.07,
        "heading_deg": 51.2,
        "aoi": "r4-toukola",
        "source_layer": "Ortoilmakuva_2025_5cm",
        "zoom": 16,
        "status": "confirmed",
        "class": "car"
      }
    },
    {
      "type": "Feature",
      "geometry": {
        "type": "Polygon",
        "coordinates": [
          [
            [
              25498457.02,
              6676891.136
            ],
            [
              25498458.537,
              6676892.517
            ],
            [
              25498455.6,
              6676895.745
            ],
            [
              25498454.083,
              6676894.364
            ],
            [
              25498457.02,
              6676891.136
            ]
          ]
        ]
      },
      "properties": {
        "confidence": 0.9157,
        "length_m": 4.36,
        "width_m": 2.05,
        "heading_deg": 137.7,
        "aoi": "r4-toukola",
        "source_layer": "Ortoilmakuva_2025_5cm",
        "zoom": 16,
        "status": "confirmed",
        "class": "car"
      }
    },
    {
      "type": "Feature",
      "geometry": {
        "type": "Polygon",
        "coordinates": [
          [
            [
              25498409.771,
              6676857.783
            ],
            [
              25498410.248,
              6676860.004
            ],
            [
              25498404.863,
              6676861.16
            ],
            [
              25498404.386,
              6676858.94
            ],
            [
              25498409.771,
              6676857.783
            ]
          ]
        ]
      },
      "properties": {
        "confidence": 0.9156,
        "length_m": 5.51,
        "width_m": 2.27,
        "heading_deg": 102.1,
        "aoi": "r4-toukola",
        "source_layer": "Ortoilmakuva_2025_5cm",
        "zoom": 16,
        "status": "confirmed",
        "class": "van"
      }
    },
    {
      "type": "Feature",
      "geometry": {
        "type": "Polygon",
        "coordinates": [
          [
            [
              25498411.123,
              6676839.433
            ],
            [
              25498412.741,
              6676840.765
            ],
            [
              25498409.695,
              6676844.467
            ],
            [
              25498408.077,
              6676843.135
            ],
            [
              25498411.123,
              6676839.433
            ]
          ]
        ]
      },
      "properties": {
        "confidence": 0.9153,
        "length_m": 4.79,
        "width_m": 2.1,
        "heading_deg": 140.6,
        "aoi": "r4-toukola",
        "source_layer": "Ortoilmakuva_2025_5cm",
        "zoom": 16,
        "status": "confirmed",
        "class": "car"
      }
    },
    {
      "type": "Feature",
      "geometry": {
        "type": "Polygon",
        "coordinates": [
          [
            [
              25498294.762,
              6676749.43
            ],
            [
              25498296.573,
              6676747.767
            ],
            [
              25498300.523,
              6676752.068
            ],
            [
              25498298.713,
              6676753.731
            ],
            [
              25498294.762,
              6676749.43
            ]
          ]
        ]
      },
      "properties": {
        "confidence": 0.915,
        "length_m": 5.84,
        "width_m": 2.46,
        "heading_deg": 42.6,
        "aoi": "r4-toukola",
        "source_layer": "Ortoilmakuva_2025_5cm",
        "zoom": 16,
        "status": "confirmed",
        "class": "van"
      }
    },
    {
      "type": "Feature",
      "geometry": {
        "type": "Polygon",
        "coordinates": [
          [
            [
              25498371.519,
              6676755.695
            ],
            [
              25498373.26,
              6676757.302
            ],
            [
              25498369.552,
              6676761.321
            ],
            [
              25498367.81,
              6676759.714
            ],
            [
              25498371.519,
              6676755.695
            ]
          ]
        ]
      },
      "properties": {
        "confidence": 0.915,
        "length_m": 5.47,
        "width_m": 2.37,
        "heading_deg": 137.3,
        "aoi": "r4-toukola",
        "source_layer": "Ortoilmakuva_2025_5cm",
        "zoom": 16,
        "status": "confirmed",
        "class": "car"
      }
    },
    {
      "type": "Feature",
      "geometry": {
        "type": "Polygon",
        "coordinates": [
          [
            [
              25498421.162,
              6676869.066
            ],
            [
              25498421.747,
              6676871.229
            ],
            [
              25498417.246,
              6676872.445
            ],
            [
              25498416.662,
              6676870.282
            ],
            [
              25498421.162,
              6676869.066
            ]
          ]
        ]
      },
      "properties": {
        "confidence": 0.9147,
        "length_m": 4.66,
        "width_m": 2.24,
        "heading_deg": 105.1,
        "aoi": "r4-toukola",
        "source_layer": "Ortoilmakuva_2025_5cm",
        "zoom": 16,
        "status": "confirmed",
        "class": "car"
      }
    },
    {
      "type": "Feature",
      "geometry": {
        "type": "Polygon",
        "coordinates": [
          [
            [
              25498421.087,
              6676855.877
            ],
            [
              25498422.641,
              6676857.319
            ],
            [
              25498419.43,
              6676860.78
            ],
            [
              25498417.876,
              6676859.338
            ],
            [
              25498421.087,
              6676855.877
            ]
          ]
        ]
      },
      "properties": {
        "confidence": 0.9146,
        "length_m": 4.72,
        "width_m": 2.12,
        "heading_deg": 137.1,
        "aoi": "r4-toukola",
        "source_layer": "Ortoilmakuva_2025_5cm",
        "zoom": 16,
        "status": "confirmed",
        "class": "car"
      }
    },
    {
      "type": "Feature",
      "geometry": {
        "type": "Polygon",
        "coordinates": [
          [
            [
              25498430.614,
              6676864.859
            ],
            [
              25498432.195,
              6676866.423
            ],
            [
              25498428.688,
              6676869.966
            ],
            [
              25498427.108,
              6676868.401
            ],
            [
              25498430.614,
              6676864.859
            ]
          ]
        ]
      },
      "properties": {
        "confidence": 0.9146,
        "length_m": 4.99,
        "width_m": 2.22,
        "heading_deg": 135.3,
        "aoi": "r4-toukola",
        "source_layer": "Ortoilmakuva_2025_5cm",
        "zoom": 16,
        "status": "confirmed",
        "class": "car"
      }
    },
    {
      "type": "Feature",
      "geometry": {
        "type": "Polygon",
        "coordinates": [
          [
            [
              25498439.403,
              6676865.105
            ],
            [
              25498441,
              6676866.483
            ],
            [
              25498437.933,
              6676870.039
            ],
            [
              25498436.336,
              6676868.661
            ],
            [
              25498439.403,
              6676865.105
            ]
          ]
        ]
      },
      "properties": {
        "confidence": 0.9138,
        "length_m": 4.7,
        "width_m": 2.11,
        "heading_deg": 139.2,
        "aoi": "r4-toukola",
        "source_layer": "Ortoilmakuva_2025_5cm",
        "zoom": 16,
        "status": "confirmed",
        "class": "car"
      }
    },
    {
      "type": "Feature",
      "geometry": {
        "type": "Polygon",
        "coordinates": [
          [
            [
              25498454.101,
              6676887.642
            ],
            [
              25498455.548,
              6676889.25
            ],
            [
              25498451.861,
              6676892.57
            ],
            [
              25498450.414,
              6676890.962
            ],
            [
              25498454.101,
              6676887.642
            ]
          ]
        ]
      },
      "properties": {
        "confidence": 0.9125,
        "length_m": 4.96,
        "width_m": 2.16,
        "heading_deg": 132,
        "aoi": "r4-toukola",
        "source_layer": "Ortoilmakuva_2025_5cm",
        "zoom": 16,
        "status": "confirmed",
        "class": "car"
      }
    },
    {
      "type": "Feature",
      "geometry": {
        "type": "Polygon",
        "coordinates": [
          [
            [
              25498386.58,
              6676635.189
            ],
            [
              25498388.079,
              6676636.572
            ],
            [
              25498385.024,
              6676639.886
            ],
            [
              25498383.524,
              6676638.503
            ],
            [
              25498386.58,
              6676635.189
            ]
          ]
        ]
      },
      "properties": {
        "confidence": 0.912,
        "length_m": 4.51,
        "width_m": 2.04,
        "heading_deg": 137.3,
        "aoi": "r4-toukola",
        "source_layer": "Ortoilmakuva_2025_5cm",
        "zoom": 16,
        "status": "confirmed",
        "class": "car"
      }
    },
    {
      "type": "Feature",
      "geometry": {
        "type": "Polygon",
        "coordinates": [
          [
            [
              25498459.076,
              6676892.675
            ],
            [
              25498460.783,
              6676894.388
            ],
            [
              25498457.103,
              6676898.054
            ],
            [
              25498455.396,
              6676896.341
            ],
            [
              25498459.076,
              6676892.675
            ]
          ]
        ]
      },
      "properties": {
        "confidence": 0.912,
        "length_m": 5.19,
        "width_m": 2.42,
        "heading_deg": 134.9,
        "aoi": "r4-toukola",
        "source_layer": "Ortoilmakuva_2025_5cm",
        "zoom": 16,
        "status": "confirmed",
        "class": "car"
      }
    },
    {
      "type": "Feature",
      "geometry": {
        "type": "Polygon",
        "coordinates": [
          [
            [
              25498413.338,
              6676754.984
            ],
            [
              25498411.761,
              6676756.73
            ],
            [
              25498408.217,
              6676753.53
            ],
            [
              25498409.794,
              6676751.784
            ],
            [
              25498413.338,
              6676754.984
            ]
          ]
        ]
      },
      "properties": {
        "confidence": 0.9115,
        "length_m": 4.77,
        "width_m": 2.35,
        "heading_deg": 47.9,
        "aoi": "r4-toukola",
        "source_layer": "Ortoilmakuva_2025_5cm",
        "zoom": 16,
        "status": "confirmed",
        "class": "car"
      }
    },
    {
      "type": "Feature",
      "geometry": {
        "type": "Polygon",
        "coordinates": [
          [
            [
              25498415.409,
              6676753.14
            ],
            [
              25498413.82,
              6676754.949
            ],
            [
              25498410.002,
              6676751.595
            ],
            [
              25498411.591,
              6676749.786
            ],
            [
              25498415.409,
              6676753.14
            ]
          ]
        ]
      },
      "properties": {
        "confidence": 0.9111,
        "length_m": 5.08,
        "width_m": 2.41,
        "heading_deg": 48.7,
        "aoi": "r4-toukola",
        "source_layer": "Ortoilmakuva_2025_5cm",
        "zoom": 16,
        "status": "confirmed",
        "class": "car"
      }
    },
    {
      "type": "Feature",
      "geometry": {
        "type": "Polygon",
        "coordinates": [
          [
            [
              25498367.851,
              6676668.043
            ],
            [
              25498369.387,
              6676666.547
            ],
            [
              25498372.55,
              6676669.795
            ],
            [
              25498371.013,
              6676671.291
            ],
            [
              25498367.851,
              6676668.043
            ]
          ]
        ]
      },
      "properties": {
        "confidence": 0.9109,
        "length_m": 4.53,
        "width_m": 2.14,
        "heading_deg": 44.2,
        "aoi": "r4-toukola",
        "source_layer": "Ortoilmakuva_2025_5cm",
        "zoom": 16,
        "status": "confirmed",
        "class": "car"
      }
    },
    {
      "type": "Feature",
      "geometry": {
        "type": "Polygon",
        "coordinates": [
          [
            [
              25498438.875,
              6676782.328
            ],
            [
              25498440.474,
              6676783.677
            ],
            [
              25498437.524,
              6676787.174
            ],
            [
              25498435.925,
              6676785.826
            ],
            [
              25498438.875,
              6676782.328
            ]
          ]
        ]
      },
      "properties": {
        "confidence": 0.9102,
        "length_m": 4.58,
        "width_m": 2.09,
        "heading_deg": 139.8,
        "aoi": "r4-toukola",
        "source_layer": "Ortoilmakuva_2025_5cm",
        "zoom": 16,
        "status": "confirmed",
        "class": "car"
      }
    },
    {
      "type": "Feature",
      "geometry": {
        "type": "Polygon",
        "coordinates": [
          [
            [
              25498310.334,
              6676740.417
            ],
            [
              25498308.736,
              6676742.116
            ],
            [
              25498305.168,
              6676738.763
            ],
            [
              25498306.765,
              6676737.063
            ],
            [
              25498310.334,
              6676740.417
            ]
          ]
        ]
      },
      "properties": {
        "confidence": 0.9099,
        "length_m": 4.9,
        "width_m": 2.33,
        "heading_deg": 46.8,
        "aoi": "r4-toukola",
        "source_layer": "Ortoilmakuva_2025_5cm",
        "zoom": 16,
        "status": "confirmed",
        "class": "car"
      }
    },
    {
      "type": "Feature",
      "geometry": {
        "type": "Polygon",
        "coordinates": [
          [
            [
              25498258.458,
              6676860.819
            ],
            [
              25498260.103,
              6676862.357
            ],
            [
              25498256.786,
              6676865.906
            ],
            [
              25498255.141,
              6676864.368
            ],
            [
              25498258.458,
              6676860.819
            ]
          ]
        ]
      },
      "properties": {
        "confidence": 0.9097,
        "length_m": 4.86,
        "width_m": 2.25,
        "heading_deg": 136.9,
        "aoi": "r4-toukola",
        "source_layer": "Ortoilmakuva_2025_5cm",
        "zoom": 16,
        "status": "confirmed",
        "class": "car"
      }
    },
    {
      "type": "Feature",
      "geometry": {
        "type": "Polygon",
        "coordinates": [
          [
            [
              25498379.398,
              6676662.796
            ],
            [
              25498377.866,
              6676664.428
            ],
            [
              25498374.492,
              6676661.261
            ],
            [
              25498376.024,
              6676659.628
            ],
            [
              25498379.398,
              6676662.796
            ]
          ]
        ]
      },
      "properties": {
        "confidence": 0.9093,
        "length_m": 4.63,
        "width_m": 2.24,
        "heading_deg": 46.8,
        "aoi": "r4-toukola",
        "source_layer": "Ortoilmakuva_2025_5cm",
        "zoom": 16,
        "status": "confirmed",
        "class": "car"
      }
    },
    {
      "type": "Feature",
      "geometry": {
        "type": "Polygon",
        "coordinates": [
          [
            [
              25498469.908,
              6676896.161
            ],
            [
              25498472.129,
              6676898.376
            ],
            [
              25498465.517,
              6676905.006
            ],
            [
              25498463.296,
              6676902.79
            ],
            [
              25498469.908,
              6676896.161
            ]
          ]
        ]
      },
      "properties": {
        "confidence": 0.9093,
        "length_m": 9.36,
        "width_m": 3.14,
        "heading_deg": 135.1,
        "aoi": "r4-toukola",
        "source_layer": "Ortoilmakuva_2025_5cm",
        "zoom": 16,
        "status": "confirmed",
        "class": "truck"
      }
    },
    {
      "type": "Feature",
      "geometry": {
        "type": "Polygon",
        "coordinates": [
          [
            [
              25498380.369,
              6676764.981
            ],
            [
              25498381.948,
              6676766.36
            ],
            [
              25498379.105,
              6676769.614
            ],
            [
              25498377.526,
              6676768.236
            ],
            [
              25498380.369,
              6676764.981
            ]
          ]
        ]
      },
      "properties": {
        "confidence": 0.9089,
        "length_m": 4.32,
        "width_m": 2.1,
        "heading_deg": 138.9,
        "aoi": "r4-toukola",
        "source_layer": "Ortoilmakuva_2025_5cm",
        "zoom": 16,
        "status": "confirmed",
        "class": "car"
      }
    },
    {
      "type": "Feature",
      "geometry": {
        "type": "Polygon",
        "coordinates": [
          [
            [
              25498296.817,
              6676747.514
            ],
            [
              25498298.603,
              6676745.766
            ],
            [
              25498303.213,
              6676750.474
            ],
            [
              25498301.427,
              6676752.223
            ],
            [
              25498296.817,
              6676747.514
            ]
          ]
        ]
      },
      "properties": {
        "confidence": 0.9087,
        "length_m": 6.59,
        "width_m": 2.5,
        "heading_deg": 44.4,
        "aoi": "r4-toukola",
        "source_layer": "Ortoilmakuva_2025_5cm",
        "zoom": 16,
        "status": "confirmed",
        "class": "truck"
      }
    },
    {
      "type": "Feature",
      "geometry": {
        "type": "Polygon",
        "coordinates": [
          [
            [
              25498393.625,
              6676867.275
            ],
            [
              25498395.508,
              6676865.441
            ],
            [
              25498399.775,
              6676869.823
            ],
            [
              25498397.892,
              6676871.657
            ],
            [
              25498393.625,
              6676867.275
            ]
          ]
        ]
      },
      "properties": {
        "confidence": 0.9087,
        "length_m": 6.12,
        "width_m": 2.63,
        "heading_deg": 44.2,
        "aoi": "r4-toukola",
        "source_layer": "Ortoilmakuva_2025_5cm",
        "zoom": 16,
        "status": "confirmed",
        "class": "van"
      }
    },
    {
      "type": "Feature",
      "geometry": {
        "type": "Polygon",
        "coordinates": [
          [
            [
              25498452.43,
              6676885.769
            ],
            [
              25498453.944,
              6676887.272
            ],
            [
              25498450.503,
              6676890.74
            ],
            [
              25498448.989,
              6676889.236
            ],
            [
              25498452.43,
              6676885.769
            ]
          ]
        ]
      },
      "properties": {
        "confidence": 0.9082,
        "length_m": 4.89,
        "width_m": 2.13,
        "heading_deg": 135.2,
        "aoi": "r4-toukola",
        "source_layer": "Ortoilmakuva_2025_5cm",
        "zoom": 16,
        "status": "confirmed",
        "class": "car"
      }
    },
    {
      "type": "Feature",
      "geometry": {
        "type": "Polygon",
        "coordinates": [
          [
            [
              25498367.547,
              6676776.828
            ],
            [
              25498369.332,
              6676778.51
            ],
            [
              25498365.689,
              6676782.376
            ],
            [
              25498363.904,
              6676780.694
            ],
            [
              25498367.547,
              6676776.828
            ]
          ]
        ]
      },
      "properties": {
        "confidence": 0.9082,
        "length_m": 5.31,
        "width_m": 2.45,
        "heading_deg": 136.7,
        "aoi": "r4-toukola",
        "source_layer": "Ortoilmakuva_2025_5cm",
        "zoom": 16,
        "status": "confirmed",
        "class": "van"
      }
    },
    {
      "type": "Feature",
      "geometry": {
        "type": "Polygon",
        "coordinates": [
          [
            [
              25498314.525,
              6676729.721
            ],
            [
              25498316.078,
              6676728.19
            ],
            [
              25498320.248,
              6676732.421
            ],
            [
              25498318.695,
              6676733.952
            ],
            [
              25498314.525,
              6676729.721
            ]
          ]
        ]
      },
      "properties": {
        "confidence": 0.9074,
        "length_m": 5.94,
        "width_m": 2.18,
        "heading_deg": 44.6,
        "aoi": "r4-toukola",
        "source_layer": "Ortoilmakuva_2025_5cm",
        "zoom": 16,
        "status": "confirmed",
        "class": "van"
      }
    },
    {
      "type": "Feature",
      "geometry": {
        "type": "Polygon",
        "coordinates": [
          [
            [
              25498432.321,
              6676866.962
            ],
            [
              25498434.012,
              6676868.644
            ],
            [
              25498430.173,
              6676872.502
            ],
            [
              25498428.482,
              6676870.82
            ],
            [
              25498432.321,
              6676866.962
            ]
          ]
        ]
      },
      "properties": {
        "confidence": 0.9073,
        "length_m": 5.44,
        "width_m": 2.39,
        "heading_deg": 135.1,
        "aoi": "r4-toukola",
        "source_layer": "Ortoilmakuva_2025_5cm",
        "zoom": 16,
        "status": "confirmed",
        "class": "car"
      }
    },
    {
      "type": "Feature",
      "geometry": {
        "type": "Polygon",
        "coordinates": [
          [
            [
              25498395.368,
              6676645.636
            ],
            [
              25498393.776,
              6676647.327
            ],
            [
              25498390.458,
              6676644.204
            ],
            [
              25498392.049,
              6676642.513
            ],
            [
              25498395.368,
              6676645.636
            ]
          ]
        ]
      },
      "properties": {
        "confidence": 0.9061,
        "length_m": 4.56,
        "width_m": 2.32,
        "heading_deg": 46.7,
        "aoi": "r4-toukola",
        "source_layer": "Ortoilmakuva_2025_5cm",
        "zoom": 16,
        "status": "confirmed",
        "class": "car"
      }
    },
    {
      "type": "Feature",
      "geometry": {
        "type": "Polygon",
        "coordinates": [
          [
            [
              25498443.978,
              6676891.826
            ],
            [
              25498444.55,
              6676894.028
            ],
            [
              25498439.744,
              6676895.277
            ],
            [
              25498439.172,
              6676893.074
            ],
            [
              25498443.978,
              6676891.826
            ]
          ]
        ]
      },
      "properties": {
        "confidence": 0.9061,
        "length_m": 4.97,
        "width_m": 2.28,
        "heading_deg": 104.6,
        "aoi": "r4-toukola",
        "source_layer": "Ortoilmakuva_2025_5cm",
        "zoom": 16,
        "status": "confirmed",
        "class": "car"
      }
    },
    {
      "type": "Feature",
      "geometry": {
        "type": "Polygon",
        "coordinates": [
          [
            [
              25498427.154,
              6676754.382
            ],
            [
              25498428.862,
              6676755.927
            ],
            [
              25498425.412,
              6676759.738
            ],
            [
              25498423.705,
              6676758.193
            ],
            [
              25498427.154,
              6676754.382
            ]
          ]
        ]
      },
      "properties": {
        "confidence": 0.9061,
        "length_m": 5.14,
        "width_m": 2.3,
        "heading_deg": 137.8,
        "aoi": "r4-toukola",
        "source_layer": "Ortoilmakuva_2025_5cm",
        "zoom": 16,
        "status": "confirmed",
        "class": "car"
      }
    },
    {
      "type": "Feature",
      "geometry": {
        "type": "Polygon",
        "coordinates": [
          [
            [
              25498304.327,
              6676600.416
            ],
            [
              25498306.025,
              6676598.849
            ],
            [
              25498309.3,
              6676602.4
            ],
            [
              25498307.602,
              6676603.966
            ],
            [
              25498304.327,
              6676600.416
            ]
          ]
        ]
      },
      "properties": {
        "confidence": 0.9061,
        "length_m": 4.83,
        "width_m": 2.31,
        "heading_deg": 42.7,
        "aoi": "r4-toukola",
        "source_layer": "Ortoilmakuva_2025_5cm",
        "zoom": 16,
        "status": "confirmed",
        "class": "car"
      }
    },
    {
      "type": "Feature",
      "geometry": {
        "type": "Polygon",
        "coordinates": [
          [
            [
              25498282.499,
              6676630.412
            ],
            [
              25498280.929,
              6676632.052
            ],
            [
              25498277.84,
              6676629.092
            ],
            [
              25498279.411,
              6676627.453
            ],
            [
              25498282.499,
              6676630.412
            ]
          ]
        ]
      },
      "properties": {
        "confidence": 0.906,
        "length_m": 4.28,
        "width_m": 2.27,
        "heading_deg": 46.2,
        "aoi": "r4-toukola",
        "source_layer": "Ortoilmakuva_2025_5cm",
        "zoom": 16,
        "status": "confirmed",
        "class": "car"
      }
    },
    {
      "type": "Feature",
      "geometry": {
        "type": "Polygon",
        "coordinates": [
          [
            [
              25498271.202,
              6676654.875
            ],
            [
              25498272.64,
              6676653.501
            ],
            [
              25498275.562,
              6676656.559
            ],
            [
              25498274.124,
              6676657.933
            ],
            [
              25498271.202,
              6676654.875
            ]
          ]
        ]
      },
      "properties": {
        "confidence": 0.9056,
        "length_m": 4.23,
        "width_m": 1.99,
        "heading_deg": 43.7,
        "aoi": "r4-toukola",
        "source_layer": "Ortoilmakuva_2025_5cm",
        "zoom": 16,
        "status": "confirmed",
        "class": "car"
      }
    },
    {
      "type": "Feature",
      "geometry": {
        "type": "Polygon",
        "coordinates": [
          [
            [
              25498343.416,
              6676854.904
            ],
            [
              25498345.074,
              6676853.305
            ],
            [
              25498348.942,
              6676857.316
            ],
            [
              25498347.284,
              6676858.915
            ],
            [
              25498343.416,
              6676854.904
            ]
          ]
        ]
      },
      "properties": {
        "confidence": 0.9047,
        "length_m": 5.57,
        "width_m": 2.3,
        "heading_deg": 44,
        "aoi": "r4-toukola",
        "source_layer": "Ortoilmakuva_2025_5cm",
        "zoom": 16,
        "status": "confirmed",
        "class": "van"
      }
    },
    {
      "type": "Feature",
      "geometry": {
        "type": "Polygon",
        "coordinates": [
          [
            [
              25498336.418,
              6676724.098
            ],
            [
              25498339.216,
              6676724.8
            ],
            [
              25498337.174,
              6676732.939
            ],
            [
              25498334.377,
              6676732.238
            ],
            [
              25498336.418,
              6676724.098
            ]
          ]
        ]
      },
      "properties": {
        "confidence": 0.9045,
        "length_m": 8.39,
        "width_m": 2.88,
        "heading_deg": 165.9,
        "aoi": "r4-toukola",
        "source_layer": "Ortoilmakuva_2025_5cm",
        "zoom": 16,
        "status": "confirmed",
        "class": "truck"
      }
    },
    {
      "type": "Feature",
      "geometry": {
        "type": "Polygon",
        "coordinates": [
          [
            [
              25498427.908,
              6676771.882
            ],
            [
              25498429.495,
              6676773.389
            ],
            [
              25498426.195,
              6676776.864
            ],
            [
              25498424.609,
              6676775.357
            ],
            [
              25498427.908,
              6676771.882
            ]
          ]
        ]
      },
      "properties": {
        "confidence": 0.9043,
        "length_m": 4.79,
        "width_m": 2.19,
        "heading_deg": 136.5,
        "aoi": "r4-toukola",
        "source_layer": "Ortoilmakuva_2025_5cm",
        "zoom": 16,
        "status": "confirmed",
        "class": "car"
      }
    },
    {
      "type": "Feature",
      "geometry": {
        "type": "Polygon",
        "coordinates": [
          [
            [
              25498441.248,
              6676875.066
            ],
            [
              25498442.944,
              6676876.528
            ],
            [
              25498439.543,
              6676880.476
            ],
            [
              25498437.846,
              6676879.014
            ],
            [
              25498441.248,
              6676875.066
            ]
          ]
        ]
      },
      "properties": {
        "confidence": 0.9042,
        "length_m": 5.21,
        "width_m": 2.24,
        "heading_deg": 139.3,
        "aoi": "r4-toukola",
        "source_layer": "Ortoilmakuva_2025_5cm",
        "zoom": 16,
        "status": "confirmed",
        "class": "car"
      }
    },
    {
      "type": "Feature",
      "geometry": {
        "type": "Polygon",
        "coordinates": [
          [
            [
              25498297.163,
              6676765.481
            ],
            [
              25498299.255,
              6676764.87
            ],
            [
              25498300.516,
              6676769.189
            ],
            [
              25498298.424,
              6676769.8
            ],
            [
              25498297.163,
              6676765.481
            ]
          ]
        ]
      },
      "properties": {
        "confidence": 0.904,
        "length_m": 4.5,
        "width_m": 2.18,
        "heading_deg": 16.3,
        "aoi": "r4-toukola",
        "source_layer": "Ortoilmakuva_2025_5cm",
        "zoom": 16,
        "status": "confirmed",
        "class": "car"
      }
    },
    {
      "type": "Feature",
      "geometry": {
        "type": "Polygon",
        "coordinates": [
          [
            [
              25498455.456,
              6676889.228
            ],
            [
              25498457.023,
              6676890.682
            ],
            [
              25498453.731,
              6676894.23
            ],
            [
              25498452.164,
              6676892.776
            ],
            [
              25498455.456,
              6676889.228
            ]
          ]
        ]
      },
      "properties": {
        "confidence": 0.9036,
        "length_m": 4.84,
        "width_m": 2.14,
        "heading_deg": 137.1,
        "aoi": "r4-toukola",
        "source_layer": "Ortoilmakuva_2025_5cm",
        "zoom": 16,
        "status": "confirmed",
        "class": "car"
      }
    },
    {
      "type": "Feature",
      "geometry": {
        "type": "Polygon",
        "coordinates": [
          [
            [
              25498417.037,
              6676751.214
            ],
            [
              25498415.511,
              6676752.869
            ],
            [
              25498412.087,
              6676749.711
            ],
            [
              25498413.613,
              6676748.056
            ],
            [
              25498417.037,
              6676751.214
            ]
          ]
        ]
      },
      "properties": {
        "confidence": 0.9033,
        "length_m": 4.66,
        "width_m": 2.25,
        "heading_deg": 47.3,
        "aoi": "r4-toukola",
        "source_layer": "Ortoilmakuva_2025_5cm",
        "zoom": 16,
        "status": "confirmed",
        "class": "car"
      }
    },
    {
      "type": "Feature",
      "geometry": {
        "type": "Polygon",
        "coordinates": [
          [
            [
              25498340.326,
              6676773.606
            ],
            [
              25498341.918,
              6676775.05
            ],
            [
              25498339.011,
              6676778.258
            ],
            [
              25498337.418,
              6676776.814
            ],
            [
              25498340.326,
              6676773.606
            ]
          ]
        ]
      },
      "properties": {
        "confidence": 0.9029,
        "length_m": 4.33,
        "width_m": 2.15,
        "heading_deg": 137.8,
        "aoi": "r4-toukola",
        "source_layer": "Ortoilmakuva_2025_5cm",
        "zoom": 16,
        "status": "confirmed",
        "class": "car"
      }
    },
    {
      "type": "Feature",
      "geometry": {
        "type": "Polygon",
        "coordinates": [
          [
            [
              25498430.683,
              6676757.969
            ],
            [
              25498432.377,
              6676759.5
            ],
            [
              25498428.923,
              6676763.322
            ],
            [
              25498427.229,
              6676761.791
            ],
            [
              25498430.683,
              6676757.969
            ]
          ]
        ]
      },
      "properties": {
        "confidence": 0.9012,
        "length_m": 5.15,
        "width_m": 2.28,
        "heading_deg": 137.9,
        "aoi": "r4-toukola",
        "source_layer": "Ortoilmakuva_2025_5cm",
        "zoom": 16,
        "status": "confirmed",
        "class": "car"
      }
    },
    {
      "type": "Feature",
      "geometry": {
        "type": "Polygon",
        "coordinates": [
          [
            [
              25498328.892,
              6676840.255
            ],
            [
              25498330.402,
              6676838.788
            ],
            [
              25498333.245,
              6676841.714
            ],
            [
              25498331.735,
              6676843.181
            ],
            [
              25498328.892,
              6676840.255
            ]
          ]
        ]
      },
      "properties": {
        "confidence": 0.9006,
        "length_m": 4.08,
        "width_m": 2.11,
        "heading_deg": 44.2,
        "aoi": "r4-toukola",
        "source_layer": "Ortoilmakuva_2025_5cm",
        "zoom": 16,
        "status": "confirmed",
        "class": "car"
      }
    },
    {
      "type": "Feature",
      "geometry": {
        "type": "Polygon",
        "coordinates": [
          [
            [
              25498417.228,
              6676864.481
            ],
            [
              25498417.78,
              6676866.706
            ],
            [
              25498412.468,
              6676868.025
            ],
            [
              25498411.915,
              6676865.799
            ],
            [
              25498417.228,
              6676864.481
            ]
          ]
        ]
      },
      "properties": {
        "confidence": 0.9005,
        "length_m": 5.47,
        "width_m": 2.29,
        "heading_deg": 103.9,
        "aoi": "r4-toukola",
        "source_layer": "Ortoilmakuva_2025_5cm",
        "zoom": 16,
        "status": "confirmed",
        "class": "car"
      }
    },
    {
      "type": "Feature",
      "geometry": {
        "type": "Polygon",
        "coordinates": [
          [
            [
              25498299.065,
              6676762.882
            ],
            [
              25498301.288,
              6676762.194
            ],
            [
              25498302.763,
              6676766.961
            ],
            [
              25498300.54,
              6676767.649
            ],
            [
              25498299.065,
              6676762.882
            ]
          ]
        ]
      },
      "properties": {
        "confidence": 0.9005,
        "length_m": 4.99,
        "width_m": 2.33,
        "heading_deg": 17.2,
        "aoi": "r4-toukola",
        "source_layer": "Ortoilmakuva_2025_5cm",
        "zoom": 16,
        "status": "confirmed",
        "class": "car"
      }
    },
    {
      "type": "Feature",
      "geometry": {
        "type": "Polygon",
        "coordinates": [
          [
            [
              25498450.552,
              6676884.246
            ],
            [
              25498452.042,
              6676885.675
            ],
            [
              25498448.948,
              6676888.899
            ],
            [
              25498447.458,
              6676887.47
            ],
            [
              25498450.552,
              6676884.246
            ]
          ]
        ]
      },
      "properties": {
        "confidence": 0.9001,
        "length_m": 4.47,
        "width_m": 2.06,
        "heading_deg": 136.2,
        "aoi": "r4-toukola",
        "source_layer": "Ortoilmakuva_2025_5cm",
        "zoom": 16,
        "status": "confirmed",
        "class": "car"
      }
    },
    {
      "type": "Feature",
      "geometry": {
        "type": "Polygon",
        "coordinates": [
          [
            [
              25498445.145,
              6676878.949
            ],
            [
              25498446.939,
              6676880.695
            ],
            [
              25498442.597,
              6676885.156
            ],
            [
              25498440.803,
              6676883.41
            ],
            [
              25498445.145,
              6676878.949
            ]
          ]
        ]
      },
      "properties": {
        "confidence": 0.8993,
        "length_m": 6.23,
        "width_m": 2.5,
        "heading_deg": 135.8,
        "aoi": "r4-toukola",
        "source_layer": "Ortoilmakuva_2025_5cm",
        "zoom": 16,
        "status": "confirmed",
        "class": "van"
      }
    },
    {
      "type": "Feature",
      "geometry": {
        "type": "Polygon",
        "coordinates": [
          [
            [
              25498398.526,
              6676641.938
            ],
            [
              25498397.009,
              6676643.624
            ],
            [
              25498393.486,
              6676640.457
            ],
            [
              25498395.002,
              6676638.77
            ],
            [
              25498398.526,
              6676641.938
            ]
          ]
        ]
      },
      "properties": {
        "confidence": 0.8981,
        "length_m": 4.74,
        "width_m": 2.27,
        "heading_deg": 48,
        "aoi": "r4-toukola",
        "source_layer": "Ortoilmakuva_2025_5cm",
        "zoom": 16,
        "status": "confirmed",
        "class": "car"
      }
    },
    {
      "type": "Feature",
      "geometry": {
        "type": "Polygon",
        "coordinates": [
          [
            [
              25498474.791,
              6676690.988
            ],
            [
              25498473.237,
              6676692.639
            ],
            [
              25498469.588,
              6676689.204
            ],
            [
              25498471.143,
              6676687.553
            ],
            [
              25498474.791,
              6676690.988
            ]
          ]
        ]
      },
      "properties": {
        "confidence": 0.8978,
        "length_m": 5.01,
        "width_m": 2.27,
        "heading_deg": 46.7,
        "aoi": "r4-toukola",
        "source_layer": "Ortoilmakuva_2025_5cm",
        "zoom": 16,
        "status": "confirmed",
        "class": "car"
      }
    },
    {
      "type": "Feature",
      "geometry": {
        "type": "Polygon",
        "coordinates": [
          [
            [
              25498460.811,
              6676894.906
            ],
            [
              25498462.393,
              6676896.455
            ],
            [
              25498458.94,
              6676899.984
            ],
            [
              25498457.358,
              6676898.436
            ],
            [
              25498460.811,
              6676894.906
            ]
          ]
        ]
      },
      "properties": {
        "confidence": 0.8978,
        "length_m": 4.94,
        "width_m": 2.21,
        "heading_deg": 135.6,
        "aoi": "r4-toukola",
        "source_layer": "Ortoilmakuva_2025_5cm",
        "zoom": 16,
        "status": "confirmed",
        "class": "car"
      }
    },
    {
      "type": "Feature",
      "geometry": {
        "type": "Polygon",
        "coordinates": [
          [
            [
              25498237.012,
              6676882.842
            ],
            [
              25498238.631,
              6676884.281
            ],
            [
              25498235.397,
              6676887.92
            ],
            [
              25498233.778,
              6676886.481
            ],
            [
              25498237.012,
              6676882.842
            ]
          ]
        ]
      },
      "properties": {
        "confidence": 0.8971,
        "length_m": 4.87,
        "width_m": 2.17,
        "heading_deg": 138.4,
        "aoi": "r4-toukola",
        "source_layer": "Ortoilmakuva_2025_5cm",
        "zoom": 16,
        "status": "confirmed",
        "class": "car"
      }
    },
    {
      "type": "Feature",
      "geometry": {
        "type": "Polygon",
        "coordinates": [
          [
            [
              25498437.283,
              6676863.523
            ],
            [
              25498439.007,
              6676865.04
            ],
            [
              25498435.499,
              6676869.027
            ],
            [
              25498433.775,
              6676867.51
            ],
            [
              25498437.283,
              6676863.523
            ]
          ]
        ]
      },
      "properties": {
        "confidence": 0.8968,
        "length_m": 5.31,
        "width_m": 2.3,
        "heading_deg": 138.7,
        "aoi": "r4-toukola",
        "source_layer": "Ortoilmakuva_2025_5cm",
        "zoom": 16,
        "status": "confirmed",
        "class": "car"
      }
    },
    {
      "type": "Feature",
      "geometry": {
        "type": "Polygon",
        "coordinates": [
          [
            [
              25498322.043,
              6676830.505
            ],
            [
              25498320.345,
              6676832.316
            ],
            [
              25498316.651,
              6676828.854
            ],
            [
              25498318.349,
              6676827.043
            ],
            [
              25498322.043,
              6676830.505
            ]
          ]
        ]
      },
      "properties": {
        "confidence": 0.896,
        "length_m": 5.06,
        "width_m": 2.48,
        "heading_deg": 46.9,
        "aoi": "r4-toukola",
        "source_layer": "Ortoilmakuva_2025_5cm",
        "zoom": 16,
        "status": "confirmed",
        "class": "car"
      }
    },
    {
      "type": "Feature",
      "geometry": {
        "type": "Polygon",
        "coordinates": [
          [
            [
              25498360.295,
              6676783.931
            ],
            [
              25498362.006,
              6676785.534
            ],
            [
              25498358.294,
              6676789.494
            ],
            [
              25498356.584,
              6676787.89
            ],
            [
              25498360.295,
              6676783.931
            ]
          ]
        ]
      },
      "properties": {
        "confidence": 0.8957,
        "length_m": 5.43,
        "width_m": 2.34,
        "heading_deg": 136.9,
        "aoi": "r4-toukola",
        "source_layer": "Ortoilmakuva_2025_5cm",
        "zoom": 16,
        "status": "confirmed",
        "class": "van"
      }
    },
    {
      "type": "Feature",
      "geometry": {
        "type": "Polygon",
        "coordinates": [
          [
            [
              25498402.877,
              6676785.942
            ],
            [
              25498404.467,
              6676787.431
            ],
            [
              25498401.141,
              6676790.983
            ],
            [
              25498399.551,
              6676789.494
            ],
            [
              25498402.877,
              6676785.942
            ]
          ]
        ]
      },
      "properties": {
        "confidence": 0.8956,
        "length_m": 4.87,
        "width_m": 2.18,
        "heading_deg": 136.9,
        "aoi": "r4-toukola",
        "source_layer": "Ortoilmakuva_2025_5cm",
        "zoom": 16,
        "status": "confirmed",
        "class": "car"
      }
    },
    {
      "type": "Feature",
      "geometry": {
        "type": "Polygon",
        "coordinates": [
          [
            [
              25498418.429,
              6676866.871
            ],
            [
              25498419.094,
              6676868.814
            ],
            [
              25498414.881,
              6676870.256
            ],
            [
              25498414.216,
              6676868.313
            ],
            [
              25498418.429,
              6676866.871
            ]
          ]
        ]
      },
      "properties": {
        "confidence": 0.8956,
        "length_m": 4.45,
        "width_m": 2.05,
        "heading_deg": 108.9,
        "aoi": "r4-toukola",
        "source_layer": "Ortoilmakuva_2025_5cm",
        "zoom": 16,
        "status": "confirmed",
        "class": "car"
      }
    },
    {
      "type": "Feature",
      "geometry": {
        "type": "Polygon",
        "coordinates": [
          [
            [
              25498382.372,
              6676766.461
            ],
            [
              25498384.033,
              6676768.12
            ],
            [
              25498380.526,
              6676771.631
            ],
            [
              25498378.865,
              6676769.972
            ],
            [
              25498382.372,
              6676766.461
            ]
          ]
        ]
      },
      "properties": {
        "confidence": 0.8955,
        "length_m": 4.96,
        "width_m": 2.35,
        "heading_deg": 135,
        "aoi": "r4-toukola",
        "source_layer": "Ortoilmakuva_2025_5cm",
        "zoom": 16,
        "status": "confirmed",
        "class": "car"
      }
    },
    {
      "type": "Feature",
      "geometry": {
        "type": "Polygon",
        "coordinates": [
          [
            [
              25498319.194,
              6676762.006
            ],
            [
              25498320.883,
              6676760.407
            ],
            [
              25498324.715,
              6676764.455
            ],
            [
              25498323.026,
              6676766.053
            ],
            [
              25498319.194,
              6676762.006
            ]
          ]
        ]
      },
      "properties": {
        "confidence": 0.8952,
        "length_m": 5.57,
        "width_m": 2.33,
        "heading_deg": 43.4,
        "aoi": "r4-toukola",
        "source_layer": "Ortoilmakuva_2025_5cm",
        "zoom": 16,
        "status": "confirmed",
        "class": "car"
      }
    },
    {
      "type": "Feature",
      "geometry": {
        "type": "Polygon",
        "coordinates": [
          [
            [
              25498351.665,
              6676775.157
            ],
            [
              25498353.36,
              6676776.839
            ],
            [
              25498349.46,
              6676780.772
            ],
            [
              25498347.764,
              6676779.09
            ],
            [
              25498351.665,
              6676775.157
            ]
          ]
        ]
      },
      "properties": {
        "confidence": 0.8947,
        "length_m": 5.54,
        "width_m": 2.39,
        "heading_deg": 135.2,
        "aoi": "r4-toukola",
        "source_layer": "Ortoilmakuva_2025_5cm",
        "zoom": 16,
        "status": "confirmed",
        "class": "truck"
      }
    },
    {
      "type": "Feature",
      "geometry": {
        "type": "Polygon",
        "coordinates": [
          [
            [
              25498425.507,
              6676607.101
            ],
            [
              25498427.087,
              6676605.601
            ],
            [
              25498430.405,
              6676609.097
            ],
            [
              25498428.825,
              6676610.597
            ],
            [
              25498425.507,
              6676607.101
            ]
          ]
        ]
      },
      "properties": {
        "confidence": 0.8939,
        "length_m": 4.82,
        "width_m": 2.18,
        "heading_deg": 43.5,
        "aoi": "r4-toukola",
        "source_layer": "Ortoilmakuva_2025_5cm",
        "zoom": 16,
        "status": "confirmed",
        "class": "car"
      }
    },
    {
      "type": "Feature",
      "geometry": {
        "type": "Polygon",
        "coordinates": [
          [
            [
              25498344.678,
              6676769.631
            ],
            [
              25498346.256,
              6676771.356
            ],
            [
              25498342.142,
              6676775.12
            ],
            [
              25498340.564,
              6676773.395
            ],
            [
              25498344.678,
              6676769.631
            ]
          ]
        ]
      },
      "properties": {
        "confidence": 0.8932,
        "length_m": 5.58,
        "width_m": 2.34,
        "heading_deg": 132.5,
        "aoi": "r4-toukola",
        "source_layer": "Ortoilmakuva_2025_5cm",
        "zoom": 16,
        "status": "confirmed",
        "class": "van"
      }
    },
    {
      "type": "Feature",
      "geometry": {
        "type": "Polygon",
        "coordinates": [
          [
            [
              25498397.065,
              6676643.9
            ],
            [
              25498395.591,
              6676645.534
            ],
            [
              25498392.168,
              6676642.445
            ],
            [
              25498393.641,
              6676640.812
            ],
            [
              25498397.065,
              6676643.9
            ]
          ]
        ]
      },
      "properties": {
        "confidence": 0.8926,
        "length_m": 4.61,
        "width_m": 2.2,
        "heading_deg": 47.9,
        "aoi": "r4-toukola",
        "source_layer": "Ortoilmakuva_2025_5cm",
        "zoom": 16,
        "status": "confirmed",
        "class": "car"
      }
    },
    {
      "type": "Feature",
      "geometry": {
        "type": "Polygon",
        "coordinates": [
          [
            [
              25498416.725,
              6676606.009
            ],
            [
              25498415.144,
              6676607.722
            ],
            [
              25498411.537,
              6676604.391
            ],
            [
              25498413.118,
              6676602.679
            ],
            [
              25498416.725,
              6676606.009
            ]
          ]
        ]
      },
      "properties": {
        "confidence": 0.8924,
        "length_m": 4.91,
        "width_m": 2.33,
        "heading_deg": 47.3,
        "aoi": "r4-toukola",
        "source_layer": "Ortoilmakuva_2025_5cm",
        "zoom": 16,
        "status": "confirmed",
        "class": "car"
      }
    },
    {
      "type": "Feature",
      "geometry": {
        "type": "Polygon",
        "coordinates": [
          [
            [
              25498375.709,
              6676887.73
            ],
            [
              25498377.118,
              6676886.389
            ],
            [
              25498380.228,
              6676889.657
            ],
            [
              25498378.82,
              6676890.998
            ],
            [
              25498375.709,
              6676887.73
            ]
          ]
        ]
      },
      "properties": {
        "confidence": 0.8921,
        "length_m": 4.51,
        "width_m": 1.95,
        "heading_deg": 43.6,
        "aoi": "r4-toukola",
        "source_layer": "Ortoilmakuva_2025_5cm",
        "zoom": 16,
        "status": "confirmed",
        "class": "car"
      }
    },
    {
      "type": "Feature",
      "geometry": {
        "type": "Polygon",
        "coordinates": [
          [
            [
              25498333.448,
              6676722.751
            ],
            [
              25498335.989,
              6676723.62
            ],
            [
              25498333.846,
              6676729.884
            ],
            [
              25498331.305,
              6676729.014
            ],
            [
              25498333.448,
              6676722.751
            ]
          ]
        ]
      },
      "properties": {
        "confidence": 0.8918,
        "length_m": 6.62,
        "width_m": 2.69,
        "heading_deg": 161.1,
        "aoi": "r4-toukola",
        "source_layer": "Ortoilmakuva_2025_5cm",
        "zoom": 16,
        "status": "confirmed",
        "class": "truck"
      }
    },
    {
      "type": "Feature",
      "geometry": {
        "type": "Polygon",
        "coordinates": [
          [
            [
              25498423.35,
              6676750.882
            ],
            [
              25498424.992,
              6676752.34
            ],
            [
              25498421.58,
              6676756.181
            ],
            [
              25498419.938,
              6676754.722
            ],
            [
              25498423.35,
              6676750.882
            ]
          ]
        ]
      },
      "properties": {
        "confidence": 0.8913,
        "length_m": 5.14,
        "width_m": 2.2,
        "heading_deg": 138.4,
        "aoi": "r4-toukola",
        "source_layer": "Ortoilmakuva_2025_5cm",
        "zoom": 16,
        "status": "confirmed",
        "class": "car"
      }
    },
    {
      "type": "Feature",
      "geometry": {
        "type": "Polygon",
        "coordinates": [
          [
            [
              25498361.199,
              6676675.01
            ],
            [
              25498362.817,
              6676673.468
            ],
            [
              25498366.036,
              6676676.847
            ],
            [
              25498364.418,
              6676678.389
            ],
            [
              25498361.199,
              6676675.01
            ]
          ]
        ]
      },
      "properties": {
        "confidence": 0.8912,
        "length_m": 4.67,
        "width_m": 2.24,
        "heading_deg": 43.6,
        "aoi": "r4-toukola",
        "source_layer": "Ortoilmakuva_2025_5cm",
        "zoom": 16,
        "status": "confirmed",
        "class": "car"
      }
    },
    {
      "type": "Feature",
      "geometry": {
        "type": "Polygon",
        "coordinates": [
          [
            [
              25498425.626,
              6676742.276
            ],
            [
              25498424.13,
              6676743.89
            ],
            [
              25498420.868,
              6676740.867
            ],
            [
              25498422.364,
              6676739.252
            ],
            [
              25498425.626,
              6676742.276
            ]
          ]
        ]
      },
      "properties": {
        "confidence": 0.8902,
        "length_m": 4.45,
        "width_m": 2.2,
        "heading_deg": 47.2,
        "aoi": "r4-toukola",
        "source_layer": "Ortoilmakuva_2025_5cm",
        "zoom": 16,
        "status": "confirmed",
        "class": "car"
      }
    },
    {
      "type": "Feature",
      "geometry": {
        "type": "Polygon",
        "coordinates": [
          [
            [
              25498308.847,
              6676820.575
            ],
            [
              25498310.573,
              6676818.902
            ],
            [
              25498314.474,
              6676822.927
            ],
            [
              25498312.748,
              6676824.6
            ],
            [
              25498308.847,
              6676820.575
            ]
          ]
        ]
      },
      "properties": {
        "confidence": 0.8895,
        "length_m": 5.61,
        "width_m": 2.4,
        "heading_deg": 44.1,
        "aoi": "r4-toukola",
        "source_layer": "Ortoilmakuva_2025_5cm",
        "zoom": 16,
        "status": "confirmed",
        "class": "van"
      }
    },
    {
      "type": "Feature",
      "geometry": {
        "type": "Polygon",
        "coordinates": [
          [
            [
              25498337.35,
              6676849.099
            ],
            [
              25498339.093,
              6676847.487
            ],
            [
              25498342.59,
              6676851.27
            ],
            [
              25498340.847,
              6676852.882
            ],
            [
              25498337.35,
              6676849.099
            ]
          ]
        ]
      },
      "properties": {
        "confidence": 0.8879,
        "length_m": 5.15,
        "width_m": 2.37,
        "heading_deg": 42.8,
        "aoi": "r4-toukola",
        "source_layer": "Ortoilmakuva_2025_5cm",
        "zoom": 16,
        "status": "confirmed",
        "class": "van"
      }
    },
    {
      "type": "Feature",
      "geometry": {
        "type": "Polygon",
        "coordinates": [
          [
            [
              25498363.718,
              6676875.146
            ],
            [
              25498365.284,
              6676873.778
            ],
            [
              25498368.265,
              6676877.191
            ],
            [
              25498366.699,
              6676878.559
            ],
            [
              25498363.718,
              6676875.146
            ]
          ]
        ]
      },
      "properties": {
        "confidence": 0.8876,
        "length_m": 4.53,
        "width_m": 2.08,
        "heading_deg": 41.1,
        "aoi": "r4-toukola",
        "source_layer": "Ortoilmakuva_2025_5cm",
        "zoom": 16,
        "status": "confirmed",
        "class": "car"
      }
    },
    {
      "type": "Feature",
      "geometry": {
        "type": "Polygon",
        "coordinates": [
          [
            [
              25498393.176,
              6676647.684
            ],
            [
              25498391.746,
              6676649.228
            ],
            [
              25498388.573,
              6676646.288
            ],
            [
              25498390.003,
              6676644.745
            ],
            [
              25498393.176,
              6676647.684
            ]
          ]
        ]
      },
      "properties": {
        "confidence": 0.8866,
        "length_m": 4.33,
        "width_m": 2.1,
        "heading_deg": 47.2,
        "aoi": "r4-toukola",
        "source_layer": "Ortoilmakuva_2025_5cm",
        "zoom": 16,
        "status": "confirmed",
        "class": "car"
      }
    },
    {
      "type": "Feature",
      "geometry": {
        "type": "Polygon",
        "coordinates": [
          [
            [
              25498422.208,
              6676745.738
            ],
            [
              25498420.54,
              6676747.479
            ],
            [
              25498416.958,
              6676744.047
            ],
            [
              25498418.625,
              6676742.306
            ],
            [
              25498422.208,
              6676745.738
            ]
          ]
        ]
      },
      "properties": {
        "confidence": 0.8865,
        "length_m": 4.96,
        "width_m": 2.41,
        "heading_deg": 46.2,
        "aoi": "r4-toukola",
        "source_layer": "Ortoilmakuva_2025_5cm",
        "zoom": 16,
        "status": "confirmed",
        "class": "car"
      }
    },
    {
      "type": "Feature",
      "geometry": {
        "type": "Polygon",
        "coordinates": [
          [
            [
              25498405.319,
              6676635.26
            ],
            [
              25498403.77,
              6676636.992
            ],
            [
              25498400.084,
              6676633.695
            ],
            [
              25498401.633,
              6676631.963
            ],
            [
              25498405.319,
              6676635.26
            ]
          ]
        ]
      },
      "properties": {
        "confidence": 0.8864,
        "length_m": 4.95,
        "width_m": 2.32,
        "heading_deg": 48.2,
        "aoi": "r4-toukola",
        "source_layer": "Ortoilmakuva_2025_5cm",
        "zoom": 16,
        "status": "confirmed",
        "class": "car"
      }
    },
    {
      "type": "Feature",
      "geometry": {
        "type": "Polygon",
        "coordinates": [
          [
            [
              25498413.241,
              6676848.721
            ],
            [
              25498414.912,
              6676850.181
            ],
            [
              25498411.702,
              6676853.856
            ],
            [
              25498410.031,
              6676852.397
            ],
            [
              25498413.241,
              6676848.721
            ]
          ]
        ]
      },
      "properties": {
        "confidence": 0.8859,
        "length_m": 4.88,
        "width_m": 2.22,
        "heading_deg": 138.9,
        "aoi": "r4-toukola",
        "source_layer": "Ortoilmakuva_2025_5cm",
        "zoom": 16,
        "status": "confirmed",
        "class": "car"
      }
    },
    {
      "type": "Feature",
      "geometry": {
        "type": "Polygon",
        "coordinates": [
          [
            [
              25498382.766,
              6676843.093
            ],
            [
              25498384.436,
              6676841.497
            ],
            [
              25498387.792,
              6676845.007
            ],
            [
              25498386.123,
              6676846.603
            ],
            [
              25498382.766,
              6676843.093
            ]
          ]
        ]
      },
      "properties": {
        "confidence": 0.8842,
        "length_m": 4.86,
        "width_m": 2.31,
        "heading_deg": 43.7,
        "aoi": "r4-toukola",
        "source_layer": "Ortoilmakuva_2025_5cm",
        "zoom": 16,
        "status": "confirmed",
        "class": "car"
      }
    },
    {
      "type": "Feature",
      "geometry": {
        "type": "Polygon",
        "coordinates": [
          [
            [
              25498378.728,
              6676762.941
            ],
            [
              25498380.505,
              6676764.406
            ],
            [
              25498377.26,
              6676768.342
            ],
            [
              25498375.483,
              6676766.877
            ],
            [
              25498378.728,
              6676762.941
            ]
          ]
        ]
      },
      "properties": {
        "confidence": 0.8842,
        "length_m": 5.1,
        "width_m": 2.3,
        "heading_deg": 140.5,
        "aoi": "r4-toukola",
        "source_layer": "Ortoilmakuva_2025_5cm",
        "zoom": 16,
        "status": "confirmed",
        "class": "car"
      }
    },
    {
      "type": "Feature",
      "geometry": {
        "type": "Polygon",
        "coordinates": [
          [
            [
              25498298.966,
              6676666.241
            ],
            [
              25498297.723,
              6676667.826
            ],
            [
              25498294.426,
              6676665.238
            ],
            [
              25498295.67,
              6676663.654
            ],
            [
              25498298.966,
              6676666.241
            ]
          ]
        ]
      },
      "properties": {
        "confidence": 0.8842,
        "length_m": 4.19,
        "width_m": 2.01,
        "heading_deg": 51.9,
        "aoi": "r4-toukola",
        "source_layer": "Ortoilmakuva_2025_5cm",
        "zoom": 16,
        "status": "confirmed",
        "class": "car"
      }
    },
    {
      "type": "Feature",
      "geometry": {
        "type": "Polygon",
        "coordinates": [
          [
            [
              25498476.825,
              6676848.415
            ],
            [
              25498475.31,
              6676850.037
            ],
            [
              25498471.589,
              6676846.56
            ],
            [
              25498473.104,
              6676844.938
            ],
            [
              25498476.825,
              6676848.415
            ]
          ]
        ]
      },
      "properties": {
        "confidence": 0.8824,
        "length_m": 5.09,
        "width_m": 2.22,
        "heading_deg": 46.9,
        "aoi": "r4-toukola",
        "source_layer": "Ortoilmakuva_2025_5cm",
        "zoom": 16,
        "status": "confirmed",
        "class": "car"
      }
    },
    {
      "type": "Feature",
      "geometry": {
        "type": "Polygon",
        "coordinates": [
          [
            [
              25498350.352,
              6676740.1
            ],
            [
              25498352.823,
              6676740.586
            ],
            [
              25498351.663,
              6676746.486
            ],
            [
              25498349.192,
              6676746
            ],
            [
              25498350.352,
              6676740.1
            ]
          ]
        ]
      },
      "properties": {
        "confidence": 0.8807,
        "length_m": 6.01,
        "width_m": 2.52,
        "heading_deg": 168.9,
        "aoi": "r4-toukola",
        "source_layer": "Ortoilmakuva_2025_5cm",
        "zoom": 16,
        "status": "confirmed",
        "class": "truck"
      }
    },
    {
      "type": "Feature",
      "geometry": {
        "type": "Polygon",
        "coordinates": [
          [
            [
              25498250.225,
              6676878.766
            ],
            [
              25498251.834,
              6676880.077
            ],
            [
              25498248.795,
              6676883.806
            ],
            [
              25498247.185,
              6676882.494
            ],
            [
              25498250.225,
              6676878.766
            ]
          ]
        ]
      },
      "properties": {
        "confidence": 0.8804,
        "length_m": 4.81,
        "width_m": 2.08,
        "heading_deg": 140.8,
        "aoi": "r4-toukola",
        "source_layer": "Ortoilmakuva_2025_5cm",
        "zoom": 16,
        "status": "confirmed",
        "class": "car"
      }
    },
    {
      "type": "Feature",
      "geometry": {
        "type": "Polygon",
        "coordinates": [
          [
            [
              25498284.584,
              6676759.888
            ],
            [
              25498286.122,
              6676758.386
            ],
            [
              25498289.873,
              6676762.226
            ],
            [
              25498288.335,
              6676763.729
            ],
            [
              25498284.584,
              6676759.888
            ]
          ]
        ]
      },
      "properties": {
        "confidence": 0.88,
        "length_m": 5.37,
        "width_m": 2.15,
        "heading_deg": 44.3,
        "aoi": "r4-toukola",
        "source_layer": "Ortoilmakuva_2025_5cm",
        "zoom": 16,
        "status": "confirmed",
        "class": "van"
      }
    },
    {
      "type": "Feature",
      "geometry": {
        "type": "Polygon",
        "coordinates": [
          [
            [
              25498461.028,
              6676684.441
            ],
            [
              25498462.897,
              6676685.876
            ],
            [
              25498459.976,
              6676689.683
            ],
            [
              25498458.106,
              6676688.249
            ],
            [
              25498461.028,
              6676684.441
            ]
          ]
        ]
      },
      "properties": {
        "confidence": 0.88,
        "length_m": 4.8,
        "width_m": 2.36,
        "heading_deg": 142.5,
        "aoi": "r4-toukola",
        "source_layer": "Ortoilmakuva_2025_5cm",
        "zoom": 16,
        "status": "confirmed",
        "class": "car"
      }
    },
    {
      "type": "Feature",
      "geometry": {
        "type": "Polygon",
        "coordinates": [
          [
            [
              25498402.204,
              6676638.541
            ],
            [
              25498400.647,
              6676640.3
            ],
            [
              25498397.034,
              6676637.101
            ],
            [
              25498398.591,
              6676635.342
            ],
            [
              25498402.204,
              6676638.541
            ]
          ]
        ]
      },
      "properties": {
        "confidence": 0.8797,
        "length_m": 4.83,
        "width_m": 2.35,
        "heading_deg": 48.5,
        "aoi": "r4-toukola",
        "source_layer": "Ortoilmakuva_2025_5cm",
        "zoom": 16,
        "status": "confirmed",
        "class": "car"
      }
    },
    {
      "type": "Feature",
      "geometry": {
        "type": "Polygon",
        "coordinates": [
          [
            [
              25498246.496,
              6676872.668
            ],
            [
              25498248.245,
              6676874.322
            ],
            [
              25498244.417,
              6676878.37
            ],
            [
              25498242.668,
              6676876.717
            ],
            [
              25498246.496,
              6676872.668
            ]
          ]
        ]
      },
      "properties": {
        "confidence": 0.8775,
        "length_m": 5.57,
        "width_m": 2.41,
        "heading_deg": 136.6,
        "aoi": "r4-toukola",
        "source_layer": "Ortoilmakuva_2025_5cm",
        "zoom": 16,
        "status": "confirmed",
        "class": "van"
      }
    },
    {
      "type": "Feature",
      "geometry": {
        "type": "Polygon",
        "coordinates": [
          [
            [
              25498477.431,
              6676680.2
            ],
            [
              25498478.982,
              6676678.704
            ],
            [
              25498482.201,
              6676682.04
            ],
            [
              25498480.65,
              6676683.537
            ],
            [
              25498477.431,
              6676680.2
            ]
          ]
        ]
      },
      "properties": {
        "confidence": 0.8775,
        "length_m": 4.64,
        "width_m": 2.15,
        "heading_deg": 44,
        "aoi": "r4-toukola",
        "source_layer": "Ortoilmakuva_2025_5cm",
        "zoom": 16,
        "status": "confirmed",
        "class": "car"
      }
    },
    {
      "type": "Feature",
      "geometry": {
        "type": "Polygon",
        "coordinates": [
          [
            [
              25498472.094,
              6676811.142
            ],
            [
              25498470.42,
              6676812.909
            ],
            [
              25498466.716,
              6676809.4
            ],
            [
              25498468.39,
              6676807.633
            ],
            [
              25498472.094,
              6676811.142
            ]
          ]
        ]
      },
      "properties": {
        "confidence": 0.8773,
        "length_m": 5.1,
        "width_m": 2.43,
        "heading_deg": 46.5,
        "aoi": "r4-toukola",
        "source_layer": "Ortoilmakuva_2025_5cm",
        "zoom": 16,
        "status": "confirmed",
        "class": "car"
      }
    },
    {
      "type": "Feature",
      "geometry": {
        "type": "Polygon",
        "coordinates": [
          [
            [
              25498389.373,
              6676773.683
            ],
            [
              25498391.084,
              6676775.112
            ],
            [
              25498387.942,
              6676778.873
            ],
            [
              25498386.231,
              6676777.443
            ],
            [
              25498389.373,
              6676773.683
            ]
          ]
        ]
      },
      "properties": {
        "confidence": 0.877,
        "length_m": 4.9,
        "width_m": 2.23,
        "heading_deg": 140.1,
        "aoi": "r4-toukola",
        "source_layer": "Ortoilmakuva_2025_5cm",
        "zoom": 16,
        "status": "confirmed",
        "class": "car"
      }
    },
    {
      "type": "Feature",
      "geometry": {
        "type": "Polygon",
        "coordinates": [
          [
            [
              25498318.015,
              6676826.545
            ],
            [
              25498316.422,
              6676828.205
            ],
            [
              25498312.881,
              6676824.81
            ],
            [
              25498314.474,
              6676823.149
            ],
            [
              25498318.015,
              6676826.545
            ]
          ]
        ]
      },
      "properties": {
        "confidence": 0.8756,
        "length_m": 4.91,
        "width_m": 2.3,
        "heading_deg": 46.2,
        "aoi": "r4-toukola",
        "source_layer": "Ortoilmakuva_2025_5cm",
        "zoom": 16,
        "status": "confirmed",
        "class": "car"
      }
    },
    {
      "type": "Feature",
      "geometry": {
        "type": "Polygon",
        "coordinates": [
          [
            [
              25498364.387,
              6676873.024
            ],
            [
              25498363.071,
              6676874.551
            ],
            [
              25498359.743,
              6676871.683
            ],
            [
              25498361.059,
              6676870.156
            ],
            [
              25498364.387,
              6676873.024
            ]
          ]
        ]
      },
      "properties": {
        "confidence": 0.8752,
        "length_m": 4.39,
        "width_m": 2.02,
        "heading_deg": 49.2,
        "aoi": "r4-toukola",
        "source_layer": "Ortoilmakuva_2025_5cm",
        "zoom": 16,
        "status": "confirmed",
        "class": "car"
      }
    },
    {
      "type": "Feature",
      "geometry": {
        "type": "Polygon",
        "coordinates": [
          [
            [
              25498446.294,
              6676871.638
            ],
            [
              25498447.957,
              6676873.336
            ],
            [
              25498444.143,
              6676877.069
            ],
            [
              25498442.48,
              6676875.371
            ],
            [
              25498446.294,
              6676871.638
            ]
          ]
        ]
      },
      "properties": {
        "confidence": 0.875,
        "length_m": 5.34,
        "width_m": 2.38,
        "heading_deg": 134.4,
        "aoi": "r4-toukola",
        "source_layer": "Ortoilmakuva_2025_5cm",
        "zoom": 16,
        "status": "confirmed",
        "class": "van"
      }
    },
    {
      "type": "Feature",
      "geometry": {
        "type": "Polygon",
        "coordinates": [
          [
            [
              25498464.022,
              6676874.493
            ],
            [
              25498465.708,
              6676875.881
            ],
            [
              25498463.055,
              6676879.106
            ],
            [
              25498461.369,
              6676877.718
            ],
            [
              25498464.022,
              6676874.493
            ]
          ]
        ]
      },
      "properties": {
        "confidence": 0.8748,
        "length_m": 4.18,
        "width_m": 2.18,
        "heading_deg": 140.6,
        "aoi": "r4-toukola",
        "source_layer": "Ortoilmakuva_2025_5cm",
        "zoom": 16,
        "status": "confirmed",
        "class": "car"
      }
    },
    {
      "type": "Feature",
      "geometry": {
        "type": "Polygon",
        "coordinates": [
          [
            [
              25498377.803,
              6676657.861
            ],
            [
              25498379.393,
              6676656.297
            ],
            [
              25498382.624,
              6676659.582
            ],
            [
              25498381.034,
              6676661.146
            ],
            [
              25498377.803,
              6676657.861
            ]
          ]
        ]
      },
      "properties": {
        "confidence": 0.8747,
        "length_m": 4.61,
        "width_m": 2.23,
        "heading_deg": 44.5,
        "aoi": "r4-toukola",
        "source_layer": "Ortoilmakuva_2025_5cm",
        "zoom": 16,
        "status": "confirmed",
        "class": "car"
      }
    },
    {
      "type": "Feature",
      "geometry": {
        "type": "Polygon",
        "coordinates": [
          [
            [
              25498351.326,
              6676692.364
            ],
            [
              25498349.808,
              6676694.113
            ],
            [
              25498346.332,
              6676691.097
            ],
            [
              25498347.85,
              6676689.347
            ],
            [
              25498351.326,
              6676692.364
            ]
          ]
        ]
      },
      "properties": {
        "confidence": 0.874,
        "length_m": 4.6,
        "width_m": 2.32,
        "heading_deg": 49.1,
        "aoi": "r4-toukola",
        "source_layer": "Ortoilmakuva_2025_5cm",
        "zoom": 16,
        "status": "confirmed",
        "class": "car"
      }
    },
    {
      "type": "Feature",
      "geometry": {
        "type": "Polygon",
        "coordinates": [
          [
            [
              25498225.761,
              6676612.053
            ],
            [
              25498227.396,
              6676610.475
            ],
            [
              25498231.038,
              6676614.249
            ],
            [
              25498229.404,
              6676615.827
            ],
            [
              25498225.761,
              6676612.053
            ]
          ]
        ]
      },
      "properties": {
        "confidence": 0.8734,
        "length_m": 5.24,
        "width_m": 2.27,
        "heading_deg": 44,
        "aoi": "r4-toukola",
        "source_layer": "Ortoilmakuva_2025_5cm",
        "zoom": 16,
        "status": "confirmed",
        "class": "van"
      }
    },
    {
      "type": "Feature",
      "geometry": {
        "type": "Polygon",
        "coordinates": [
          [
            [
              25498392.57,
              6676842.14
            ],
            [
              25498391.074,
              6676843.783
            ],
            [
              25498386.684,
              6676839.788
            ],
            [
              25498388.18,
              6676838.144
            ],
            [
              25498392.57,
              6676842.14
            ]
          ]
        ]
      },
      "properties": {
        "confidence": 0.873,
        "length_m": 5.94,
        "width_m": 2.22,
        "heading_deg": 47.7,
        "aoi": "r4-toukola",
        "source_layer": "Ortoilmakuva_2025_5cm",
        "zoom": 16,
        "status": "confirmed",
        "class": "van"
      }
    },
    {
      "type": "Feature",
      "geometry": {
        "type": "Polygon",
        "coordinates": [
          [
            [
              25498311.889,
              6676738.452
            ],
            [
              25498310.404,
              6676740.077
            ],
            [
              25498307.049,
              6676737.009
            ],
            [
              25498308.534,
              6676735.385
            ],
            [
              25498311.889,
              6676738.452
            ]
          ]
        ]
      },
      "properties": {
        "confidence": 0.8729,
        "length_m": 4.55,
        "width_m": 2.2,
        "heading_deg": 47.6,
        "aoi": "r4-toukola",
        "source_layer": "Ortoilmakuva_2025_5cm",
        "zoom": 16,
        "status": "confirmed",
        "class": "car"
      }
    },
    {
      "type": "Feature",
      "geometry": {
        "type": "Polygon",
        "coordinates": [
          [
            [
              25498280.305,
              6676770.983
            ],
            [
              25498278.867,
              6676772.507
            ],
            [
              25498275.668,
              6676769.487
            ],
            [
              25498277.107,
              6676767.963
            ],
            [
              25498280.305,
              6676770.983
            ]
          ]
        ]
      },
      "properties": {
        "confidence": 0.8727,
        "length_m": 4.4,
        "width_m": 2.1,
        "heading_deg": 46.6,
        "aoi": "r4-toukola",
        "source_layer": "Ortoilmakuva_2025_5cm",
        "zoom": 16,
        "status": "confirmed",
        "class": "car"
      }
    },
    {
      "type": "Feature",
      "geometry": {
        "type": "Polygon",
        "coordinates": [
          [
            [
              25498398.718,
              6676782.17
            ],
            [
              25498400.354,
              6676783.664
            ],
            [
              25498397.112,
              6676787.213
            ],
            [
              25498395.477,
              6676785.72
            ],
            [
              25498398.718,
              6676782.17
            ]
          ]
        ]
      },
      "properties": {
        "confidence": 0.8709,
        "length_m": 4.81,
        "width_m": 2.22,
        "heading_deg": 137.6,
        "aoi": "r4-toukola",
        "source_layer": "Ortoilmakuva_2025_5cm",
        "zoom": 16,
        "status": "confirmed",
        "class": "car"
      }
    },
    {
      "type": "Feature",
      "geometry": {
        "type": "Polygon",
        "coordinates": [
          [
            [
              25498384.528,
              6676657.896
            ],
            [
              25498383.012,
              6676659.511
            ],
            [
              25498379.35,
              6676656.073
            ],
            [
              25498380.866,
              6676654.458
            ],
            [
              25498384.528,
              6676657.896
            ]
          ]
        ]
      },
      "properties": {
        "confidence": 0.8705,
        "length_m": 5.02,
        "width_m": 2.22,
        "heading_deg": 46.8,
        "aoi": "r4-toukola",
        "source_layer": "Ortoilmakuva_2025_5cm",
        "zoom": 16,
        "status": "confirmed",
        "class": "car"
      }
    },
    {
      "type": "Feature",
      "geometry": {
        "type": "Polygon",
        "coordinates": [
          [
            [
              25498330.297,
              6676718.298
            ],
            [
              25498333.586,
              6676719.248
            ],
            [
              25498330.897,
              6676728.56
            ],
            [
              25498327.607,
              6676727.609
            ],
            [
              25498330.297,
              6676718.298
            ]
          ]
        ]
      },
      "properties": {
        "confidence": 0.8705,
        "length_m": 9.69,
        "width_m": 3.42,
        "heading_deg": 163.9,
        "aoi": "r4-toukola",
        "source_layer": "Ortoilmakuva_2025_5cm",
        "zoom": 16,
        "status": "confirmed",
        "class": "truck"
      }
    },
    {
      "type": "Feature",
      "geometry": {
        "type": "Polygon",
        "coordinates": [
          [
            [
              25498348.657,
              6676860.057
            ],
            [
              25498350.178,
              6676858.582
            ],
            [
              25498353.454,
              6676861.96
            ],
            [
              25498351.933,
              6676863.435
            ],
            [
              25498348.657,
              6676860.057
            ]
          ]
        ]
      },
      "properties": {
        "confidence": 0.8702,
        "length_m": 4.71,
        "width_m": 2.12,
        "heading_deg": 44.1,
        "aoi": "r4-toukola",
        "source_layer": "Ortoilmakuva_2025_5cm",
        "zoom": 16,
        "status": "confirmed",
        "class": "car"
      }
    },
    {
      "type": "Feature",
      "geometry": {
        "type": "Polygon",
        "coordinates": [
          [
            [
              25498388.447,
              6676897.446
            ],
            [
              25498386.979,
              6676898.983
            ],
            [
              25498383.597,
              6676895.753
            ],
            [
              25498385.065,
              6676894.216
            ],
            [
              25498388.447,
              6676897.446
            ]
          ]
        ]
      },
      "properties": {
        "confidence": 0.8688,
        "length_m": 4.68,
        "width_m": 2.13,
        "heading_deg": 46.3,
        "aoi": "r4-toukola",
        "source_layer": "Ortoilmakuva_2025_5cm",
        "zoom": 16,
        "status": "confirmed",
        "class": "car"
      }
    },
    {
      "type": "Feature",
      "geometry": {
        "type": "Polygon",
        "coordinates": [
          [
            [
              25498374.524,
              6676820.928
            ],
            [
              25498375.611,
              6676822.982
            ],
            [
              25498371.266,
              6676825.282
            ],
            [
              25498370.179,
              6676823.228
            ],
            [
              25498374.524,
              6676820.928
            ]
          ]
        ]
      },
      "properties": {
        "confidence": 0.8683,
        "length_m": 4.92,
        "width_m": 2.32,
        "heading_deg": 117.9,
        "aoi": "r4-toukola",
        "source_layer": "Ortoilmakuva_2025_5cm",
        "zoom": 16,
        "status": "confirmed",
        "class": "car"
      }
    },
    {
      "type": "Feature",
      "geometry": {
        "type": "Polygon",
        "coordinates": [
          [
            [
              25498438.159,
              6676764.664
            ],
            [
              25498439.883,
              6676766.164
            ],
            [
              25498436.52,
              6676770.029
            ],
            [
              25498434.796,
              6676768.529
            ],
            [
              25498438.159,
              6676764.664
            ]
          ]
        ]
      },
      "properties": {
        "confidence": 0.8675,
        "length_m": 5.12,
        "width_m": 2.29,
        "heading_deg": 139,
        "aoi": "r4-toukola",
        "source_layer": "Ortoilmakuva_2025_5cm",
        "zoom": 16,
        "status": "confirmed",
        "class": "car"
      }
    },
    {
      "type": "Feature",
      "geometry": {
        "type": "Polygon",
        "coordinates": [
          [
            [
              25498370.52,
              6676812.241
            ],
            [
              25498369.394,
              6676813.794
            ],
            [
              25498366.054,
              6676811.372
            ],
            [
              25498367.181,
              6676809.818
            ],
            [
              25498370.52,
              6676812.241
            ]
          ]
        ]
      },
      "properties": {
        "confidence": 0.8657,
        "length_m": 4.13,
        "width_m": 1.92,
        "heading_deg": 54.1,
        "aoi": "r4-toukola",
        "source_layer": "Ortoilmakuva_2025_5cm",
        "zoom": 16,
        "status": "confirmed",
        "class": "car"
      }
    },
    {
      "type": "Feature",
      "geometry": {
        "type": "Polygon",
        "coordinates": [
          [
            [
              25498288.002,
              6676799.507
            ],
            [
              25498289.741,
              6676797.803
            ],
            [
              25498293.472,
              6676801.609
            ],
            [
              25498291.733,
              6676803.314
            ],
            [
              25498288.002,
              6676799.507
            ]
          ]
        ]
      },
      "properties": {
        "confidence": 0.8647,
        "length_m": 5.33,
        "width_m": 2.43,
        "heading_deg": 44.4,
        "aoi": "r4-toukola",
        "source_layer": "Ortoilmakuva_2025_5cm",
        "zoom": 16,
        "status": "confirmed",
        "class": "car"
      }
    },
    {
      "type": "Feature",
      "geometry": {
        "type": "Polygon",
        "coordinates": [
          [
            [
              25498330.291,
              6676778.47
            ],
            [
              25498332.102,
              6676779.425
            ],
            [
              25498330.045,
              6676783.33
            ],
            [
              25498328.233,
              6676782.376
            ],
            [
              25498330.291,
              6676778.47
            ]
          ]
        ]
      },
      "properties": {
        "confidence": 0.8645,
        "length_m": 4.41,
        "width_m": 2.05,
        "heading_deg": 152.2,
        "aoi": "r4-toukola",
        "source_layer": "Ortoilmakuva_2025_5cm",
        "zoom": 16,
        "status": "confirmed",
        "class": "car"
      }
    },
    {
      "type": "Feature",
      "geometry": {
        "type": "Polygon",
        "coordinates": [
          [
            [
              25498294.386,
              6676618.214
            ],
            [
              25498292.881,
              6676619.782
            ],
            [
              25498289.744,
              6676616.771
            ],
            [
              25498291.249,
              6676615.203
            ],
            [
              25498294.386,
              6676618.214
            ]
          ]
        ]
      },
      "properties": {
        "confidence": 0.8642,
        "length_m": 4.35,
        "width_m": 2.17,
        "heading_deg": 46.2,
        "aoi": "r4-toukola",
        "source_layer": "Ortoilmakuva_2025_5cm",
        "zoom": 16,
        "status": "confirmed",
        "class": "car"
      }
    },
    {
      "type": "Feature",
      "geometry": {
        "type": "Polygon",
        "coordinates": [
          [
            [
              25498279.189,
              6676787.435
            ],
            [
              25498277.741,
              6676788.94
            ],
            [
              25498274.719,
              6676786.032
            ],
            [
              25498276.167,
              6676784.527
            ],
            [
              25498279.189,
              6676787.435
            ]
          ]
        ]
      },
      "properties": {
        "confidence": 0.8614,
        "length_m": 4.19,
        "width_m": 2.09,
        "heading_deg": 46.1,
        "aoi": "r4-toukola",
        "source_layer": "Ortoilmakuva_2025_5cm",
        "zoom": 16,
        "status": "confirmed",
        "class": "car"
      }
    },
    {
      "type": "Feature",
      "geometry": {
        "type": "Polygon",
        "coordinates": [
          [
            [
              25498298.8,
              6676596.168
            ],
            [
              25498297.279,
              6676597.837
            ],
            [
              25498293.619,
              6676594.501
            ],
            [
              25498295.14,
              6676592.833
            ],
            [
              25498298.8,
              6676596.168
            ]
          ]
        ]
      },
      "properties": {
        "confidence": 0.8601,
        "length_m": 4.95,
        "width_m": 2.26,
        "heading_deg": 47.7,
        "aoi": "r4-toukola",
        "source_layer": "Ortoilmakuva_2025_5cm",
        "zoom": 16,
        "status": "confirmed",
        "class": "car"
      }
    },
    {
      "type": "Feature",
      "geometry": {
        "type": "Polygon",
        "coordinates": [
          [
            [
              25498285.127,
              6676767.898
            ],
            [
              25498283.374,
              6676769.742
            ],
            [
              25498279.242,
              6676765.814
            ],
            [
              25498280.995,
              6676763.97
            ],
            [
              25498285.127,
              6676767.898
            ]
          ]
        ]
      },
      "properties": {
        "confidence": 0.8589,
        "length_m": 5.7,
        "width_m": 2.54,
        "heading_deg": 46.4,
        "aoi": "r4-toukola",
        "source_layer": "Ortoilmakuva_2025_5cm",
        "zoom": 16,
        "status": "confirmed",
        "class": "van"
      }
    },
    {
      "type": "Feature",
      "geometry": {
        "type": "Polygon",
        "coordinates": [
          [
            [
              25498452.512,
              6676778.448
            ],
            [
              25498454.042,
              6676779.821
            ],
            [
              25498451.322,
              6676782.85
            ],
            [
              25498449.793,
              6676781.477
            ],
            [
              25498452.512,
              6676778.448
            ]
          ]
        ]
      },
      "properties": {
        "confidence": 0.8581,
        "length_m": 4.07,
        "width_m": 2.06,
        "heading_deg": 138.1,
        "aoi": "r4-toukola",
        "source_layer": "Ortoilmakuva_2025_5cm",
        "zoom": 16,
        "status": "rejected",
        "class": ""
      }
    },
    {
      "type": "Feature",
      "geometry": {
        "type": "Polygon",
        "coordinates": [
          [
            [
              25498477.244,
              6676805.592
            ],
            [
              25498475.636,
              6676807.32
            ],
            [
              25498472.162,
              6676804.088
            ],
            [
              25498473.769,
              6676802.36
            ],
            [
              25498477.244,
              6676805.592
            ]
          ]
        ]
      },
      "properties": {
        "confidence": 0.8579,
        "length_m": 4.74,
        "width_m": 2.36,
        "heading_deg": 47.1,
        "aoi": "r4-toukola",
        "source_layer": "Ortoilmakuva_2025_5cm",
        "zoom": 16,
        "status": "confirmed",
        "class": "car"
      }
    },
    {
      "type": "Feature",
      "geometry": {
        "type": "Polygon",
        "coordinates": [
          [
            [
              25498425.182,
              6676873.916
            ],
            [
              25498425.695,
              6676875.924
            ],
            [
              25498421.635,
              6676876.961
            ],
            [
              25498421.123,
              6676874.953
            ],
            [
              25498425.182,
              6676873.916
            ]
          ]
        ]
      },
      "properties": {
        "confidence": 0.8564,
        "length_m": 4.19,
        "width_m": 2.07,
        "heading_deg": 104.3,
        "aoi": "r4-toukola",
        "source_layer": "Ortoilmakuva_2025_5cm",
        "zoom": 16,
        "status": "confirmed",
        "class": "car"
      }
    },
    {
      "type": "Feature",
      "geometry": {
        "type": "Polygon",
        "coordinates": [
          [
            [
              25498417.073,
              6676598.774
            ],
            [
              25498418.569,
              6676597.33
            ],
            [
              25498422.002,
              6676600.888
            ],
            [
              25498420.505,
              6676602.332
            ],
            [
              25498417.073,
              6676598.774
            ]
          ]
        ]
      },
      "properties": {
        "confidence": 0.8558,
        "length_m": 4.94,
        "width_m": 2.08,
        "heading_deg": 44,
        "aoi": "r4-toukola",
        "source_layer": "Ortoilmakuva_2025_5cm",
        "zoom": 16,
        "status": "confirmed",
        "class": "car"
      }
    },
    {
      "type": "Feature",
      "geometry": {
        "type": "Polygon",
        "coordinates": [
          [
            [
              25498353.964,
              6676785.937
            ],
            [
              25498355.616,
              6676787.517
            ],
            [
              25498352.175,
              6676791.116
            ],
            [
              25498350.523,
              6676789.536
            ],
            [
              25498353.964,
              6676785.937
            ]
          ]
        ]
      },
      "properties": {
        "confidence": 0.8545,
        "length_m": 4.98,
        "width_m": 2.29,
        "heading_deg": 136.3,
        "aoi": "r4-toukola",
        "source_layer": "Ortoilmakuva_2025_5cm",
        "zoom": 16,
        "status": "confirmed",
        "class": "car"
      }
    },
    {
      "type": "Feature",
      "geometry": {
        "type": "Polygon",
        "coordinates": [
          [
            [
              25498283.27,
              6676794.618
            ],
            [
              25498284.861,
              6676793.073
            ],
            [
              25498288.589,
              6676796.912
            ],
            [
              25498286.997,
              6676798.457
            ],
            [
              25498283.27,
              6676794.618
            ]
          ]
        ]
      },
      "properties": {
        "confidence": 0.8536,
        "length_m": 5.35,
        "width_m": 2.22,
        "heading_deg": 44.2,
        "aoi": "r4-toukola",
        "source_layer": "Ortoilmakuva_2025_5cm",
        "zoom": 16,
        "status": "confirmed",
        "class": "van"
      }
    },
    {
      "type": "Feature",
      "geometry": {
        "type": "Polygon",
        "coordinates": [
          [
            [
              25498315.652,
              6676735.226
            ],
            [
              25498314.219,
              6676736.764
            ],
            [
              25498310.888,
              6676733.661
            ],
            [
              25498312.321,
              6676732.123
            ],
            [
              25498315.652,
              6676735.226
            ]
          ]
        ]
      },
      "properties": {
        "confidence": 0.8514,
        "length_m": 4.55,
        "width_m": 2.1,
        "heading_deg": 47,
        "aoi": "r4-toukola",
        "source_layer": "Ortoilmakuva_2025_5cm",
        "zoom": 16,
        "status": "confirmed",
        "class": "car"
      }
    },
    {
      "type": "Feature",
      "geometry": {
        "type": "Polygon",
        "coordinates": [
          [
            [
              25498303.719,
              6676747.457
            ],
            [
              25498302.227,
              6676749.022
            ],
            [
              25498298.771,
              6676745.729
            ],
            [
              25498300.263,
              6676744.164
            ],
            [
              25498303.719,
              6676747.457
            ]
          ]
        ]
      },
      "properties": {
        "confidence": 0.8496,
        "length_m": 4.77,
        "width_m": 2.16,
        "heading_deg": 46.4,
        "aoi": "r4-toukola",
        "source_layer": "Ortoilmakuva_2025_5cm",
        "zoom": 16,
        "status": "confirmed",
        "class": "car"
      }
    },
    {
      "type": "Feature",
      "geometry": {
        "type": "Polygon",
        "coordinates": [
          [
            [
              25498356.152,
              6676666.428
            ],
            [
              25498357.798,
              6676667.914
            ],
            [
              25498354.554,
              6676671.51
            ],
            [
              25498352.907,
              6676670.024
            ],
            [
              25498356.152,
              6676666.428
            ]
          ]
        ]
      },
      "properties": {
        "confidence": 0.8437,
        "length_m": 4.84,
        "width_m": 2.22,
        "heading_deg": 137.9,
        "aoi": "r4-toukola",
        "source_layer": "Ortoilmakuva_2025_5cm",
        "zoom": 16,
        "status": "confirmed",
        "class": "car"
      }
    },
    {
      "type": "Feature",
      "geometry": {
        "type": "Polygon",
        "coordinates": [
          [
            [
              25498295.177,
              6676757.465
            ],
            [
              25498293.585,
              6676759.124
            ],
            [
              25498289.492,
              6676755.199
            ],
            [
              25498291.084,
              6676753.539
            ],
            [
              25498295.177,
              6676757.465
            ]
          ]
        ]
      },
      "properties": {
        "confidence": 0.8381,
        "length_m": 5.67,
        "width_m": 2.3,
        "heading_deg": 46.2,
        "aoi": "r4-toukola",
        "source_layer": "Ortoilmakuva_2025_5cm",
        "zoom": 16,
        "status": "confirmed",
        "class": "van"
      }
    },
    {
      "type": "Feature",
      "geometry": {
        "type": "Polygon",
        "coordinates": [
          [
            [
              25498353.789,
              6676777.614
            ],
            [
              25498355.335,
              6676779.181
            ],
            [
              25498351.796,
              6676782.673
            ],
            [
              25498350.25,
              6676781.107
            ],
            [
              25498353.789,
              6676777.614
            ]
          ]
        ]
      },
      "properties": {
        "confidence": 0.8367,
        "length_m": 4.97,
        "width_m": 2.2,
        "heading_deg": 134.6,
        "aoi": "r4-toukola",
        "source_layer": "Ortoilmakuva_2025_5cm",
        "zoom": 16,
        "status": "confirmed",
        "class": "van"
      }
    },
    {
      "type": "Feature",
      "geometry": {
        "type": "Polygon",
        "coordinates": [
          [
            [
              25498433.29,
              6676727.044
            ],
            [
              25498434.987,
              6676725.407
            ],
            [
              25498438.317,
              6676728.856
            ],
            [
              25498436.62,
              6676730.494
            ],
            [
              25498433.29,
              6676727.044
            ]
          ]
        ]
      },
      "properties": {
        "confidence": 0.8329,
        "length_m": 4.79,
        "width_m": 2.36,
        "heading_deg": 44,
        "aoi": "r4-toukola",
        "source_layer": "Ortoilmakuva_2025_5cm",
        "zoom": 16,
        "status": "confirmed",
        "class": "car"
      }
    },
    {
      "type": "Feature",
      "geometry": {
        "type": "Polygon",
        "coordinates": [
          [
            [
              25498367.362,
              6676879.022
            ],
            [
              25498368.724,
              6676877.71
            ],
            [
              25498371.82,
              6676880.923
            ],
            [
              25498370.459,
              6676882.235
            ],
            [
              25498367.362,
              6676879.022
            ]
          ]
        ]
      },
      "properties": {
        "confidence": 0.8327,
        "length_m": 4.46,
        "width_m": 1.89,
        "heading_deg": 43.9,
        "aoi": "r4-toukola",
        "source_layer": "Ortoilmakuva_2025_5cm",
        "zoom": 16,
        "status": "confirmed",
        "class": "car"
      }
    },
    {
      "type": "Feature",
      "geometry": {
        "type": "Polygon",
        "coordinates": [
          [
            [
              25498444.584,
              6676787.327
            ],
            [
              25498446.142,
              6676788.778
            ],
            [
              25498442.764,
              6676792.406
            ],
            [
              25498441.206,
              6676790.955
            ],
            [
              25498444.584,
              6676787.327
            ]
          ]
        ]
      },
      "properties": {
        "confidence": 0.8318,
        "length_m": 4.96,
        "width_m": 2.13,
        "heading_deg": 137,
        "aoi": "r4-toukola",
        "source_layer": "Ortoilmakuva_2025_5cm",
        "zoom": 16,
        "status": "confirmed",
        "class": "car"
      }
    },
    {
      "type": "Feature",
      "geometry": {
        "type": "Polygon",
        "coordinates": [
          [
            [
              25498192.951,
              6676900.748
            ],
            [
              25498187.491,
              6676901.935
            ],
            [
              25498188.022,
              6676904.375
            ],
            [
              25498193.481,
              6676903.188
            ],
            [
              25498192.951,
              6676900.748
            ]
          ]
        ]
      },
      "properties": {
        "confidence": 0.8307,
        "length_m": 5.59,
        "width_m": 2.5,
        "heading_deg": 102.3,
        "aoi": "r4-toukola",
        "source_layer": "Ortoilmakuva_2025_5cm",
        "zoom": 16,
        "status": "confirmed",
        "class": "van"
      }
    },
    {
      "type": "Feature",
      "geometry": {
        "type": "Polygon",
        "coordinates": [
          [
            [
              25498392.951,
              6676776.925
            ],
            [
              25498394.708,
              6676778.288
            ],
            [
              25498391.83,
              6676781.998
            ],
            [
              25498390.072,
              6676780.635
            ],
            [
              25498392.951,
              6676776.925
            ]
          ]
        ]
      },
      "properties": {
        "confidence": 0.8277,
        "length_m": 4.7,
        "width_m": 2.22,
        "heading_deg": 142.2,
        "aoi": "r4-toukola",
        "source_layer": "Ortoilmakuva_2025_5cm",
        "zoom": 16,
        "status": "confirmed",
        "class": "car"
      }
    },
    {
      "type": "Feature",
      "geometry": {
        "type": "Polygon",
        "coordinates": [
          [
            [
              25498367.484,
              6676732.054
            ],
            [
              25498366.045,
              6676733.571
            ],
            [
              25498362.951,
              6676730.635
            ],
            [
              25498364.391,
              6676729.118
            ],
            [
              25498367.484,
              6676732.054
            ]
          ]
        ]
      },
      "properties": {
        "confidence": 0.8275,
        "length_m": 4.27,
        "width_m": 2.09,
        "heading_deg": 46.5,
        "aoi": "r4-toukola",
        "source_layer": "Ortoilmakuva_2025_5cm",
        "zoom": 16,
        "status": "confirmed",
        "class": "car"
      }
    },
    {
      "type": "Feature",
      "geometry": {
        "type": "Polygon",
        "coordinates": [
          [
            [
              25498285.019,
              6676610.152
            ],
            [
              25498283.495,
              6676611.769
            ],
            [
              25498280.11,
              6676608.579
            ],
            [
              25498281.634,
              6676606.962
            ],
            [
              25498285.019,
              6676610.152
            ]
          ]
        ]
      },
      "properties": {
        "confidence": 0.8274,
        "length_m": 4.65,
        "width_m": 2.22,
        "heading_deg": 46.7,
        "aoi": "r4-toukola",
        "source_layer": "Ortoilmakuva_2025_5cm",
        "zoom": 16,
        "status": "confirmed",
        "class": "car"
      }
    },
    {
      "type": "Feature",
      "geometry": {
        "type": "Polygon",
        "coordinates": [
          [
            [
              25498443.464,
              6676723.693
            ],
            [
              25498441.919,
              6676725.338
            ],
            [
              25498438.487,
              6676722.112
            ],
            [
              25498440.032,
              6676720.468
            ],
            [
              25498443.464,
              6676723.693
            ]
          ]
        ]
      },
      "properties": {
        "confidence": 0.8229,
        "length_m": 4.71,
        "width_m": 2.26,
        "heading_deg": 46.8,
        "aoi": "r4-toukola",
        "source_layer": "Ortoilmakuva_2025_5cm",
        "zoom": 16,
        "status": "confirmed",
        "class": "car"
      }
    },
    {
      "type": "Feature",
      "geometry": {
        "type": "Polygon",
        "coordinates": [
          [
            [
              25498374.931,
              6676759.726
            ],
            [
              25498376.62,
              6676761.176
            ],
            [
              25498373.327,
              6676765.012
            ],
            [
              25498371.638,
              6676763.562
            ],
            [
              25498374.931,
              6676759.726
            ]
          ]
        ]
      },
      "properties": {
        "confidence": 0.82,
        "length_m": 5.06,
        "width_m": 2.23,
        "heading_deg": 139.4,
        "aoi": "r4-toukola",
        "source_layer": "Ortoilmakuva_2025_5cm",
        "zoom": 16,
        "status": "confirmed",
        "class": "car"
      }
    },
    {
      "type": "Feature",
      "geometry": {
        "type": "Polygon",
        "coordinates": [
          [
            [
              25498358.967,
              6676683.928
            ],
            [
              25498357.668,
              6676685.282
            ],
            [
              25498354.382,
              6676682.129
            ],
            [
              25498355.681,
              6676680.775
            ],
            [
              25498358.967,
              6676683.928
            ]
          ]
        ]
      },
      "properties": {
        "confidence": 0.8187,
        "length_m": 4.55,
        "width_m": 1.88,
        "heading_deg": 46.2,
        "aoi": "r4-toukola",
        "source_layer": "Ortoilmakuva_2025_5cm",
        "zoom": 16,
        "status": "confirmed",
        "class": "car"
      }
    },
    {
      "type": "Feature",
      "geometry": {
        "type": "Polygon",
        "coordinates": [
          [
            [
              25498364.263,
              6676728.827
            ],
            [
              25498362.752,
              6676730.373
            ],
            [
              25498359.752,
              6676727.44
            ],
            [
              25498361.263,
              6676725.894
            ],
            [
              25498364.263,
              6676728.827
            ]
          ]
        ]
      },
      "properties": {
        "confidence": 0.817,
        "length_m": 4.2,
        "width_m": 2.16,
        "heading_deg": 45.6,
        "aoi": "r4-toukola",
        "source_layer": "Ortoilmakuva_2025_5cm",
        "zoom": 16,
        "status": "confirmed",
        "class": "car"
      }
    },
    {
      "type": "Feature",
      "geometry": {
        "type": "Polygon",
        "coordinates": [
          [
            [
              25498371.218,
              6676883.09
            ],
            [
              25498372.819,
              6676881.549
            ],
            [
              25498376.379,
              6676885.248
            ],
            [
              25498374.778,
              6676886.789
            ],
            [
              25498371.218,
              6676883.09
            ]
          ]
        ]
      },
      "properties": {
        "confidence": 0.8162,
        "length_m": 5.13,
        "width_m": 2.22,
        "heading_deg": 43.9,
        "aoi": "r4-toukola",
        "source_layer": "Ortoilmakuva_2025_5cm",
        "zoom": 16,
        "status": "confirmed",
        "class": "car"
      }
    },
    {
      "type": "Feature",
      "geometry": {
        "type": "Polygon",
        "coordinates": [
          [
            [
              25498258.45,
              6676690.986
            ],
            [
              25498259.979,
              6676692.256
            ],
            [
              25498257.257,
              6676695.536
            ],
            [
              25498255.727,
              6676694.266
            ],
            [
              25498258.45,
              6676690.986
            ]
          ]
        ]
      },
      "properties": {
        "confidence": 0.8138,
        "length_m": 4.26,
        "width_m": 1.99,
        "heading_deg": 140.3,
        "aoi": "r4-toukola",
        "source_layer": "Ortoilmakuva_2025_5cm",
        "zoom": 16,
        "status": "confirmed",
        "class": "car"
      }
    },
    {
      "type": "Feature",
      "geometry": {
        "type": "Polygon",
        "coordinates": [
          [
            [
              25498383.071,
              6676748.998
            ],
            [
              25498385.039,
              6676747.178
            ],
            [
              25498388.658,
              6676751.093
            ],
            [
              25498386.691,
              6676752.913
            ],
            [
              25498383.071,
              6676748.998
            ]
          ]
        ]
      },
      "properties": {
        "confidence": 0.8138,
        "length_m": 5.33,
        "width_m": 2.68,
        "heading_deg": 42.8,
        "aoi": "r4-toukola",
        "source_layer": "Ortoilmakuva_2025_5cm",
        "zoom": 16,
        "status": "rejected",
        "class": ""
      }
    },
    {
      "type": "Feature",
      "geometry": {
        "type": "Polygon",
        "coordinates": [
          [
            [
              25498470.175,
              6676812.959
            ],
            [
              25498468.642,
              6676814.546
            ],
            [
              25498465.559,
              6676811.571
            ],
            [
              25498467.092,
              6676809.983
            ],
            [
              25498470.175,
              6676812.959
            ]
          ]
        ]
      },
      "properties": {
        "confidence": 0.813,
        "length_m": 4.28,
        "width_m": 2.21,
        "heading_deg": 46,
        "aoi": "r4-toukola",
        "source_layer": "Ortoilmakuva_2025_5cm",
        "zoom": 16,
        "status": "confirmed",
        "class": "car"
      }
    },
    {
      "type": "Feature",
      "geometry": {
        "type": "Polygon",
        "coordinates": [
          [
            [
              25498366.229,
              6676770.017
            ],
            [
              25498367.709,
              6676771.551
            ],
            [
              25498364.454,
              6676774.694
            ],
            [
              25498362.973,
              6676773.16
            ],
            [
              25498366.229,
              6676770.017
            ]
          ]
        ]
      },
      "properties": {
        "confidence": 0.8108,
        "length_m": 4.52,
        "width_m": 2.13,
        "heading_deg": 134,
        "aoi": "r4-toukola",
        "source_layer": "Ortoilmakuva_2025_5cm",
        "zoom": 16,
        "status": "confirmed",
        "class": "car"
      }
    },
    {
      "type": "Feature",
      "geometry": {
        "type": "Polygon",
        "coordinates": [
          [
            [
              25498388.13,
              6676899.872
            ],
            [
              25498389.703,
              6676898.344
            ],
            [
              25498392.969,
              6676901.707
            ],
            [
              25498391.396,
              6676903.234
            ],
            [
              25498388.13,
              6676899.872
            ]
          ]
        ]
      },
      "properties": {
        "confidence": 0.8053,
        "length_m": 4.69,
        "width_m": 2.19,
        "heading_deg": 44.2,
        "aoi": "r4-toukola",
        "source_layer": "Ortoilmakuva_2025_5cm",
        "zoom": 16,
        "status": "confirmed",
        "class": "car"
      }
    },
    {
      "type": "Feature",
      "geometry": {
        "type": "Polygon",
        "coordinates": [
          [
            [
              25498376.624,
              6676761.474
            ],
            [
              25498378.404,
              6676762.878
            ],
            [
              25498375.36,
              6676766.738
            ],
            [
              25498373.58,
              6676765.334
            ],
            [
              25498376.624,
              6676761.474
            ]
          ]
        ]
      },
      "properties": {
        "confidence": 0.8051,
        "length_m": 4.92,
        "width_m": 2.27,
        "heading_deg": 141.7,
        "aoi": "r4-toukola",
        "source_layer": "Ortoilmakuva_2025_5cm",
        "zoom": 16,
        "status": "confirmed",
        "class": "car"
      }
    },
    {
      "type": "Feature",
      "geometry": {
        "type": "Polygon",
        "coordinates": [
          [
            [
              25498390.187,
              6676843.452
            ],
            [
              25498388.764,
              6676845.004
            ],
            [
              25498384.988,
              6676841.543
            ],
            [
              25498386.411,
              6676839.99
            ],
            [
              25498390.187,
              6676843.452
            ]
          ]
        ]
      },
      "properties": {
        "confidence": 0.8048,
        "length_m": 5.12,
        "width_m": 2.11,
        "heading_deg": 47.5,
        "aoi": "r4-toukola",
        "source_layer": "Ortoilmakuva_2025_5cm",
        "zoom": 16,
        "status": "confirmed",
        "class": "van"
      }
    },
    {
      "type": "Feature",
      "geometry": {
        "type": "Polygon",
        "coordinates": [
          [
            [
              25498462.698,
              6676702.871
            ],
            [
              25498461.272,
              6676704.38
            ],
            [
              25498458.199,
              6676701.477
            ],
            [
              25498459.625,
              6676699.967
            ],
            [
              25498462.698,
              6676702.871
            ]
          ]
        ]
      },
      "properties": {
        "confidence": 0.8043,
        "length_m": 4.23,
        "width_m": 2.08,
        "heading_deg": 46.6,
        "aoi": "r4-toukola",
        "source_layer": "Ortoilmakuva_2025_5cm",
        "zoom": 16,
        "status": "confirmed",
        "class": "car"
      }
    },
    {
      "type": "Feature",
      "geometry": {
        "type": "Polygon",
        "coordinates": [
          [
            [
              25498446.24,
              6676788.999
            ],
            [
              25498447.877,
              6676790.422
            ],
            [
              25498444.682,
              6676794.099
            ],
            [
              25498443.045,
              6676792.676
            ],
            [
              25498446.24,
              6676788.999
            ]
          ]
        ]
      },
      "properties": {
        "confidence": 0.8033,
        "length_m": 4.87,
        "width_m": 2.17,
        "heading_deg": 139,
        "aoi": "r4-toukola",
        "source_layer": "Ortoilmakuva_2025_5cm",
        "zoom": 16,
        "status": "confirmed",
        "class": "car"
      }
    },
    {
      "type": "Feature",
      "geometry": {
        "type": "Polygon",
        "coordinates": [
          [
            [
              25498418.517,
              6676749.297
            ],
            [
              25498416.951,
              6676750.903
            ],
            [
              25498413.706,
              6676747.737
            ],
            [
              25498415.273,
              6676746.132
            ],
            [
              25498418.517,
              6676749.297
            ]
          ]
        ]
      },
      "properties": {
        "confidence": 0.8022,
        "length_m": 4.53,
        "width_m": 2.24,
        "heading_deg": 45.7,
        "aoi": "r4-toukola",
        "source_layer": "Ortoilmakuva_2025_5cm",
        "zoom": 16,
        "status": "confirmed",
        "class": "car"
      }
    },
    {
      "type": "Feature",
      "geometry": {
        "type": "Polygon",
        "coordinates": [
          [
            [
              25498283.513,
              6676791.625
            ],
            [
              25498281.859,
              6676793.399
            ],
            [
              25498278.088,
              6676789.885
            ],
            [
              25498279.742,
              6676788.111
            ],
            [
              25498283.513,
              6676791.625
            ]
          ]
        ]
      },
      "properties": {
        "confidence": 0.7969,
        "length_m": 5.15,
        "width_m": 2.43,
        "heading_deg": 47,
        "aoi": "r4-toukola",
        "source_layer": "Ortoilmakuva_2025_5cm",
        "zoom": 16,
        "status": "confirmed",
        "class": "car"
      }
    },
    {
      "type": "Feature",
      "geometry": {
        "type": "Polygon",
        "coordinates": [
          [
            [
              25498278.317,
              6676774.175
            ],
            [
              25498280.126,
              6676775.847
            ],
            [
              25498276.194,
              6676780.103
            ],
            [
              25498274.384,
              6676778.431
            ],
            [
              25498278.317,
              6676774.175
            ]
          ]
        ]
      },
      "properties": {
        "confidence": 0.7966,
        "length_m": 5.79,
        "width_m": 2.46,
        "heading_deg": 137.3,
        "aoi": "r4-toukola",
        "source_layer": "Ortoilmakuva_2025_5cm",
        "zoom": 16,
        "status": "confirmed",
        "class": "van"
      }
    },
    {
      "type": "Feature",
      "geometry": {
        "type": "Polygon",
        "coordinates": [
          [
            [
              25498284.526,
              6676628.461
            ],
            [
              25498283.051,
              6676630.255
            ],
            [
              25498279.614,
              6676627.428
            ],
            [
              25498281.089,
              6676625.635
            ],
            [
              25498284.526,
              6676628.461
            ]
          ]
        ]
      },
      "properties": {
        "confidence": 0.7957,
        "length_m": 4.45,
        "width_m": 2.32,
        "heading_deg": 50.6,
        "aoi": "r4-toukola",
        "source_layer": "Ortoilmakuva_2025_5cm",
        "zoom": 16,
        "status": "confirmed",
        "class": "car"
      }
    },
    {
      "type": "Feature",
      "geometry": {
        "type": "Polygon",
        "coordinates": [
          [
            [
              25498222.132,
              6676608.475
            ],
            [
              25498223.563,
              6676607.088
            ],
            [
              25498226.507,
              6676610.125
            ],
            [
              25498225.076,
              6676611.512
            ],
            [
              25498222.132,
              6676608.475
            ]
          ]
        ]
      },
      "properties": {
        "confidence": 0.7892,
        "length_m": 4.23,
        "width_m": 1.99,
        "heading_deg": 44.1,
        "aoi": "r4-toukola",
        "source_layer": "Ortoilmakuva_2025_5cm",
        "zoom": 16,
        "status": "confirmed",
        "class": "car"
      }
    },
    {
      "type": "Feature",
      "geometry": {
        "type": "Polygon",
        "coordinates": [
          [
            [
              25498387.475,
              6676772.287
            ],
            [
              25498388.999,
              6676773.654
            ],
            [
              25498386.052,
              6676776.939
            ],
            [
              25498384.528,
              6676775.572
            ],
            [
              25498387.475,
              6676772.287
            ]
          ]
        ]
      },
      "properties": {
        "confidence": 0.7822,
        "length_m": 4.41,
        "width_m": 2.05,
        "heading_deg": 138.1,
        "aoi": "r4-toukola",
        "source_layer": "Ortoilmakuva_2025_5cm",
        "zoom": 16,
        "status": "confirmed",
        "class": "car"
      }
    },
    {
      "type": "Feature",
      "geometry": {
        "type": "Polygon",
        "coordinates": [
          [
            [
              25498292.23,
              6676803.638
            ],
            [
              25498294.015,
              6676802.057
            ],
            [
              25498297.343,
              6676805.814
            ],
            [
              25498295.558,
              6676807.395
            ],
            [
              25498292.23,
              6676803.638
            ]
          ]
        ]
      },
      "properties": {
        "confidence": 0.7741,
        "length_m": 5.02,
        "width_m": 2.38,
        "heading_deg": 41.5,
        "aoi": "r4-toukola",
        "source_layer": "Ortoilmakuva_2025_5cm",
        "zoom": 16,
        "status": "confirmed",
        "class": "van"
      }
    },
    {
      "type": "Feature",
      "geometry": {
        "type": "Polygon",
        "coordinates": [
          [
            [
              25498314.068,
              6676736.959
            ],
            [
              25498312.498,
              6676738.687
            ],
            [
              25498308.838,
              6676735.362
            ],
            [
              25498310.409,
              6676733.634
            ],
            [
              25498314.068,
              6676736.959
            ]
          ]
        ]
      },
      "properties": {
        "confidence": 0.77,
        "length_m": 4.94,
        "width_m": 2.33,
        "heading_deg": 47.7,
        "aoi": "r4-toukola",
        "source_layer": "Ortoilmakuva_2025_5cm",
        "zoom": 16,
        "status": "confirmed",
        "class": "van"
      }
    },
    {
      "type": "Feature",
      "geometry": {
        "type": "Polygon",
        "coordinates": [
          [
            [
              25498356.311,
              6676788.026
            ],
            [
              25498357.793,
              6676789.455
            ],
            [
              25498354.742,
              6676792.619
            ],
            [
              25498353.261,
              6676791.19
            ],
            [
              25498356.311,
              6676788.026
            ]
          ]
        ]
      },
      "properties": {
        "confidence": 0.7622,
        "length_m": 4.4,
        "width_m": 2.06,
        "heading_deg": 136,
        "aoi": "r4-toukola",
        "source_layer": "Ortoilmakuva_2025_5cm",
        "zoom": 16,
        "status": "confirmed",
        "class": "car"
      }
    },
    {
      "type": "Feature",
      "geometry": {
        "type": "Polygon",
        "coordinates": [
          [
            [
              25498352.563,
              6676864.266
            ],
            [
              25498354.125,
              6676862.753
            ],
            [
              25498357.204,
              6676865.932
            ],
            [
              25498355.642,
              6676867.444
            ],
            [
              25498352.563,
              6676864.266
            ]
          ]
        ]
      },
      "properties": {
        "confidence": 0.7494,
        "length_m": 4.43,
        "width_m": 2.17,
        "heading_deg": 44.1,
        "aoi": "r4-toukola",
        "source_layer": "Ortoilmakuva_2025_5cm",
        "zoom": 16,
        "status": "confirmed",
        "class": "car"
      }
    },
    {
      "type": "Feature",
      "geometry": {
        "type": "Polygon",
        "coordinates": [
          [
            [
              25498384.222,
              6676760.057
            ],
            [
              25498382.853,
              6676761.577
            ],
            [
              25498379.656,
              6676758.698
            ],
            [
              25498381.026,
              6676757.177
            ],
            [
              25498384.222,
              6676760.057
            ]
          ]
        ]
      },
      "properties": {
        "confidence": 0.7319,
        "length_m": 4.3,
        "width_m": 2.05,
        "heading_deg": 48,
        "aoi": "r4-toukola",
        "source_layer": "Ortoilmakuva_2025_5cm",
        "zoom": 16,
        "status": "confirmed",
        "class": "car"
      }
    },
    {
      "type": "Feature",
      "geometry": {
        "type": "Polygon",
        "coordinates": [
          [
            [
              25498417.888,
              6676844.332
            ],
            [
              25498419.631,
              6676845.957
            ],
            [
              25498415.465,
              6676850.426
            ],
            [
              25498413.722,
              6676848.802
            ],
            [
              25498417.888,
              6676844.332
            ]
          ]
        ]
      },
      "properties": {
        "confidence": 0.7309,
        "length_m": 6.11,
        "width_m": 2.38,
        "heading_deg": 137,
        "aoi": "r4-toukola",
        "source_layer": "Ortoilmakuva_2025_5cm",
        "zoom": 16,
        "status": "confirmed",
        "class": "van"
      }
    },
    {
      "type": "Feature",
      "geometry": {
        "type": "Polygon",
        "coordinates": [
          [
            [
              25498247.48,
              6676890.917
            ],
            [
              25498247.885,
              6676892.972
            ],
            [
              25498243.055,
              6676893.925
            ],
            [
              25498242.65,
              6676891.87
            ],
            [
              25498247.48,
              6676890.917
            ]
          ]
        ]
      },
      "properties": {
        "confidence": 0.7264,
        "length_m": 4.92,
        "width_m": 2.09,
        "heading_deg": 101.2,
        "aoi": "r4-toukola",
        "source_layer": "Ortoilmakuva_2025_5cm",
        "zoom": 16,
        "status": "confirmed",
        "class": "car"
      }
    },
    {
      "type": "Feature",
      "geometry": {
        "type": "Polygon",
        "coordinates": [
          [
            [
              25498420.764,
              6676764.508
            ],
            [
              25498422.368,
              6676765.943
            ],
            [
              25498419.169,
              6676769.518
            ],
            [
              25498417.565,
              6676768.083
            ],
            [
              25498420.764,
              6676764.508
            ]
          ]
        ]
      },
      "properties": {
        "confidence": 0.7204,
        "length_m": 4.8,
        "width_m": 2.15,
        "heading_deg": 138.2,
        "aoi": "r4-toukola",
        "source_layer": "Ortoilmakuva_2025_5cm",
        "zoom": 16,
        "status": "confirmed",
        "class": "car"
      }
    },
    {
      "type": "Feature",
      "geometry": {
        "type": "Polygon",
        "coordinates": [
          [
            [
              25498469.182,
              6676876.102
            ],
            [
              25498471.171,
              6676877.589
            ],
            [
              25498468.085,
              6676881.719
            ],
            [
              25498466.095,
              6676880.232
            ],
            [
              25498469.182,
              6676876.102
            ]
          ]
        ]
      },
      "properties": {
        "confidence": 0.72,
        "length_m": 5.16,
        "width_m": 2.48,
        "heading_deg": 143.2,
        "aoi": "r4-toukola",
        "source_layer": "Ortoilmakuva_2025_5cm",
        "zoom": 16,
        "status": "confirmed",
        "class": "car"
      }
    },
    {
      "type": "Feature",
      "geometry": {
        "type": "Polygon",
        "coordinates": [
          [
            [
              25498223.352,
              6676892.841
            ],
            [
              25498217.9,
              6676893.454
            ],
            [
              25498218.194,
              6676896.075
            ],
            [
              25498223.646,
              6676895.462
            ],
            [
              25498223.352,
              6676892.841
            ]
          ]
        ]
      },
      "properties": {
        "confidence": 0.7142,
        "length_m": 5.49,
        "width_m": 2.64,
        "heading_deg": 96.4,
        "aoi": "r4-toukola",
        "source_layer": "Ortoilmakuva_2025_5cm",
        "zoom": 16,
        "status": "confirmed",
        "class": "van"
      }
    },
    {
      "type": "Feature",
      "geometry": {
        "type": "Polygon",
        "coordinates": [
          [
            [
              25498281.287,
              6676664.093
            ],
            [
              25498282.74,
              6676662.807
            ],
            [
              25498285.462,
              6676665.882
            ],
            [
              25498284.009,
              6676667.169
            ],
            [
              25498281.287,
              6676664.093
            ]
          ]
        ]
      },
      "properties": {
        "confidence": 0.7141,
        "length_m": 4.11,
        "width_m": 1.94,
        "heading_deg": 41.5,
        "aoi": "r4-toukola",
        "source_layer": "Ortoilmakuva_2025_5cm",
        "zoom": 16,
        "status": "confirmed",
        "class": "car"
      }
    },
    {
      "type": "Feature",
      "geometry": {
        "type": "Polygon",
        "coordinates": [
          [
            [
              25498383.917,
              6676768.661
            ],
            [
              25498385.491,
              6676770.155
            ],
            [
              25498382.25,
              6676773.571
            ],
            [
              25498380.676,
              6676772.078
            ],
            [
              25498383.917,
              6676768.661
            ]
          ]
        ]
      },
      "properties": {
        "confidence": 0.7038,
        "length_m": 4.71,
        "width_m": 2.17,
        "heading_deg": 136.5,
        "aoi": "r4-toukola",
        "source_layer": "Ortoilmakuva_2025_5cm",
        "zoom": 16,
        "status": "confirmed",
        "class": "car"
      }
    },
    {
      "type": "Feature",
      "geometry": {
        "type": "Polygon",
        "coordinates": [
          [
            [
              25498347.62,
              6676762.312
            ],
            [
              25498349.492,
              6676764.068
            ],
            [
              25498345.03,
              6676768.826
            ],
            [
              25498343.157,
              6676767.07
            ],
            [
              25498347.62,
              6676762.312
            ]
          ]
        ]
      },
      "properties": {
        "confidence": 0.7006,
        "length_m": 6.52,
        "width_m": 2.57,
        "heading_deg": 136.8,
        "aoi": "r4-toukola",
        "source_layer": "Ortoilmakuva_2025_5cm",
        "zoom": 16,
        "status": "confirmed",
        "class": "truck"
      }
    },
    {
      "type": "Feature",
      "geometry": {
        "type": "Polygon",
        "coordinates": [
          [
            [
              25498473.84,
              6676801.835
            ],
            [
              25498475.308,
              6676800.4
            ],
            [
              25498478.684,
              6676803.853
            ],
            [
              25498477.216,
              6676805.288
            ],
            [
              25498473.84,
              6676801.835
            ]
          ]
        ]
      },
      "properties": {
        "confidence": 0.6988,
        "length_m": 4.83,
        "width_m": 2.05,
        "heading_deg": 44.4,
        "aoi": "r4-toukola",
        "source_layer": "Ortoilmakuva_2025_5cm",
        "zoom": 16,
        "status": "confirmed",
        "class": "car"
      }
    },
    {
      "type": "Feature",
      "geometry": {
        "type": "Polygon",
        "coordinates": [
          [
            [
              25498247.372,
              6676629.661
            ],
            [
              25498245.904,
              6676631.184
            ],
            [
              25498242.742,
              6676628.135
            ],
            [
              25498244.21,
              6676626.612
            ],
            [
              25498247.372,
              6676629.661
            ]
          ]
        ]
      },
      "properties": {
        "confidence": 0.6986,
        "length_m": 4.39,
        "width_m": 2.12,
        "heading_deg": 46,
        "aoi": "r4-toukola",
        "source_layer": "Ortoilmakuva_2025_5cm",
        "zoom": 16,
        "status": "confirmed",
        "class": "car"
      }
    },
    {
      "type": "Feature",
      "geometry": {
        "type": "Polygon",
        "coordinates": [
          [
            [
              25498353.543,
              6676756.818
            ],
            [
              25498355.284,
              6676758.47
            ],
            [
              25498351.494,
              6676762.467
            ],
            [
              25498349.753,
              6676760.816
            ],
            [
              25498353.543,
              6676756.818
            ]
          ]
        ]
      },
      "properties": {
        "confidence": 0.6986,
        "length_m": 5.51,
        "width_m": 2.4,
        "heading_deg": 136.5,
        "aoi": "r4-toukola",
        "source_layer": "Ortoilmakuva_2025_5cm",
        "zoom": 16,
        "status": "confirmed",
        "class": "car"
      }
    },
    {
      "type": "Feature",
      "geometry": {
        "type": "Polygon",
        "coordinates": [
          [
            [
              25498344.098,
              6676721.968
            ],
            [
              25498340.885,
              6676718.925
            ],
            [
              25498339.478,
              6676720.411
            ],
            [
              25498342.691,
              6676723.454
            ],
            [
              25498344.098,
              6676721.968
            ]
          ]
        ]
      },
      "properties": {
        "confidence": 0.6879,
        "length_m": 4.43,
        "width_m": 2.05,
        "heading_deg": 46.6,
        "aoi": "r4-toukola",
        "source_layer": "Ortoilmakuva_2025_5cm",
        "zoom": 16,
        "status": "confirmed",
        "class": "car"
      }
    },
    {
      "type": "Feature",
      "geometry": {
        "type": "Polygon",
        "coordinates": [
          [
            [
              25498352.549,
              6676690.396
            ],
            [
              25498351.075,
              6676692.023
            ],
            [
              25498347.912,
              6676689.157
            ],
            [
              25498349.386,
              6676687.53
            ],
            [
              25498352.549,
              6676690.396
            ]
          ]
        ]
      },
      "properties": {
        "confidence": 0.6683,
        "length_m": 4.27,
        "width_m": 2.2,
        "heading_deg": 47.8,
        "aoi": "r4-toukola",
        "source_layer": "Ortoilmakuva_2025_5cm",
        "zoom": 16,
        "status": "confirmed",
        "class": "car"
      }
    },
    {
      "type": "Feature",
      "geometry": {
        "type": "Polygon",
        "coordinates": [
          [
            [
              25498378.069,
              6676742.14
            ],
            [
              25498376.73,
              6676743.663
            ],
            [
              25498373.604,
              6676740.915
            ],
            [
              25498374.943,
              6676739.392
            ],
            [
              25498378.069,
              6676742.14
            ]
          ]
        ]
      },
      "properties": {
        "confidence": 0.6601,
        "length_m": 4.16,
        "width_m": 2.03,
        "heading_deg": 48.7,
        "aoi": "r4-toukola",
        "source_layer": "Ortoilmakuva_2025_5cm",
        "zoom": 16,
        "status": "rejected",
        "class": ""
      }
    },
    {
      "type": "Feature",
      "geometry": {
        "type": "Polygon",
        "coordinates": [
          [
            [
              25498476.424,
              6676899.577
            ],
            [
              25498478.415,
              6676901.141
            ],
            [
              25498475.198,
              6676905.234
            ],
            [
              25498473.208,
              6676903.67
            ],
            [
              25498476.424,
              6676899.577
            ]
          ]
        ]
      },
      "properties": {
        "confidence": 0.6536,
        "length_m": 5.21,
        "width_m": 2.53,
        "heading_deg": 141.8,
        "aoi": "r4-toukola",
        "source_layer": "Ortoilmakuva_2025_5cm",
        "zoom": 16,
        "status": "rejected",
        "class": ""
      }
    },
    {
      "type": "Feature",
      "geometry": {
        "type": "Polygon",
        "coordinates": [
          [
            [
              25498326.001,
              6676834.174
            ],
            [
              25498324.372,
              6676835.912
            ],
            [
              25498320.853,
              6676832.616
            ],
            [
              25498322.482,
              6676830.877
            ],
            [
              25498326.001,
              6676834.174
            ]
          ]
        ]
      },
      "properties": {
        "confidence": 0.6528,
        "length_m": 4.82,
        "width_m": 2.38,
        "heading_deg": 46.9,
        "aoi": "r4-toukola",
        "source_layer": "Ortoilmakuva_2025_5cm",
        "zoom": 16,
        "status": "confirmed",
        "class": "car"
      }
    },
    {
      "type": "Feature",
      "geometry": {
        "type": "Polygon",
        "coordinates": [
          [
            [
              25498355.282,
              6676732.667
            ],
            [
              25498353.888,
              6676734.256
            ],
            [
              25498349.717,
              6676730.594
            ],
            [
              25498351.112,
              6676729.006
            ],
            [
              25498355.282,
              6676732.667
            ]
          ]
        ]
      },
      "properties": {
        "confidence": 0.6414,
        "length_m": 5.55,
        "width_m": 2.11,
        "heading_deg": 48.7,
        "aoi": "r4-toukola",
        "source_layer": "Ortoilmakuva_2025_5cm",
        "zoom": 16,
        "status": "confirmed",
        "class": "van"
      }
    },
    {
      "type": "Feature",
      "geometry": {
        "type": "Polygon",
        "coordinates": [
          [
            [
              25498420.486,
              6676748.042
            ],
            [
              25498417.054,
              6676744.41
            ],
            [
              25498415.558,
              6676745.824
            ],
            [
              25498418.99,
              6676749.456
            ],
            [
              25498420.486,
              6676748.042
            ]
          ]
        ]
      },
      "properties": {
        "confidence": 0.6389,
        "length_m": 5,
        "width_m": 2.06,
        "heading_deg": 43.4,
        "aoi": "r4-toukola",
        "source_layer": "Ortoilmakuva_2025_5cm",
        "zoom": 16,
        "status": "confirmed",
        "class": "car"
      }
    },
    {
      "type": "Feature",
      "geometry": {
        "type": "Polygon",
        "coordinates": [
          [
            [
              25498443.085,
              6676877.074
            ],
            [
              25498444.89,
              6676878.814
            ],
            [
              25498440.763,
              6676883.093
            ],
            [
              25498438.959,
              6676881.353
            ],
            [
              25498443.085,
              6676877.074
            ]
          ]
        ]
      },
      "properties": {
        "confidence": 0.6384,
        "length_m": 5.94,
        "width_m": 2.51,
        "heading_deg": 136,
        "aoi": "r4-toukola",
        "source_layer": "Ortoilmakuva_2025_5cm",
        "zoom": 16,
        "status": "confirmed",
        "class": "van"
      }
    },
    {
      "type": "Feature",
      "geometry": {
        "type": "Polygon",
        "coordinates": [
          [
            [
              25498313.14,
              6676766.562
            ],
            [
              25498314.831,
              6676764.949
            ],
            [
              25498318.387,
              6676768.674
            ],
            [
              25498316.696,
              6676770.288
            ],
            [
              25498313.14,
              6676766.562
            ]
          ]
        ]
      },
      "properties": {
        "confidence": 0.6191,
        "length_m": 5.15,
        "width_m": 2.34,
        "heading_deg": 43.7,
        "aoi": "r4-toukola",
        "source_layer": "Ortoilmakuva_2025_5cm",
        "zoom": 16,
        "status": "confirmed",
        "class": "car"
      }
    },
    {
      "type": "Feature",
      "geometry": {
        "type": "Polygon",
        "coordinates": [
          [
            [
              25498312.466,
              6676731.976
            ],
            [
              25498314.114,
              6676730.377
            ],
            [
              25498317.849,
              6676734.227
            ],
            [
              25498316.2,
              6676735.826
            ],
            [
              25498312.466,
              6676731.976
            ]
          ]
        ]
      },
      "properties": {
        "confidence": 0.5922,
        "length_m": 5.36,
        "width_m": 2.3,
        "heading_deg": 44.1,
        "aoi": "r4-toukola",
        "source_layer": "Ortoilmakuva_2025_5cm",
        "zoom": 16,
        "status": "confirmed",
        "class": "van"
      }
    },
    {
      "type": "Feature",
      "geometry": {
        "type": "Polygon",
        "coordinates": [
          [
            [
              25498358.9,
              6676735.551
            ],
            [
              25498356.02,
              6676732.838
            ],
            [
              25498354.256,
              6676734.71
            ],
            [
              25498357.137,
              6676737.423
            ],
            [
              25498358.9,
              6676735.551
            ]
          ]
        ]
      },
      "properties": {
        "confidence": 0.5827,
        "length_m": 3.96,
        "width_m": 2.57,
        "heading_deg": 46.7,
        "aoi": "r4-toukola",
        "source_layer": "Ortoilmakuva_2025_5cm",
        "zoom": 16,
        "status": "confirmed",
        "class": "car"
      }
    },
    {
      "type": "Feature",
      "geometry": {
        "type": "Polygon",
        "coordinates": [
          [
            [
              25498373.244,
              6676669.04
            ],
            [
              25498373.148,
              6676671.204
            ],
            [
              25498368.55,
              6676671.001
            ],
            [
              25498368.645,
              6676668.838
            ],
            [
              25498373.244,
              6676669.04
            ]
          ]
        ]
      },
      "properties": {
        "confidence": 0.5785,
        "length_m": 4.6,
        "width_m": 2.17,
        "heading_deg": 87.5,
        "aoi": "r4-toukola",
        "source_layer": "Ortoilmakuva_2025_5cm",
        "zoom": 16,
        "status": "rejected",
        "class": ""
      }
    },
    {
      "type": "Feature",
      "geometry": {
        "type": "Polygon",
        "coordinates": [
          [
            [
              25498246.475,
              6676698.954
            ],
            [
              25498244.639,
              6676700.97
            ],
            [
              25498239.668,
              6676696.442
            ],
            [
              25498241.504,
              6676694.426
            ],
            [
              25498246.475,
              6676698.954
            ]
          ]
        ]
      },
      "properties": {
        "confidence": 0.5435,
        "length_m": 6.72,
        "width_m": 2.73,
        "heading_deg": 47.7,
        "aoi": "r4-toukola",
        "source_layer": "Ortoilmakuva_2025_5cm",
        "zoom": 16,
        "status": "confirmed",
        "class": "truck"
      }
    },
    {
      "type": "Feature",
      "geometry": {
        "type": "Polygon",
        "coordinates": [
          [
            [
              25498217.003,
              6676894.296
            ],
            [
              25498217.63,
              6676896.147
            ],
            [
              25498213.534,
              6676897.534
            ],
            [
              25498212.907,
              6676895.683
            ],
            [
              25498217.003,
              6676894.296
            ]
          ]
        ]
      },
      "properties": {
        "confidence": 0.5425,
        "length_m": 4.32,
        "width_m": 1.95,
        "heading_deg": 108.7,
        "aoi": "r4-toukola",
        "source_layer": "Ortoilmakuva_2025_5cm",
        "zoom": 16,
        "status": "confirmed",
        "class": "car"
      }
    },
    {
      "type": "Feature",
      "geometry": {
        "type": "Polygon",
        "coordinates": [
          [
            [
              25498352.691,
              6676670.387
            ],
            [
              25498354.53,
              6676672.018
            ],
            [
              25498350.988,
              6676676.009
            ],
            [
              25498349.15,
              6676674.378
            ],
            [
              25498352.691,
              6676670.387
            ]
          ]
        ]
      },
      "properties": {
        "confidence": 0.5419,
        "length_m": 5.34,
        "width_m": 2.46,
        "heading_deg": 138.4,
        "aoi": "r4-toukola",
        "source_layer": "Ortoilmakuva_2025_5cm",
        "zoom": 16,
        "status": "confirmed",
        "class": "van"
      }
    },
    {
      "type": "Feature",
      "geometry": {
        "type": "Polygon",
        "coordinates": [
          [
            [
              25498387.847,
              6676897.471
            ],
            [
              25498389.901,
              6676897.271
            ],
            [
              25498390.339,
              6676901.775
            ],
            [
              25498388.285,
              6676901.974
            ],
            [
              25498387.847,
              6676897.471
            ]
          ]
        ]
      },
      "properties": {
        "confidence": 0.4956,
        "length_m": 4.53,
        "width_m": 2.06,
        "heading_deg": 5.6,
        "aoi": "r4-toukola",
        "source_layer": "Ortoilmakuva_2025_5cm",
        "zoom": 16,
        "status": "rejected",
        "class": ""
      }
    },
    {
      "type": "Feature",
      "geometry": {
        "type": "Polygon",
        "coordinates": [
          [
            [
              25498476.701,
              6676801.889
            ],
            [
              25498478.927,
              6676801.955
            ],
            [
              25498478.785,
              6676806.757
            ],
            [
              25498476.559,
              6676806.69
            ],
            [
              25498476.701,
              6676801.889
            ]
          ]
        ]
      },
      "properties": {
        "confidence": 0.4854,
        "length_m": 4.8,
        "width_m": 2.23,
        "heading_deg": 178.3,
        "aoi": "r4-toukola",
        "source_layer": "Ortoilmakuva_2025_5cm",
        "zoom": 16,
        "status": "rejected",
        "class": ""
      }
    },
    {
      "type": "Feature",
      "geometry": {
        "type": "Polygon",
        "coordinates": [
          [
            [
              25498346.887,
              6676779.51
            ],
            [
              25498348.202,
              6676780.852
            ],
            [
              25498345.08,
              6676783.913
            ],
            [
              25498343.765,
              6676782.571
            ],
            [
              25498346.887,
              6676779.51
            ]
          ]
        ]
      },
      "properties": {
        "confidence": 0.4628,
        "length_m": 4.37,
        "width_m": 1.88,
        "heading_deg": 134.4,
        "aoi": "r4-toukola",
        "source_layer": "Ortoilmakuva_2025_5cm",
        "zoom": 16,
        "status": "confirmed",
        "class": "car"
      }
    },
    {
      "type": "Feature",
      "geometry": {
        "type": "Polygon",
        "coordinates": [
          [
            [
              25498370.933,
              6676666.402
            ],
            [
              25498372.749,
              6676666.956
            ],
            [
              25498371.398,
              6676671.386
            ],
            [
              25498369.582,
              6676670.833
            ],
            [
              25498370.933,
              6676666.402
            ]
          ]
        ]
      },
      "properties": {
        "confidence": 0.4582,
        "length_m": 4.63,
        "width_m": 1.9,
        "heading_deg": 163,
        "aoi": "r4-toukola",
        "source_layer": "Ortoilmakuva_2025_5cm",
        "zoom": 16,
        "status": "rejected",
        "class": ""
      }
    },
    {
      "type": "Feature",
      "geometry": {
        "type": "Polygon",
        "coordinates": [
          [
            [
              25498373.725,
              6676736.917
            ],
            [
              25498372.139,
              6676738.737
            ],
            [
              25498368.475,
              6676735.543
            ],
            [
              25498370.061,
              6676733.723
            ],
            [
              25498373.725,
              6676736.917
            ]
          ]
        ]
      },
      "properties": {
        "confidence": 0.4492,
        "length_m": 4.86,
        "width_m": 2.41,
        "heading_deg": 48.9,
        "aoi": "r4-toukola",
        "source_layer": "Ortoilmakuva_2025_5cm",
        "zoom": 16,
        "status": "rejected",
        "class": ""
      }
    },
    {
      "type": "Feature",
      "geometry": {
        "type": "Polygon",
        "coordinates": [
          [
            [
              25498444.372,
              6676868.764
            ],
            [
              25498446.278,
              6676870.52
            ],
            [
              25498442.339,
              6676874.795
            ],
            [
              25498440.433,
              6676873.039
            ],
            [
              25498444.372,
              6676868.764
            ]
          ]
        ]
      },
      "properties": {
        "confidence": 0.4102,
        "length_m": 5.81,
        "width_m": 2.59,
        "heading_deg": 137.3,
        "aoi": "r4-toukola",
        "source_layer": "Ortoilmakuva_2025_5cm",
        "zoom": 16,
        "status": "confirmed",
        "class": "van"
      }
    },
    {
      "type": "Feature",
      "geometry": {
        "type": "Polygon",
        "coordinates": [
          [
            [
              25498289.631,
              6676659.676
            ],
            [
              25498291.325,
              6676658.174
            ],
            [
              25498294.472,
              6676661.721
            ],
            [
              25498292.779,
              6676663.223
            ],
            [
              25498289.631,
              6676659.676
            ]
          ]
        ]
      },
      "properties": {
        "confidence": 0.4077,
        "length_m": 4.74,
        "width_m": 2.26,
        "heading_deg": 41.6,
        "aoi": "r4-toukola",
        "source_layer": "Ortoilmakuva_2025_5cm",
        "zoom": 16,
        "status": "rejected",
        "class": ""
      }
    },
    {
      "type": "Feature",
      "geometry": {
        "type": "Polygon",
        "coordinates": [
          [
            [
              25498480.969,
              6676805.273
            ],
            [
              25498479.674,
              6676807.183
            ],
            [
              25498473.699,
              6676803.133
            ],
            [
              25498474.994,
              6676801.222
            ],
            [
              25498480.969,
              6676805.273
            ]
          ]
        ]
      },
      "properties": {
        "confidence": 0.4041,
        "length_m": 7.22,
        "width_m": 2.31,
        "heading_deg": 55.9,
        "aoi": "r4-toukola",
        "source_layer": "Ortoilmakuva_2025_5cm",
        "zoom": 16,
        "status": "rejected",
        "class": ""
      }
    },
    {
      "type": "Feature",
      "geometry": {
        "type": "Polygon",
        "coordinates": [
          [
            [
              25498407.164,
              6676856.122
            ],
            [
              25498407.594,
              6676857.99
            ],
            [
              25498403.598,
              6676858.909
            ],
            [
              25498403.169,
              6676857.042
            ],
            [
              25498407.164,
              6676856.122
            ]
          ]
        ]
      },
      "properties": {
        "confidence": 0.3992,
        "length_m": 4.1,
        "width_m": 1.92,
        "heading_deg": 103,
        "aoi": "r4-toukola",
        "source_layer": "Ortoilmakuva_2025_5cm",
        "zoom": 16,
        "status": "rejected",
        "class": ""
      }
    },
    {
      "type": "Feature",
      "geometry": {
        "type": "Polygon",
        "coordinates": [
          [
            [
              25498392.171,
              6676897.987
            ],
            [
              25498393.03,
              6676900.05
            ],
            [
              25498387.978,
              6676902.154
            ],
            [
              25498387.119,
              6676900.092
            ],
            [
              25498392.171,
              6676897.987
            ]
          ]
        ]
      },
      "properties": {
        "confidence": 0.3825,
        "length_m": 5.47,
        "width_m": 2.23,
        "heading_deg": 112.6,
        "aoi": "r4-toukola",
        "source_layer": "Ortoilmakuva_2025_5cm",
        "zoom": 16,
        "status": "rejected",
        "class": ""
      }
    },
    {
      "type": "Feature",
      "geometry": {
        "type": "Polygon",
        "coordinates": [
          [
            [
              25498420.582,
              6676745.32
            ],
            [
              25498421.455,
              6676747.289
            ],
            [
              25498417.034,
              6676749.249
            ],
            [
              25498416.161,
              6676747.28
            ],
            [
              25498420.582,
              6676745.32
            ]
          ]
        ]
      },
      "properties": {
        "confidence": 0.3807,
        "length_m": 4.84,
        "width_m": 2.15,
        "heading_deg": 113.9,
        "aoi": "r4-toukola",
        "source_layer": "Ortoilmakuva_2025_5cm",
        "zoom": 16,
        "status": "rejected",
        "class": ""
      }
    },
    {
      "type": "Feature",
      "geometry": {
        "type": "Polygon",
        "coordinates": [
          [
            [
              25498362.228,
              6676795.182
            ],
            [
              25498363.467,
              6676796.399
            ],
            [
              25498360.662,
              6676799.255
            ],
            [
              25498359.423,
              6676798.038
            ],
            [
              25498362.228,
              6676795.182
            ]
          ]
        ]
      },
      "properties": {
        "confidence": 0.3679,
        "length_m": 4,
        "width_m": 1.74,
        "heading_deg": 135.5,
        "aoi": "r4-toukola",
        "source_layer": "Ortoilmakuva_2025_5cm",
        "zoom": 16,
        "status": "confirmed",
        "class": "car"
      }
    },
    {
      "type": "Feature",
      "geometry": {
        "type": "Polygon",
        "coordinates": [
          [
            [
              25498338.956,
              6676727.429
            ],
            [
              25498341.796,
              6676728.066
            ],
            [
              25498340.262,
              6676734.898
            ],
            [
              25498337.422,
              6676734.261
            ],
            [
              25498338.956,
              6676727.429
            ]
          ]
        ]
      },
      "properties": {
        "confidence": 0.3326,
        "length_m": 7,
        "width_m": 2.91,
        "heading_deg": 167.3,
        "aoi": "r4-toukola",
        "source_layer": "Ortoilmakuva_2025_5cm",
        "zoom": 16,
        "status": "confirmed",
        "class": "truck"
      }
    },
    {
      "type": "Feature",
      "geometry": {
        "type": "Polygon",
        "coordinates": [
          [
            [
              25498235.39,
              6676648.564
            ],
            [
              25498237.92,
              6676646.355
            ],
            [
              25498246.084,
              6676655.705
            ],
            [
              25498243.553,
              6676657.914
            ],
            [
              25498235.39,
              6676648.564
            ]
          ]
        ]
      },
      "properties": {
        "confidence": 0.3166,
        "length_m": 12.41,
        "width_m": 3.36,
        "heading_deg": 41.1,
        "aoi": "r4-toukola",
        "source_layer": "Ortoilmakuva_2025_5cm",
        "zoom": 16,
        "status": "rejected",
        "class": ""
      }
    },
    {
      "type": "Feature",
      "geometry": {
        "type": "Polygon",
        "coordinates": [
          [
            [
              25498419.563,
              6676743.328
            ],
            [
              25498421.032,
              6676745.226
            ],
            [
              25498416.992,
              6676748.352
            ],
            [
              25498415.523,
              6676746.455
            ],
            [
              25498419.563,
              6676743.328
            ]
          ]
        ]
      },
      "properties": {
        "confidence": 0.2916,
        "length_m": 5.11,
        "width_m": 2.4,
        "heading_deg": 127.7,
        "aoi": "r4-toukola",
        "source_layer": "Ortoilmakuva_2025_5cm",
        "zoom": 16,
        "status": "rejected",
        "class": ""
      }
    },
    {
      "type": "Feature",
      "geometry": {
        "type": "Polygon",
        "coordinates": [
          [
            [
              25498481.594,
              6676852.413
            ],
            [
              25498480.313,
              6676853.863
            ],
            [
              25498476.943,
              6676850.885
            ],
            [
              25498478.224,
              6676849.435
            ],
            [
              25498481.594,
              6676852.413
            ]
          ]
        ]
      },
      "properties": {
        "confidence": 0.2801,
        "length_m": 4.5,
        "width_m": 1.93,
        "heading_deg": 48.5,
        "aoi": "r4-toukola",
        "source_layer": "Ortoilmakuva_2025_5cm",
        "zoom": 16,
        "status": "confirmed",
        "class": "car"
      }
    },
    {
      "type": "Feature",
      "geometry": {
        "type": "Polygon",
        "coordinates": [
          [
            [
              25498417.048,
              6676745.529
            ],
            [
              25498419.375,
              6676745.65
            ],
            [
              25498419.124,
              6676750.483
            ],
            [
              25498416.797,
              6676750.362
            ],
            [
              25498417.048,
              6676745.529
            ]
          ]
        ]
      },
      "properties": {
        "confidence": 0.2585,
        "length_m": 4.84,
        "width_m": 2.33,
        "heading_deg": 177,
        "aoi": "r4-toukola",
        "source_layer": "Ortoilmakuva_2025_5cm",
        "zoom": 16,
        "status": "rejected",
        "class": ""
      }
    },
    {
      "type": "Feature",
      "geometry": {
        "type": "Polygon",
        "coordinates": [
          [
            [
              25498326.789,
              6676717.126
            ],
            [
              25498329.542,
              6676717.838
            ],
            [
              25498328.206,
              6676723.008
            ],
            [
              25498325.453,
              6676722.297
            ],
            [
              25498326.789,
              6676717.126
            ]
          ]
        ]
      },
      "properties": {
        "confidence": 0.2556,
        "length_m": 5.34,
        "width_m": 2.84,
        "heading_deg": 165.5,
        "aoi": "r4-toukola",
        "source_layer": "Ortoilmakuva_2025_5cm",
        "zoom": 16,
        "status": "rejected",
        "class": ""
      }
    },
    {
      "type": "Feature",
      "geometry": {
        "type": "Polygon",
        "coordinates": [
          [
            [
              25498368.143,
              6676665.93
            ],
            [
              25498370.103,
              6676665.981
            ],
            [
              25498369.973,
              6676670.974
            ],
            [
              25498368.013,
              6676670.923
            ],
            [
              25498368.143,
              6676665.93
            ]
          ]
        ]
      },
      "properties": {
        "confidence": 0.2501,
        "length_m": 4.99,
        "width_m": 1.96,
        "heading_deg": 178.5,
        "aoi": "r4-toukola",
        "source_layer": "Ortoilmakuva_2025_5cm",
        "zoom": 16,
        "status": "rejected",
        "class": ""
      }
    },
    {
      "type": "Feature",
      "geometry": {
        "type": "Polygon",
        "coordinates": [
          [
            [
              25498388.676,
              6676652.757
            ],
            [
              25498387.409,
              6676654.304
            ],
            [
              25498384.249,
              6676651.719
            ],
            [
              25498385.516,
              6676650.171
            ],
            [
              25498388.676,
              6676652.757
            ]
          ]
        ]
      },
      "properties": {
        "confidence": 0.2079,
        "length_m": 4.08,
        "width_m": 2,
        "heading_deg": 50.7,
        "aoi": "r4-toukola",
        "source_layer": "Ortoilmakuva_2025_5cm",
        "zoom": 16,
        "status": "confirmed",
        "class": "car"
      }
    },
    {
      "type": "Feature",
      "geometry": {
        "type": "Polygon",
        "coordinates": [
          [
            [
              25498375.342,
              6676804.455
            ],
            [
              25498377.011,
              6676805.964
            ],
            [
              25498373.06,
              6676810.335
            ],
            [
              25498371.39,
              6676808.826
            ],
            [
              25498375.342,
              6676804.455
            ]
          ]
        ]
      },
      "properties": {
        "confidence": 0.1581,
        "length_m": 5.89,
        "width_m": 2.25,
        "heading_deg": 137.9,
        "aoi": "r4-toukola",
        "source_layer": "Ortoilmakuva_2025_5cm",
        "zoom": 16,
        "status": "rejected",
        "class": ""
      }
    },
    {
      "type": "Feature",
      "geometry": {
        "type": "Polygon",
        "coordinates": [
          [
            [
              25498461.175,
              6676704.948
            ],
            [
              25498458.45,
              6676702.259
            ],
            [
              25498457.116,
              6676703.612
            ],
            [
              25498459.841,
              6676706.3
            ],
            [
              25498461.175,
              6676704.948
            ]
          ]
        ]
      },
      "properties": {
        "class": "car",
        "status": "added",
        "confidence": null,
        "aoi": "r4-toukola",
        "source_layer": "Ortoilmakuva_2025_5cm",
        "zoom": 16,
        "length_m": 3.83,
        "width_m": 1.9,
        "heading_deg": 45.4
      }
    },
    {
      "type": "Feature",
      "geometry": {
        "type": "Polygon",
        "coordinates": [
          [
            [
              25498344.49,
              6676733.176
            ],
            [
              25498343.652,
              6676739.352
            ],
            [
              25498346.286,
              6676739.709
            ],
            [
              25498347.125,
              6676733.533
            ],
            [
              25498344.49,
              6676733.176
            ]
          ]
        ]
      },
      "properties": {
        "class": "truck",
        "status": "added",
        "confidence": null,
        "aoi": "r4-toukola",
        "source_layer": "Ortoilmakuva_2025_5cm",
        "zoom": 16,
        "length_m": 6.23,
        "width_m": 2.66,
        "heading_deg": 172.3
      }
    }
  ]
}
