{
  "type": "FeatureCollection",
  "crs": {
    "type": "name",
    "properties": {
      "name": "urn:ogc:def:crs:EPSG::3879"
    }
  },
  "features": [
    {
      "type": "Feature",
      "geometry": {
        "type": "Polygon",
        "coordinates": [
          [
            [
              25501372.919,
              6685722.542
            ],
            [
              25501373.505,
              6685725.014
            ],
            [
              25501367.662,
              6685726.4
            ],
            [
              25501367.076,
              6685723.928
            ],
            [
              25501372.919,
              6685722.542
            ]
          ]
        ]
      },
      "properties": {
        "confidence": 0.957,
        "length_m": 6.01,
        "width_m": 2.54,
        "heading_deg": 103.3,
        "aoi": "r4-tapulikaupunki",
        "source_layer": "Ortoilmakuva_2025_5cm",
        "zoom": 16,
        "status": "confirmed",
        "class": "van"
      }
    },
    {
      "type": "Feature",
      "geometry": {
        "type": "Polygon",
        "coordinates": [
          [
            [
              25501464.748,
              6685729.987
            ],
            [
              25501465.422,
              6685732.446
            ],
            [
              25501459.531,
              6685734.061
            ],
            [
              25501458.857,
              6685731.602
            ],
            [
              25501464.748,
              6685729.987
            ]
          ]
        ]
      },
      "properties": {
        "confidence": 0.9536,
        "length_m": 6.11,
        "width_m": 2.55,
        "heading_deg": 105.3,
        "aoi": "r4-tapulikaupunki",
        "source_layer": "Ortoilmakuva_2025_5cm",
        "zoom": 16,
        "status": "confirmed",
        "class": "van"
      }
    },
    {
      "type": "Feature",
      "geometry": {
        "type": "Polygon",
        "coordinates": [
          [
            [
              25501372.733,
              6685676.426
            ],
            [
              25501373.397,
              6685678.898
            ],
            [
              25501367.681,
              6685680.433
            ],
            [
              25501367.017,
              6685677.961
            ],
            [
              25501372.733,
              6685676.426
            ]
          ]
        ]
      },
      "properties": {
        "confidence": 0.9526,
        "length_m": 5.92,
        "width_m": 2.56,
        "heading_deg": 105,
        "aoi": "r4-tapulikaupunki",
        "source_layer": "Ortoilmakuva_2025_5cm",
        "zoom": 16,
        "status": "confirmed",
        "class": "van"
      }
    },
    {
      "type": "Feature",
      "geometry": {
        "type": "Polygon",
        "coordinates": [
          [
            [
              25501479.916,
              6685650.262
            ],
            [
              25501480.44,
              6685652.482
            ],
            [
              25501475.37,
              6685653.679
            ],
            [
              25501474.846,
              6685651.459
            ],
            [
              25501479.916,
              6685650.262
            ]
          ]
        ]
      },
      "properties": {
        "confidence": 0.9515,
        "length_m": 5.21,
        "width_m": 2.28,
        "heading_deg": 103.3,
        "aoi": "r4-tapulikaupunki",
        "source_layer": "Ortoilmakuva_2025_5cm",
        "zoom": 16,
        "status": "confirmed",
        "class": "car"
      }
    },
    {
      "type": "Feature",
      "geometry": {
        "type": "Polygon",
        "coordinates": [
          [
            [
              25501371.533,
              6685670.95
            ],
            [
              25501372.143,
              6685673.471
            ],
            [
              25501366.449,
              6685674.848
            ],
            [
              25501365.839,
              6685672.328
            ],
            [
              25501371.533,
              6685670.95
            ]
          ]
        ]
      },
      "properties": {
        "confidence": 0.9514,
        "length_m": 5.86,
        "width_m": 2.59,
        "heading_deg": 103.6,
        "aoi": "r4-tapulikaupunki",
        "source_layer": "Ortoilmakuva_2025_5cm",
        "zoom": 16,
        "status": "confirmed",
        "class": "van"
      }
    },
    {
      "type": "Feature",
      "geometry": {
        "type": "Polygon",
        "coordinates": [
          [
            [
              25501200.728,
              6685724.584
            ],
            [
              25501201.473,
              6685726.797
            ],
            [
              25501196.815,
              6685728.365
            ],
            [
              25501196.07,
              6685726.152
            ],
            [
              25501200.728,
              6685724.584
            ]
          ]
        ]
      },
      "properties": {
        "confidence": 0.9486,
        "length_m": 4.91,
        "width_m": 2.34,
        "heading_deg": 108.6,
        "aoi": "r4-tapulikaupunki",
        "source_layer": "Ortoilmakuva_2025_5cm",
        "zoom": 16,
        "status": "confirmed",
        "class": "car"
      }
    },
    {
      "type": "Feature",
      "geometry": {
        "type": "Polygon",
        "coordinates": [
          [
            [
              25501348.339,
              6685725.324
            ],
            [
              25501348.88,
              6685727.558
            ],
            [
              25501344.188,
              6685728.693
            ],
            [
              25501343.648,
              6685726.458
            ],
            [
              25501348.339,
              6685725.324
            ]
          ]
        ]
      },
      "properties": {
        "confidence": 0.9485,
        "length_m": 4.83,
        "width_m": 2.3,
        "heading_deg": 103.6,
        "aoi": "r4-tapulikaupunki",
        "source_layer": "Ortoilmakuva_2025_5cm",
        "zoom": 16,
        "status": "confirmed",
        "class": "car"
      }
    },
    {
      "type": "Feature",
      "geometry": {
        "type": "Polygon",
        "coordinates": [
          [
            [
              25501481.831,
              6685711.245
            ],
            [
              25501482.318,
              6685713.353
            ],
            [
              25501477.865,
              6685714.382
            ],
            [
              25501477.378,
              6685712.273
            ],
            [
              25501481.831,
              6685711.245
            ]
          ]
        ]
      },
      "properties": {
        "confidence": 0.9478,
        "length_m": 4.57,
        "width_m": 2.16,
        "heading_deg": 103,
        "aoi": "r4-tapulikaupunki",
        "source_layer": "Ortoilmakuva_2025_5cm",
        "zoom": 16,
        "status": "confirmed",
        "class": "car"
      }
    },
    {
      "type": "Feature",
      "geometry": {
        "type": "Polygon",
        "coordinates": [
          [
            [
              25501332.383,
              6685726.365
            ],
            [
              25501332.932,
              6685728.356
            ],
            [
              25501328.609,
              6685729.547
            ],
            [
              25501328.06,
              6685727.556
            ],
            [
              25501332.383,
              6685726.365
            ]
          ]
        ]
      },
      "properties": {
        "confidence": 0.9478,
        "length_m": 4.48,
        "width_m": 2.07,
        "heading_deg": 105.4,
        "aoi": "r4-tapulikaupunki",
        "source_layer": "Ortoilmakuva_2025_5cm",
        "zoom": 16,
        "status": "confirmed",
        "class": "car"
      }
    },
    {
      "type": "Feature",
      "geometry": {
        "type": "Polygon",
        "coordinates": [
          [
            [
              25501215.154,
              6685754.964
            ],
            [
              25501215.657,
              6685757.123
            ],
            [
              25501211.122,
              6685758.179
            ],
            [
              25501210.619,
              6685756.021
            ],
            [
              25501215.154,
              6685754.964
            ]
          ]
        ]
      },
      "properties": {
        "confidence": 0.9474,
        "length_m": 4.66,
        "width_m": 2.22,
        "heading_deg": 103.1,
        "aoi": "r4-tapulikaupunki",
        "source_layer": "Ortoilmakuva_2025_5cm",
        "zoom": 16,
        "status": "confirmed",
        "class": "car"
      }
    },
    {
      "type": "Feature",
      "geometry": {
        "type": "Polygon",
        "coordinates": [
          [
            [
              25501489.016,
              6685666.115
            ],
            [
              25501489.527,
              6685668.242
            ],
            [
              25501484.689,
              6685669.405
            ],
            [
              25501484.178,
              6685667.277
            ],
            [
              25501489.016,
              6685666.115
            ]
          ]
        ]
      },
      "properties": {
        "confidence": 0.9469,
        "length_m": 4.98,
        "width_m": 2.19,
        "heading_deg": 103.5,
        "aoi": "r4-tapulikaupunki",
        "source_layer": "Ortoilmakuva_2025_5cm",
        "zoom": 16,
        "status": "confirmed",
        "class": "car"
      }
    },
    {
      "type": "Feature",
      "geometry": {
        "type": "Polygon",
        "coordinates": [
          [
            [
              25501209.877,
              6685756.085
            ],
            [
              25501210.613,
              6685758.392
            ],
            [
              25501205.795,
              6685759.929
            ],
            [
              25501205.059,
              6685757.623
            ],
            [
              25501209.877,
              6685756.085
            ]
          ]
        ]
      },
      "properties": {
        "confidence": 0.9469,
        "length_m": 5.06,
        "width_m": 2.42,
        "heading_deg": 107.7,
        "aoi": "r4-tapulikaupunki",
        "source_layer": "Ortoilmakuva_2025_5cm",
        "zoom": 16,
        "status": "confirmed",
        "class": "car"
      }
    },
    {
      "type": "Feature",
      "geometry": {
        "type": "Polygon",
        "coordinates": [
          [
            [
              25501327.274,
              6685705.127
            ],
            [
              25501327.839,
              6685707.149
            ],
            [
              25501323.492,
              6685708.363
            ],
            [
              25501322.928,
              6685706.342
            ],
            [
              25501327.274,
              6685705.127
            ]
          ]
        ]
      },
      "properties": {
        "confidence": 0.9466,
        "length_m": 4.51,
        "width_m": 2.1,
        "heading_deg": 105.6,
        "aoi": "r4-tapulikaupunki",
        "source_layer": "Ortoilmakuva_2025_5cm",
        "zoom": 16,
        "status": "confirmed",
        "class": "car"
      }
    },
    {
      "type": "Feature",
      "geometry": {
        "type": "Polygon",
        "coordinates": [
          [
            [
              25501332.593,
              6685705.907
            ],
            [
              25501333.089,
              6685708.129
            ],
            [
              25501328.288,
              6685709.201
            ],
            [
              25501327.792,
              6685706.979
            ],
            [
              25501332.593,
              6685705.907
            ]
          ]
        ]
      },
      "properties": {
        "confidence": 0.9463,
        "length_m": 4.92,
        "width_m": 2.28,
        "heading_deg": 102.6,
        "aoi": "r4-tapulikaupunki",
        "source_layer": "Ortoilmakuva_2025_5cm",
        "zoom": 16,
        "status": "confirmed",
        "class": "car"
      }
    },
    {
      "type": "Feature",
      "geometry": {
        "type": "Polygon",
        "coordinates": [
          [
            [
              25501426.149,
              6685738.156
            ],
            [
              25501420.555,
              6685739.722
            ],
            [
              25501421.287,
              6685742.337
            ],
            [
              25501426.881,
              6685740.771
            ],
            [
              25501426.149,
              6685738.156
            ]
          ]
        ]
      },
      "properties": {
        "confidence": 0.9459,
        "length_m": 5.81,
        "width_m": 2.71,
        "heading_deg": 105.6,
        "aoi": "r4-tapulikaupunki",
        "source_layer": "Ortoilmakuva_2025_5cm",
        "zoom": 16,
        "status": "confirmed",
        "class": "van"
      }
    },
    {
      "type": "Feature",
      "geometry": {
        "type": "Polygon",
        "coordinates": [
          [
            [
              25501267.692,
              6685731.537
            ],
            [
              25501268.326,
              6685733.86
            ],
            [
              25501262.841,
              6685735.357
            ],
            [
              25501262.206,
              6685733.034
            ],
            [
              25501267.692,
              6685731.537
            ]
          ]
        ]
      },
      "properties": {
        "confidence": 0.9458,
        "length_m": 5.69,
        "width_m": 2.41,
        "heading_deg": 105.3,
        "aoi": "r4-tapulikaupunki",
        "source_layer": "Ortoilmakuva_2025_5cm",
        "zoom": 16,
        "status": "confirmed",
        "class": "van"
      }
    },
    {
      "type": "Feature",
      "geometry": {
        "type": "Polygon",
        "coordinates": [
          [
            [
              25501350.268,
              6685733.116
            ],
            [
              25501350.672,
              6685735.181
            ],
            [
              25501346.042,
              6685736.085
            ],
            [
              25501345.638,
              6685734.02
            ],
            [
              25501350.268,
              6685733.116
            ]
          ]
        ]
      },
      "properties": {
        "confidence": 0.9457,
        "length_m": 4.72,
        "width_m": 2.1,
        "heading_deg": 101,
        "aoi": "r4-tapulikaupunki",
        "source_layer": "Ortoilmakuva_2025_5cm",
        "zoom": 16,
        "status": "confirmed",
        "class": "car"
      }
    },
    {
      "type": "Feature",
      "geometry": {
        "type": "Polygon",
        "coordinates": [
          [
            [
              25501194.469,
              6685740.858
            ],
            [
              25501195.305,
              6685742.805
            ],
            [
              25501190.884,
              6685744.705
            ],
            [
              25501190.047,
              6685742.758
            ],
            [
              25501194.469,
              6685740.858
            ]
          ]
        ]
      },
      "properties": {
        "confidence": 0.9455,
        "length_m": 4.81,
        "width_m": 2.12,
        "heading_deg": 113.3,
        "aoi": "r4-tapulikaupunki",
        "source_layer": "Ortoilmakuva_2025_5cm",
        "zoom": 16,
        "status": "confirmed",
        "class": "car"
      }
    },
    {
      "type": "Feature",
      "geometry": {
        "type": "Polygon",
        "coordinates": [
          [
            [
              25501300.143,
              6685750.068
            ],
            [
              25501302.251,
              6685750.151
            ],
            [
              25501302.086,
              6685754.313
            ],
            [
              25501299.978,
              6685754.23
            ],
            [
              25501300.143,
              6685750.068
            ]
          ]
        ]
      },
      "properties": {
        "confidence": 0.9455,
        "length_m": 4.17,
        "width_m": 2.11,
        "heading_deg": 177.7,
        "aoi": "r4-tapulikaupunki",
        "source_layer": "Ortoilmakuva_2025_5cm",
        "zoom": 16,
        "status": "confirmed",
        "class": "car"
      }
    },
    {
      "type": "Feature",
      "geometry": {
        "type": "Polygon",
        "coordinates": [
          [
            [
              25501438.225,
              6685650.657
            ],
            [
              25501438.76,
              6685652.886
            ],
            [
              25501433.758,
              6685654.087
            ],
            [
              25501433.223,
              6685651.858
            ],
            [
              25501438.225,
              6685650.657
            ]
          ]
        ]
      },
      "properties": {
        "confidence": 0.9455,
        "length_m": 5.14,
        "width_m": 2.29,
        "heading_deg": 103.5,
        "aoi": "r4-tapulikaupunki",
        "source_layer": "Ortoilmakuva_2025_5cm",
        "zoom": 16,
        "status": "confirmed",
        "class": "car"
      }
    },
    {
      "type": "Feature",
      "geometry": {
        "type": "Polygon",
        "coordinates": [
          [
            [
              25501340.368,
              6685694.105
            ],
            [
              25501340.939,
              6685696.084
            ],
            [
              25501336.772,
              6685697.285
            ],
            [
              25501336.202,
              6685695.306
            ],
            [
              25501340.368,
              6685694.105
            ]
          ]
        ]
      },
      "properties": {
        "confidence": 0.9454,
        "length_m": 4.34,
        "width_m": 2.06,
        "heading_deg": 106.1,
        "aoi": "r4-tapulikaupunki",
        "source_layer": "Ortoilmakuva_2025_5cm",
        "zoom": 16,
        "status": "confirmed",
        "class": "car"
      }
    },
    {
      "type": "Feature",
      "geometry": {
        "type": "Polygon",
        "coordinates": [
          [
            [
              25501205.582,
              6685720.872
            ],
            [
              25501206.206,
              6685723.069
            ],
            [
              25501201.466,
              6685724.415
            ],
            [
              25501200.842,
              6685722.217
            ],
            [
              25501205.582,
              6685720.872
            ]
          ]
        ]
      },
      "properties": {
        "confidence": 0.9449,
        "length_m": 4.93,
        "width_m": 2.28,
        "heading_deg": 105.9,
        "aoi": "r4-tapulikaupunki",
        "source_layer": "Ortoilmakuva_2025_5cm",
        "zoom": 16,
        "status": "confirmed",
        "class": "car"
      }
    },
    {
      "type": "Feature",
      "geometry": {
        "type": "Polygon",
        "coordinates": [
          [
            [
              25501374.147,
              6685728.672
            ],
            [
              25501374.744,
              6685731.106
            ],
            [
              25501368.93,
              6685732.531
            ],
            [
              25501368.334,
              6685730.098
            ],
            [
              25501374.147,
              6685728.672
            ]
          ]
        ]
      },
      "properties": {
        "confidence": 0.9447,
        "length_m": 5.99,
        "width_m": 2.51,
        "heading_deg": 103.8,
        "aoi": "r4-tapulikaupunki",
        "source_layer": "Ortoilmakuva_2025_5cm",
        "zoom": 16,
        "status": "confirmed",
        "class": "van"
      }
    },
    {
      "type": "Feature",
      "geometry": {
        "type": "Polygon",
        "coordinates": [
          [
            [
              25501361.533,
              6685680.97
            ],
            [
              25501362.158,
              6685683.303
            ],
            [
              25501356.924,
              6685684.703
            ],
            [
              25501356.3,
              6685682.371
            ],
            [
              25501361.533,
              6685680.97
            ]
          ]
        ]
      },
      "properties": {
        "confidence": 0.9447,
        "length_m": 5.42,
        "width_m": 2.42,
        "heading_deg": 105,
        "aoi": "r4-tapulikaupunki",
        "source_layer": "Ortoilmakuva_2025_5cm",
        "zoom": 16,
        "status": "confirmed",
        "class": "car"
      }
    },
    {
      "type": "Feature",
      "geometry": {
        "type": "Polygon",
        "coordinates": [
          [
            [
              25501358.201,
              6685692.153
            ],
            [
              25501358.785,
              6685694.535
            ],
            [
              25501352.514,
              6685696.073
            ],
            [
              25501351.93,
              6685693.691
            ],
            [
              25501358.201,
              6685692.153
            ]
          ]
        ]
      },
      "properties": {
        "confidence": 0.9447,
        "length_m": 6.46,
        "width_m": 2.45,
        "heading_deg": 103.8,
        "aoi": "r4-tapulikaupunki",
        "source_layer": "Ortoilmakuva_2025_5cm",
        "zoom": 16,
        "status": "confirmed",
        "class": "van"
      }
    },
    {
      "type": "Feature",
      "geometry": {
        "type": "Polygon",
        "coordinates": [
          [
            [
              25501366.177,
              6685817.209
            ],
            [
              25501366.678,
              6685819.325
            ],
            [
              25501361.941,
              6685820.446
            ],
            [
              25501361.44,
              6685818.33
            ],
            [
              25501366.177,
              6685817.209
            ]
          ]
        ]
      },
      "properties": {
        "confidence": 0.9445,
        "length_m": 4.87,
        "width_m": 2.17,
        "heading_deg": 103.3,
        "aoi": "r4-tapulikaupunki",
        "source_layer": "Ortoilmakuva_2025_5cm",
        "zoom": 16,
        "status": "confirmed",
        "class": "car"
      }
    },
    {
      "type": "Feature",
      "geometry": {
        "type": "Polygon",
        "coordinates": [
          [
            [
              25501209.415,
              6685735.54
            ],
            [
              25501210.037,
              6685737.606
            ],
            [
              25501205.465,
              6685738.984
            ],
            [
              25501204.842,
              6685736.918
            ],
            [
              25501209.415,
              6685735.54
            ]
          ]
        ]
      },
      "properties": {
        "confidence": 0.9445,
        "length_m": 4.78,
        "width_m": 2.16,
        "heading_deg": 106.8,
        "aoi": "r4-tapulikaupunki",
        "source_layer": "Ortoilmakuva_2025_5cm",
        "zoom": 16,
        "status": "confirmed",
        "class": "car"
      }
    },
    {
      "type": "Feature",
      "geometry": {
        "type": "Polygon",
        "coordinates": [
          [
            [
              25501204.318,
              6685736.671
            ],
            [
              25501205.023,
              6685738.888
            ],
            [
              25501200.343,
              6685740.377
            ],
            [
              25501199.637,
              6685738.161
            ],
            [
              25501204.318,
              6685736.671
            ]
          ]
        ]
      },
      "properties": {
        "confidence": 0.9445,
        "length_m": 4.91,
        "width_m": 2.33,
        "heading_deg": 107.6,
        "aoi": "r4-tapulikaupunki",
        "source_layer": "Ortoilmakuva_2025_5cm",
        "zoom": 16,
        "status": "confirmed",
        "class": "car"
      }
    },
    {
      "type": "Feature",
      "geometry": {
        "type": "Polygon",
        "coordinates": [
          [
            [
              25501344.47,
              6685708.397
            ],
            [
              25501345.132,
              6685710.627
            ],
            [
              25501339.482,
              6685712.307
            ],
            [
              25501338.819,
              6685710.077
            ],
            [
              25501344.47,
              6685708.397
            ]
          ]
        ]
      },
      "properties": {
        "confidence": 0.9444,
        "length_m": 5.89,
        "width_m": 2.33,
        "heading_deg": 106.6,
        "aoi": "r4-tapulikaupunki",
        "source_layer": "Ortoilmakuva_2025_5cm",
        "zoom": 16,
        "status": "confirmed",
        "class": "van"
      }
    },
    {
      "type": "Feature",
      "geometry": {
        "type": "Polygon",
        "coordinates": [
          [
            [
              25501329.526,
              6685712.375
            ],
            [
              25501329.992,
              6685714.396
            ],
            [
              25501325.44,
              6685715.446
            ],
            [
              25501324.974,
              6685713.425
            ],
            [
              25501329.526,
              6685712.375
            ]
          ]
        ]
      },
      "properties": {
        "confidence": 0.9442,
        "length_m": 4.67,
        "width_m": 2.07,
        "heading_deg": 103,
        "aoi": "r4-tapulikaupunki",
        "source_layer": "Ortoilmakuva_2025_5cm",
        "zoom": 16,
        "status": "confirmed",
        "class": "car"
      }
    },
    {
      "type": "Feature",
      "geometry": {
        "type": "Polygon",
        "coordinates": [
          [
            [
              25501280.02,
              6685735.871
            ],
            [
              25501280.609,
              6685738.011
            ],
            [
              25501275.947,
              6685739.292
            ],
            [
              25501275.359,
              6685737.152
            ],
            [
              25501280.02,
              6685735.871
            ]
          ]
        ]
      },
      "properties": {
        "confidence": 0.9439,
        "length_m": 4.83,
        "width_m": 2.22,
        "heading_deg": 105.4,
        "aoi": "r4-tapulikaupunki",
        "source_layer": "Ortoilmakuva_2025_5cm",
        "zoom": 16,
        "status": "confirmed",
        "class": "car"
      }
    },
    {
      "type": "Feature",
      "geometry": {
        "type": "Polygon",
        "coordinates": [
          [
            [
              25501381.412,
              6685825.859
            ],
            [
              25501382.146,
              6685827.897
            ],
            [
              25501377.808,
              6685829.461
            ],
            [
              25501377.073,
              6685827.423
            ],
            [
              25501381.412,
              6685825.859
            ]
          ]
        ]
      },
      "properties": {
        "confidence": 0.9438,
        "length_m": 4.61,
        "width_m": 2.17,
        "heading_deg": 109.8,
        "aoi": "r4-tapulikaupunki",
        "source_layer": "Ortoilmakuva_2025_5cm",
        "zoom": 16,
        "status": "confirmed",
        "class": "car"
      }
    },
    {
      "type": "Feature",
      "geometry": {
        "type": "Polygon",
        "coordinates": [
          [
            [
              25501262.603,
              6685735.674
            ],
            [
              25501263.218,
              6685737.797
            ],
            [
              25501258.455,
              6685739.177
            ],
            [
              25501257.839,
              6685737.054
            ],
            [
              25501262.603,
              6685735.674
            ]
          ]
        ]
      },
      "properties": {
        "confidence": 0.9437,
        "length_m": 4.96,
        "width_m": 2.21,
        "heading_deg": 106.2,
        "aoi": "r4-tapulikaupunki",
        "source_layer": "Ortoilmakuva_2025_5cm",
        "zoom": 16,
        "status": "confirmed",
        "class": "car"
      }
    },
    {
      "type": "Feature",
      "geometry": {
        "type": "Polygon",
        "coordinates": [
          [
            [
              25501377.447,
              6685733.552
            ],
            [
              25501378.079,
              6685736.006
            ],
            [
              25501370.99,
              6685737.833
            ],
            [
              25501370.357,
              6685735.38
            ],
            [
              25501377.447,
              6685733.552
            ]
          ]
        ]
      },
      "properties": {
        "confidence": 0.9435,
        "length_m": 7.32,
        "width_m": 2.53,
        "heading_deg": 104.5,
        "aoi": "r4-tapulikaupunki",
        "source_layer": "Ortoilmakuva_2025_5cm",
        "zoom": 16,
        "status": "confirmed",
        "class": "truck"
      }
    },
    {
      "type": "Feature",
      "geometry": {
        "type": "Polygon",
        "coordinates": [
          [
            [
              25501379.718,
              6685818.528
            ],
            [
              25501380.366,
              6685820.659
            ],
            [
              25501375.424,
              6685822.161
            ],
            [
              25501374.777,
              6685820.03
            ],
            [
              25501379.718,
              6685818.528
            ]
          ]
        ]
      },
      "properties": {
        "confidence": 0.9434,
        "length_m": 5.17,
        "width_m": 2.23,
        "heading_deg": 106.9,
        "aoi": "r4-tapulikaupunki",
        "source_layer": "Ortoilmakuva_2025_5cm",
        "zoom": 16,
        "status": "confirmed",
        "class": "car"
      }
    },
    {
      "type": "Feature",
      "geometry": {
        "type": "Polygon",
        "coordinates": [
          [
            [
              25501335.531,
              6685716.14
            ],
            [
              25501335.725,
              6685718.489
            ],
            [
              25501330.628,
              6685718.91
            ],
            [
              25501330.434,
              6685716.561
            ],
            [
              25501335.531,
              6685716.14
            ]
          ]
        ]
      },
      "properties": {
        "confidence": 0.9432,
        "length_m": 5.11,
        "width_m": 2.36,
        "heading_deg": 94.7,
        "aoi": "r4-tapulikaupunki",
        "source_layer": "Ortoilmakuva_2025_5cm",
        "zoom": 16,
        "status": "confirmed",
        "class": "car"
      }
    },
    {
      "type": "Feature",
      "geometry": {
        "type": "Polygon",
        "coordinates": [
          [
            [
              25501205.227,
              6685739.092
            ],
            [
              25501205.862,
              6685741.344
            ],
            [
              25501201.007,
              6685742.712
            ],
            [
              25501200.372,
              6685740.46
            ],
            [
              25501205.227,
              6685739.092
            ]
          ]
        ]
      },
      "properties": {
        "confidence": 0.9428,
        "length_m": 5.04,
        "width_m": 2.34,
        "heading_deg": 105.7,
        "aoi": "r4-tapulikaupunki",
        "source_layer": "Ortoilmakuva_2025_5cm",
        "zoom": 16,
        "status": "confirmed",
        "class": "car"
      }
    },
    {
      "type": "Feature",
      "geometry": {
        "type": "Polygon",
        "coordinates": [
          [
            [
              25501208.821,
              6685753.788
            ],
            [
              25501209.524,
              6685755.958
            ],
            [
              25501204.763,
              6685757.499
            ],
            [
              25501204.06,
              6685755.329
            ],
            [
              25501208.821,
              6685753.788
            ]
          ]
        ]
      },
      "properties": {
        "confidence": 0.9427,
        "length_m": 5,
        "width_m": 2.28,
        "heading_deg": 107.9,
        "aoi": "r4-tapulikaupunki",
        "source_layer": "Ortoilmakuva_2025_5cm",
        "zoom": 16,
        "status": "confirmed",
        "class": "car"
      }
    },
    {
      "type": "Feature",
      "geometry": {
        "type": "Polygon",
        "coordinates": [
          [
            [
              25501382.827,
              6685719.685
            ],
            [
              25501383.402,
              6685722.043
            ],
            [
              25501378.51,
              6685723.236
            ],
            [
              25501377.935,
              6685720.877
            ],
            [
              25501382.827,
              6685719.685
            ]
          ]
        ]
      },
      "properties": {
        "confidence": 0.9424,
        "length_m": 5.04,
        "width_m": 2.43,
        "heading_deg": 103.7,
        "aoi": "r4-tapulikaupunki",
        "source_layer": "Ortoilmakuva_2025_5cm",
        "zoom": 16,
        "status": "confirmed",
        "class": "car"
      }
    },
    {
      "type": "Feature",
      "geometry": {
        "type": "Polygon",
        "coordinates": [
          [
            [
              25501479.253,
              6685639.995
            ],
            [
              25501481.391,
              6685639.93
            ],
            [
              25501481.516,
              6685644.06
            ],
            [
              25501479.379,
              6685644.125
            ],
            [
              25501479.253,
              6685639.995
            ]
          ]
        ]
      },
      "properties": {
        "confidence": 0.9421,
        "length_m": 4.13,
        "width_m": 2.14,
        "heading_deg": 1.7,
        "aoi": "r4-tapulikaupunki",
        "source_layer": "Ortoilmakuva_2025_5cm",
        "zoom": 16,
        "status": "confirmed",
        "class": "car"
      }
    },
    {
      "type": "Feature",
      "geometry": {
        "type": "Polygon",
        "coordinates": [
          [
            [
              25501220.416,
              6685739.662
            ],
            [
              25501221.096,
              6685742.018
            ],
            [
              25501216.471,
              6685743.354
            ],
            [
              25501215.791,
              6685740.998
            ],
            [
              25501220.416,
              6685739.662
            ]
          ]
        ]
      },
      "properties": {
        "confidence": 0.9417,
        "length_m": 4.81,
        "width_m": 2.45,
        "heading_deg": 106.1,
        "aoi": "r4-tapulikaupunki",
        "source_layer": "Ortoilmakuva_2025_5cm",
        "zoom": 16,
        "status": "confirmed",
        "class": "car"
      }
    },
    {
      "type": "Feature",
      "geometry": {
        "type": "Polygon",
        "coordinates": [
          [
            [
              25501486.282,
              6685656.353
            ],
            [
              25501486.851,
              6685658.466
            ],
            [
              25501482.159,
              6685659.729
            ],
            [
              25501481.59,
              6685657.616
            ],
            [
              25501486.282,
              6685656.353
            ]
          ]
        ]
      },
      "properties": {
        "confidence": 0.9413,
        "length_m": 4.86,
        "width_m": 2.19,
        "heading_deg": 105.1,
        "aoi": "r4-tapulikaupunki",
        "source_layer": "Ortoilmakuva_2025_5cm",
        "zoom": 16,
        "status": "confirmed",
        "class": "car"
      }
    },
    {
      "type": "Feature",
      "geometry": {
        "type": "Polygon",
        "coordinates": [
          [
            [
              25501338.091,
              6685684.443
            ],
            [
              25501338.531,
              6685686.461
            ],
            [
              25501334.183,
              6685687.407
            ],
            [
              25501333.743,
              6685685.389
            ],
            [
              25501338.091,
              6685684.443
            ]
          ]
        ]
      },
      "properties": {
        "confidence": 0.9413,
        "length_m": 4.45,
        "width_m": 2.07,
        "heading_deg": 102.3,
        "aoi": "r4-tapulikaupunki",
        "source_layer": "Ortoilmakuva_2025_5cm",
        "zoom": 16,
        "status": "confirmed",
        "class": "car"
      }
    },
    {
      "type": "Feature",
      "geometry": {
        "type": "Polygon",
        "coordinates": [
          [
            [
              25501208.105,
              6685730.499
            ],
            [
              25501208.808,
              6685732.629
            ],
            [
              25501204.166,
              6685734.16
            ],
            [
              25501203.463,
              6685732.03
            ],
            [
              25501208.105,
              6685730.499
            ]
          ]
        ]
      },
      "properties": {
        "confidence": 0.9412,
        "length_m": 4.89,
        "width_m": 2.24,
        "heading_deg": 108.3,
        "aoi": "r4-tapulikaupunki",
        "source_layer": "Ortoilmakuva_2025_5cm",
        "zoom": 16,
        "status": "confirmed",
        "class": "car"
      }
    },
    {
      "type": "Feature",
      "geometry": {
        "type": "Polygon",
        "coordinates": [
          [
            [
              25501192.03,
              6685736.158
            ],
            [
              25501193.065,
              6685738.224
            ],
            [
              25501188.38,
              6685740.572
            ],
            [
              25501187.345,
              6685738.507
            ],
            [
              25501192.03,
              6685736.158
            ]
          ]
        ]
      },
      "properties": {
        "confidence": 0.9412,
        "length_m": 5.24,
        "width_m": 2.31,
        "heading_deg": 116.6,
        "aoi": "r4-tapulikaupunki",
        "source_layer": "Ortoilmakuva_2025_5cm",
        "zoom": 16,
        "status": "confirmed",
        "class": "car"
      }
    },
    {
      "type": "Feature",
      "geometry": {
        "type": "Polygon",
        "coordinates": [
          [
            [
              25501371.273,
              6685834.597
            ],
            [
              25501372.032,
              6685836.72
            ],
            [
              25501367.491,
              6685838.344
            ],
            [
              25501366.732,
              6685836.222
            ],
            [
              25501371.273,
              6685834.597
            ]
          ]
        ]
      },
      "properties": {
        "confidence": 0.941,
        "length_m": 4.82,
        "width_m": 2.25,
        "heading_deg": 109.7,
        "aoi": "r4-tapulikaupunki",
        "source_layer": "Ortoilmakuva_2025_5cm",
        "zoom": 16,
        "status": "confirmed",
        "class": "car"
      }
    },
    {
      "type": "Feature",
      "geometry": {
        "type": "Polygon",
        "coordinates": [
          [
            [
              25501199.649,
              6685719.946
            ],
            [
              25501200.202,
              6685722.192
            ],
            [
              25501195.434,
              6685723.365
            ],
            [
              25501194.881,
              6685721.119
            ],
            [
              25501199.649,
              6685719.946
            ]
          ]
        ]
      },
      "properties": {
        "confidence": 0.9409,
        "length_m": 4.91,
        "width_m": 2.31,
        "heading_deg": 103.8,
        "aoi": "r4-tapulikaupunki",
        "source_layer": "Ortoilmakuva_2025_5cm",
        "zoom": 16,
        "status": "confirmed",
        "class": "car"
      }
    },
    {
      "type": "Feature",
      "geometry": {
        "type": "Polygon",
        "coordinates": [
          [
            [
              25501331.702,
              6685701.321
            ],
            [
              25501332.301,
              6685703.381
            ],
            [
              25501327.962,
              6685704.643
            ],
            [
              25501327.363,
              6685702.583
            ],
            [
              25501331.702,
              6685701.321
            ]
          ]
        ]
      },
      "properties": {
        "confidence": 0.9407,
        "length_m": 4.52,
        "width_m": 2.15,
        "heading_deg": 106.2,
        "aoi": "r4-tapulikaupunki",
        "source_layer": "Ortoilmakuva_2025_5cm",
        "zoom": 16,
        "status": "confirmed",
        "class": "car"
      }
    },
    {
      "type": "Feature",
      "geometry": {
        "type": "Polygon",
        "coordinates": [
          [
            [
              25501334.648,
              6685734.308
            ],
            [
              25501335.203,
              6685736.351
            ],
            [
              25501331.063,
              6685737.477
            ],
            [
              25501330.507,
              6685735.434
            ],
            [
              25501334.648,
              6685734.308
            ]
          ]
        ]
      },
      "properties": {
        "confidence": 0.9407,
        "length_m": 4.29,
        "width_m": 2.12,
        "heading_deg": 105.2,
        "aoi": "r4-tapulikaupunki",
        "source_layer": "Ortoilmakuva_2025_5cm",
        "zoom": 16,
        "status": "confirmed",
        "class": "car"
      }
    },
    {
      "type": "Feature",
      "geometry": {
        "type": "Polygon",
        "coordinates": [
          [
            [
              25501243.626,
              6685693.831
            ],
            [
              25501245.917,
              6685694.356
            ],
            [
              25501244.78,
              6685699.319
            ],
            [
              25501242.489,
              6685698.794
            ],
            [
              25501243.626,
              6685693.831
            ]
          ]
        ]
      },
      "properties": {
        "confidence": 0.9406,
        "length_m": 5.09,
        "width_m": 2.35,
        "heading_deg": 167.1,
        "aoi": "r4-tapulikaupunki",
        "source_layer": "Ortoilmakuva_2025_5cm",
        "zoom": 16,
        "status": "confirmed",
        "class": "car"
      }
    },
    {
      "type": "Feature",
      "geometry": {
        "type": "Polygon",
        "coordinates": [
          [
            [
              25501252.684,
              6685739.384
            ],
            [
              25501253.457,
              6685741.631
            ],
            [
              25501248.724,
              6685743.258
            ],
            [
              25501247.952,
              6685741.01
            ],
            [
              25501252.684,
              6685739.384
            ]
          ]
        ]
      },
      "properties": {
        "confidence": 0.9406,
        "length_m": 5,
        "width_m": 2.38,
        "heading_deg": 109,
        "aoi": "r4-tapulikaupunki",
        "source_layer": "Ortoilmakuva_2025_5cm",
        "zoom": 16,
        "status": "confirmed",
        "class": "car"
      }
    },
    {
      "type": "Feature",
      "geometry": {
        "type": "Polygon",
        "coordinates": [
          [
            [
              25501472.182,
              6685669.698
            ],
            [
              25501472.704,
              6685671.815
            ],
            [
              25501467.85,
              6685673.013
            ],
            [
              25501467.327,
              6685670.895
            ],
            [
              25501472.182,
              6685669.698
            ]
          ]
        ]
      },
      "properties": {
        "confidence": 0.9405,
        "length_m": 5,
        "width_m": 2.18,
        "heading_deg": 103.9,
        "aoi": "r4-tapulikaupunki",
        "source_layer": "Ortoilmakuva_2025_5cm",
        "zoom": 16,
        "status": "confirmed",
        "class": "car"
      }
    },
    {
      "type": "Feature",
      "geometry": {
        "type": "Polygon",
        "coordinates": [
          [
            [
              25501200.146,
              6685722.332
            ],
            [
              25501200.754,
              6685724.512
            ],
            [
              25501195.927,
              6685725.858
            ],
            [
              25501195.319,
              6685723.677
            ],
            [
              25501200.146,
              6685722.332
            ]
          ]
        ]
      },
      "properties": {
        "confidence": 0.9404,
        "length_m": 5.01,
        "width_m": 2.26,
        "heading_deg": 105.6,
        "aoi": "r4-tapulikaupunki",
        "source_layer": "Ortoilmakuva_2025_5cm",
        "zoom": 16,
        "status": "confirmed",
        "class": "car"
      }
    },
    {
      "type": "Feature",
      "geometry": {
        "type": "Polygon",
        "coordinates": [
          [
            [
              25501334.133,
              6685719.01
            ],
            [
              25501334.544,
              6685721.003
            ],
            [
              25501330.397,
              6685721.857
            ],
            [
              25501329.986,
              6685719.864
            ],
            [
              25501334.133,
              6685719.01
            ]
          ]
        ]
      },
      "properties": {
        "confidence": 0.9403,
        "length_m": 4.23,
        "width_m": 2.03,
        "heading_deg": 101.6,
        "aoi": "r4-tapulikaupunki",
        "source_layer": "Ortoilmakuva_2025_5cm",
        "zoom": 16,
        "status": "confirmed",
        "class": "car"
      }
    },
    {
      "type": "Feature",
      "geometry": {
        "type": "Polygon",
        "coordinates": [
          [
            [
              25501485.731,
              6685651.326
            ],
            [
              25501486.276,
              6685653.442
            ],
            [
              25501481.384,
              6685654.7
            ],
            [
              25501480.84,
              6685652.584
            ],
            [
              25501485.731,
              6685651.326
            ]
          ]
        ]
      },
      "properties": {
        "confidence": 0.9403,
        "length_m": 5.05,
        "width_m": 2.19,
        "heading_deg": 104.4,
        "aoi": "r4-tapulikaupunki",
        "source_layer": "Ortoilmakuva_2025_5cm",
        "zoom": 16,
        "status": "confirmed",
        "class": "car"
      }
    },
    {
      "type": "Feature",
      "geometry": {
        "type": "Polygon",
        "coordinates": [
          [
            [
              25501203.095,
              6685731.964
            ],
            [
              25501203.839,
              6685734.233
            ],
            [
              25501198.79,
              6685735.889
            ],
            [
              25501198.046,
              6685733.62
            ],
            [
              25501203.095,
              6685731.964
            ]
          ]
        ]
      },
      "properties": {
        "confidence": 0.9402,
        "length_m": 5.31,
        "width_m": 2.39,
        "heading_deg": 108.2,
        "aoi": "r4-tapulikaupunki",
        "source_layer": "Ortoilmakuva_2025_5cm",
        "zoom": 16,
        "status": "confirmed",
        "class": "car"
      }
    },
    {
      "type": "Feature",
      "geometry": {
        "type": "Polygon",
        "coordinates": [
          [
            [
              25501238.095,
              6685695.756
            ],
            [
              25501240.217,
              6685696.223
            ],
            [
              25501239.241,
              6685700.66
            ],
            [
              25501237.119,
              6685700.193
            ],
            [
              25501238.095,
              6685695.756
            ]
          ]
        ]
      },
      "properties": {
        "confidence": 0.9402,
        "length_m": 4.54,
        "width_m": 2.17,
        "heading_deg": 167.6,
        "aoi": "r4-tapulikaupunki",
        "source_layer": "Ortoilmakuva_2025_5cm",
        "zoom": 16,
        "status": "confirmed",
        "class": "car"
      }
    },
    {
      "type": "Feature",
      "geometry": {
        "type": "Polygon",
        "coordinates": [
          [
            [
              25501405.263,
              6685890.398
            ],
            [
              25501405.882,
              6685892.341
            ],
            [
              25501401.967,
              6685893.59
            ],
            [
              25501401.347,
              6685891.647
            ],
            [
              25501405.263,
              6685890.398
            ]
          ]
        ]
      },
      "properties": {
        "confidence": 0.9401,
        "length_m": 4.11,
        "width_m": 2.04,
        "heading_deg": 107.7,
        "aoi": "r4-tapulikaupunki",
        "source_layer": "Ortoilmakuva_2025_5cm",
        "zoom": 16,
        "status": "confirmed",
        "class": "car"
      }
    },
    {
      "type": "Feature",
      "geometry": {
        "type": "Polygon",
        "coordinates": [
          [
            [
              25501489.546,
              6685668.647
            ],
            [
              25501490.049,
              6685670.748
            ],
            [
              25501485.782,
              6685671.77
            ],
            [
              25501485.279,
              6685669.669
            ],
            [
              25501489.546,
              6685668.647
            ]
          ]
        ]
      },
      "properties": {
        "confidence": 0.9397,
        "length_m": 4.39,
        "width_m": 2.16,
        "heading_deg": 103.5,
        "aoi": "r4-tapulikaupunki",
        "source_layer": "Ortoilmakuva_2025_5cm",
        "zoom": 16,
        "status": "confirmed",
        "class": "car"
      }
    },
    {
      "type": "Feature",
      "geometry": {
        "type": "Polygon",
        "coordinates": [
          [
            [
              25501208.953,
              6685732.797
            ],
            [
              25501209.736,
              6685735.083
            ],
            [
              25501204.799,
              6685736.774
            ],
            [
              25501204.016,
              6685734.489
            ],
            [
              25501208.953,
              6685732.797
            ]
          ]
        ]
      },
      "properties": {
        "confidence": 0.9391,
        "length_m": 5.22,
        "width_m": 2.42,
        "heading_deg": 108.9,
        "aoi": "r4-tapulikaupunki",
        "source_layer": "Ortoilmakuva_2025_5cm",
        "zoom": 16,
        "status": "confirmed",
        "class": "car"
      }
    },
    {
      "type": "Feature",
      "geometry": {
        "type": "Polygon",
        "coordinates": [
          [
            [
              25501378.238,
              6685746.396
            ],
            [
              25501378.925,
              6685748.786
            ],
            [
              25501373.096,
              6685750.461
            ],
            [
              25501372.409,
              6685748.071
            ],
            [
              25501378.238,
              6685746.396
            ]
          ]
        ]
      },
      "properties": {
        "confidence": 0.939,
        "length_m": 6.06,
        "width_m": 2.49,
        "heading_deg": 106,
        "aoi": "r4-tapulikaupunki",
        "source_layer": "Ortoilmakuva_2025_5cm",
        "zoom": 16,
        "status": "confirmed",
        "class": "van"
      }
    },
    {
      "type": "Feature",
      "geometry": {
        "type": "Polygon",
        "coordinates": [
          [
            [
              25501269.365,
              6685737.351
            ],
            [
              25501269.779,
              6685739.339
            ],
            [
              25501265.616,
              6685740.206
            ],
            [
              25501265.202,
              6685738.217
            ],
            [
              25501269.365,
              6685737.351
            ]
          ]
        ]
      },
      "properties": {
        "confidence": 0.939,
        "length_m": 4.25,
        "width_m": 2.03,
        "heading_deg": 101.8,
        "aoi": "r4-tapulikaupunki",
        "source_layer": "Ortoilmakuva_2025_5cm",
        "zoom": 16,
        "status": "confirmed",
        "class": "car"
      }
    },
    {
      "type": "Feature",
      "geometry": {
        "type": "Polygon",
        "coordinates": [
          [
            [
              25501480.791,
              6685657.746
            ],
            [
              25501481.338,
              6685659.921
            ],
            [
              25501476.726,
              6685661.08
            ],
            [
              25501476.179,
              6685658.905
            ],
            [
              25501480.791,
              6685657.746
            ]
          ]
        ]
      },
      "properties": {
        "confidence": 0.9389,
        "length_m": 4.76,
        "width_m": 2.24,
        "heading_deg": 104.1,
        "aoi": "r4-tapulikaupunki",
        "source_layer": "Ortoilmakuva_2025_5cm",
        "zoom": 16,
        "status": "confirmed",
        "class": "car"
      }
    },
    {
      "type": "Feature",
      "geometry": {
        "type": "Polygon",
        "coordinates": [
          [
            [
              25501372.46,
              6685748.53
            ],
            [
              25501373.031,
              6685750.95
            ],
            [
              25501367.382,
              6685752.281
            ],
            [
              25501366.812,
              6685749.861
            ],
            [
              25501372.46,
              6685748.53
            ]
          ]
        ]
      },
      "properties": {
        "confidence": 0.9386,
        "length_m": 5.8,
        "width_m": 2.49,
        "heading_deg": 103.3,
        "aoi": "r4-tapulikaupunki",
        "source_layer": "Ortoilmakuva_2025_5cm",
        "zoom": 16,
        "status": "confirmed",
        "class": "van"
      }
    },
    {
      "type": "Feature",
      "geometry": {
        "type": "Polygon",
        "coordinates": [
          [
            [
              25501269.291,
              6685749.719
            ],
            [
              25501271.437,
              6685749.898
            ],
            [
              25501271.078,
              6685754.204
            ],
            [
              25501268.932,
              6685754.025
            ],
            [
              25501269.291,
              6685749.719
            ]
          ]
        ]
      },
      "properties": {
        "confidence": 0.9385,
        "length_m": 4.32,
        "width_m": 2.15,
        "heading_deg": 175.2,
        "aoi": "r4-tapulikaupunki",
        "source_layer": "Ortoilmakuva_2025_5cm",
        "zoom": 16,
        "status": "confirmed",
        "class": "car"
      }
    },
    {
      "type": "Feature",
      "geometry": {
        "type": "Polygon",
        "coordinates": [
          [
            [
              25501249.197,
              6685692.135
            ],
            [
              25501251.462,
              6685692.663
            ],
            [
              25501250.325,
              6685697.533
            ],
            [
              25501248.061,
              6685697.004
            ],
            [
              25501249.197,
              6685692.135
            ]
          ]
        ]
      },
      "properties": {
        "confidence": 0.9385,
        "length_m": 5,
        "width_m": 2.33,
        "heading_deg": 166.9,
        "aoi": "r4-tapulikaupunki",
        "source_layer": "Ortoilmakuva_2025_5cm",
        "zoom": 16,
        "status": "confirmed",
        "class": "car"
      }
    },
    {
      "type": "Feature",
      "geometry": {
        "type": "Polygon",
        "coordinates": [
          [
            [
              25501376.037,
              6685739.264
            ],
            [
              25501376.531,
              6685741.452
            ],
            [
              25501371.52,
              6685742.582
            ],
            [
              25501371.027,
              6685740.393
            ],
            [
              25501376.037,
              6685739.264
            ]
          ]
        ]
      },
      "properties": {
        "confidence": 0.9384,
        "length_m": 5.14,
        "width_m": 2.24,
        "heading_deg": 102.7,
        "aoi": "r4-tapulikaupunki",
        "source_layer": "Ortoilmakuva_2025_5cm",
        "zoom": 16,
        "status": "confirmed",
        "class": "van"
      }
    },
    {
      "type": "Feature",
      "geometry": {
        "type": "Polygon",
        "coordinates": [
          [
            [
              25501342.465,
              6685747.624
            ],
            [
              25501342.973,
              6685749.616
            ],
            [
              25501338.327,
              6685750.799
            ],
            [
              25501337.82,
              6685748.807
            ],
            [
              25501342.465,
              6685747.624
            ]
          ]
        ]
      },
      "properties": {
        "confidence": 0.9384,
        "length_m": 4.79,
        "width_m": 2.06,
        "heading_deg": 104.3,
        "aoi": "r4-tapulikaupunki",
        "source_layer": "Ortoilmakuva_2025_5cm",
        "zoom": 16,
        "status": "confirmed",
        "class": "car"
      }
    },
    {
      "type": "Feature",
      "geometry": {
        "type": "Polygon",
        "coordinates": [
          [
            [
              25501197.109,
              6685747.352
            ],
            [
              25501198.091,
              6685749.495
            ],
            [
              25501193.662,
              6685751.526
            ],
            [
              25501192.679,
              6685749.382
            ],
            [
              25501197.109,
              6685747.352
            ]
          ]
        ]
      },
      "properties": {
        "confidence": 0.9382,
        "length_m": 4.87,
        "width_m": 2.36,
        "heading_deg": 114.6,
        "aoi": "r4-tapulikaupunki",
        "source_layer": "Ortoilmakuva_2025_5cm",
        "zoom": 16,
        "status": "confirmed",
        "class": "car"
      }
    },
    {
      "type": "Feature",
      "geometry": {
        "type": "Polygon",
        "coordinates": [
          [
            [
              25501355.432,
              6685682.511
            ],
            [
              25501356.02,
              6685684.612
            ],
            [
              25501351.474,
              6685685.885
            ],
            [
              25501350.886,
              6685683.784
            ],
            [
              25501355.432,
              6685682.511
            ]
          ]
        ]
      },
      "properties": {
        "confidence": 0.9378,
        "length_m": 4.72,
        "width_m": 2.18,
        "heading_deg": 105.6,
        "aoi": "r4-tapulikaupunki",
        "source_layer": "Ortoilmakuva_2025_5cm",
        "zoom": 16,
        "status": "confirmed",
        "class": "car"
      }
    },
    {
      "type": "Feature",
      "geometry": {
        "type": "Polygon",
        "coordinates": [
          [
            [
              25501203.651,
              6685734.457
            ],
            [
              25501204.301,
              6685736.7
            ],
            [
              25501199.153,
              6685738.193
            ],
            [
              25501198.502,
              6685735.95
            ],
            [
              25501203.651,
              6685734.457
            ]
          ]
        ]
      },
      "properties": {
        "confidence": 0.9377,
        "length_m": 5.36,
        "width_m": 2.34,
        "heading_deg": 106.2,
        "aoi": "r4-tapulikaupunki",
        "source_layer": "Ortoilmakuva_2025_5cm",
        "zoom": 16,
        "status": "confirmed",
        "class": "car"
      }
    },
    {
      "type": "Feature",
      "geometry": {
        "type": "Polygon",
        "coordinates": [
          [
            [
              25501297.08,
              6685749.947
            ],
            [
              25501299.532,
              6685749.814
            ],
            [
              25501299.776,
              6685754.286
            ],
            [
              25501297.323,
              6685754.42
            ],
            [
              25501297.08,
              6685749.947
            ]
          ]
        ]
      },
      "properties": {
        "confidence": 0.9377,
        "length_m": 4.48,
        "width_m": 2.46,
        "heading_deg": 3.1,
        "aoi": "r4-tapulikaupunki",
        "source_layer": "Ortoilmakuva_2025_5cm",
        "zoom": 16,
        "status": "confirmed",
        "class": "car"
      }
    },
    {
      "type": "Feature",
      "geometry": {
        "type": "Polygon",
        "coordinates": [
          [
            [
              25501278.414,
              6685730.962
            ],
            [
              25501278.821,
              6685733.141
            ],
            [
              25501273.778,
              6685734.082
            ],
            [
              25501273.371,
              6685731.904
            ],
            [
              25501278.414,
              6685730.962
            ]
          ]
        ]
      },
      "properties": {
        "confidence": 0.9376,
        "length_m": 5.13,
        "width_m": 2.22,
        "heading_deg": 100.6,
        "aoi": "r4-tapulikaupunki",
        "source_layer": "Ortoilmakuva_2025_5cm",
        "zoom": 16,
        "status": "confirmed",
        "class": "car"
      }
    },
    {
      "type": "Feature",
      "geometry": {
        "type": "Polygon",
        "coordinates": [
          [
            [
              25501328.007,
              6685710.145
            ],
            [
              25501328.557,
              6685712.247
            ],
            [
              25501323.952,
              6685713.452
            ],
            [
              25501323.402,
              6685711.35
            ],
            [
              25501328.007,
              6685710.145
            ]
          ]
        ]
      },
      "properties": {
        "confidence": 0.9376,
        "length_m": 4.76,
        "width_m": 2.17,
        "heading_deg": 104.7,
        "aoi": "r4-tapulikaupunki",
        "source_layer": "Ortoilmakuva_2025_5cm",
        "zoom": 16,
        "status": "confirmed",
        "class": "car"
      }
    },
    {
      "type": "Feature",
      "geometry": {
        "type": "Polygon",
        "coordinates": [
          [
            [
              25501478.217,
              6685693.823
            ],
            [
              25501478.742,
              6685695.936
            ],
            [
              25501474.004,
              6685697.113
            ],
            [
              25501473.479,
              6685695
            ],
            [
              25501478.217,
              6685693.823
            ]
          ]
        ]
      },
      "properties": {
        "confidence": 0.9375,
        "length_m": 4.88,
        "width_m": 2.18,
        "heading_deg": 104,
        "aoi": "r4-tapulikaupunki",
        "source_layer": "Ortoilmakuva_2025_5cm",
        "zoom": 16,
        "status": "confirmed",
        "class": "car"
      }
    },
    {
      "type": "Feature",
      "geometry": {
        "type": "Polygon",
        "coordinates": [
          [
            [
              25501464.391,
              6685733.39
            ],
            [
              25501466.64,
              6685734.192
            ],
            [
              25501465.087,
              6685738.546
            ],
            [
              25501462.838,
              6685737.744
            ],
            [
              25501464.391,
              6685733.39
            ]
          ]
        ]
      },
      "properties": {
        "confidence": 0.9375,
        "length_m": 4.62,
        "width_m": 2.39,
        "heading_deg": 160.4,
        "aoi": "r4-tapulikaupunki",
        "source_layer": "Ortoilmakuva_2025_5cm",
        "zoom": 16,
        "status": "confirmed",
        "class": "car"
      }
    },
    {
      "type": "Feature",
      "geometry": {
        "type": "Polygon",
        "coordinates": [
          [
            [
              25501359.039,
              6685847.594
            ],
            [
              25501359.783,
              6685849.514
            ],
            [
              25501355.486,
              6685851.18
            ],
            [
              25501354.741,
              6685849.26
            ],
            [
              25501359.039,
              6685847.594
            ]
          ]
        ]
      },
      "properties": {
        "confidence": 0.9374,
        "length_m": 4.61,
        "width_m": 2.06,
        "heading_deg": 111.2,
        "aoi": "r4-tapulikaupunki",
        "source_layer": "Ortoilmakuva_2025_5cm",
        "zoom": 16,
        "status": "confirmed",
        "class": "car"
      }
    },
    {
      "type": "Feature",
      "geometry": {
        "type": "Polygon",
        "coordinates": [
          [
            [
              25501487.182,
              6685661.219
            ],
            [
              25501487.79,
              6685663.268
            ],
            [
              25501483.532,
              6685664.53
            ],
            [
              25501482.924,
              6685662.481
            ],
            [
              25501487.182,
              6685661.219
            ]
          ]
        ]
      },
      "properties": {
        "confidence": 0.9374,
        "length_m": 4.44,
        "width_m": 2.14,
        "heading_deg": 106.5,
        "aoi": "r4-tapulikaupunki",
        "source_layer": "Ortoilmakuva_2025_5cm",
        "zoom": 16,
        "status": "confirmed",
        "class": "car"
      }
    },
    {
      "type": "Feature",
      "geometry": {
        "type": "Polygon",
        "coordinates": [
          [
            [
              25501482.322,
              6685665.221
            ],
            [
              25501482.823,
              6685667.196
            ],
            [
              25501478.402,
              6685668.319
            ],
            [
              25501477.9,
              6685666.344
            ],
            [
              25501482.322,
              6685665.221
            ]
          ]
        ]
      },
      "properties": {
        "confidence": 0.9374,
        "length_m": 4.56,
        "width_m": 2.04,
        "heading_deg": 104.3,
        "aoi": "r4-tapulikaupunki",
        "source_layer": "Ortoilmakuva_2025_5cm",
        "zoom": 16,
        "status": "confirmed",
        "class": "car"
      }
    },
    {
      "type": "Feature",
      "geometry": {
        "type": "Polygon",
        "coordinates": [
          [
            [
              25501371.302,
              6685746.19
            ],
            [
              25501365.851,
              6685747.216
            ],
            [
              25501366.238,
              6685749.273
            ],
            [
              25501371.689,
              6685748.247
            ],
            [
              25501371.302,
              6685746.19
            ]
          ]
        ]
      },
      "properties": {
        "confidence": 0.9372,
        "length_m": 5.55,
        "width_m": 2.09,
        "heading_deg": 100.7,
        "aoi": "r4-tapulikaupunki",
        "source_layer": "Ortoilmakuva_2025_5cm",
        "zoom": 16,
        "status": "confirmed",
        "class": "car"
      }
    },
    {
      "type": "Feature",
      "geometry": {
        "type": "Polygon",
        "coordinates": [
          [
            [
              25501199.019,
              6685752.551
            ],
            [
              25501199.895,
              6685754.668
            ],
            [
              25501195.3,
              6685756.569
            ],
            [
              25501194.424,
              6685754.453
            ],
            [
              25501199.019,
              6685752.551
            ]
          ]
        ]
      },
      "properties": {
        "confidence": 0.9369,
        "length_m": 4.97,
        "width_m": 2.29,
        "heading_deg": 112.5,
        "aoi": "r4-tapulikaupunki",
        "source_layer": "Ortoilmakuva_2025_5cm",
        "zoom": 16,
        "status": "confirmed",
        "class": "car"
      }
    },
    {
      "type": "Feature",
      "geometry": {
        "type": "Polygon",
        "coordinates": [
          [
            [
              25501368.174,
              6685824.414
            ],
            [
              25501368.922,
              6685826.617
            ],
            [
              25501364.049,
              6685828.272
            ],
            [
              25501363.301,
              6685826.069
            ],
            [
              25501368.174,
              6685824.414
            ]
          ]
        ]
      },
      "properties": {
        "confidence": 0.9367,
        "length_m": 5.15,
        "width_m": 2.33,
        "heading_deg": 108.8,
        "aoi": "r4-tapulikaupunki",
        "source_layer": "Ortoilmakuva_2025_5cm",
        "zoom": 16,
        "status": "confirmed",
        "class": "car"
      }
    },
    {
      "type": "Feature",
      "geometry": {
        "type": "Polygon",
        "coordinates": [
          [
            [
              25501261.854,
              6685733.277
            ],
            [
              25501262.524,
              6685735.415
            ],
            [
              25501257.611,
              6685736.956
            ],
            [
              25501256.941,
              6685734.818
            ],
            [
              25501261.854,
              6685733.277
            ]
          ]
        ]
      },
      "properties": {
        "confidence": 0.9366,
        "length_m": 5.15,
        "width_m": 2.24,
        "heading_deg": 107.4,
        "aoi": "r4-tapulikaupunki",
        "source_layer": "Ortoilmakuva_2025_5cm",
        "zoom": 16,
        "status": "confirmed",
        "class": "car"
      }
    },
    {
      "type": "Feature",
      "geometry": {
        "type": "Polygon",
        "coordinates": [
          [
            [
              25501409.887,
              6685906.118
            ],
            [
              25501410.492,
              6685908.139
            ],
            [
              25501406.358,
              6685909.378
            ],
            [
              25501405.753,
              6685907.357
            ],
            [
              25501409.887,
              6685906.118
            ]
          ]
        ]
      },
      "properties": {
        "confidence": 0.9364,
        "length_m": 4.32,
        "width_m": 2.11,
        "heading_deg": 106.7,
        "aoi": "r4-tapulikaupunki",
        "source_layer": "Ortoilmakuva_2025_5cm",
        "zoom": 16,
        "status": "confirmed",
        "class": "car"
      }
    },
    {
      "type": "Feature",
      "geometry": {
        "type": "Polygon",
        "coordinates": [
          [
            [
              25501201.242,
              6685727.077
            ],
            [
              25501201.969,
              6685729.25
            ],
            [
              25501197.386,
              6685730.782
            ],
            [
              25501196.659,
              6685728.609
            ],
            [
              25501201.242,
              6685727.077
            ]
          ]
        ]
      },
      "properties": {
        "confidence": 0.9363,
        "length_m": 4.83,
        "width_m": 2.29,
        "heading_deg": 108.5,
        "aoi": "r4-tapulikaupunki",
        "source_layer": "Ortoilmakuva_2025_5cm",
        "zoom": 16,
        "status": "confirmed",
        "class": "car"
      }
    },
    {
      "type": "Feature",
      "geometry": {
        "type": "Polygon",
        "coordinates": [
          [
            [
              25501373.481,
              6685679.265
            ],
            [
              25501374.079,
              6685681.681
            ],
            [
              25501368.32,
              6685683.107
            ],
            [
              25501367.722,
              6685680.691
            ],
            [
              25501373.481,
              6685679.265
            ]
          ]
        ]
      },
      "properties": {
        "confidence": 0.9363,
        "length_m": 5.93,
        "width_m": 2.49,
        "heading_deg": 103.9,
        "aoi": "r4-tapulikaupunki",
        "source_layer": "Ortoilmakuva_2025_5cm",
        "zoom": 16,
        "status": "confirmed",
        "class": "van"
      }
    },
    {
      "type": "Feature",
      "geometry": {
        "type": "Polygon",
        "coordinates": [
          [
            [
              25501242.728,
              6685726.591
            ],
            [
              25501243.333,
              6685728.778
            ],
            [
              25501238.381,
              6685730.148
            ],
            [
              25501237.776,
              6685727.961
            ],
            [
              25501242.728,
              6685726.591
            ]
          ]
        ]
      },
      "properties": {
        "confidence": 0.9361,
        "length_m": 5.14,
        "width_m": 2.27,
        "heading_deg": 105.5,
        "aoi": "r4-tapulikaupunki",
        "source_layer": "Ortoilmakuva_2025_5cm",
        "zoom": 16,
        "status": "confirmed",
        "class": "car"
      }
    },
    {
      "type": "Feature",
      "geometry": {
        "type": "Polygon",
        "coordinates": [
          [
            [
              25501484.425,
              6685639.758
            ],
            [
              25501486.558,
              6685639.62
            ],
            [
              25501486.83,
              6685643.842
            ],
            [
              25501484.698,
              6685643.98
            ],
            [
              25501484.425,
              6685639.758
            ]
          ]
        ]
      },
      "properties": {
        "confidence": 0.936,
        "length_m": 4.23,
        "width_m": 2.14,
        "heading_deg": 3.7,
        "aoi": "r4-tapulikaupunki",
        "source_layer": "Ortoilmakuva_2025_5cm",
        "zoom": 16,
        "status": "confirmed",
        "class": "car"
      }
    },
    {
      "type": "Feature",
      "geometry": {
        "type": "Polygon",
        "coordinates": [
          [
            [
              25501371.357,
              6685673.635
            ],
            [
              25501372.13,
              6685676.112
            ],
            [
              25501366.52,
              6685677.861
            ],
            [
              25501365.748,
              6685675.383
            ],
            [
              25501371.357,
              6685673.635
            ]
          ]
        ]
      },
      "properties": {
        "confidence": 0.9358,
        "length_m": 5.88,
        "width_m": 2.59,
        "heading_deg": 107.3,
        "aoi": "r4-tapulikaupunki",
        "source_layer": "Ortoilmakuva_2025_5cm",
        "zoom": 16,
        "status": "confirmed",
        "class": "van"
      }
    },
    {
      "type": "Feature",
      "geometry": {
        "type": "Polygon",
        "coordinates": [
          [
            [
              25501438.1,
              6685882.405
            ],
            [
              25501440.351,
              6685882.044
            ],
            [
              25501441.043,
              6685886.36
            ],
            [
              25501438.792,
              6685886.721
            ],
            [
              25501438.1,
              6685882.405
            ]
          ]
        ]
      },
      "properties": {
        "confidence": 0.9357,
        "length_m": 4.37,
        "width_m": 2.28,
        "heading_deg": 9.1,
        "aoi": "r4-tapulikaupunki",
        "source_layer": "Ortoilmakuva_2025_5cm",
        "zoom": 16,
        "status": "confirmed",
        "class": "car"
      }
    },
    {
      "type": "Feature",
      "geometry": {
        "type": "Polygon",
        "coordinates": [
          [
            [
              25501188.182,
              6685726.782
            ],
            [
              25501189.183,
              6685728.965
            ],
            [
              25501184.463,
              6685731.129
            ],
            [
              25501183.462,
              6685728.946
            ],
            [
              25501188.182,
              6685726.782
            ]
          ]
        ]
      },
      "properties": {
        "confidence": 0.9356,
        "length_m": 5.19,
        "width_m": 2.4,
        "heading_deg": 114.6,
        "aoi": "r4-tapulikaupunki",
        "source_layer": "Ortoilmakuva_2025_5cm",
        "zoom": 16,
        "status": "confirmed",
        "class": "car"
      }
    },
    {
      "type": "Feature",
      "geometry": {
        "type": "Polygon",
        "coordinates": [
          [
            [
              25501302.628,
              6685749.693
            ],
            [
              25501304.934,
              6685749.605
            ],
            [
              25501305.111,
              6685754.226
            ],
            [
              25501302.805,
              6685754.315
            ],
            [
              25501302.628,
              6685749.693
            ]
          ]
        ]
      },
      "properties": {
        "confidence": 0.9356,
        "length_m": 4.62,
        "width_m": 2.31,
        "heading_deg": 2.2,
        "aoi": "r4-tapulikaupunki",
        "source_layer": "Ortoilmakuva_2025_5cm",
        "zoom": 16,
        "status": "confirmed",
        "class": "car"
      }
    },
    {
      "type": "Feature",
      "geometry": {
        "type": "Polygon",
        "coordinates": [
          [
            [
              25501346.894,
              6685695.229
            ],
            [
              25501347.299,
              6685697.253
            ],
            [
              25501342.988,
              6685698.115
            ],
            [
              25501342.584,
              6685696.091
            ],
            [
              25501346.894,
              6685695.229
            ]
          ]
        ]
      },
      "properties": {
        "confidence": 0.9355,
        "length_m": 4.4,
        "width_m": 2.06,
        "heading_deg": 101.3,
        "aoi": "r4-tapulikaupunki",
        "source_layer": "Ortoilmakuva_2025_5cm",
        "zoom": 16,
        "status": "confirmed",
        "class": "car"
      }
    },
    {
      "type": "Feature",
      "geometry": {
        "type": "Polygon",
        "coordinates": [
          [
            [
              25501342.036,
              6685698.75
            ],
            [
              25501342.592,
              6685700.811
            ],
            [
              25501338.419,
              6685701.936
            ],
            [
              25501337.863,
              6685699.876
            ],
            [
              25501342.036,
              6685698.75
            ]
          ]
        ]
      },
      "properties": {
        "confidence": 0.9352,
        "length_m": 4.32,
        "width_m": 2.13,
        "heading_deg": 105.1,
        "aoi": "r4-tapulikaupunki",
        "source_layer": "Ortoilmakuva_2025_5cm",
        "zoom": 16,
        "status": "confirmed",
        "class": "car"
      }
    },
    {
      "type": "Feature",
      "geometry": {
        "type": "Polygon",
        "coordinates": [
          [
            [
              25501266.428,
              6685748.82
            ],
            [
              25501268.822,
              6685748.851
            ],
            [
              25501268.76,
              6685753.672
            ],
            [
              25501266.366,
              6685753.641
            ],
            [
              25501266.428,
              6685748.82
            ]
          ]
        ]
      },
      "properties": {
        "confidence": 0.9352,
        "length_m": 4.82,
        "width_m": 2.39,
        "heading_deg": 179.3,
        "aoi": "r4-tapulikaupunki",
        "source_layer": "Ortoilmakuva_2025_5cm",
        "zoom": 16,
        "status": "confirmed",
        "class": "car"
      }
    },
    {
      "type": "Feature",
      "geometry": {
        "type": "Polygon",
        "coordinates": [
          [
            [
              25501472.921,
              6685672.308
            ],
            [
              25501473.4,
              6685674.434
            ],
            [
              25501468.342,
              6685675.573
            ],
            [
              25501467.864,
              6685673.447
            ],
            [
              25501472.921,
              6685672.308
            ]
          ]
        ]
      },
      "properties": {
        "confidence": 0.9351,
        "length_m": 5.18,
        "width_m": 2.18,
        "heading_deg": 102.7,
        "aoi": "r4-tapulikaupunki",
        "source_layer": "Ortoilmakuva_2025_5cm",
        "zoom": 16,
        "status": "confirmed",
        "class": "car"
      }
    },
    {
      "type": "Feature",
      "geometry": {
        "type": "Polygon",
        "coordinates": [
          [
            [
              25501210.927,
              6685740.166
            ],
            [
              25501211.558,
              6685742.259
            ],
            [
              25501206.986,
              6685743.636
            ],
            [
              25501206.355,
              6685741.542
            ],
            [
              25501210.927,
              6685740.166
            ]
          ]
        ]
      },
      "properties": {
        "confidence": 0.9348,
        "length_m": 4.77,
        "width_m": 2.19,
        "heading_deg": 106.8,
        "aoi": "r4-tapulikaupunki",
        "source_layer": "Ortoilmakuva_2025_5cm",
        "zoom": 16,
        "status": "confirmed",
        "class": "car"
      }
    },
    {
      "type": "Feature",
      "geometry": {
        "type": "Polygon",
        "coordinates": [
          [
            [
              25501467.255,
              6685653.615
            ],
            [
              25501467.704,
              6685655.663
            ],
            [
              25501463.139,
              6685656.665
            ],
            [
              25501462.69,
              6685654.617
            ],
            [
              25501467.255,
              6685653.615
            ]
          ]
        ]
      },
      "properties": {
        "confidence": 0.9347,
        "length_m": 4.67,
        "width_m": 2.1,
        "heading_deg": 102.4,
        "aoi": "r4-tapulikaupunki",
        "source_layer": "Ortoilmakuva_2025_5cm",
        "zoom": 16,
        "status": "confirmed",
        "class": "car"
      }
    },
    {
      "type": "Feature",
      "geometry": {
        "type": "Polygon",
        "coordinates": [
          [
            [
              25501373.285,
              6685751.855
            ],
            [
              25501373.576,
              6685754.417
            ],
            [
              25501367.636,
              6685755.09
            ],
            [
              25501367.345,
              6685752.528
            ],
            [
              25501373.285,
              6685751.855
            ]
          ]
        ]
      },
      "properties": {
        "confidence": 0.9347,
        "length_m": 5.98,
        "width_m": 2.58,
        "heading_deg": 96.5,
        "aoi": "r4-tapulikaupunki",
        "source_layer": "Ortoilmakuva_2025_5cm",
        "zoom": 16,
        "status": "confirmed",
        "class": "van"
      }
    },
    {
      "type": "Feature",
      "geometry": {
        "type": "Polygon",
        "coordinates": [
          [
            [
              25501378.02,
              6685743.9
            ],
            [
              25501378.675,
              6685746.262
            ],
            [
              25501373.026,
              6685747.831
            ],
            [
              25501372.37,
              6685745.469
            ],
            [
              25501378.02,
              6685743.9
            ]
          ]
        ]
      },
      "properties": {
        "confidence": 0.9345,
        "length_m": 5.86,
        "width_m": 2.45,
        "heading_deg": 105.5,
        "aoi": "r4-tapulikaupunki",
        "source_layer": "Ortoilmakuva_2025_5cm",
        "zoom": 16,
        "status": "confirmed",
        "class": "van"
      }
    },
    {
      "type": "Feature",
      "geometry": {
        "type": "Polygon",
        "coordinates": [
          [
            [
              25501355.382,
              6685723.313
            ],
            [
              25501356.127,
              6685725.516
            ],
            [
              25501350.55,
              6685727.403
            ],
            [
              25501349.805,
              6685725.2
            ],
            [
              25501355.382,
              6685723.313
            ]
          ]
        ]
      },
      "properties": {
        "confidence": 0.9344,
        "length_m": 5.89,
        "width_m": 2.33,
        "heading_deg": 108.7,
        "aoi": "r4-tapulikaupunki",
        "source_layer": "Ortoilmakuva_2025_5cm",
        "zoom": 16,
        "status": "confirmed",
        "class": "van"
      }
    },
    {
      "type": "Feature",
      "geometry": {
        "type": "Polygon",
        "coordinates": [
          [
            [
              25501480.186,
              6685652.819
            ],
            [
              25501480.636,
              6685655.084
            ],
            [
              25501476.06,
              6685655.992
            ],
            [
              25501475.61,
              6685653.727
            ],
            [
              25501480.186,
              6685652.819
            ]
          ]
        ]
      },
      "properties": {
        "confidence": 0.9344,
        "length_m": 4.67,
        "width_m": 2.31,
        "heading_deg": 101.2,
        "aoi": "r4-tapulikaupunki",
        "source_layer": "Ortoilmakuva_2025_5cm",
        "zoom": 16,
        "status": "confirmed",
        "class": "car"
      }
    },
    {
      "type": "Feature",
      "geometry": {
        "type": "Polygon",
        "coordinates": [
          [
            [
              25501466.024,
              6685648.314
            ],
            [
              25501466.529,
              6685650.388
            ],
            [
              25501461.722,
              6685651.558
            ],
            [
              25501461.217,
              6685649.484
            ],
            [
              25501466.024,
              6685648.314
            ]
          ]
        ]
      },
      "properties": {
        "confidence": 0.9341,
        "length_m": 4.95,
        "width_m": 2.13,
        "heading_deg": 103.7,
        "aoi": "r4-tapulikaupunki",
        "source_layer": "Ortoilmakuva_2025_5cm",
        "zoom": 16,
        "status": "confirmed",
        "class": "car"
      }
    },
    {
      "type": "Feature",
      "geometry": {
        "type": "Polygon",
        "coordinates": [
          [
            [
              25501347.229,
              6685697.688
            ],
            [
              25501347.696,
              6685699.738
            ],
            [
              25501343.37,
              6685700.723
            ],
            [
              25501342.903,
              6685698.673
            ],
            [
              25501347.229,
              6685697.688
            ]
          ]
        ]
      },
      "properties": {
        "confidence": 0.934,
        "length_m": 4.44,
        "width_m": 2.1,
        "heading_deg": 102.8,
        "aoi": "r4-tapulikaupunki",
        "source_layer": "Ortoilmakuva_2025_5cm",
        "zoom": 16,
        "status": "confirmed",
        "class": "car"
      }
    },
    {
      "type": "Feature",
      "geometry": {
        "type": "Polygon",
        "coordinates": [
          [
            [
              25501486.535,
              6685639.63
            ],
            [
              25501488.816,
              6685639.278
            ],
            [
              25501489.559,
              6685644.083
            ],
            [
              25501487.277,
              6685644.436
            ],
            [
              25501486.535,
              6685639.63
            ]
          ]
        ]
      },
      "properties": {
        "confidence": 0.934,
        "length_m": 4.86,
        "width_m": 2.31,
        "heading_deg": 8.8,
        "aoi": "r4-tapulikaupunki",
        "source_layer": "Ortoilmakuva_2025_5cm",
        "zoom": 16,
        "status": "confirmed",
        "class": "car"
      }
    },
    {
      "type": "Feature",
      "geometry": {
        "type": "Polygon",
        "coordinates": [
          [
            [
              25501380.385,
              6685657.355
            ],
            [
              25501381.142,
              6685652.312
            ],
            [
              25501378.955,
              6685651.983
            ],
            [
              25501378.198,
              6685657.026
            ],
            [
              25501380.385,
              6685657.355
            ]
          ]
        ]
      },
      "properties": {
        "confidence": 0.934,
        "length_m": 5.1,
        "width_m": 2.21,
        "heading_deg": 171.5,
        "aoi": "r4-tapulikaupunki",
        "source_layer": "Ortoilmakuva_2025_5cm",
        "zoom": 16,
        "status": "confirmed",
        "class": "car"
      }
    },
    {
      "type": "Feature",
      "geometry": {
        "type": "Polygon",
        "coordinates": [
          [
            [
              25501485.051,
              6685648.693
            ],
            [
              25501485.63,
              6685650.801
            ],
            [
              25501481.134,
              6685652.036
            ],
            [
              25501480.555,
              6685649.928
            ],
            [
              25501485.051,
              6685648.693
            ]
          ]
        ]
      },
      "properties": {
        "confidence": 0.9339,
        "length_m": 4.66,
        "width_m": 2.19,
        "heading_deg": 105.4,
        "aoi": "r4-tapulikaupunki",
        "source_layer": "Ortoilmakuva_2025_5cm",
        "zoom": 16,
        "status": "confirmed",
        "class": "car"
      }
    },
    {
      "type": "Feature",
      "geometry": {
        "type": "Polygon",
        "coordinates": [
          [
            [
              25501467.271,
              6685650.728
            ],
            [
              25501467.71,
              6685652.97
            ],
            [
              25501462.785,
              6685653.934
            ],
            [
              25501462.346,
              6685651.693
            ],
            [
              25501467.271,
              6685650.728
            ]
          ]
        ]
      },
      "properties": {
        "confidence": 0.9339,
        "length_m": 5.02,
        "width_m": 2.28,
        "heading_deg": 101.1,
        "aoi": "r4-tapulikaupunki",
        "source_layer": "Ortoilmakuva_2025_5cm",
        "zoom": 16,
        "status": "confirmed",
        "class": "car"
      }
    },
    {
      "type": "Feature",
      "geometry": {
        "type": "Polygon",
        "coordinates": [
          [
            [
              25501250.131,
              6685731.993
            ],
            [
              25501250.83,
              6685734.259
            ],
            [
              25501245.874,
              6685735.787
            ],
            [
              25501245.176,
              6685733.521
            ],
            [
              25501250.131,
              6685731.993
            ]
          ]
        ]
      },
      "properties": {
        "confidence": 0.9339,
        "length_m": 5.19,
        "width_m": 2.37,
        "heading_deg": 107.1,
        "aoi": "r4-tapulikaupunki",
        "source_layer": "Ortoilmakuva_2025_5cm",
        "zoom": 16,
        "status": "confirmed",
        "class": "car"
      }
    },
    {
      "type": "Feature",
      "geometry": {
        "type": "Polygon",
        "coordinates": [
          [
            [
              25501419.541,
              6685848.766
            ],
            [
              25501421.903,
              6685848.228
            ],
            [
              25501422.987,
              6685852.989
            ],
            [
              25501420.625,
              6685853.526
            ],
            [
              25501419.541,
              6685848.766
            ]
          ]
        ]
      },
      "properties": {
        "confidence": 0.9336,
        "length_m": 4.88,
        "width_m": 2.42,
        "heading_deg": 12.8,
        "aoi": "r4-tapulikaupunki",
        "source_layer": "Ortoilmakuva_2025_5cm",
        "zoom": 16,
        "status": "confirmed",
        "class": "car"
      }
    },
    {
      "type": "Feature",
      "geometry": {
        "type": "Polygon",
        "coordinates": [
          [
            [
              25501336.718,
              6685726.039
            ],
            [
              25501337.25,
              6685728.004
            ],
            [
              25501333.308,
              6685729.07
            ],
            [
              25501332.776,
              6685727.106
            ],
            [
              25501336.718,
              6685726.039
            ]
          ]
        ]
      },
      "properties": {
        "confidence": 0.9331,
        "length_m": 4.08,
        "width_m": 2.04,
        "heading_deg": 105.1,
        "aoi": "r4-tapulikaupunki",
        "source_layer": "Ortoilmakuva_2025_5cm",
        "zoom": 16,
        "status": "confirmed",
        "class": "car"
      }
    },
    {
      "type": "Feature",
      "geometry": {
        "type": "Polygon",
        "coordinates": [
          [
            [
              25501362.595,
              6685683.417
            ],
            [
              25501356.787,
              6685684.699
            ],
            [
              25501357.308,
              6685687.061
            ],
            [
              25501363.117,
              6685685.779
            ],
            [
              25501362.595,
              6685683.417
            ]
          ]
        ]
      },
      "properties": {
        "confidence": 0.9331,
        "length_m": 5.95,
        "width_m": 2.42,
        "heading_deg": 102.4,
        "aoi": "r4-tapulikaupunki",
        "source_layer": "Ortoilmakuva_2025_5cm",
        "zoom": 16,
        "status": "confirmed",
        "class": "van"
      }
    },
    {
      "type": "Feature",
      "geometry": {
        "type": "Polygon",
        "coordinates": [
          [
            [
              25501369.609,
              6685735.428
            ],
            [
              25501370.074,
              6685737.981
            ],
            [
              25501364.056,
              6685739.077
            ],
            [
              25501363.59,
              6685736.525
            ],
            [
              25501369.609,
              6685735.428
            ]
          ]
        ]
      },
      "properties": {
        "confidence": 0.933,
        "length_m": 6.12,
        "width_m": 2.6,
        "heading_deg": 100.3,
        "aoi": "r4-tapulikaupunki",
        "source_layer": "Ortoilmakuva_2025_5cm",
        "zoom": 16,
        "status": "confirmed",
        "class": "van"
      }
    },
    {
      "type": "Feature",
      "geometry": {
        "type": "Polygon",
        "coordinates": [
          [
            [
              25501380.116,
              6685752.035
            ],
            [
              25501380.21,
              6685754.541
            ],
            [
              25501374.261,
              6685754.764
            ],
            [
              25501374.167,
              6685752.258
            ],
            [
              25501380.116,
              6685752.035
            ]
          ]
        ]
      },
      "properties": {
        "confidence": 0.9329,
        "length_m": 5.95,
        "width_m": 2.51,
        "heading_deg": 92.1,
        "aoi": "r4-tapulikaupunki",
        "source_layer": "Ortoilmakuva_2025_5cm",
        "zoom": 16,
        "status": "confirmed",
        "class": "van"
      }
    },
    {
      "type": "Feature",
      "geometry": {
        "type": "Polygon",
        "coordinates": [
          [
            [
              25501271.59,
              6685749.739
            ],
            [
              25501273.964,
              6685749.662
            ],
            [
              25501274.104,
              6685753.967
            ],
            [
              25501271.729,
              6685754.044
            ],
            [
              25501271.59,
              6685749.739
            ]
          ]
        ]
      },
      "properties": {
        "confidence": 0.9328,
        "length_m": 4.31,
        "width_m": 2.38,
        "heading_deg": 1.9,
        "aoi": "r4-tapulikaupunki",
        "source_layer": "Ortoilmakuva_2025_5cm",
        "zoom": 16,
        "status": "confirmed",
        "class": "car"
      }
    },
    {
      "type": "Feature",
      "geometry": {
        "type": "Polygon",
        "coordinates": [
          [
            [
              25501476.497,
              6685640.29
            ],
            [
              25501478.868,
              6685640.043
            ],
            [
              25501479.387,
              6685645.029
            ],
            [
              25501477.015,
              6685645.275
            ],
            [
              25501476.497,
              6685640.29
            ]
          ]
        ]
      },
      "properties": {
        "confidence": 0.9326,
        "length_m": 5.01,
        "width_m": 2.38,
        "heading_deg": 5.9,
        "aoi": "r4-tapulikaupunki",
        "source_layer": "Ortoilmakuva_2025_5cm",
        "zoom": 16,
        "status": "confirmed",
        "class": "car"
      }
    },
    {
      "type": "Feature",
      "geometry": {
        "type": "Polygon",
        "coordinates": [
          [
            [
              25501356.926,
              6685730.959
            ],
            [
              25501357.586,
              6685733.294
            ],
            [
              25501352.193,
              6685734.817
            ],
            [
              25501351.533,
              6685732.482
            ],
            [
              25501356.926,
              6685730.959
            ]
          ]
        ]
      },
      "properties": {
        "confidence": 0.9326,
        "length_m": 5.6,
        "width_m": 2.43,
        "heading_deg": 105.8,
        "aoi": "r4-tapulikaupunki",
        "source_layer": "Ortoilmakuva_2025_5cm",
        "zoom": 16,
        "status": "confirmed",
        "class": "van"
      }
    },
    {
      "type": "Feature",
      "geometry": {
        "type": "Polygon",
        "coordinates": [
          [
            [
              25501466.759,
              6685640.302
            ],
            [
              25501469.021,
              6685640.176
            ],
            [
              25501469.26,
              6685644.42
            ],
            [
              25501466.997,
              6685644.547
            ],
            [
              25501466.759,
              6685640.302
            ]
          ]
        ]
      },
      "properties": {
        "confidence": 0.9324,
        "length_m": 4.25,
        "width_m": 2.27,
        "heading_deg": 3.2,
        "aoi": "r4-tapulikaupunki",
        "source_layer": "Ortoilmakuva_2025_5cm",
        "zoom": 16,
        "status": "confirmed",
        "class": "car"
      }
    },
    {
      "type": "Feature",
      "geometry": {
        "type": "Polygon",
        "coordinates": [
          [
            [
              25501342.503,
              6685700.957
            ],
            [
              25501343.195,
              6685703.06
            ],
            [
              25501338.424,
              6685704.63
            ],
            [
              25501337.732,
              6685702.526
            ],
            [
              25501342.503,
              6685700.957
            ]
          ]
        ]
      },
      "properties": {
        "confidence": 0.9323,
        "length_m": 5.02,
        "width_m": 2.21,
        "heading_deg": 108.2,
        "aoi": "r4-tapulikaupunki",
        "source_layer": "Ortoilmakuva_2025_5cm",
        "zoom": 16,
        "status": "confirmed",
        "class": "car"
      }
    },
    {
      "type": "Feature",
      "geometry": {
        "type": "Polygon",
        "coordinates": [
          [
            [
              25501263.465,
              6685678.139
            ],
            [
              25501265.805,
              6685677.143
            ],
            [
              25501267.832,
              6685681.91
            ],
            [
              25501265.492,
              6685682.905
            ],
            [
              25501263.465,
              6685678.139
            ]
          ]
        ]
      },
      "properties": {
        "confidence": 0.9323,
        "length_m": 5.18,
        "width_m": 2.54,
        "heading_deg": 23,
        "aoi": "r4-tapulikaupunki",
        "source_layer": "Ortoilmakuva_2025_5cm",
        "zoom": 16,
        "status": "confirmed",
        "class": "car"
      }
    },
    {
      "type": "Feature",
      "geometry": {
        "type": "Polygon",
        "coordinates": [
          [
            [
              25501484.203,
              6685721.416
            ],
            [
              25501484.646,
              6685723.448
            ],
            [
              25501479.952,
              6685724.471
            ],
            [
              25501479.509,
              6685722.439
            ],
            [
              25501484.203,
              6685721.416
            ]
          ]
        ]
      },
      "properties": {
        "confidence": 0.9321,
        "length_m": 4.8,
        "width_m": 2.08,
        "heading_deg": 102.3,
        "aoi": "r4-tapulikaupunki",
        "source_layer": "Ortoilmakuva_2025_5cm",
        "zoom": 16,
        "status": "confirmed",
        "class": "car"
      }
    },
    {
      "type": "Feature",
      "geometry": {
        "type": "Polygon",
        "coordinates": [
          [
            [
              25501271.663,
              6685685.752
            ],
            [
              25501273.928,
              6685686.375
            ],
            [
              25501272.574,
              6685691.299
            ],
            [
              25501270.309,
              6685690.676
            ],
            [
              25501271.663,
              6685685.752
            ]
          ]
        ]
      },
      "properties": {
        "confidence": 0.9321,
        "length_m": 5.11,
        "width_m": 2.35,
        "heading_deg": 164.6,
        "aoi": "r4-tapulikaupunki",
        "source_layer": "Ortoilmakuva_2025_5cm",
        "zoom": 16,
        "status": "confirmed",
        "class": "car"
      }
    },
    {
      "type": "Feature",
      "geometry": {
        "type": "Polygon",
        "coordinates": [
          [
            [
              25501219.078,
              6685734.45
            ],
            [
              25501219.711,
              6685736.66
            ],
            [
              25501215.1,
              6685737.981
            ],
            [
              25501214.467,
              6685735.772
            ],
            [
              25501219.078,
              6685734.45
            ]
          ]
        ]
      },
      "properties": {
        "confidence": 0.9317,
        "length_m": 4.8,
        "width_m": 2.3,
        "heading_deg": 106,
        "aoi": "r4-tapulikaupunki",
        "source_layer": "Ortoilmakuva_2025_5cm",
        "zoom": 16,
        "status": "confirmed",
        "class": "car"
      }
    },
    {
      "type": "Feature",
      "geometry": {
        "type": "Polygon",
        "coordinates": [
          [
            [
              25501369.862,
              6685829.392
            ],
            [
              25501370.576,
              6685831.493
            ],
            [
              25501365.662,
              6685833.164
            ],
            [
              25501364.947,
              6685831.062
            ],
            [
              25501369.862,
              6685829.392
            ]
          ]
        ]
      },
      "properties": {
        "confidence": 0.9317,
        "length_m": 5.19,
        "width_m": 2.22,
        "heading_deg": 108.8,
        "aoi": "r4-tapulikaupunki",
        "source_layer": "Ortoilmakuva_2025_5cm",
        "zoom": 16,
        "status": "confirmed",
        "class": "car"
      }
    },
    {
      "type": "Feature",
      "geometry": {
        "type": "Polygon",
        "coordinates": [
          [
            [
              25501469.094,
              6685639.805
            ],
            [
              25501471.281,
              6685639.647
            ],
            [
              25501471.602,
              6685644.115
            ],
            [
              25501469.415,
              6685644.273
            ],
            [
              25501469.094,
              6685639.805
            ]
          ]
        ]
      },
      "properties": {
        "confidence": 0.9316,
        "length_m": 4.48,
        "width_m": 2.19,
        "heading_deg": 4.1,
        "aoi": "r4-tapulikaupunki",
        "source_layer": "Ortoilmakuva_2025_5cm",
        "zoom": 16,
        "status": "confirmed",
        "class": "car"
      }
    },
    {
      "type": "Feature",
      "geometry": {
        "type": "Polygon",
        "coordinates": [
          [
            [
              25501293.292,
              6685679.896
            ],
            [
              25501295.495,
              6685680.397
            ],
            [
              25501294.406,
              6685685.188
            ],
            [
              25501292.203,
              6685684.687
            ],
            [
              25501293.292,
              6685679.896
            ]
          ]
        ]
      },
      "properties": {
        "confidence": 0.9316,
        "length_m": 4.91,
        "width_m": 2.26,
        "heading_deg": 167.2,
        "aoi": "r4-tapulikaupunki",
        "source_layer": "Ortoilmakuva_2025_5cm",
        "zoom": 16,
        "status": "confirmed",
        "class": "car"
      }
    },
    {
      "type": "Feature",
      "geometry": {
        "type": "Polygon",
        "coordinates": [
          [
            [
              25501469.712,
              6685872.414
            ],
            [
              25501472.011,
              6685871.753
            ],
            [
              25501473.181,
              6685875.825
            ],
            [
              25501470.882,
              6685876.485
            ],
            [
              25501469.712,
              6685872.414
            ]
          ]
        ]
      },
      "properties": {
        "confidence": 0.9315,
        "length_m": 4.24,
        "width_m": 2.39,
        "heading_deg": 16,
        "aoi": "r4-tapulikaupunki",
        "source_layer": "Ortoilmakuva_2025_5cm",
        "zoom": 16,
        "status": "confirmed",
        "class": "car"
      }
    },
    {
      "type": "Feature",
      "geometry": {
        "type": "Polygon",
        "coordinates": [
          [
            [
              25501206.847,
              6685746.588
            ],
            [
              25501207.341,
              6685748.757
            ],
            [
              25501202.414,
              6685749.88
            ],
            [
              25501201.919,
              6685747.711
            ],
            [
              25501206.847,
              6685746.588
            ]
          ]
        ]
      },
      "properties": {
        "confidence": 0.9315,
        "length_m": 5.05,
        "width_m": 2.22,
        "heading_deg": 102.8,
        "aoi": "r4-tapulikaupunki",
        "source_layer": "Ortoilmakuva_2025_5cm",
        "zoom": 16,
        "status": "confirmed",
        "class": "car"
      }
    },
    {
      "type": "Feature",
      "geometry": {
        "type": "Polygon",
        "coordinates": [
          [
            [
              25501263.474,
              6685688.224
            ],
            [
              25501265.711,
              6685688.81
            ],
            [
              25501264.529,
              6685693.325
            ],
            [
              25501262.291,
              6685692.739
            ],
            [
              25501263.474,
              6685688.224
            ]
          ]
        ]
      },
      "properties": {
        "confidence": 0.9314,
        "length_m": 4.67,
        "width_m": 2.31,
        "heading_deg": 165.3,
        "aoi": "r4-tapulikaupunki",
        "source_layer": "Ortoilmakuva_2025_5cm",
        "zoom": 16,
        "status": "confirmed",
        "class": "car"
      }
    },
    {
      "type": "Feature",
      "geometry": {
        "type": "Polygon",
        "coordinates": [
          [
            [
              25501362.442,
              6685665.608
            ],
            [
              25501364.453,
              6685665.093
            ],
            [
              25501365.514,
              6685669.234
            ],
            [
              25501363.502,
              6685669.749
            ],
            [
              25501362.442,
              6685665.608
            ]
          ]
        ]
      },
      "properties": {
        "confidence": 0.9314,
        "length_m": 4.27,
        "width_m": 2.08,
        "heading_deg": 14.4,
        "aoi": "r4-tapulikaupunki",
        "source_layer": "Ortoilmakuva_2025_5cm",
        "zoom": 16,
        "status": "confirmed",
        "class": "car"
      }
    },
    {
      "type": "Feature",
      "geometry": {
        "type": "Polygon",
        "coordinates": [
          [
            [
              25501291.66,
              6685812.993
            ],
            [
              25501292.564,
              6685815.141
            ],
            [
              25501287.74,
              6685817.17
            ],
            [
              25501286.836,
              6685815.022
            ],
            [
              25501291.66,
              6685812.993
            ]
          ]
        ]
      },
      "properties": {
        "confidence": 0.9314,
        "length_m": 5.23,
        "width_m": 2.33,
        "heading_deg": 112.8,
        "aoi": "r4-tapulikaupunki",
        "source_layer": "Ortoilmakuva_2025_5cm",
        "zoom": 16,
        "status": "confirmed",
        "class": "car"
      }
    },
    {
      "type": "Feature",
      "geometry": {
        "type": "Polygon",
        "coordinates": [
          [
            [
              25501366.945,
              6685819.65
            ],
            [
              25501367.527,
              6685821.744
            ],
            [
              25501362.659,
              6685823.097
            ],
            [
              25501362.077,
              6685821.003
            ],
            [
              25501366.945,
              6685819.65
            ]
          ]
        ]
      },
      "properties": {
        "confidence": 0.9314,
        "length_m": 5.05,
        "width_m": 2.17,
        "heading_deg": 105.5,
        "aoi": "r4-tapulikaupunki",
        "source_layer": "Ortoilmakuva_2025_5cm",
        "zoom": 16,
        "status": "confirmed",
        "class": "car"
      }
    },
    {
      "type": "Feature",
      "geometry": {
        "type": "Polygon",
        "coordinates": [
          [
            [
              25501322.491,
              6685687.765
            ],
            [
              25501322.801,
              6685689.777
            ],
            [
              25501318.217,
              6685690.482
            ],
            [
              25501317.907,
              6685688.47
            ],
            [
              25501322.491,
              6685687.765
            ]
          ]
        ]
      },
      "properties": {
        "confidence": 0.9314,
        "length_m": 4.64,
        "width_m": 2.04,
        "heading_deg": 98.7,
        "aoi": "r4-tapulikaupunki",
        "source_layer": "Ortoilmakuva_2025_5cm",
        "zoom": 16,
        "status": "confirmed",
        "class": "car"
      }
    },
    {
      "type": "Feature",
      "geometry": {
        "type": "Polygon",
        "coordinates": [
          [
            [
              25501187.171,
              6685890.397
            ],
            [
              25501187.731,
              6685892.489
            ],
            [
              25501183.607,
              6685893.593
            ],
            [
              25501183.046,
              6685891.501
            ],
            [
              25501187.171,
              6685890.397
            ]
          ]
        ]
      },
      "properties": {
        "confidence": 0.9314,
        "length_m": 4.27,
        "width_m": 2.17,
        "heading_deg": 105,
        "aoi": "r4-tapulikaupunki",
        "source_layer": "Ortoilmakuva_2025_5cm",
        "zoom": 16,
        "status": "confirmed",
        "class": "car"
      }
    },
    {
      "type": "Feature",
      "geometry": {
        "type": "Polygon",
        "coordinates": [
          [
            [
              25501264.571,
              6685737.579
            ],
            [
              25501258.452,
              6685739.346
            ],
            [
              25501259.16,
              6685741.799
            ],
            [
              25501265.28,
              6685740.032
            ],
            [
              25501264.571,
              6685737.579
            ]
          ]
        ]
      },
      "properties": {
        "confidence": 0.9313,
        "length_m": 6.37,
        "width_m": 2.55,
        "heading_deg": 106.1,
        "aoi": "r4-tapulikaupunki",
        "source_layer": "Ortoilmakuva_2025_5cm",
        "zoom": 16,
        "status": "confirmed",
        "class": "van"
      }
    },
    {
      "type": "Feature",
      "geometry": {
        "type": "Polygon",
        "coordinates": [
          [
            [
              25501248.041,
              6685932.651
            ],
            [
              25501248.903,
              6685934.598
            ],
            [
              25501244.734,
              6685936.444
            ],
            [
              25501243.872,
              6685934.497
            ],
            [
              25501248.041,
              6685932.651
            ]
          ]
        ]
      },
      "properties": {
        "confidence": 0.931,
        "length_m": 4.56,
        "width_m": 2.13,
        "heading_deg": 113.9,
        "aoi": "r4-tapulikaupunki",
        "source_layer": "Ortoilmakuva_2025_5cm",
        "zoom": 16,
        "status": "confirmed",
        "class": "car"
      }
    },
    {
      "type": "Feature",
      "geometry": {
        "type": "Polygon",
        "coordinates": [
          [
            [
              25501344.595,
              6685669.22
            ],
            [
              25501346.946,
              6685668.524
            ],
            [
              25501348.315,
              6685673.15
            ],
            [
              25501345.964,
              6685673.846
            ],
            [
              25501344.595,
              6685669.22
            ]
          ]
        ]
      },
      "properties": {
        "confidence": 0.931,
        "length_m": 4.82,
        "width_m": 2.45,
        "heading_deg": 16.5,
        "aoi": "r4-tapulikaupunki",
        "source_layer": "Ortoilmakuva_2025_5cm",
        "zoom": 16,
        "status": "confirmed",
        "class": "car"
      }
    },
    {
      "type": "Feature",
      "geometry": {
        "type": "Polygon",
        "coordinates": [
          [
            [
              25501367.174,
              6685700.386
            ],
            [
              25501367.788,
              6685702.717
            ],
            [
              25501362.047,
              6685704.231
            ],
            [
              25501361.433,
              6685701.9
            ],
            [
              25501367.174,
              6685700.386
            ]
          ]
        ]
      },
      "properties": {
        "confidence": 0.9308,
        "length_m": 5.94,
        "width_m": 2.41,
        "heading_deg": 104.8,
        "aoi": "r4-tapulikaupunki",
        "source_layer": "Ortoilmakuva_2025_5cm",
        "zoom": 16,
        "status": "confirmed",
        "class": "van"
      }
    },
    {
      "type": "Feature",
      "geometry": {
        "type": "Polygon",
        "coordinates": [
          [
            [
              25501394.523,
              6685654.699
            ],
            [
              25501395.625,
              6685650.035
            ],
            [
              25501393.67,
              6685649.573
            ],
            [
              25501392.568,
              6685654.237
            ],
            [
              25501394.523,
              6685654.699
            ]
          ]
        ]
      },
      "properties": {
        "confidence": 0.9308,
        "length_m": 4.79,
        "width_m": 2.01,
        "heading_deg": 166.7,
        "aoi": "r4-tapulikaupunki",
        "source_layer": "Ortoilmakuva_2025_5cm",
        "zoom": 16,
        "status": "confirmed",
        "class": "car"
      }
    },
    {
      "type": "Feature",
      "geometry": {
        "type": "Polygon",
        "coordinates": [
          [
            [
              25501279.588,
              6685683.476
            ],
            [
              25501281.866,
              6685683.961
            ],
            [
              25501280.834,
              6685688.811
            ],
            [
              25501278.556,
              6685688.326
            ],
            [
              25501279.588,
              6685683.476
            ]
          ]
        ]
      },
      "properties": {
        "confidence": 0.9306,
        "length_m": 4.96,
        "width_m": 2.33,
        "heading_deg": 168,
        "aoi": "r4-tapulikaupunki",
        "source_layer": "Ortoilmakuva_2025_5cm",
        "zoom": 16,
        "status": "confirmed",
        "class": "car"
      }
    },
    {
      "type": "Feature",
      "geometry": {
        "type": "Polygon",
        "coordinates": [
          [
            [
              25501229.052,
              6685689.868
            ],
            [
              25501231.027,
              6685688.6
            ],
            [
              25501233.578,
              6685692.572
            ],
            [
              25501231.604,
              6685693.84
            ],
            [
              25501229.052,
              6685689.868
            ]
          ]
        ]
      },
      "properties": {
        "confidence": 0.9306,
        "length_m": 4.72,
        "width_m": 2.35,
        "heading_deg": 32.7,
        "aoi": "r4-tapulikaupunki",
        "source_layer": "Ortoilmakuva_2025_5cm",
        "zoom": 16,
        "status": "confirmed",
        "class": "car"
      }
    },
    {
      "type": "Feature",
      "geometry": {
        "type": "Polygon",
        "coordinates": [
          [
            [
              25501216.522,
              6685701.294
            ],
            [
              25501218.738,
              6685701.878
            ],
            [
              25501217.516,
              6685706.515
            ],
            [
              25501215.3,
              6685705.931
            ],
            [
              25501216.522,
              6685701.294
            ]
          ]
        ]
      },
      "properties": {
        "confidence": 0.9303,
        "length_m": 4.8,
        "width_m": 2.29,
        "heading_deg": 165.2,
        "aoi": "r4-tapulikaupunki",
        "source_layer": "Ortoilmakuva_2025_5cm",
        "zoom": 16,
        "status": "confirmed",
        "class": "car"
      }
    },
    {
      "type": "Feature",
      "geometry": {
        "type": "Polygon",
        "coordinates": [
          [
            [
              25501269.652,
              6685739.806
            ],
            [
              25501270.096,
              6685741.846
            ],
            [
              25501265.502,
              6685742.847
            ],
            [
              25501265.058,
              6685740.807
            ],
            [
              25501269.652,
              6685739.806
            ]
          ]
        ]
      },
      "properties": {
        "confidence": 0.9303,
        "length_m": 4.7,
        "width_m": 2.09,
        "heading_deg": 102.3,
        "aoi": "r4-tapulikaupunki",
        "source_layer": "Ortoilmakuva_2025_5cm",
        "zoom": 16,
        "status": "confirmed",
        "class": "car"
      }
    },
    {
      "type": "Feature",
      "geometry": {
        "type": "Polygon",
        "coordinates": [
          [
            [
              25501365.695,
              6685695.698
            ],
            [
              25501366.332,
              6685697.68
            ],
            [
              25501361.892,
              6685699.107
            ],
            [
              25501361.255,
              6685697.125
            ],
            [
              25501365.695,
              6685695.698
            ]
          ]
        ]
      },
      "properties": {
        "confidence": 0.9302,
        "length_m": 4.66,
        "width_m": 2.08,
        "heading_deg": 107.8,
        "aoi": "r4-tapulikaupunki",
        "source_layer": "Ortoilmakuva_2025_5cm",
        "zoom": 16,
        "status": "confirmed",
        "class": "car"
      }
    },
    {
      "type": "Feature",
      "geometry": {
        "type": "Polygon",
        "coordinates": [
          [
            [
              25501480.215,
              6685655.255
            ],
            [
              25501480.796,
              6685657.4
            ],
            [
              25501475.9,
              6685658.726
            ],
            [
              25501475.319,
              6685656.582
            ],
            [
              25501480.215,
              6685655.255
            ]
          ]
        ]
      },
      "properties": {
        "confidence": 0.9301,
        "length_m": 5.07,
        "width_m": 2.22,
        "heading_deg": 105.2,
        "aoi": "r4-tapulikaupunki",
        "source_layer": "Ortoilmakuva_2025_5cm",
        "zoom": 16,
        "status": "confirmed",
        "class": "car"
      }
    },
    {
      "type": "Feature",
      "geometry": {
        "type": "Polygon",
        "coordinates": [
          [
            [
              25501341.517,
              6685696.248
            ],
            [
              25501342.219,
              6685698.339
            ],
            [
              25501337.706,
              6685699.854
            ],
            [
              25501337.004,
              6685697.764
            ],
            [
              25501341.517,
              6685696.248
            ]
          ]
        ]
      },
      "properties": {
        "confidence": 0.9299,
        "length_m": 4.76,
        "width_m": 2.21,
        "heading_deg": 108.6,
        "aoi": "r4-tapulikaupunki",
        "source_layer": "Ortoilmakuva_2025_5cm",
        "zoom": 16,
        "status": "confirmed",
        "class": "car"
      }
    },
    {
      "type": "Feature",
      "geometry": {
        "type": "Polygon",
        "coordinates": [
          [
            [
              25501441.784,
              6685816.916
            ],
            [
              25501444.202,
              6685816.45
            ],
            [
              25501445.102,
              6685821.121
            ],
            [
              25501442.683,
              6685821.586
            ],
            [
              25501441.784,
              6685816.916
            ]
          ]
        ]
      },
      "properties": {
        "confidence": 0.9296,
        "length_m": 4.76,
        "width_m": 2.46,
        "heading_deg": 10.9,
        "aoi": "r4-tapulikaupunki",
        "source_layer": "Ortoilmakuva_2025_5cm",
        "zoom": 16,
        "status": "confirmed",
        "class": "car"
      }
    },
    {
      "type": "Feature",
      "geometry": {
        "type": "Polygon",
        "coordinates": [
          [
            [
              25501181.881,
              6685771.558
            ],
            [
              25501183.922,
              6685770.595
            ],
            [
              25501185.932,
              6685774.854
            ],
            [
              25501183.89,
              6685775.817
            ],
            [
              25501181.881,
              6685771.558
            ]
          ]
        ]
      },
      "properties": {
        "confidence": 0.9294,
        "length_m": 4.71,
        "width_m": 2.26,
        "heading_deg": 25.3,
        "aoi": "r4-tapulikaupunki",
        "source_layer": "Ortoilmakuva_2025_5cm",
        "zoom": 16,
        "status": "confirmed",
        "class": "car"
      }
    },
    {
      "type": "Feature",
      "geometry": {
        "type": "Polygon",
        "coordinates": [
          [
            [
              25501480.915,
              6685735.424
            ],
            [
              25501483.38,
              6685729.945
            ],
            [
              25501481.374,
              6685729.043
            ],
            [
              25501478.909,
              6685734.522
            ],
            [
              25501480.915,
              6685735.424
            ]
          ]
        ]
      },
      "properties": {
        "confidence": 0.9294,
        "length_m": 6.01,
        "width_m": 2.2,
        "heading_deg": 155.8,
        "aoi": "r4-tapulikaupunki",
        "source_layer": "Ortoilmakuva_2025_5cm",
        "zoom": 16,
        "status": "confirmed",
        "class": "van"
      }
    },
    {
      "type": "Feature",
      "geometry": {
        "type": "Polygon",
        "coordinates": [
          [
            [
              25501246.432,
              6685693.463
            ],
            [
              25501248.549,
              6685693.997
            ],
            [
              25501247.417,
              6685698.484
            ],
            [
              25501245.3,
              6685697.95
            ],
            [
              25501246.432,
              6685693.463
            ]
          ]
        ]
      },
      "properties": {
        "confidence": 0.9294,
        "length_m": 4.63,
        "width_m": 2.18,
        "heading_deg": 165.8,
        "aoi": "r4-tapulikaupunki",
        "source_layer": "Ortoilmakuva_2025_5cm",
        "zoom": 16,
        "status": "confirmed",
        "class": "car"
      }
    },
    {
      "type": "Feature",
      "geometry": {
        "type": "Polygon",
        "coordinates": [
          [
            [
              25501386.587,
              6685839.617
            ],
            [
              25501387.088,
              6685841.441
            ],
            [
              25501383.138,
              6685842.525
            ],
            [
              25501382.637,
              6685840.701
            ],
            [
              25501386.587,
              6685839.617
            ]
          ]
        ]
      },
      "properties": {
        "confidence": 0.9292,
        "length_m": 4.1,
        "width_m": 1.89,
        "heading_deg": 105.3,
        "aoi": "r4-tapulikaupunki",
        "source_layer": "Ortoilmakuva_2025_5cm",
        "zoom": 16,
        "status": "confirmed",
        "class": "car"
      }
    },
    {
      "type": "Feature",
      "geometry": {
        "type": "Polygon",
        "coordinates": [
          [
            [
              25501456.486,
              6685875.218
            ],
            [
              25501458.638,
              6685874.635
            ],
            [
              25501459.82,
              6685878.995
            ],
            [
              25501457.668,
              6685879.579
            ],
            [
              25501456.486,
              6685875.218
            ]
          ]
        ]
      },
      "properties": {
        "confidence": 0.9292,
        "length_m": 4.52,
        "width_m": 2.23,
        "heading_deg": 15.2,
        "aoi": "r4-tapulikaupunki",
        "source_layer": "Ortoilmakuva_2025_5cm",
        "zoom": 16,
        "status": "confirmed",
        "class": "car"
      }
    },
    {
      "type": "Feature",
      "geometry": {
        "type": "Polygon",
        "coordinates": [
          [
            [
              25501376.075,
              6685730.974
            ],
            [
              25501376.753,
              6685733.365
            ],
            [
              25501370.935,
              6685735.014
            ],
            [
              25501370.257,
              6685732.622
            ],
            [
              25501376.075,
              6685730.974
            ]
          ]
        ]
      },
      "properties": {
        "confidence": 0.9292,
        "length_m": 6.05,
        "width_m": 2.49,
        "heading_deg": 105.8,
        "aoi": "r4-tapulikaupunki",
        "source_layer": "Ortoilmakuva_2025_5cm",
        "zoom": 16,
        "status": "confirmed",
        "class": "van"
      }
    },
    {
      "type": "Feature",
      "geometry": {
        "type": "Polygon",
        "coordinates": [
          [
            [
              25501282.52,
              6685682.458
            ],
            [
              25501284.813,
              6685682.992
            ],
            [
              25501283.589,
              6685688.252
            ],
            [
              25501281.296,
              6685687.718
            ],
            [
              25501282.52,
              6685682.458
            ]
          ]
        ]
      },
      "properties": {
        "confidence": 0.9291,
        "length_m": 5.4,
        "width_m": 2.35,
        "heading_deg": 166.9,
        "aoi": "r4-tapulikaupunki",
        "source_layer": "Ortoilmakuva_2025_5cm",
        "zoom": 16,
        "status": "confirmed",
        "class": "car"
      }
    },
    {
      "type": "Feature",
      "geometry": {
        "type": "Polygon",
        "coordinates": [
          [
            [
              25501451.176,
              6685736.67
            ],
            [
              25501451.722,
              6685739.221
            ],
            [
              25501446.668,
              6685740.302
            ],
            [
              25501446.122,
              6685737.751
            ],
            [
              25501451.176,
              6685736.67
            ]
          ]
        ]
      },
      "properties": {
        "confidence": 0.9288,
        "length_m": 5.17,
        "width_m": 2.61,
        "heading_deg": 102.1,
        "aoi": "r4-tapulikaupunki",
        "source_layer": "Ortoilmakuva_2025_5cm",
        "zoom": 16,
        "status": "confirmed",
        "class": "car"
      }
    },
    {
      "type": "Feature",
      "geometry": {
        "type": "Polygon",
        "coordinates": [
          [
            [
              25501425.848,
              6685875.342
            ],
            [
              25501428.267,
              6685874.899
            ],
            [
              25501429.088,
              6685879.384
            ],
            [
              25501426.67,
              6685879.827
            ],
            [
              25501425.848,
              6685875.342
            ]
          ]
        ]
      },
      "properties": {
        "confidence": 0.9288,
        "length_m": 4.56,
        "width_m": 2.46,
        "heading_deg": 10.4,
        "aoi": "r4-tapulikaupunki",
        "source_layer": "Ortoilmakuva_2025_5cm",
        "zoom": 16,
        "status": "confirmed",
        "class": "car"
      }
    },
    {
      "type": "Feature",
      "geometry": {
        "type": "Polygon",
        "coordinates": [
          [
            [
              25501206.197,
              6685723.37
            ],
            [
              25501206.805,
              6685725.677
            ],
            [
              25501201.831,
              6685726.989
            ],
            [
              25501201.222,
              6685724.682
            ],
            [
              25501206.197,
              6685723.37
            ]
          ]
        ]
      },
      "properties": {
        "confidence": 0.9287,
        "length_m": 5.14,
        "width_m": 2.39,
        "heading_deg": 104.8,
        "aoi": "r4-tapulikaupunki",
        "source_layer": "Ortoilmakuva_2025_5cm",
        "zoom": 16,
        "status": "confirmed",
        "class": "car"
      }
    },
    {
      "type": "Feature",
      "geometry": {
        "type": "Polygon",
        "coordinates": [
          [
            [
              25501352.638,
              6685667.718
            ],
            [
              25501354.657,
              6685667.117
            ],
            [
              25501355.821,
              6685671.028
            ],
            [
              25501353.802,
              6685671.629
            ],
            [
              25501352.638,
              6685667.718
            ]
          ]
        ]
      },
      "properties": {
        "confidence": 0.9285,
        "length_m": 4.08,
        "width_m": 2.11,
        "heading_deg": 16.6,
        "aoi": "r4-tapulikaupunki",
        "source_layer": "Ortoilmakuva_2025_5cm",
        "zoom": 16,
        "status": "confirmed",
        "class": "car"
      }
    },
    {
      "type": "Feature",
      "geometry": {
        "type": "Polygon",
        "coordinates": [
          [
            [
              25501187.219,
              6685724.45
            ],
            [
              25501188.102,
              6685726.596
            ],
            [
              25501183.276,
              6685728.582
            ],
            [
              25501182.393,
              6685726.436
            ],
            [
              25501187.219,
              6685724.45
            ]
          ]
        ]
      },
      "properties": {
        "confidence": 0.9285,
        "length_m": 5.22,
        "width_m": 2.32,
        "heading_deg": 112.4,
        "aoi": "r4-tapulikaupunki",
        "source_layer": "Ortoilmakuva_2025_5cm",
        "zoom": 16,
        "status": "confirmed",
        "class": "car"
      }
    },
    {
      "type": "Feature",
      "geometry": {
        "type": "Polygon",
        "coordinates": [
          [
            [
              25501227.52,
              6685752.824
            ],
            [
              25501229.593,
              6685752.154
            ],
            [
              25501230.922,
              6685756.267
            ],
            [
              25501228.849,
              6685756.937
            ],
            [
              25501227.52,
              6685752.824
            ]
          ]
        ]
      },
      "properties": {
        "confidence": 0.9283,
        "length_m": 4.32,
        "width_m": 2.18,
        "heading_deg": 17.9,
        "aoi": "r4-tapulikaupunki",
        "source_layer": "Ortoilmakuva_2025_5cm",
        "zoom": 16,
        "status": "confirmed",
        "class": "car"
      }
    },
    {
      "type": "Feature",
      "geometry": {
        "type": "Polygon",
        "coordinates": [
          [
            [
              25501437.358,
              6685818.728
            ],
            [
              25501439.555,
              6685818.22
            ],
            [
              25501440.605,
              6685822.764
            ],
            [
              25501438.409,
              6685823.272
            ],
            [
              25501437.358,
              6685818.728
            ]
          ]
        ]
      },
      "properties": {
        "confidence": 0.9283,
        "length_m": 4.66,
        "width_m": 2.25,
        "heading_deg": 13,
        "aoi": "r4-tapulikaupunki",
        "source_layer": "Ortoilmakuva_2025_5cm",
        "zoom": 16,
        "status": "confirmed",
        "class": "car"
      }
    },
    {
      "type": "Feature",
      "geometry": {
        "type": "Polygon",
        "coordinates": [
          [
            [
              25501483.113,
              6685667.437
            ],
            [
              25501483.666,
              6685669.623
            ],
            [
              25501478.712,
              6685670.878
            ],
            [
              25501478.158,
              6685668.692
            ],
            [
              25501483.113,
              6685667.437
            ]
          ]
        ]
      },
      "properties": {
        "confidence": 0.9282,
        "length_m": 5.11,
        "width_m": 2.25,
        "heading_deg": 104.2,
        "aoi": "r4-tapulikaupunki",
        "source_layer": "Ortoilmakuva_2025_5cm",
        "zoom": 16,
        "status": "confirmed",
        "class": "car"
      }
    },
    {
      "type": "Feature",
      "geometry": {
        "type": "Polygon",
        "coordinates": [
          [
            [
              25501276.73,
              6685749.702
            ],
            [
              25501279.09,
              6685749.684
            ],
            [
              25501279.127,
              6685754.453
            ],
            [
              25501276.767,
              6685754.471
            ],
            [
              25501276.73,
              6685749.702
            ]
          ]
        ]
      },
      "properties": {
        "confidence": 0.9279,
        "length_m": 4.77,
        "width_m": 2.36,
        "heading_deg": 0.4,
        "aoi": "r4-tapulikaupunki",
        "source_layer": "Ortoilmakuva_2025_5cm",
        "zoom": 16,
        "status": "confirmed",
        "class": "car"
      }
    },
    {
      "type": "Feature",
      "geometry": {
        "type": "Polygon",
        "coordinates": [
          [
            [
              25501281.918,
              6685740.874
            ],
            [
              25501282.461,
              6685743.273
            ],
            [
              25501276.963,
              6685744.516
            ],
            [
              25501276.42,
              6685742.117
            ],
            [
              25501281.918,
              6685740.874
            ]
          ]
        ]
      },
      "properties": {
        "confidence": 0.9277,
        "length_m": 5.64,
        "width_m": 2.46,
        "heading_deg": 102.7,
        "aoi": "r4-tapulikaupunki",
        "source_layer": "Ortoilmakuva_2025_5cm",
        "zoom": 16,
        "status": "confirmed",
        "class": "van"
      }
    },
    {
      "type": "Feature",
      "geometry": {
        "type": "Polygon",
        "coordinates": [
          [
            [
              25501444.943,
              6685895.09
            ],
            [
              25501447.171,
              6685894.328
            ],
            [
              25501448.783,
              6685899.039
            ],
            [
              25501446.555,
              6685899.802
            ],
            [
              25501444.943,
              6685895.09
            ]
          ]
        ]
      },
      "properties": {
        "confidence": 0.9276,
        "length_m": 4.98,
        "width_m": 2.35,
        "heading_deg": 18.9,
        "aoi": "r4-tapulikaupunki",
        "source_layer": "Ortoilmakuva_2025_5cm",
        "zoom": 16,
        "status": "confirmed",
        "class": "car"
      }
    },
    {
      "type": "Feature",
      "geometry": {
        "type": "Polygon",
        "coordinates": [
          [
            [
              25501484.312,
              6685672.101
            ],
            [
              25501484.815,
              6685674.338
            ],
            [
              25501479.852,
              6685675.456
            ],
            [
              25501479.348,
              6685673.219
            ],
            [
              25501484.312,
              6685672.101
            ]
          ]
        ]
      },
      "properties": {
        "confidence": 0.9274,
        "length_m": 5.09,
        "width_m": 2.29,
        "heading_deg": 102.7,
        "aoi": "r4-tapulikaupunki",
        "source_layer": "Ortoilmakuva_2025_5cm",
        "zoom": 16,
        "status": "confirmed",
        "class": "car"
      }
    },
    {
      "type": "Feature",
      "geometry": {
        "type": "Polygon",
        "coordinates": [
          [
            [
              25501397.635,
              6685653.054
            ],
            [
              25501398.873,
              6685648.399
            ],
            [
              25501397.033,
              6685647.91
            ],
            [
              25501395.796,
              6685652.564
            ],
            [
              25501397.635,
              6685653.054
            ]
          ]
        ]
      },
      "properties": {
        "confidence": 0.9274,
        "length_m": 4.82,
        "width_m": 1.9,
        "heading_deg": 165.1,
        "aoi": "r4-tapulikaupunki",
        "source_layer": "Ortoilmakuva_2025_5cm",
        "zoom": 16,
        "status": "confirmed",
        "class": "car"
      }
    },
    {
      "type": "Feature",
      "geometry": {
        "type": "Polygon",
        "coordinates": [
          [
            [
              25501452.427,
              6685739.602
            ],
            [
              25501453.11,
              6685741.978
            ],
            [
              25501448.385,
              6685743.336
            ],
            [
              25501447.702,
              6685740.96
            ],
            [
              25501452.427,
              6685739.602
            ]
          ]
        ]
      },
      "properties": {
        "confidence": 0.9267,
        "length_m": 4.92,
        "width_m": 2.47,
        "heading_deg": 106,
        "aoi": "r4-tapulikaupunki",
        "source_layer": "Ortoilmakuva_2025_5cm",
        "zoom": 16,
        "status": "confirmed",
        "class": "car"
      }
    },
    {
      "type": "Feature",
      "geometry": {
        "type": "Polygon",
        "coordinates": [
          [
            [
              25501422.409,
              6685859.347
            ],
            [
              25501424.471,
              6685858.847
            ],
            [
              25501425.447,
              6685862.868
            ],
            [
              25501423.384,
              6685863.368
            ],
            [
              25501422.409,
              6685859.347
            ]
          ]
        ]
      },
      "properties": {
        "confidence": 0.9266,
        "length_m": 4.14,
        "width_m": 2.12,
        "heading_deg": 13.6,
        "aoi": "r4-tapulikaupunki",
        "source_layer": "Ortoilmakuva_2025_5cm",
        "zoom": 16,
        "status": "confirmed",
        "class": "car"
      }
    },
    {
      "type": "Feature",
      "geometry": {
        "type": "Polygon",
        "coordinates": [
          [
            [
              25501460.938,
              6685733.522
            ],
            [
              25501463.437,
              6685734.467
            ],
            [
              25501461.321,
              6685740.062
            ],
            [
              25501458.822,
              6685739.117
            ],
            [
              25501460.938,
              6685733.522
            ]
          ]
        ]
      },
      "properties": {
        "confidence": 0.9265,
        "length_m": 5.98,
        "width_m": 2.67,
        "heading_deg": 159.3,
        "aoi": "r4-tapulikaupunki",
        "source_layer": "Ortoilmakuva_2025_5cm",
        "zoom": 16,
        "status": "confirmed",
        "class": "van"
      }
    },
    {
      "type": "Feature",
      "geometry": {
        "type": "Polygon",
        "coordinates": [
          [
            [
              25501465.573,
              6685872.316
            ],
            [
              25501467.85,
              6685871.768
            ],
            [
              25501468.97,
              6685876.411
            ],
            [
              25501466.692,
              6685876.959
            ],
            [
              25501465.573,
              6685872.316
            ]
          ]
        ]
      },
      "properties": {
        "confidence": 0.9264,
        "length_m": 4.78,
        "width_m": 2.34,
        "heading_deg": 13.6,
        "aoi": "r4-tapulikaupunki",
        "source_layer": "Ortoilmakuva_2025_5cm",
        "zoom": 16,
        "status": "confirmed",
        "class": "car"
      }
    },
    {
      "type": "Feature",
      "geometry": {
        "type": "Polygon",
        "coordinates": [
          [
            [
              25501377.504,
              6685657.052
            ],
            [
              25501377.762,
              6685652.004
            ],
            [
              25501375.685,
              6685651.898
            ],
            [
              25501375.428,
              6685656.946
            ],
            [
              25501377.504,
              6685657.052
            ]
          ]
        ]
      },
      "properties": {
        "confidence": 0.9263,
        "length_m": 5.05,
        "width_m": 2.08,
        "heading_deg": 177.1,
        "aoi": "r4-tapulikaupunki",
        "source_layer": "Ortoilmakuva_2025_5cm",
        "zoom": 16,
        "status": "confirmed",
        "class": "car"
      }
    },
    {
      "type": "Feature",
      "geometry": {
        "type": "Polygon",
        "coordinates": [
          [
            [
              25501451.154,
              6685733.9
            ],
            [
              25501451.58,
              6685736.218
            ],
            [
              25501447.442,
              6685736.979
            ],
            [
              25501447.015,
              6685734.661
            ],
            [
              25501451.154,
              6685733.9
            ]
          ]
        ]
      },
      "properties": {
        "confidence": 0.926,
        "length_m": 4.21,
        "width_m": 2.36,
        "heading_deg": 100.4,
        "aoi": "r4-tapulikaupunki",
        "source_layer": "Ortoilmakuva_2025_5cm",
        "zoom": 16,
        "status": "confirmed",
        "class": "car"
      }
    },
    {
      "type": "Feature",
      "geometry": {
        "type": "Polygon",
        "coordinates": [
          [
            [
              25501182.561,
              6685712.337
            ],
            [
              25501184.563,
              6685711.283
            ],
            [
              25501186.78,
              6685715.494
            ],
            [
              25501184.778,
              6685716.548
            ],
            [
              25501182.561,
              6685712.337
            ]
          ]
        ]
      },
      "properties": {
        "confidence": 0.9258,
        "length_m": 4.76,
        "width_m": 2.26,
        "heading_deg": 27.8,
        "aoi": "r4-tapulikaupunki",
        "source_layer": "Ortoilmakuva_2025_5cm",
        "zoom": 16,
        "status": "confirmed",
        "class": "car"
      }
    },
    {
      "type": "Feature",
      "geometry": {
        "type": "Polygon",
        "coordinates": [
          [
            [
              25501324.755,
              6685695.873
            ],
            [
              25501325.25,
              6685697.836
            ],
            [
              25501321.064,
              6685698.893
            ],
            [
              25501320.569,
              6685696.93
            ],
            [
              25501324.755,
              6685695.873
            ]
          ]
        ]
      },
      "properties": {
        "confidence": 0.9257,
        "length_m": 4.32,
        "width_m": 2.02,
        "heading_deg": 104.2,
        "aoi": "r4-tapulikaupunki",
        "source_layer": "Ortoilmakuva_2025_5cm",
        "zoom": 16,
        "status": "confirmed",
        "class": "car"
      }
    },
    {
      "type": "Feature",
      "geometry": {
        "type": "Polygon",
        "coordinates": [
          [
            [
              25501294.511,
              6685669.2
            ],
            [
              25501296.512,
              6685668.083
            ],
            [
              25501298.986,
              6685672.513
            ],
            [
              25501296.985,
              6685673.63
            ],
            [
              25501294.511,
              6685669.2
            ]
          ]
        ]
      },
      "properties": {
        "confidence": 0.9256,
        "length_m": 5.07,
        "width_m": 2.29,
        "heading_deg": 29.2,
        "aoi": "r4-tapulikaupunki",
        "source_layer": "Ortoilmakuva_2025_5cm",
        "zoom": 16,
        "status": "confirmed",
        "class": "car"
      }
    },
    {
      "type": "Feature",
      "geometry": {
        "type": "Polygon",
        "coordinates": [
          [
            [
              25501358.029,
              6685735.826
            ],
            [
              25501358.675,
              6685738.131
            ],
            [
              25501353.593,
              6685739.554
            ],
            [
              25501352.948,
              6685737.249
            ],
            [
              25501358.029,
              6685735.826
            ]
          ]
        ]
      },
      "properties": {
        "confidence": 0.9255,
        "length_m": 5.28,
        "width_m": 2.39,
        "heading_deg": 105.6,
        "aoi": "r4-tapulikaupunki",
        "source_layer": "Ortoilmakuva_2025_5cm",
        "zoom": 16,
        "status": "confirmed",
        "class": "van"
      }
    },
    {
      "type": "Feature",
      "geometry": {
        "type": "Polygon",
        "coordinates": [
          [
            [
              25501296.281,
              6685678.947
            ],
            [
              25501298.389,
              6685679.528
            ],
            [
              25501297.009,
              6685684.529
            ],
            [
              25501294.902,
              6685683.947
            ],
            [
              25501296.281,
              6685678.947
            ]
          ]
        ]
      },
      "properties": {
        "confidence": 0.9253,
        "length_m": 5.19,
        "width_m": 2.19,
        "heading_deg": 164.6,
        "aoi": "r4-tapulikaupunki",
        "source_layer": "Ortoilmakuva_2025_5cm",
        "zoom": 16,
        "status": "confirmed",
        "class": "car"
      }
    },
    {
      "type": "Feature",
      "geometry": {
        "type": "Polygon",
        "coordinates": [
          [
            [
              25501280.909,
              6685738.341
            ],
            [
              25501281.585,
              6685740.646
            ],
            [
              25501276.348,
              6685742.183
            ],
            [
              25501275.671,
              6685739.878
            ],
            [
              25501280.909,
              6685738.341
            ]
          ]
        ]
      },
      "properties": {
        "confidence": 0.9253,
        "length_m": 5.46,
        "width_m": 2.4,
        "heading_deg": 106.4,
        "aoi": "r4-tapulikaupunki",
        "source_layer": "Ortoilmakuva_2025_5cm",
        "zoom": 16,
        "status": "confirmed",
        "class": "car"
      }
    },
    {
      "type": "Feature",
      "geometry": {
        "type": "Polygon",
        "coordinates": [
          [
            [
              25501213.536,
              6685701.684
            ],
            [
              25501215.916,
              6685702.302
            ],
            [
              25501214.611,
              6685707.327
            ],
            [
              25501212.231,
              6685706.709
            ],
            [
              25501213.536,
              6685701.684
            ]
          ]
        ]
      },
      "properties": {
        "confidence": 0.9252,
        "length_m": 5.19,
        "width_m": 2.46,
        "heading_deg": 165.4,
        "aoi": "r4-tapulikaupunki",
        "source_layer": "Ortoilmakuva_2025_5cm",
        "zoom": 16,
        "status": "confirmed",
        "class": "car"
      }
    },
    {
      "type": "Feature",
      "geometry": {
        "type": "Polygon",
        "coordinates": [
          [
            [
              25501371.384,
              6685844.306
            ],
            [
              25501371.944,
              6685846.265
            ],
            [
              25501367.207,
              6685847.619
            ],
            [
              25501366.647,
              6685845.66
            ],
            [
              25501371.384,
              6685844.306
            ]
          ]
        ]
      },
      "properties": {
        "confidence": 0.9252,
        "length_m": 4.93,
        "width_m": 2.04,
        "heading_deg": 106,
        "aoi": "r4-tapulikaupunki",
        "source_layer": "Ortoilmakuva_2025_5cm",
        "zoom": 16,
        "status": "confirmed",
        "class": "car"
      }
    },
    {
      "type": "Feature",
      "geometry": {
        "type": "Polygon",
        "coordinates": [
          [
            [
              25501366.203,
              6685698.079
            ],
            [
              25501366.848,
              6685700.438
            ],
            [
              25501361.534,
              6685701.89
            ],
            [
              25501360.889,
              6685699.531
            ],
            [
              25501366.203,
              6685698.079
            ]
          ]
        ]
      },
      "properties": {
        "confidence": 0.925,
        "length_m": 5.51,
        "width_m": 2.45,
        "heading_deg": 105.3,
        "aoi": "r4-tapulikaupunki",
        "source_layer": "Ortoilmakuva_2025_5cm",
        "zoom": 16,
        "status": "confirmed",
        "class": "van"
      }
    },
    {
      "type": "Feature",
      "geometry": {
        "type": "Polygon",
        "coordinates": [
          [
            [
              25501481.452,
              6685639.27
            ],
            [
              25501483.771,
              6685638.921
            ],
            [
              25501484.51,
              6685643.838
            ],
            [
              25501482.191,
              6685644.187
            ],
            [
              25501481.452,
              6685639.27
            ]
          ]
        ]
      },
      "properties": {
        "confidence": 0.925,
        "length_m": 4.97,
        "width_m": 2.35,
        "heading_deg": 8.5,
        "aoi": "r4-tapulikaupunki",
        "source_layer": "Ortoilmakuva_2025_5cm",
        "zoom": 16,
        "status": "confirmed",
        "class": "car"
      }
    },
    {
      "type": "Feature",
      "geometry": {
        "type": "Polygon",
        "coordinates": [
          [
            [
              25501442.586,
              6685881.161
            ],
            [
              25501444.808,
              6685880.595
            ],
            [
              25501445.873,
              6685884.779
            ],
            [
              25501443.651,
              6685885.345
            ],
            [
              25501442.586,
              6685881.161
            ]
          ]
        ]
      },
      "properties": {
        "confidence": 0.9248,
        "length_m": 4.32,
        "width_m": 2.29,
        "heading_deg": 14.3,
        "aoi": "r4-tapulikaupunki",
        "source_layer": "Ortoilmakuva_2025_5cm",
        "zoom": 16,
        "status": "confirmed",
        "class": "car"
      }
    },
    {
      "type": "Feature",
      "geometry": {
        "type": "Polygon",
        "coordinates": [
          [
            [
              25501478.769,
              6685696.389
            ],
            [
              25501479.313,
              6685698.541
            ],
            [
              25501474.241,
              6685699.823
            ],
            [
              25501473.697,
              6685697.672
            ],
            [
              25501478.769,
              6685696.389
            ]
          ]
        ]
      },
      "properties": {
        "confidence": 0.9247,
        "length_m": 5.23,
        "width_m": 2.22,
        "heading_deg": 104.2,
        "aoi": "r4-tapulikaupunki",
        "source_layer": "Ortoilmakuva_2025_5cm",
        "zoom": 16,
        "status": "confirmed",
        "class": "car"
      }
    },
    {
      "type": "Feature",
      "geometry": {
        "type": "Polygon",
        "coordinates": [
          [
            [
              25501470.017,
              6685663.125
            ],
            [
              25501470.403,
              6685665.049
            ],
            [
              25501466.17,
              6685665.898
            ],
            [
              25501465.784,
              6685663.974
            ],
            [
              25501470.017,
              6685663.125
            ]
          ]
        ]
      },
      "properties": {
        "confidence": 0.9246,
        "length_m": 4.32,
        "width_m": 1.96,
        "heading_deg": 101.3,
        "aoi": "r4-tapulikaupunki",
        "source_layer": "Ortoilmakuva_2025_5cm",
        "zoom": 16,
        "status": "confirmed",
        "class": "car"
      }
    },
    {
      "type": "Feature",
      "geometry": {
        "type": "Polygon",
        "coordinates": [
          [
            [
              25501366.184,
              6685845.579
            ],
            [
              25501360.22,
              6685847.093
            ],
            [
              25501360.788,
              6685849.331
            ],
            [
              25501366.752,
              6685847.817
            ],
            [
              25501366.184,
              6685845.579
            ]
          ]
        ]
      },
      "properties": {
        "confidence": 0.9245,
        "length_m": 6.15,
        "width_m": 2.31,
        "heading_deg": 104.2,
        "aoi": "r4-tapulikaupunki",
        "source_layer": "Ortoilmakuva_2025_5cm",
        "zoom": 16,
        "status": "confirmed",
        "class": "van"
      }
    },
    {
      "type": "Feature",
      "geometry": {
        "type": "Polygon",
        "coordinates": [
          [
            [
              25501432.91,
              6685902.641
            ],
            [
              25501434.973,
              6685902.226
            ],
            [
              25501435.771,
              6685906.195
            ],
            [
              25501433.707,
              6685906.61
            ],
            [
              25501432.91,
              6685902.641
            ]
          ]
        ]
      },
      "properties": {
        "confidence": 0.9244,
        "length_m": 4.05,
        "width_m": 2.1,
        "heading_deg": 11.4,
        "aoi": "r4-tapulikaupunki",
        "source_layer": "Ortoilmakuva_2025_5cm",
        "zoom": 16,
        "status": "confirmed",
        "class": "car"
      }
    },
    {
      "type": "Feature",
      "geometry": {
        "type": "Polygon",
        "coordinates": [
          [
            [
              25501423.68,
              6685864.686
            ],
            [
              25501426.251,
              6685864.255
            ],
            [
              25501427.073,
              6685869.147
            ],
            [
              25501424.502,
              6685869.579
            ],
            [
              25501423.68,
              6685864.686
            ]
          ]
        ]
      },
      "properties": {
        "confidence": 0.9244,
        "length_m": 4.96,
        "width_m": 2.61,
        "heading_deg": 9.5,
        "aoi": "r4-tapulikaupunki",
        "source_layer": "Ortoilmakuva_2025_5cm",
        "zoom": 16,
        "status": "confirmed",
        "class": "car"
      }
    },
    {
      "type": "Feature",
      "geometry": {
        "type": "Polygon",
        "coordinates": [
          [
            [
              25501232.624,
              6685697.048
            ],
            [
              25501234.804,
              6685697.616
            ],
            [
              25501233.643,
              6685702.072
            ],
            [
              25501231.463,
              6685701.504
            ],
            [
              25501232.624,
              6685697.048
            ]
          ]
        ]
      },
      "properties": {
        "confidence": 0.9242,
        "length_m": 4.6,
        "width_m": 2.25,
        "heading_deg": 165.4,
        "aoi": "r4-tapulikaupunki",
        "source_layer": "Ortoilmakuva_2025_5cm",
        "zoom": 16,
        "status": "confirmed",
        "class": "car"
      }
    },
    {
      "type": "Feature",
      "geometry": {
        "type": "Polygon",
        "coordinates": [
          [
            [
              25501360.502,
              6685864.297
            ],
            [
              25501362.809,
              6685863.633
            ],
            [
              25501364.172,
              6685868.368
            ],
            [
              25501361.864,
              6685869.032
            ],
            [
              25501360.502,
              6685864.297
            ]
          ]
        ]
      },
      "properties": {
        "confidence": 0.9241,
        "length_m": 4.93,
        "width_m": 2.4,
        "heading_deg": 16.1,
        "aoi": "r4-tapulikaupunki",
        "source_layer": "Ortoilmakuva_2025_5cm",
        "zoom": 16,
        "status": "confirmed",
        "class": "car"
      }
    },
    {
      "type": "Feature",
      "geometry": {
        "type": "Polygon",
        "coordinates": [
          [
            [
              25501378.868,
              6685815.956
            ],
            [
              25501374.561,
              6685817.494
            ],
            [
              25501375.176,
              6685819.215
            ],
            [
              25501379.483,
              6685817.677
            ],
            [
              25501378.868,
              6685815.956
            ]
          ]
        ]
      },
      "properties": {
        "confidence": 0.924,
        "length_m": 4.57,
        "width_m": 1.83,
        "heading_deg": 109.7,
        "aoi": "r4-tapulikaupunki",
        "source_layer": "Ortoilmakuva_2025_5cm",
        "zoom": 16,
        "status": "confirmed",
        "class": "car"
      }
    },
    {
      "type": "Feature",
      "geometry": {
        "type": "Polygon",
        "coordinates": [
          [
            [
              25501200.163,
              6685754.658
            ],
            [
              25501201.051,
              6685756.814
            ],
            [
              25501196.032,
              6685758.883
            ],
            [
              25501195.143,
              6685756.727
            ],
            [
              25501200.163,
              6685754.658
            ]
          ]
        ]
      },
      "properties": {
        "confidence": 0.924,
        "length_m": 5.43,
        "width_m": 2.33,
        "heading_deg": 112.4,
        "aoi": "r4-tapulikaupunki",
        "source_layer": "Ortoilmakuva_2025_5cm",
        "zoom": 16,
        "status": "confirmed",
        "class": "car"
      }
    },
    {
      "type": "Feature",
      "geometry": {
        "type": "Polygon",
        "coordinates": [
          [
            [
              25501417.567,
              6685822.872
            ],
            [
              25501419.712,
              6685822.308
            ],
            [
              25501420.856,
              6685826.662
            ],
            [
              25501418.711,
              6685827.226
            ],
            [
              25501417.567,
              6685822.872
            ]
          ]
        ]
      },
      "properties": {
        "confidence": 0.9239,
        "length_m": 4.5,
        "width_m": 2.22,
        "heading_deg": 14.7,
        "aoi": "r4-tapulikaupunki",
        "source_layer": "Ortoilmakuva_2025_5cm",
        "zoom": 16,
        "status": "confirmed",
        "class": "car"
      }
    },
    {
      "type": "Feature",
      "geometry": {
        "type": "Polygon",
        "coordinates": [
          [
            [
              25501266.172,
              6685687.13
            ],
            [
              25501268.508,
              6685687.603
            ],
            [
              25501267.452,
              6685692.816
            ],
            [
              25501265.116,
              6685692.343
            ],
            [
              25501266.172,
              6685687.13
            ]
          ]
        ]
      },
      "properties": {
        "confidence": 0.9237,
        "length_m": 5.32,
        "width_m": 2.38,
        "heading_deg": 168.5,
        "aoi": "r4-tapulikaupunki",
        "source_layer": "Ortoilmakuva_2025_5cm",
        "zoom": 16,
        "status": "confirmed",
        "class": "car"
      }
    },
    {
      "type": "Feature",
      "geometry": {
        "type": "Polygon",
        "coordinates": [
          [
            [
              25501420.138,
              6685822.491
            ],
            [
              25501422.345,
              6685821.903
            ],
            [
              25501423.493,
              6685826.218
            ],
            [
              25501421.286,
              6685826.806
            ],
            [
              25501420.138,
              6685822.491
            ]
          ]
        ]
      },
      "properties": {
        "confidence": 0.9236,
        "length_m": 4.47,
        "width_m": 2.28,
        "heading_deg": 14.9,
        "aoi": "r4-tapulikaupunki",
        "source_layer": "Ortoilmakuva_2025_5cm",
        "zoom": 16,
        "status": "confirmed",
        "class": "car"
      }
    },
    {
      "type": "Feature",
      "geometry": {
        "type": "Polygon",
        "coordinates": [
          [
            [
              25501247.298,
              6685777.164
            ],
            [
              25501249.425,
              6685776.656
            ],
            [
              25501250.458,
              6685780.976
            ],
            [
              25501248.33,
              6685781.485
            ],
            [
              25501247.298,
              6685777.164
            ]
          ]
        ]
      },
      "properties": {
        "confidence": 0.9234,
        "length_m": 4.44,
        "width_m": 2.19,
        "heading_deg": 13.4,
        "aoi": "r4-tapulikaupunki",
        "source_layer": "Ortoilmakuva_2025_5cm",
        "zoom": 16,
        "status": "confirmed",
        "class": "car"
      }
    },
    {
      "type": "Feature",
      "geometry": {
        "type": "Polygon",
        "coordinates": [
          [
            [
              25501251.951,
              6685736.996
            ],
            [
              25501252.64,
              6685739.282
            ],
            [
              25501247.597,
              6685740.801
            ],
            [
              25501246.908,
              6685738.515
            ],
            [
              25501251.951,
              6685736.996
            ]
          ]
        ]
      },
      "properties": {
        "confidence": 0.9233,
        "length_m": 5.27,
        "width_m": 2.39,
        "heading_deg": 106.8,
        "aoi": "r4-tapulikaupunki",
        "source_layer": "Ortoilmakuva_2025_5cm",
        "zoom": 16,
        "status": "confirmed",
        "class": "car"
      }
    },
    {
      "type": "Feature",
      "geometry": {
        "type": "Polygon",
        "coordinates": [
          [
            [
              25501340.151,
              6685670.298
            ],
            [
              25501342.212,
              6685669.865
            ],
            [
              25501343.072,
              6685673.964
            ],
            [
              25501341.011,
              6685674.396
            ],
            [
              25501340.151,
              6685670.298
            ]
          ]
        ]
      },
      "properties": {
        "confidence": 0.9224,
        "length_m": 4.19,
        "width_m": 2.11,
        "heading_deg": 11.8,
        "aoi": "r4-tapulikaupunki",
        "source_layer": "Ortoilmakuva_2025_5cm",
        "zoom": 16,
        "status": "confirmed",
        "class": "car"
      }
    },
    {
      "type": "Feature",
      "geometry": {
        "type": "Polygon",
        "coordinates": [
          [
            [
              25501335.107,
              6685731.581
            ],
            [
              25501330.55,
              6685733.044
            ],
            [
              25501331.171,
              6685734.98
            ],
            [
              25501335.729,
              6685733.516
            ],
            [
              25501335.107,
              6685731.581
            ]
          ]
        ]
      },
      "properties": {
        "confidence": 0.9219,
        "length_m": 4.79,
        "width_m": 2.03,
        "heading_deg": 107.8,
        "aoi": "r4-tapulikaupunki",
        "source_layer": "Ortoilmakuva_2025_5cm",
        "zoom": 16,
        "status": "confirmed",
        "class": "car"
      }
    },
    {
      "type": "Feature",
      "geometry": {
        "type": "Polygon",
        "coordinates": [
          [
            [
              25501285.068,
              6685785.264
            ],
            [
              25501285.588,
              6685787.394
            ],
            [
              25501281.048,
              6685788.502
            ],
            [
              25501280.528,
              6685786.373
            ],
            [
              25501285.068,
              6685785.264
            ]
          ]
        ]
      },
      "properties": {
        "confidence": 0.9215,
        "length_m": 4.67,
        "width_m": 2.19,
        "heading_deg": 103.7,
        "aoi": "r4-tapulikaupunki",
        "source_layer": "Ortoilmakuva_2025_5cm",
        "zoom": 16,
        "status": "confirmed",
        "class": "car"
      }
    },
    {
      "type": "Feature",
      "geometry": {
        "type": "Polygon",
        "coordinates": [
          [
            [
              25501477.18,
              6685731.074
            ],
            [
              25501479.412,
              6685732.037
            ],
            [
              25501477.457,
              6685736.57
            ],
            [
              25501475.225,
              6685735.607
            ],
            [
              25501477.18,
              6685731.074
            ]
          ]
        ]
      },
      "properties": {
        "confidence": 0.9214,
        "length_m": 4.94,
        "width_m": 2.43,
        "heading_deg": 156.7,
        "aoi": "r4-tapulikaupunki",
        "source_layer": "Ortoilmakuva_2025_5cm",
        "zoom": 16,
        "status": "confirmed",
        "class": "car"
      }
    },
    {
      "type": "Feature",
      "geometry": {
        "type": "Polygon",
        "coordinates": [
          [
            [
              25501220.609,
              6685690.668
            ],
            [
              25501222.741,
              6685689.331
            ],
            [
              25501225.6,
              6685693.89
            ],
            [
              25501223.468,
              6685695.227
            ],
            [
              25501220.609,
              6685690.668
            ]
          ]
        ]
      },
      "properties": {
        "confidence": 0.9214,
        "length_m": 5.38,
        "width_m": 2.52,
        "heading_deg": 32.1,
        "aoi": "r4-tapulikaupunki",
        "source_layer": "Ortoilmakuva_2025_5cm",
        "zoom": 16,
        "status": "confirmed",
        "class": "car"
      }
    },
    {
      "type": "Feature",
      "geometry": {
        "type": "Polygon",
        "coordinates": [
          [
            [
              25501367.137,
              6685725.782
            ],
            [
              25501367.767,
              6685728.185
            ],
            [
              25501362.007,
              6685729.695
            ],
            [
              25501361.377,
              6685727.292
            ],
            [
              25501367.137,
              6685725.782
            ]
          ]
        ]
      },
      "properties": {
        "confidence": 0.9212,
        "length_m": 5.95,
        "width_m": 2.48,
        "heading_deg": 104.7,
        "aoi": "r4-tapulikaupunki",
        "source_layer": "Ortoilmakuva_2025_5cm",
        "zoom": 16,
        "status": "confirmed",
        "class": "van"
      }
    },
    {
      "type": "Feature",
      "geometry": {
        "type": "Polygon",
        "coordinates": [
          [
            [
              25501288.737,
              6685671.584
            ],
            [
              25501290.71,
              6685670.358
            ],
            [
              25501293.381,
              6685674.66
            ],
            [
              25501291.408,
              6685675.885
            ],
            [
              25501288.737,
              6685671.584
            ]
          ]
        ]
      },
      "properties": {
        "confidence": 0.9211,
        "length_m": 5.06,
        "width_m": 2.32,
        "heading_deg": 31.8,
        "aoi": "r4-tapulikaupunki",
        "source_layer": "Ortoilmakuva_2025_5cm",
        "zoom": 16,
        "status": "confirmed",
        "class": "car"
      }
    },
    {
      "type": "Feature",
      "geometry": {
        "type": "Polygon",
        "coordinates": [
          [
            [
              25501481.449,
              6685701.603
            ],
            [
              25501482.07,
              6685703.756
            ],
            [
              25501477.053,
              6685705.203
            ],
            [
              25501476.432,
              6685703.05
            ],
            [
              25501481.449,
              6685701.603
            ]
          ]
        ]
      },
      "properties": {
        "confidence": 0.921,
        "length_m": 5.22,
        "width_m": 2.24,
        "heading_deg": 106.1,
        "aoi": "r4-tapulikaupunki",
        "source_layer": "Ortoilmakuva_2025_5cm",
        "zoom": 16,
        "status": "confirmed",
        "class": "car"
      }
    },
    {
      "type": "Feature",
      "geometry": {
        "type": "Polygon",
        "coordinates": [
          [
            [
              25501284.929,
              6685682.038
            ],
            [
              25501287.167,
              6685682.33
            ],
            [
              25501286.559,
              6685686.992
            ],
            [
              25501284.32,
              6685686.7
            ],
            [
              25501284.929,
              6685682.038
            ]
          ]
        ]
      },
      "properties": {
        "confidence": 0.9209,
        "length_m": 4.7,
        "width_m": 2.26,
        "heading_deg": 172.6,
        "aoi": "r4-tapulikaupunki",
        "source_layer": "Ortoilmakuva_2025_5cm",
        "zoom": 16,
        "status": "confirmed",
        "class": "car"
      }
    },
    {
      "type": "Feature",
      "geometry": {
        "type": "Polygon",
        "coordinates": [
          [
            [
              25501219.019,
              6685700.756
            ],
            [
              25501221.235,
              6685701.156
            ],
            [
              25501220.402,
              6685705.769
            ],
            [
              25501218.186,
              6685705.369
            ],
            [
              25501219.019,
              6685700.756
            ]
          ]
        ]
      },
      "properties": {
        "confidence": 0.9209,
        "length_m": 4.69,
        "width_m": 2.25,
        "heading_deg": 169.8,
        "aoi": "r4-tapulikaupunki",
        "source_layer": "Ortoilmakuva_2025_5cm",
        "zoom": 16,
        "status": "confirmed",
        "class": "car"
      }
    },
    {
      "type": "Feature",
      "geometry": {
        "type": "Polygon",
        "coordinates": [
          [
            [
              25501188.705,
              6685713.094
            ],
            [
              25501190.872,
              6685712.137
            ],
            [
              25501192.928,
              6685716.794
            ],
            [
              25501190.762,
              6685717.751
            ],
            [
              25501188.705,
              6685713.094
            ]
          ]
        ]
      },
      "properties": {
        "confidence": 0.9202,
        "length_m": 5.09,
        "width_m": 2.37,
        "heading_deg": 23.8,
        "aoi": "r4-tapulikaupunki",
        "source_layer": "Ortoilmakuva_2025_5cm",
        "zoom": 16,
        "status": "confirmed",
        "class": "car"
      }
    },
    {
      "type": "Feature",
      "geometry": {
        "type": "Polygon",
        "coordinates": [
          [
            [
              25501450.339,
              6685878.95
            ],
            [
              25501452.554,
              6685878.25
            ],
            [
              25501453.96,
              6685882.699
            ],
            [
              25501451.744,
              6685883.399
            ],
            [
              25501450.339,
              6685878.95
            ]
          ]
        ]
      },
      "properties": {
        "confidence": 0.9202,
        "length_m": 4.67,
        "width_m": 2.32,
        "heading_deg": 17.5,
        "aoi": "r4-tapulikaupunki",
        "source_layer": "Ortoilmakuva_2025_5cm",
        "zoom": 16,
        "status": "confirmed",
        "class": "car"
      }
    },
    {
      "type": "Feature",
      "geometry": {
        "type": "Polygon",
        "coordinates": [
          [
            [
              25501464.026,
              6685640.191
            ],
            [
              25501466.123,
              6685639.92
            ],
            [
              25501466.667,
              6685644.127
            ],
            [
              25501464.571,
              6685644.398
            ],
            [
              25501464.026,
              6685640.191
            ]
          ]
        ]
      },
      "properties": {
        "confidence": 0.9198,
        "length_m": 4.24,
        "width_m": 2.11,
        "heading_deg": 7.4,
        "aoi": "r4-tapulikaupunki",
        "source_layer": "Ortoilmakuva_2025_5cm",
        "zoom": 16,
        "status": "confirmed",
        "class": "car"
      }
    },
    {
      "type": "Feature",
      "geometry": {
        "type": "Polygon",
        "coordinates": [
          [
            [
              25501290.57,
              6685680.903
            ],
            [
              25501292.688,
              6685681.217
            ],
            [
              25501292.07,
              6685685.38
            ],
            [
              25501289.953,
              6685685.066
            ],
            [
              25501290.57,
              6685680.903
            ]
          ]
        ]
      },
      "properties": {
        "confidence": 0.9197,
        "length_m": 4.21,
        "width_m": 2.14,
        "heading_deg": 171.6,
        "aoi": "r4-tapulikaupunki",
        "source_layer": "Ortoilmakuva_2025_5cm",
        "zoom": 16,
        "status": "confirmed",
        "class": "car"
      }
    },
    {
      "type": "Feature",
      "geometry": {
        "type": "Polygon",
        "coordinates": [
          [
            [
              25501338.003,
              6685854.36
            ],
            [
              25501338.656,
              6685856.255
            ],
            [
              25501334.258,
              6685857.769
            ],
            [
              25501333.606,
              6685855.874
            ],
            [
              25501338.003,
              6685854.36
            ]
          ]
        ]
      },
      "properties": {
        "confidence": 0.9197,
        "length_m": 4.65,
        "width_m": 2,
        "heading_deg": 109,
        "aoi": "r4-tapulikaupunki",
        "source_layer": "Ortoilmakuva_2025_5cm",
        "zoom": 16,
        "status": "confirmed",
        "class": "car"
      }
    },
    {
      "type": "Feature",
      "geometry": {
        "type": "Polygon",
        "coordinates": [
          [
            [
              25501338.197,
              6685728.037
            ],
            [
              25501338.859,
              6685730.041
            ],
            [
              25501334.275,
              6685731.556
            ],
            [
              25501333.613,
              6685729.552
            ],
            [
              25501338.197,
              6685728.037
            ]
          ]
        ]
      },
      "properties": {
        "confidence": 0.9197,
        "length_m": 4.83,
        "width_m": 2.11,
        "heading_deg": 108.3,
        "aoi": "r4-tapulikaupunki",
        "source_layer": "Ortoilmakuva_2025_5cm",
        "zoom": 16,
        "status": "confirmed",
        "class": "car"
      }
    },
    {
      "type": "Feature",
      "geometry": {
        "type": "Polygon",
        "coordinates": [
          [
            [
              25501276.946,
              6685684.703
            ],
            [
              25501279.095,
              6685685.165
            ],
            [
              25501278.162,
              6685689.508
            ],
            [
              25501276.013,
              6685689.046
            ],
            [
              25501276.946,
              6685684.703
            ]
          ]
        ]
      },
      "properties": {
        "confidence": 0.9195,
        "length_m": 4.44,
        "width_m": 2.2,
        "heading_deg": 167.9,
        "aoi": "r4-tapulikaupunki",
        "source_layer": "Ortoilmakuva_2025_5cm",
        "zoom": 16,
        "status": "confirmed",
        "class": "car"
      }
    },
    {
      "type": "Feature",
      "geometry": {
        "type": "Polygon",
        "coordinates": [
          [
            [
              25501277.867,
              6685674.266
            ],
            [
              25501280.001,
              6685673.133
            ],
            [
              25501282.216,
              6685677.303
            ],
            [
              25501280.082,
              6685678.437
            ],
            [
              25501277.867,
              6685674.266
            ]
          ]
        ]
      },
      "properties": {
        "confidence": 0.9191,
        "length_m": 4.72,
        "width_m": 2.42,
        "heading_deg": 28,
        "aoi": "r4-tapulikaupunki",
        "source_layer": "Ortoilmakuva_2025_5cm",
        "zoom": 16,
        "status": "confirmed",
        "class": "car"
      }
    },
    {
      "type": "Feature",
      "geometry": {
        "type": "Polygon",
        "coordinates": [
          [
            [
              25501239.626,
              6685749.494
            ],
            [
              25501241.777,
              6685748.816
            ],
            [
              25501243.121,
              6685753.078
            ],
            [
              25501240.97,
              6685753.756
            ],
            [
              25501239.626,
              6685749.494
            ]
          ]
        ]
      },
      "properties": {
        "confidence": 0.9183,
        "length_m": 4.47,
        "width_m": 2.26,
        "heading_deg": 17.5,
        "aoi": "r4-tapulikaupunki",
        "source_layer": "Ortoilmakuva_2025_5cm",
        "zoom": 16,
        "status": "confirmed",
        "class": "car"
      }
    },
    {
      "type": "Feature",
      "geometry": {
        "type": "Polygon",
        "coordinates": [
          [
            [
              25501483.815,
              6685718.695
            ],
            [
              25501484.33,
              6685720.767
            ],
            [
              25501479.656,
              6685721.93
            ],
            [
              25501479.14,
              6685719.858
            ],
            [
              25501483.815,
              6685718.695
            ]
          ]
        ]
      },
      "properties": {
        "confidence": 0.9182,
        "length_m": 4.82,
        "width_m": 2.14,
        "heading_deg": 104,
        "aoi": "r4-tapulikaupunki",
        "source_layer": "Ortoilmakuva_2025_5cm",
        "zoom": 16,
        "status": "confirmed",
        "class": "car"
      }
    },
    {
      "type": "Feature",
      "geometry": {
        "type": "Polygon",
        "coordinates": [
          [
            [
              25501447.144,
              6685815.611
            ],
            [
              25501449.3,
              6685815.131
            ],
            [
              25501450.234,
              6685819.318
            ],
            [
              25501448.078,
              6685819.799
            ],
            [
              25501447.144,
              6685815.611
            ]
          ]
        ]
      },
      "properties": {
        "confidence": 0.918,
        "length_m": 4.29,
        "width_m": 2.21,
        "heading_deg": 12.6,
        "aoi": "r4-tapulikaupunki",
        "source_layer": "Ortoilmakuva_2025_5cm",
        "zoom": 16,
        "status": "confirmed",
        "class": "car"
      }
    },
    {
      "type": "Feature",
      "geometry": {
        "type": "Polygon",
        "coordinates": [
          [
            [
              25501424.791,
              6685809.664
            ],
            [
              25501427.153,
              6685808.901
            ],
            [
              25501428.677,
              6685813.622
            ],
            [
              25501426.315,
              6685814.385
            ],
            [
              25501424.791,
              6685809.664
            ]
          ]
        ]
      },
      "properties": {
        "confidence": 0.9176,
        "length_m": 4.96,
        "width_m": 2.48,
        "heading_deg": 17.9,
        "aoi": "r4-tapulikaupunki",
        "source_layer": "Ortoilmakuva_2025_5cm",
        "zoom": 16,
        "status": "confirmed",
        "class": "car"
      }
    },
    {
      "type": "Feature",
      "geometry": {
        "type": "Polygon",
        "coordinates": [
          [
            [
              25501471.599,
              6685640.6
            ],
            [
              25501473.831,
              6685640.46
            ],
            [
              25501474.11,
              6685644.879
            ],
            [
              25501471.878,
              6685645.02
            ],
            [
              25501471.599,
              6685640.6
            ]
          ]
        ]
      },
      "properties": {
        "confidence": 0.9169,
        "length_m": 4.43,
        "width_m": 2.24,
        "heading_deg": 3.6,
        "aoi": "r4-tapulikaupunki",
        "source_layer": "Ortoilmakuva_2025_5cm",
        "zoom": 16,
        "status": "confirmed",
        "class": "car"
      }
    },
    {
      "type": "Feature",
      "geometry": {
        "type": "Polygon",
        "coordinates": [
          [
            [
              25501434.897,
              6685807.242
            ],
            [
              25501437.072,
              6685806.682
            ],
            [
              25501438.155,
              6685810.881
            ],
            [
              25501435.98,
              6685811.442
            ],
            [
              25501434.897,
              6685807.242
            ]
          ]
        ]
      },
      "properties": {
        "confidence": 0.9169,
        "length_m": 4.34,
        "width_m": 2.25,
        "heading_deg": 14.5,
        "aoi": "r4-tapulikaupunki",
        "source_layer": "Ortoilmakuva_2025_5cm",
        "zoom": 16,
        "status": "confirmed",
        "class": "car"
      }
    },
    {
      "type": "Feature",
      "geometry": {
        "type": "Polygon",
        "coordinates": [
          [
            [
              25501364.655,
              6685693.27
            ],
            [
              25501365.255,
              6685695.72
            ],
            [
              25501359.538,
              6685697.119
            ],
            [
              25501358.939,
              6685694.67
            ],
            [
              25501364.655,
              6685693.27
            ]
          ]
        ]
      },
      "properties": {
        "confidence": 0.9161,
        "length_m": 5.89,
        "width_m": 2.52,
        "heading_deg": 103.8,
        "aoi": "r4-tapulikaupunki",
        "source_layer": "Ortoilmakuva_2025_5cm",
        "zoom": 16,
        "status": "confirmed",
        "class": "van"
      }
    },
    {
      "type": "Feature",
      "geometry": {
        "type": "Polygon",
        "coordinates": [
          [
            [
              25501274.363,
              6685685.2
            ],
            [
              25501276.629,
              6685685.798
            ],
            [
              25501275.39,
              6685690.493
            ],
            [
              25501273.124,
              6685689.895
            ],
            [
              25501274.363,
              6685685.2
            ]
          ]
        ]
      },
      "properties": {
        "confidence": 0.9159,
        "length_m": 4.86,
        "width_m": 2.34,
        "heading_deg": 165.2,
        "aoi": "r4-tapulikaupunki",
        "source_layer": "Ortoilmakuva_2025_5cm",
        "zoom": 16,
        "status": "confirmed",
        "class": "car"
      }
    },
    {
      "type": "Feature",
      "geometry": {
        "type": "Polygon",
        "coordinates": [
          [
            [
              25501424.65,
              6685820.69
            ],
            [
              25501426.942,
              6685819.836
            ],
            [
              25501428.672,
              6685824.481
            ],
            [
              25501426.38,
              6685825.334
            ],
            [
              25501424.65,
              6685820.69
            ]
          ]
        ]
      },
      "properties": {
        "confidence": 0.9159,
        "length_m": 4.96,
        "width_m": 2.45,
        "heading_deg": 20.4,
        "aoi": "r4-tapulikaupunki",
        "source_layer": "Ortoilmakuva_2025_5cm",
        "zoom": 16,
        "status": "confirmed",
        "class": "car"
      }
    },
    {
      "type": "Feature",
      "geometry": {
        "type": "Polygon",
        "coordinates": [
          [
            [
              25501205.935,
              6685810.769
            ],
            [
              25501206.587,
              6685812.847
            ],
            [
              25501201.949,
              6685814.301
            ],
            [
              25501201.298,
              6685812.223
            ],
            [
              25501205.935,
              6685810.769
            ]
          ]
        ]
      },
      "properties": {
        "confidence": 0.9159,
        "length_m": 4.86,
        "width_m": 2.18,
        "heading_deg": 107.4,
        "aoi": "r4-tapulikaupunki",
        "source_layer": "Ortoilmakuva_2025_5cm",
        "zoom": 16,
        "status": "confirmed",
        "class": "car"
      }
    },
    {
      "type": "Feature",
      "geometry": {
        "type": "Polygon",
        "coordinates": [
          [
            [
              25501247.207,
              6685718.882
            ],
            [
              25501249.592,
              6685718.11
            ],
            [
              25501251.241,
              6685723.199
            ],
            [
              25501248.857,
              6685723.972
            ],
            [
              25501247.207,
              6685718.882
            ]
          ]
        ]
      },
      "properties": {
        "confidence": 0.9159,
        "length_m": 5.35,
        "width_m": 2.51,
        "heading_deg": 18,
        "aoi": "r4-tapulikaupunki",
        "source_layer": "Ortoilmakuva_2025_5cm",
        "zoom": 16,
        "status": "confirmed",
        "class": "car"
      }
    },
    {
      "type": "Feature",
      "geometry": {
        "type": "Polygon",
        "coordinates": [
          [
            [
              25501420.016,
              6685810.735
            ],
            [
              25501422.273,
              6685810.16
            ],
            [
              25501423.516,
              6685815.041
            ],
            [
              25501421.259,
              6685815.616
            ],
            [
              25501420.016,
              6685810.735
            ]
          ]
        ]
      },
      "properties": {
        "confidence": 0.9157,
        "length_m": 5.04,
        "width_m": 2.33,
        "heading_deg": 14.3,
        "aoi": "r4-tapulikaupunki",
        "source_layer": "Ortoilmakuva_2025_5cm",
        "zoom": 16,
        "status": "confirmed",
        "class": "car"
      }
    },
    {
      "type": "Feature",
      "geometry": {
        "type": "Polygon",
        "coordinates": [
          [
            [
              25501205.498,
              6685696.213
            ],
            [
              25501207.857,
              6685695.452
            ],
            [
              25501209.387,
              6685700.194
            ],
            [
              25501207.028,
              6685700.956
            ],
            [
              25501205.498,
              6685696.213
            ]
          ]
        ]
      },
      "properties": {
        "confidence": 0.9157,
        "length_m": 4.98,
        "width_m": 2.48,
        "heading_deg": 17.9,
        "aoi": "r4-tapulikaupunki",
        "source_layer": "Ortoilmakuva_2025_5cm",
        "zoom": 16,
        "status": "confirmed",
        "class": "car"
      }
    },
    {
      "type": "Feature",
      "geometry": {
        "type": "Polygon",
        "coordinates": [
          [
            [
              25501474.562,
              6685881.409
            ],
            [
              25501476.504,
              6685880.348
            ],
            [
              25501478.693,
              6685884.355
            ],
            [
              25501476.75,
              6685885.416
            ],
            [
              25501474.562,
              6685881.409
            ]
          ]
        ]
      },
      "properties": {
        "confidence": 0.9156,
        "length_m": 4.57,
        "width_m": 2.21,
        "heading_deg": 28.6,
        "aoi": "r4-tapulikaupunki",
        "source_layer": "Ortoilmakuva_2025_5cm",
        "zoom": 16,
        "status": "confirmed",
        "class": "car"
      }
    },
    {
      "type": "Feature",
      "geometry": {
        "type": "Polygon",
        "coordinates": [
          [
            [
              25501417.562,
              6685811.49
            ],
            [
              25501419.679,
              6685810.931
            ],
            [
              25501420.855,
              6685815.384
            ],
            [
              25501418.738,
              6685815.943
            ],
            [
              25501417.562,
              6685811.49
            ]
          ]
        ]
      },
      "properties": {
        "confidence": 0.9155,
        "length_m": 4.61,
        "width_m": 2.19,
        "heading_deg": 14.8,
        "aoi": "r4-tapulikaupunki",
        "source_layer": "Ortoilmakuva_2025_5cm",
        "zoom": 16,
        "status": "confirmed",
        "class": "car"
      }
    },
    {
      "type": "Feature",
      "geometry": {
        "type": "Polygon",
        "coordinates": [
          [
            [
              25501465.163,
              6685886.081
            ],
            [
              25501467.092,
              6685885.044
            ],
            [
              25501469.149,
              6685888.87
            ],
            [
              25501467.22,
              6685889.907
            ],
            [
              25501465.163,
              6685886.081
            ]
          ]
        ]
      },
      "properties": {
        "confidence": 0.9154,
        "length_m": 4.34,
        "width_m": 2.19,
        "heading_deg": 28.3,
        "aoi": "r4-tapulikaupunki",
        "source_layer": "Ortoilmakuva_2025_5cm",
        "zoom": 16,
        "status": "confirmed",
        "class": "car"
      }
    },
    {
      "type": "Feature",
      "geometry": {
        "type": "Polygon",
        "coordinates": [
          [
            [
              25501260.537,
              6685688.609
            ],
            [
              25501262.794,
              6685689.011
            ],
            [
              25501261.974,
              6685693.606
            ],
            [
              25501259.717,
              6685693.203
            ],
            [
              25501260.537,
              6685688.609
            ]
          ]
        ]
      },
      "properties": {
        "confidence": 0.9153,
        "length_m": 4.67,
        "width_m": 2.29,
        "heading_deg": 169.9,
        "aoi": "r4-tapulikaupunki",
        "source_layer": "Ortoilmakuva_2025_5cm",
        "zoom": 16,
        "status": "confirmed",
        "class": "car"
      }
    },
    {
      "type": "Feature",
      "geometry": {
        "type": "Polygon",
        "coordinates": [
          [
            [
              25501363.96,
              6685717.641
            ],
            [
              25501364.609,
              6685720.057
            ],
            [
              25501359.559,
              6685721.415
            ],
            [
              25501358.91,
              6685718.999
            ],
            [
              25501363.96,
              6685717.641
            ]
          ]
        ]
      },
      "properties": {
        "confidence": 0.9153,
        "length_m": 5.23,
        "width_m": 2.5,
        "heading_deg": 105.1,
        "aoi": "r4-tapulikaupunki",
        "source_layer": "Ortoilmakuva_2025_5cm",
        "zoom": 16,
        "status": "confirmed",
        "class": "van"
      }
    },
    {
      "type": "Feature",
      "geometry": {
        "type": "Polygon",
        "coordinates": [
          [
            [
              25501460.413,
              6685888.043
            ],
            [
              25501462.501,
              6685886.804
            ],
            [
              25501464.969,
              6685890.962
            ],
            [
              25501462.881,
              6685892.201
            ],
            [
              25501460.413,
              6685888.043
            ]
          ]
        ]
      },
      "properties": {
        "confidence": 0.9149,
        "length_m": 4.84,
        "width_m": 2.43,
        "heading_deg": 30.7,
        "aoi": "r4-tapulikaupunki",
        "source_layer": "Ortoilmakuva_2025_5cm",
        "zoom": 16,
        "status": "confirmed",
        "class": "car"
      }
    },
    {
      "type": "Feature",
      "geometry": {
        "type": "Polygon",
        "coordinates": [
          [
            [
              25501266.65,
              6685678.119
            ],
            [
              25501268.729,
              6685676.998
            ],
            [
              25501270.986,
              6685681.185
            ],
            [
              25501268.906,
              6685682.305
            ],
            [
              25501266.65,
              6685678.119
            ]
          ]
        ]
      },
      "properties": {
        "confidence": 0.9146,
        "length_m": 4.76,
        "width_m": 2.36,
        "heading_deg": 28.3,
        "aoi": "r4-tapulikaupunki",
        "source_layer": "Ortoilmakuva_2025_5cm",
        "zoom": 16,
        "status": "confirmed",
        "class": "car"
      }
    },
    {
      "type": "Feature",
      "geometry": {
        "type": "Polygon",
        "coordinates": [
          [
            [
              25501429.93,
              6685819.543
            ],
            [
              25501432.278,
              6685819.087
            ],
            [
              25501433.236,
              6685824.018
            ],
            [
              25501430.888,
              6685824.474
            ],
            [
              25501429.93,
              6685819.543
            ]
          ]
        ]
      },
      "properties": {
        "confidence": 0.9145,
        "length_m": 5.02,
        "width_m": 2.39,
        "heading_deg": 11,
        "aoi": "r4-tapulikaupunki",
        "source_layer": "Ortoilmakuva_2025_5cm",
        "zoom": 16,
        "status": "confirmed",
        "class": "car"
      }
    },
    {
      "type": "Feature",
      "geometry": {
        "type": "Polygon",
        "coordinates": [
          [
            [
              25501201.999,
              6685729.366
            ],
            [
              25501202.808,
              6685731.578
            ],
            [
              25501197.993,
              6685733.338
            ],
            [
              25501197.184,
              6685731.127
            ],
            [
              25501201.999,
              6685729.366
            ]
          ]
        ]
      },
      "properties": {
        "confidence": 0.9141,
        "length_m": 5.13,
        "width_m": 2.36,
        "heading_deg": 110.1,
        "aoi": "r4-tapulikaupunki",
        "source_layer": "Ortoilmakuva_2025_5cm",
        "zoom": 16,
        "status": "confirmed",
        "class": "car"
      }
    },
    {
      "type": "Feature",
      "geometry": {
        "type": "Polygon",
        "coordinates": [
          [
            [
              25501370.053,
              6685740.761
            ],
            [
              25501370.717,
              6685743.069
            ],
            [
              25501365.47,
              6685744.578
            ],
            [
              25501364.806,
              6685742.27
            ],
            [
              25501370.053,
              6685740.761
            ]
          ]
        ]
      },
      "properties": {
        "confidence": 0.914,
        "length_m": 5.46,
        "width_m": 2.4,
        "heading_deg": 106,
        "aoi": "r4-tapulikaupunki",
        "source_layer": "Ortoilmakuva_2025_5cm",
        "zoom": 16,
        "status": "confirmed",
        "class": "van"
      }
    },
    {
      "type": "Feature",
      "geometry": {
        "type": "Polygon",
        "coordinates": [
          [
            [
              25501477.226,
              6685880.501
            ],
            [
              25501479.3,
              6685879.615
            ],
            [
              25501481.085,
              6685883.795
            ],
            [
              25501479.011,
              6685884.68
            ],
            [
              25501477.226,
              6685880.501
            ]
          ]
        ]
      },
      "properties": {
        "confidence": 0.9137,
        "length_m": 4.55,
        "width_m": 2.26,
        "heading_deg": 23.1,
        "aoi": "r4-tapulikaupunki",
        "source_layer": "Ortoilmakuva_2025_5cm",
        "zoom": 16,
        "status": "confirmed",
        "class": "car"
      }
    },
    {
      "type": "Feature",
      "geometry": {
        "type": "Polygon",
        "coordinates": [
          [
            [
              25501489.751,
              6685671.123
            ],
            [
              25501490.187,
              6685673.106
            ],
            [
              25501485.931,
              6685674.043
            ],
            [
              25501485.494,
              6685672.06
            ],
            [
              25501489.751,
              6685671.123
            ]
          ]
        ]
      },
      "properties": {
        "confidence": 0.9137,
        "length_m": 4.36,
        "width_m": 2.03,
        "heading_deg": 102.4,
        "aoi": "r4-tapulikaupunki",
        "source_layer": "Ortoilmakuva_2025_5cm",
        "zoom": 16,
        "status": "confirmed",
        "class": "car"
      }
    },
    {
      "type": "Feature",
      "geometry": {
        "type": "Polygon",
        "coordinates": [
          [
            [
              25501482.346,
              6685713.881
            ],
            [
              25501482.793,
              6685715.84
            ],
            [
              25501478.226,
              6685716.883
            ],
            [
              25501477.778,
              6685714.924
            ],
            [
              25501482.346,
              6685713.881
            ]
          ]
        ]
      },
      "properties": {
        "confidence": 0.9133,
        "length_m": 4.68,
        "width_m": 2.01,
        "heading_deg": 102.9,
        "aoi": "r4-tapulikaupunki",
        "source_layer": "Ortoilmakuva_2025_5cm",
        "zoom": 16,
        "status": "confirmed",
        "class": "car"
      }
    },
    {
      "type": "Feature",
      "geometry": {
        "type": "Polygon",
        "coordinates": [
          [
            [
              25501414.534,
              6685811.748
            ],
            [
              25501416.891,
              6685810.919
            ],
            [
              25501418.656,
              6685815.932
            ],
            [
              25501416.299,
              6685816.762
            ],
            [
              25501414.534,
              6685811.748
            ]
          ]
        ]
      },
      "properties": {
        "confidence": 0.9132,
        "length_m": 5.31,
        "width_m": 2.5,
        "heading_deg": 19.4,
        "aoi": "r4-tapulikaupunki",
        "source_layer": "Ortoilmakuva_2025_5cm",
        "zoom": 16,
        "status": "confirmed",
        "class": "car"
      }
    },
    {
      "type": "Feature",
      "geometry": {
        "type": "Polygon",
        "coordinates": [
          [
            [
              25501214.772,
              6685899.367
            ],
            [
              25501216.915,
              6685898.553
            ],
            [
              25501218.627,
              6685903.058
            ],
            [
              25501216.484,
              6685903.872
            ],
            [
              25501214.772,
              6685899.367
            ]
          ]
        ]
      },
      "properties": {
        "confidence": 0.9129,
        "length_m": 4.82,
        "width_m": 2.29,
        "heading_deg": 20.8,
        "aoi": "r4-tapulikaupunki",
        "source_layer": "Ortoilmakuva_2025_5cm",
        "zoom": 16,
        "status": "confirmed",
        "class": "car"
      }
    },
    {
      "type": "Feature",
      "geometry": {
        "type": "Polygon",
        "coordinates": [
          [
            [
              25501407.052,
              6685658.815
            ],
            [
              25501406.406,
              6685660.762
            ],
            [
              25501402.39,
              6685659.428
            ],
            [
              25501403.036,
              6685657.481
            ],
            [
              25501407.052,
              6685658.815
            ]
          ]
        ]
      },
      "properties": {
        "confidence": 0.9125,
        "length_m": 4.23,
        "width_m": 2.05,
        "heading_deg": 71.6,
        "aoi": "r4-tapulikaupunki",
        "source_layer": "Ortoilmakuva_2025_5cm",
        "zoom": 16,
        "status": "confirmed",
        "class": "car"
      }
    },
    {
      "type": "Feature",
      "geometry": {
        "type": "Polygon",
        "coordinates": [
          [
            [
              25501291.678,
              6685671.14
            ],
            [
              25501293.661,
              6685669.948
            ],
            [
              25501295.953,
              6685673.759
            ],
            [
              25501293.971,
              6685674.951
            ],
            [
              25501291.678,
              6685671.14
            ]
          ]
        ]
      },
      "properties": {
        "confidence": 0.9124,
        "length_m": 4.45,
        "width_m": 2.31,
        "heading_deg": 31,
        "aoi": "r4-tapulikaupunki",
        "source_layer": "Ortoilmakuva_2025_5cm",
        "zoom": 16,
        "status": "confirmed",
        "class": "car"
      }
    },
    {
      "type": "Feature",
      "geometry": {
        "type": "Polygon",
        "coordinates": [
          [
            [
              25501348.995,
              6685728.045
            ],
            [
              25501349.53,
              6685730.166
            ],
            [
              25501344.947,
              6685731.321
            ],
            [
              25501344.412,
              6685729.2
            ],
            [
              25501348.995,
              6685728.045
            ]
          ]
        ]
      },
      "properties": {
        "confidence": 0.9124,
        "length_m": 4.73,
        "width_m": 2.19,
        "heading_deg": 104.1,
        "aoi": "r4-tapulikaupunki",
        "source_layer": "Ortoilmakuva_2025_5cm",
        "zoom": 16,
        "status": "confirmed",
        "class": "car"
      }
    },
    {
      "type": "Feature",
      "geometry": {
        "type": "Polygon",
        "coordinates": [
          [
            [
              25501371.751,
              6685837.23
            ],
            [
              25501372.504,
              6685839.294
            ],
            [
              25501367.983,
              6685840.943
            ],
            [
              25501367.23,
              6685838.879
            ],
            [
              25501371.751,
              6685837.23
            ]
          ]
        ]
      },
      "properties": {
        "confidence": 0.9123,
        "length_m": 4.81,
        "width_m": 2.2,
        "heading_deg": 110,
        "aoi": "r4-tapulikaupunki",
        "source_layer": "Ortoilmakuva_2025_5cm",
        "zoom": 16,
        "status": "confirmed",
        "class": "car"
      }
    },
    {
      "type": "Feature",
      "geometry": {
        "type": "Polygon",
        "coordinates": [
          [
            [
              25501256.731,
              6685679.876
            ],
            [
              25501258.809,
              6685678.688
            ],
            [
              25501261.325,
              6685683.086
            ],
            [
              25501259.247,
              6685684.274
            ],
            [
              25501256.731,
              6685679.876
            ]
          ]
        ]
      },
      "properties": {
        "confidence": 0.9121,
        "length_m": 5.07,
        "width_m": 2.39,
        "heading_deg": 29.8,
        "aoi": "r4-tapulikaupunki",
        "source_layer": "Ortoilmakuva_2025_5cm",
        "zoom": 16,
        "status": "confirmed",
        "class": "car"
      }
    },
    {
      "type": "Feature",
      "geometry": {
        "type": "Polygon",
        "coordinates": [
          [
            [
              25501300.507,
              6685667.631
            ],
            [
              25501302.911,
              6685666.954
            ],
            [
              25501304.308,
              6685671.917
            ],
            [
              25501301.904,
              6685672.594
            ],
            [
              25501300.507,
              6685667.631
            ]
          ]
        ]
      },
      "properties": {
        "confidence": 0.912,
        "length_m": 5.16,
        "width_m": 2.5,
        "heading_deg": 15.7,
        "aoi": "r4-tapulikaupunki",
        "source_layer": "Ortoilmakuva_2025_5cm",
        "zoom": 16,
        "status": "confirmed",
        "class": "car"
      }
    },
    {
      "type": "Feature",
      "geometry": {
        "type": "Polygon",
        "coordinates": [
          [
            [
              25501186.307,
              6685707.993
            ],
            [
              25501188.285,
              6685707.039
            ],
            [
              25501190.367,
              6685711.353
            ],
            [
              25501188.389,
              6685712.308
            ],
            [
              25501186.307,
              6685707.993
            ]
          ]
        ]
      },
      "properties": {
        "confidence": 0.912,
        "length_m": 4.79,
        "width_m": 2.2,
        "heading_deg": 25.8,
        "aoi": "r4-tapulikaupunki",
        "source_layer": "Ortoilmakuva_2025_5cm",
        "zoom": 16,
        "status": "confirmed",
        "class": "car"
      }
    },
    {
      "type": "Feature",
      "geometry": {
        "type": "Polygon",
        "coordinates": [
          [
            [
              25501384.486,
              6685833.451
            ],
            [
              25501378.604,
              6685835.16
            ],
            [
              25501379.31,
              6685837.588
            ],
            [
              25501385.192,
              6685835.879
            ],
            [
              25501384.486,
              6685833.451
            ]
          ]
        ]
      },
      "properties": {
        "confidence": 0.9119,
        "length_m": 6.13,
        "width_m": 2.53,
        "heading_deg": 106.2,
        "aoi": "r4-tapulikaupunki",
        "source_layer": "Ortoilmakuva_2025_5cm",
        "zoom": 16,
        "status": "confirmed",
        "class": "van"
      }
    },
    {
      "type": "Feature",
      "geometry": {
        "type": "Polygon",
        "coordinates": [
          [
            [
              25501472.422,
              6685883.168
            ],
            [
              25501474.289,
              6685882.113
            ],
            [
              25501476.625,
              6685886.246
            ],
            [
              25501474.758,
              6685887.301
            ],
            [
              25501472.422,
              6685883.168
            ]
          ]
        ]
      },
      "properties": {
        "confidence": 0.9117,
        "length_m": 4.75,
        "width_m": 2.14,
        "heading_deg": 29.5,
        "aoi": "r4-tapulikaupunki",
        "source_layer": "Ortoilmakuva_2025_5cm",
        "zoom": 16,
        "status": "confirmed",
        "class": "car"
      }
    },
    {
      "type": "Feature",
      "geometry": {
        "type": "Polygon",
        "coordinates": [
          [
            [
              25501258.583,
              6685797.039
            ],
            [
              25501260.657,
              6685796.192
            ],
            [
              25501262.383,
              6685800.42
            ],
            [
              25501260.309,
              6685801.267
            ],
            [
              25501258.583,
              6685797.039
            ]
          ]
        ]
      },
      "properties": {
        "confidence": 0.9115,
        "length_m": 4.57,
        "width_m": 2.24,
        "heading_deg": 22.2,
        "aoi": "r4-tapulikaupunki",
        "source_layer": "Ortoilmakuva_2025_5cm",
        "zoom": 16,
        "status": "confirmed",
        "class": "car"
      }
    },
    {
      "type": "Feature",
      "geometry": {
        "type": "Polygon",
        "coordinates": [
          [
            [
              25501365.29,
              6685723.339
            ],
            [
              25501365.911,
              6685725.61
            ],
            [
              25501361.031,
              6685726.944
            ],
            [
              25501360.41,
              6685724.673
            ],
            [
              25501365.29,
              6685723.339
            ]
          ]
        ]
      },
      "properties": {
        "confidence": 0.9114,
        "length_m": 5.06,
        "width_m": 2.35,
        "heading_deg": 105.3,
        "aoi": "r4-tapulikaupunki",
        "source_layer": "Ortoilmakuva_2025_5cm",
        "zoom": 16,
        "status": "confirmed",
        "class": "van"
      }
    },
    {
      "type": "Feature",
      "geometry": {
        "type": "Polygon",
        "coordinates": [
          [
            [
              25501398.329,
              6685835.064
            ],
            [
              25501399.166,
              6685837.386
            ],
            [
              25501393.602,
              6685839.392
            ],
            [
              25501392.764,
              6685837.07
            ],
            [
              25501398.329,
              6685835.064
            ]
          ]
        ]
      },
      "properties": {
        "confidence": 0.911,
        "length_m": 5.91,
        "width_m": 2.47,
        "heading_deg": 109.8,
        "aoi": "r4-tapulikaupunki",
        "source_layer": "Ortoilmakuva_2025_5cm",
        "zoom": 16,
        "status": "confirmed",
        "class": "van"
      }
    },
    {
      "type": "Feature",
      "geometry": {
        "type": "Polygon",
        "coordinates": [
          [
            [
              25501444.386,
              6685816.096
            ],
            [
              25501446.647,
              6685815.589
            ],
            [
              25501447.705,
              6685820.3
            ],
            [
              25501445.444,
              6685820.807
            ],
            [
              25501444.386,
              6685816.096
            ]
          ]
        ]
      },
      "properties": {
        "confidence": 0.911,
        "length_m": 4.83,
        "width_m": 2.32,
        "heading_deg": 12.7,
        "aoi": "r4-tapulikaupunki",
        "source_layer": "Ortoilmakuva_2025_5cm",
        "zoom": 16,
        "status": "confirmed",
        "class": "car"
      }
    },
    {
      "type": "Feature",
      "geometry": {
        "type": "Polygon",
        "coordinates": [
          [
            [
              25501375.667,
              6685689.969
            ],
            [
              25501376.352,
              6685692.43
            ],
            [
              25501370.616,
              6685694.028
            ],
            [
              25501369.931,
              6685691.566
            ],
            [
              25501375.667,
              6685689.969
            ]
          ]
        ]
      },
      "properties": {
        "confidence": 0.9094,
        "length_m": 5.95,
        "width_m": 2.55,
        "heading_deg": 105.6,
        "aoi": "r4-tapulikaupunki",
        "source_layer": "Ortoilmakuva_2025_5cm",
        "zoom": 16,
        "status": "confirmed",
        "class": "van"
      }
    },
    {
      "type": "Feature",
      "geometry": {
        "type": "Polygon",
        "coordinates": [
          [
            [
              25501354.946,
              6685666.923
            ],
            [
              25501357.046,
              6685666.33
            ],
            [
              25501358.221,
              6685670.489
            ],
            [
              25501356.12,
              6685671.082
            ],
            [
              25501354.946,
              6685666.923
            ]
          ]
        ]
      },
      "properties": {
        "confidence": 0.9089,
        "length_m": 4.32,
        "width_m": 2.18,
        "heading_deg": 15.8,
        "aoi": "r4-tapulikaupunki",
        "source_layer": "Ortoilmakuva_2025_5cm",
        "zoom": 16,
        "status": "confirmed",
        "class": "car"
      }
    },
    {
      "type": "Feature",
      "geometry": {
        "type": "Polygon",
        "coordinates": [
          [
            [
              25501285.91,
              6685672.215
            ],
            [
              25501287.802,
              6685670.935
            ],
            [
              25501290.605,
              6685675.08
            ],
            [
              25501288.712,
              6685676.359
            ],
            [
              25501285.91,
              6685672.215
            ]
          ]
        ]
      },
      "properties": {
        "confidence": 0.9088,
        "length_m": 5,
        "width_m": 2.28,
        "heading_deg": 34.1,
        "aoi": "r4-tapulikaupunki",
        "source_layer": "Ortoilmakuva_2025_5cm",
        "zoom": 16,
        "status": "confirmed",
        "class": "car"
      }
    },
    {
      "type": "Feature",
      "geometry": {
        "type": "Polygon",
        "coordinates": [
          [
            [
              25501428.103,
              6685883.861
            ],
            [
              25501430.443,
              6685883.197
            ],
            [
              25501431.909,
              6685888.36
            ],
            [
              25501429.569,
              6685889.024
            ],
            [
              25501428.103,
              6685883.861
            ]
          ]
        ]
      },
      "properties": {
        "confidence": 0.9087,
        "length_m": 5.37,
        "width_m": 2.43,
        "heading_deg": 15.9,
        "aoi": "r4-tapulikaupunki",
        "source_layer": "Ortoilmakuva_2025_5cm",
        "zoom": 16,
        "status": "confirmed",
        "class": "car"
      }
    },
    {
      "type": "Feature",
      "geometry": {
        "type": "Polygon",
        "coordinates": [
          [
            [
              25501234.816,
              6685687.936
            ],
            [
              25501236.843,
              6685686.738
            ],
            [
              25501239.463,
              6685691.171
            ],
            [
              25501237.436,
              6685692.369
            ],
            [
              25501234.816,
              6685687.936
            ]
          ]
        ]
      },
      "properties": {
        "confidence": 0.9084,
        "length_m": 5.15,
        "width_m": 2.35,
        "heading_deg": 30.6,
        "aoi": "r4-tapulikaupunki",
        "source_layer": "Ortoilmakuva_2025_5cm",
        "zoom": 16,
        "status": "confirmed",
        "class": "car"
      }
    },
    {
      "type": "Feature",
      "geometry": {
        "type": "Polygon",
        "coordinates": [
          [
            [
              25501309.386,
              6685736.917
            ],
            [
              25501311.814,
              6685736.24
            ],
            [
              25501313.228,
              6685741.313
            ],
            [
              25501310.8,
              6685741.99
            ],
            [
              25501309.386,
              6685736.917
            ]
          ]
        ]
      },
      "properties": {
        "confidence": 0.9083,
        "length_m": 5.27,
        "width_m": 2.52,
        "heading_deg": 15.6,
        "aoi": "r4-tapulikaupunki",
        "source_layer": "Ortoilmakuva_2025_5cm",
        "zoom": 16,
        "status": "confirmed",
        "class": "car"
      }
    },
    {
      "type": "Feature",
      "geometry": {
        "type": "Polygon",
        "coordinates": [
          [
            [
              25501456.283,
              6685890.541
            ],
            [
              25501458.197,
              6685889.69
            ],
            [
              25501459.947,
              6685893.622
            ],
            [
              25501458.033,
              6685894.474
            ],
            [
              25501456.283,
              6685890.541
            ]
          ]
        ]
      },
      "properties": {
        "confidence": 0.9083,
        "length_m": 4.3,
        "width_m": 2.09,
        "heading_deg": 24,
        "aoi": "r4-tapulikaupunki",
        "source_layer": "Ortoilmakuva_2025_5cm",
        "zoom": 16,
        "status": "confirmed",
        "class": "car"
      }
    },
    {
      "type": "Feature",
      "geometry": {
        "type": "Polygon",
        "coordinates": [
          [
            [
              25501269.359,
              6685677.198
            ],
            [
              25501271.405,
              6685676.029
            ],
            [
              25501273.694,
              6685680.035
            ],
            [
              25501271.648,
              6685681.204
            ],
            [
              25501269.359,
              6685677.198
            ]
          ]
        ]
      },
      "properties": {
        "confidence": 0.907,
        "length_m": 4.61,
        "width_m": 2.36,
        "heading_deg": 29.7,
        "aoi": "r4-tapulikaupunki",
        "source_layer": "Ortoilmakuva_2025_5cm",
        "zoom": 16,
        "status": "confirmed",
        "class": "car"
      }
    },
    {
      "type": "Feature",
      "geometry": {
        "type": "Polygon",
        "coordinates": [
          [
            [
              25501429.706,
              6685808.925
            ],
            [
              25501431.958,
              6685808.536
            ],
            [
              25501432.7,
              6685812.834
            ],
            [
              25501430.449,
              6685813.223
            ],
            [
              25501429.706,
              6685808.925
            ]
          ]
        ]
      },
      "properties": {
        "confidence": 0.9062,
        "length_m": 4.36,
        "width_m": 2.29,
        "heading_deg": 9.8,
        "aoi": "r4-tapulikaupunki",
        "source_layer": "Ortoilmakuva_2025_5cm",
        "zoom": 16,
        "status": "confirmed",
        "class": "car"
      }
    },
    {
      "type": "Feature",
      "geometry": {
        "type": "Polygon",
        "coordinates": [
          [
            [
              25501296.842,
              6685668.099
            ],
            [
              25501298.989,
              6685666.958
            ],
            [
              25501301.375,
              6685671.448
            ],
            [
              25501299.227,
              6685672.588
            ],
            [
              25501296.842,
              6685668.099
            ]
          ]
        ]
      },
      "properties": {
        "confidence": 0.906,
        "length_m": 5.08,
        "width_m": 2.43,
        "heading_deg": 28,
        "aoi": "r4-tapulikaupunki",
        "source_layer": "Ortoilmakuva_2025_5cm",
        "zoom": 16,
        "status": "confirmed",
        "class": "car"
      }
    },
    {
      "type": "Feature",
      "geometry": {
        "type": "Polygon",
        "coordinates": [
          [
            [
              25501326.946,
              6685683.919
            ],
            [
              25501327.601,
              6685686.28
            ],
            [
              25501322.186,
              6685687.78
            ],
            [
              25501321.531,
              6685685.42
            ],
            [
              25501326.946,
              6685683.919
            ]
          ]
        ]
      },
      "properties": {
        "confidence": 0.905,
        "length_m": 5.62,
        "width_m": 2.45,
        "heading_deg": 105.5,
        "aoi": "r4-tapulikaupunki",
        "source_layer": "Ortoilmakuva_2025_5cm",
        "zoom": 16,
        "status": "confirmed",
        "class": "van"
      }
    },
    {
      "type": "Feature",
      "geometry": {
        "type": "Polygon",
        "coordinates": [
          [
            [
              25501463.176,
              6685887.06
            ],
            [
              25501464.978,
              6685886.209
            ],
            [
              25501466.722,
              6685889.903
            ],
            [
              25501464.92,
              6685890.754
            ],
            [
              25501463.176,
              6685887.06
            ]
          ]
        ]
      },
      "properties": {
        "confidence": 0.9046,
        "length_m": 4.08,
        "width_m": 1.99,
        "heading_deg": 25.3,
        "aoi": "r4-tapulikaupunki",
        "source_layer": "Ortoilmakuva_2025_5cm",
        "zoom": 16,
        "status": "confirmed",
        "class": "car"
      }
    },
    {
      "type": "Feature",
      "geometry": {
        "type": "Polygon",
        "coordinates": [
          [
            [
              25501242.706,
              6685685.942
            ],
            [
              25501244.564,
              6685684.55
            ],
            [
              25501247.316,
              6685688.223
            ],
            [
              25501245.459,
              6685689.615
            ],
            [
              25501242.706,
              6685685.942
            ]
          ]
        ]
      },
      "properties": {
        "confidence": 0.9045,
        "length_m": 4.59,
        "width_m": 2.32,
        "heading_deg": 36.8,
        "aoi": "r4-tapulikaupunki",
        "source_layer": "Ortoilmakuva_2025_5cm",
        "zoom": 16,
        "status": "confirmed",
        "class": "car"
      }
    },
    {
      "type": "Feature",
      "geometry": {
        "type": "Polygon",
        "coordinates": [
          [
            [
              25501241.926,
              6685748.104
            ],
            [
              25501244.221,
              6685747.472
            ],
            [
              25501245.523,
              6685752.202
            ],
            [
              25501243.228,
              6685752.834
            ],
            [
              25501241.926,
              6685748.104
            ]
          ]
        ]
      },
      "properties": {
        "confidence": 0.9043,
        "length_m": 4.91,
        "width_m": 2.38,
        "heading_deg": 15.4,
        "aoi": "r4-tapulikaupunki",
        "source_layer": "Ortoilmakuva_2025_5cm",
        "zoom": 16,
        "status": "confirmed",
        "class": "car"
      }
    },
    {
      "type": "Feature",
      "geometry": {
        "type": "Polygon",
        "coordinates": [
          [
            [
              25501245.643,
              6685684.805
            ],
            [
              25501247.744,
              6685683.428
            ],
            [
              25501250.597,
              6685687.781
            ],
            [
              25501248.496,
              6685689.158
            ],
            [
              25501245.643,
              6685684.805
            ]
          ]
        ]
      },
      "properties": {
        "confidence": 0.9036,
        "length_m": 5.2,
        "width_m": 2.51,
        "heading_deg": 33.2,
        "aoi": "r4-tapulikaupunki",
        "source_layer": "Ortoilmakuva_2025_5cm",
        "zoom": 16,
        "status": "confirmed",
        "class": "car"
      }
    },
    {
      "type": "Feature",
      "geometry": {
        "type": "Polygon",
        "coordinates": [
          [
            [
              25501411.089,
              6685658.364
            ],
            [
              25501406.837,
              6685656.093
            ],
            [
              25501405.843,
              6685657.953
            ],
            [
              25501410.096,
              6685660.224
            ],
            [
              25501411.089,
              6685658.364
            ]
          ]
        ]
      },
      "properties": {
        "confidence": 0.9023,
        "length_m": 4.82,
        "width_m": 2.11,
        "heading_deg": 61.9,
        "aoi": "r4-tapulikaupunki",
        "source_layer": "Ortoilmakuva_2025_5cm",
        "zoom": 16,
        "status": "confirmed",
        "class": "car"
      }
    },
    {
      "type": "Feature",
      "geometry": {
        "type": "Polygon",
        "coordinates": [
          [
            [
              25501362.072,
              6685869.435
            ],
            [
              25501364.109,
              6685868.844
            ],
            [
              25501365.271,
              6685872.847
            ],
            [
              25501363.234,
              6685873.439
            ],
            [
              25501362.072,
              6685869.435
            ]
          ]
        ]
      },
      "properties": {
        "confidence": 0.9023,
        "length_m": 4.17,
        "width_m": 2.12,
        "heading_deg": 16.2,
        "aoi": "r4-tapulikaupunki",
        "source_layer": "Ortoilmakuva_2025_5cm",
        "zoom": 16,
        "status": "confirmed",
        "class": "car"
      }
    },
    {
      "type": "Feature",
      "geometry": {
        "type": "Polygon",
        "coordinates": [
          [
            [
              25501268.906,
              6685686.076
            ],
            [
              25501271.203,
              6685686.623
            ],
            [
              25501270.009,
              6685691.643
            ],
            [
              25501267.712,
              6685691.097
            ],
            [
              25501268.906,
              6685686.076
            ]
          ]
        ]
      },
      "properties": {
        "confidence": 0.9021,
        "length_m": 5.16,
        "width_m": 2.36,
        "heading_deg": 166.6,
        "aoi": "r4-tapulikaupunki",
        "source_layer": "Ortoilmakuva_2025_5cm",
        "zoom": 16,
        "status": "confirmed",
        "class": "car"
      }
    },
    {
      "type": "Feature",
      "geometry": {
        "type": "Polygon",
        "coordinates": [
          [
            [
              25501249.42,
              6685746.488
            ],
            [
              25501251.761,
              6685746.225
            ],
            [
              25501252.3,
              6685751.017
            ],
            [
              25501249.959,
              6685751.28
            ],
            [
              25501249.42,
              6685746.488
            ]
          ]
        ]
      },
      "properties": {
        "confidence": 0.9018,
        "length_m": 4.82,
        "width_m": 2.36,
        "heading_deg": 6.4,
        "aoi": "r4-tapulikaupunki",
        "source_layer": "Ortoilmakuva_2025_5cm",
        "zoom": 16,
        "status": "confirmed",
        "class": "car"
      }
    },
    {
      "type": "Feature",
      "geometry": {
        "type": "Polygon",
        "coordinates": [
          [
            [
              25501259.862,
              6685679.575
            ],
            [
              25501261.856,
              6685678.204
            ],
            [
              25501264.643,
              6685682.256
            ],
            [
              25501262.65,
              6685683.628
            ],
            [
              25501259.862,
              6685679.575
            ]
          ]
        ]
      },
      "properties": {
        "confidence": 0.9014,
        "length_m": 4.92,
        "width_m": 2.42,
        "heading_deg": 34.5,
        "aoi": "r4-tapulikaupunki",
        "source_layer": "Ortoilmakuva_2025_5cm",
        "zoom": 16,
        "status": "confirmed",
        "class": "car"
      }
    },
    {
      "type": "Feature",
      "geometry": {
        "type": "Polygon",
        "coordinates": [
          [
            [
              25501472.431,
              6685674.943
            ],
            [
              25501472.838,
              6685677.022
            ],
            [
              25501468.194,
              6685677.931
            ],
            [
              25501467.787,
              6685675.852
            ],
            [
              25501472.431,
              6685674.943
            ]
          ]
        ]
      },
      "properties": {
        "confidence": 0.9003,
        "length_m": 4.73,
        "width_m": 2.12,
        "heading_deg": 101.1,
        "aoi": "r4-tapulikaupunki",
        "source_layer": "Ortoilmakuva_2025_5cm",
        "zoom": 16,
        "status": "confirmed",
        "class": "car"
      }
    },
    {
      "type": "Feature",
      "geometry": {
        "type": "Polygon",
        "coordinates": [
          [
            [
              25501334.917,
              6685736.718
            ],
            [
              25501335.523,
              6685738.721
            ],
            [
              25501331.287,
              6685740.002
            ],
            [
              25501330.681,
              6685737.998
            ],
            [
              25501334.917,
              6685736.718
            ]
          ]
        ]
      },
      "properties": {
        "confidence": 0.8994,
        "length_m": 4.43,
        "width_m": 2.09,
        "heading_deg": 106.8,
        "aoi": "r4-tapulikaupunki",
        "source_layer": "Ortoilmakuva_2025_5cm",
        "zoom": 16,
        "status": "confirmed",
        "class": "car"
      }
    },
    {
      "type": "Feature",
      "geometry": {
        "type": "Polygon",
        "coordinates": [
          [
            [
              25501277.577,
              6685875.03
            ],
            [
              25501279.515,
              6685873.785
            ],
            [
              25501281.965,
              6685877.595
            ],
            [
              25501280.027,
              6685878.84
            ],
            [
              25501277.577,
              6685875.03
            ]
          ]
        ]
      },
      "properties": {
        "confidence": 0.8991,
        "length_m": 4.53,
        "width_m": 2.3,
        "heading_deg": 32.7,
        "aoi": "r4-tapulikaupunki",
        "source_layer": "Ortoilmakuva_2025_5cm",
        "zoom": 16,
        "status": "confirmed",
        "class": "car"
      }
    },
    {
      "type": "Feature",
      "geometry": {
        "type": "Polygon",
        "coordinates": [
          [
            [
              25501369.381,
              6685738.128
            ],
            [
              25501369.998,
              6685740.423
            ],
            [
              25501364.502,
              6685741.902
            ],
            [
              25501363.884,
              6685739.607
            ],
            [
              25501369.381,
              6685738.128
            ]
          ]
        ]
      },
      "properties": {
        "confidence": 0.899,
        "length_m": 5.69,
        "width_m": 2.38,
        "heading_deg": 105.1,
        "aoi": "r4-tapulikaupunki",
        "source_layer": "Ortoilmakuva_2025_5cm",
        "zoom": 16,
        "status": "confirmed",
        "class": "van"
      }
    },
    {
      "type": "Feature",
      "geometry": {
        "type": "Polygon",
        "coordinates": [
          [
            [
              25501480.2,
              6685698.908
            ],
            [
              25501480.898,
              6685701.172
            ],
            [
              25501475.83,
              6685702.735
            ],
            [
              25501475.132,
              6685700.472
            ],
            [
              25501480.2,
              6685698.908
            ]
          ]
        ]
      },
      "properties": {
        "confidence": 0.899,
        "length_m": 5.3,
        "width_m": 2.37,
        "heading_deg": 107.1,
        "aoi": "r4-tapulikaupunki",
        "source_layer": "Ortoilmakuva_2025_5cm",
        "zoom": 16,
        "status": "confirmed",
        "class": "car"
      }
    },
    {
      "type": "Feature",
      "geometry": {
        "type": "Polygon",
        "coordinates": [
          [
            [
              25501254.003,
              6685680.811
            ],
            [
              25501256.067,
              6685679.67
            ],
            [
              25501258.563,
              6685684.185
            ],
            [
              25501256.499,
              6685685.326
            ],
            [
              25501254.003,
              6685680.811
            ]
          ]
        ]
      },
      "properties": {
        "confidence": 0.898,
        "length_m": 5.16,
        "width_m": 2.36,
        "heading_deg": 28.9,
        "aoi": "r4-tapulikaupunki",
        "source_layer": "Ortoilmakuva_2025_5cm",
        "zoom": 16,
        "status": "confirmed",
        "class": "car"
      }
    },
    {
      "type": "Feature",
      "geometry": {
        "type": "Polygon",
        "coordinates": [
          [
            [
              25501271.069,
              6685842.111
            ],
            [
              25501272.991,
              6685841.09
            ],
            [
              25501275,
              6685844.872
            ],
            [
              25501273.078,
              6685845.893
            ],
            [
              25501271.069,
              6685842.111
            ]
          ]
        ]
      },
      "properties": {
        "confidence": 0.8973,
        "length_m": 4.28,
        "width_m": 2.18,
        "heading_deg": 28,
        "aoi": "r4-tapulikaupunki",
        "source_layer": "Ortoilmakuva_2025_5cm",
        "zoom": 16,
        "status": "confirmed",
        "class": "car"
      }
    },
    {
      "type": "Feature",
      "geometry": {
        "type": "Polygon",
        "coordinates": [
          [
            [
              25501481.956,
              6685662.778
            ],
            [
              25501482.438,
              6685664.809
            ],
            [
              25501477.645,
              6685665.946
            ],
            [
              25501477.163,
              6685663.915
            ],
            [
              25501481.956,
              6685662.778
            ]
          ]
        ]
      },
      "properties": {
        "confidence": 0.8972,
        "length_m": 4.93,
        "width_m": 2.09,
        "heading_deg": 103.3,
        "aoi": "r4-tapulikaupunki",
        "source_layer": "Ortoilmakuva_2025_5cm",
        "zoom": 16,
        "status": "confirmed",
        "class": "car"
      }
    },
    {
      "type": "Feature",
      "geometry": {
        "type": "Polygon",
        "coordinates": [
          [
            [
              25501289.119,
              6685686.807
            ],
            [
              25501290.176,
              6685681.839
            ],
            [
              25501287.922,
              6685681.36
            ],
            [
              25501286.865,
              6685686.328
            ],
            [
              25501289.119,
              6685686.807
            ]
          ]
        ]
      },
      "properties": {
        "confidence": 0.897,
        "length_m": 5.08,
        "width_m": 2.3,
        "heading_deg": 168,
        "aoi": "r4-tapulikaupunki",
        "source_layer": "Ortoilmakuva_2025_5cm",
        "zoom": 16,
        "status": "confirmed",
        "class": "van"
      }
    },
    {
      "type": "Feature",
      "geometry": {
        "type": "Polygon",
        "coordinates": [
          [
            [
              25501385.106,
              6685661.568
            ],
            [
              25501387.898,
              6685664.653
            ],
            [
              25501386.388,
              6685666.02
            ],
            [
              25501383.596,
              6685662.935
            ],
            [
              25501385.106,
              6685661.568
            ]
          ]
        ]
      },
      "properties": {
        "confidence": 0.8968,
        "length_m": 4.16,
        "width_m": 2.04,
        "heading_deg": 42.1,
        "aoi": "r4-tapulikaupunki",
        "source_layer": "Ortoilmakuva_2025_5cm",
        "zoom": 16,
        "status": "confirmed",
        "class": "car"
      }
    },
    {
      "type": "Feature",
      "geometry": {
        "type": "Polygon",
        "coordinates": [
          [
            [
              25501367.75,
              6685731.203
            ],
            [
              25501368.299,
              6685733.643
            ],
            [
              25501362.954,
              6685734.846
            ],
            [
              25501362.405,
              6685732.406
            ],
            [
              25501367.75,
              6685731.203
            ]
          ]
        ]
      },
      "properties": {
        "confidence": 0.8966,
        "length_m": 5.48,
        "width_m": 2.5,
        "heading_deg": 102.7,
        "aoi": "r4-tapulikaupunki",
        "source_layer": "Ortoilmakuva_2025_5cm",
        "zoom": 16,
        "status": "confirmed",
        "class": "van"
      }
    },
    {
      "type": "Feature",
      "geometry": {
        "type": "Polygon",
        "coordinates": [
          [
            [
              25501462.232,
              6685873.436
            ],
            [
              25501464.619,
              6685872.798
            ],
            [
              25501466.018,
              6685878.029
            ],
            [
              25501463.631,
              6685878.667
            ],
            [
              25501462.232,
              6685873.436
            ]
          ]
        ]
      },
      "properties": {
        "confidence": 0.895,
        "length_m": 5.41,
        "width_m": 2.47,
        "heading_deg": 15,
        "aoi": "r4-tapulikaupunki",
        "source_layer": "Ortoilmakuva_2025_5cm",
        "zoom": 16,
        "status": "confirmed",
        "class": "van"
      }
    },
    {
      "type": "Feature",
      "geometry": {
        "type": "Polygon",
        "coordinates": [
          [
            [
              25501367.111,
              6685728.601
            ],
            [
              25501367.696,
              6685730.972
            ],
            [
              25501362.361,
              6685732.289
            ],
            [
              25501361.776,
              6685729.918
            ],
            [
              25501367.111,
              6685728.601
            ]
          ]
        ]
      },
      "properties": {
        "confidence": 0.8949,
        "length_m": 5.5,
        "width_m": 2.44,
        "heading_deg": 103.9,
        "aoi": "r4-tapulikaupunki",
        "source_layer": "Ortoilmakuva_2025_5cm",
        "zoom": 16,
        "status": "confirmed",
        "class": "van"
      }
    },
    {
      "type": "Feature",
      "geometry": {
        "type": "Polygon",
        "coordinates": [
          [
            [
              25501275.418,
              6685675.394
            ],
            [
              25501277.741,
              6685674.446
            ],
            [
              25501279.634,
              6685679.084
            ],
            [
              25501277.311,
              6685680.032
            ],
            [
              25501275.418,
              6685675.394
            ]
          ]
        ]
      },
      "properties": {
        "confidence": 0.8941,
        "length_m": 5.01,
        "width_m": 2.51,
        "heading_deg": 22.2,
        "aoi": "r4-tapulikaupunki",
        "source_layer": "Ortoilmakuva_2025_5cm",
        "zoom": 16,
        "status": "confirmed",
        "class": "car"
      }
    },
    {
      "type": "Feature",
      "geometry": {
        "type": "Polygon",
        "coordinates": [
          [
            [
              25501471.017,
              6685731.31
            ],
            [
              25501473.396,
              6685732.245
            ],
            [
              25501471.129,
              6685738.012
            ],
            [
              25501468.75,
              6685737.076
            ],
            [
              25501471.017,
              6685731.31
            ]
          ]
        ]
      },
      "properties": {
        "confidence": 0.8935,
        "length_m": 6.2,
        "width_m": 2.56,
        "heading_deg": 158.5,
        "aoi": "r4-tapulikaupunki",
        "source_layer": "Ortoilmakuva_2025_5cm",
        "zoom": 16,
        "status": "confirmed",
        "class": "van"
      }
    },
    {
      "type": "Feature",
      "geometry": {
        "type": "Polygon",
        "coordinates": [
          [
            [
              25501191.508,
              6685897.457
            ],
            [
              25501190.609,
              6685899.52
            ],
            [
              25501186.171,
              6685897.588
            ],
            [
              25501187.07,
              6685895.524
            ],
            [
              25501191.508,
              6685897.457
            ]
          ]
        ]
      },
      "properties": {
        "confidence": 0.8933,
        "length_m": 4.84,
        "width_m": 2.25,
        "heading_deg": 66.5,
        "aoi": "r4-tapulikaupunki",
        "source_layer": "Ortoilmakuva_2025_5cm",
        "zoom": 16,
        "status": "confirmed",
        "class": "van"
      }
    },
    {
      "type": "Feature",
      "geometry": {
        "type": "Polygon",
        "coordinates": [
          [
            [
              25501274.242,
              6685748.536
            ],
            [
              25501276.546,
              6685748.563
            ],
            [
              25501276.489,
              6685753.393
            ],
            [
              25501274.185,
              6685753.366
            ],
            [
              25501274.242,
              6685748.536
            ]
          ]
        ]
      },
      "properties": {
        "confidence": 0.8932,
        "length_m": 4.83,
        "width_m": 2.3,
        "heading_deg": 179.3,
        "aoi": "r4-tapulikaupunki",
        "source_layer": "Ortoilmakuva_2025_5cm",
        "zoom": 16,
        "status": "confirmed",
        "class": "car"
      }
    },
    {
      "type": "Feature",
      "geometry": {
        "type": "Polygon",
        "coordinates": [
          [
            [
              25501424.005,
              6685644.717
            ],
            [
              25501426.012,
              6685643.298
            ],
            [
              25501428.674,
              6685647.062
            ],
            [
              25501426.667,
              6685648.482
            ],
            [
              25501424.005,
              6685644.717
            ]
          ]
        ]
      },
      "properties": {
        "confidence": 0.8931,
        "length_m": 4.61,
        "width_m": 2.46,
        "heading_deg": 35.3,
        "aoi": "r4-tapulikaupunki",
        "source_layer": "Ortoilmakuva_2025_5cm",
        "zoom": 16,
        "status": "confirmed",
        "class": "car"
      }
    },
    {
      "type": "Feature",
      "geometry": {
        "type": "Polygon",
        "coordinates": [
          [
            [
              25501217.751,
              6685692.11
            ],
            [
              25501219.798,
              6685690.899
            ],
            [
              25501222.411,
              6685695.315
            ],
            [
              25501220.363,
              6685696.526
            ],
            [
              25501217.751,
              6685692.11
            ]
          ]
        ]
      },
      "properties": {
        "confidence": 0.8931,
        "length_m": 5.13,
        "width_m": 2.38,
        "heading_deg": 30.6,
        "aoi": "r4-tapulikaupunki",
        "source_layer": "Ortoilmakuva_2025_5cm",
        "zoom": 16,
        "status": "confirmed",
        "class": "car"
      }
    },
    {
      "type": "Feature",
      "geometry": {
        "type": "Polygon",
        "coordinates": [
          [
            [
              25501375.437,
              6685736.989
            ],
            [
              25501375.91,
              6685739.226
            ],
            [
              25501370.889,
              6685740.288
            ],
            [
              25501370.415,
              6685738.051
            ],
            [
              25501375.437,
              6685736.989
            ]
          ]
        ]
      },
      "properties": {
        "confidence": 0.8929,
        "length_m": 5.13,
        "width_m": 2.29,
        "heading_deg": 101.9,
        "aoi": "r4-tapulikaupunki",
        "source_layer": "Ortoilmakuva_2025_5cm",
        "zoom": 16,
        "status": "confirmed",
        "class": "van"
      }
    },
    {
      "type": "Feature",
      "geometry": {
        "type": "Polygon",
        "coordinates": [
          [
            [
              25501206.591,
              6685743.789
            ],
            [
              25501201.566,
              6685745.187
            ],
            [
              25501202.212,
              6685747.51
            ],
            [
              25501207.238,
              6685746.112
            ],
            [
              25501206.591,
              6685743.789
            ]
          ]
        ]
      },
      "properties": {
        "confidence": 0.8916,
        "length_m": 5.22,
        "width_m": 2.41,
        "heading_deg": 105.5,
        "aoi": "r4-tapulikaupunki",
        "source_layer": "Ortoilmakuva_2025_5cm",
        "zoom": 16,
        "status": "confirmed",
        "class": "car"
      }
    },
    {
      "type": "Feature",
      "geometry": {
        "type": "Polygon",
        "coordinates": [
          [
            [
              25501327.772,
              6685691.908
            ],
            [
              25501328.402,
              6685694.232
            ],
            [
              25501323.177,
              6685695.649
            ],
            [
              25501322.547,
              6685693.325
            ],
            [
              25501327.772,
              6685691.908
            ]
          ]
        ]
      },
      "properties": {
        "confidence": 0.8905,
        "length_m": 5.41,
        "width_m": 2.41,
        "heading_deg": 105.2,
        "aoi": "r4-tapulikaupunki",
        "source_layer": "Ortoilmakuva_2025_5cm",
        "zoom": 16,
        "status": "confirmed",
        "class": "van"
      }
    },
    {
      "type": "Feature",
      "geometry": {
        "type": "Polygon",
        "coordinates": [
          [
            [
              25501211.288,
              6685694.174
            ],
            [
              25501213.253,
              6685692.716
            ],
            [
              25501216.348,
              6685696.888
            ],
            [
              25501214.383,
              6685698.346
            ],
            [
              25501211.288,
              6685694.174
            ]
          ]
        ]
      },
      "properties": {
        "confidence": 0.8905,
        "length_m": 5.19,
        "width_m": 2.45,
        "heading_deg": 36.6,
        "aoi": "r4-tapulikaupunki",
        "source_layer": "Ortoilmakuva_2025_5cm",
        "zoom": 16,
        "status": "confirmed",
        "class": "car"
      }
    },
    {
      "type": "Feature",
      "geometry": {
        "type": "Polygon",
        "coordinates": [
          [
            [
              25501420.714,
              6685644.517
            ],
            [
              25501422.577,
              6685643.167
            ],
            [
              25501425.319,
              6685646.951
            ],
            [
              25501423.455,
              6685648.301
            ],
            [
              25501420.714,
              6685644.517
            ]
          ]
        ]
      },
      "properties": {
        "confidence": 0.8876,
        "length_m": 4.67,
        "width_m": 2.3,
        "heading_deg": 35.9,
        "aoi": "r4-tapulikaupunki",
        "source_layer": "Ortoilmakuva_2025_5cm",
        "zoom": 16,
        "status": "confirmed",
        "class": "car"
      }
    },
    {
      "type": "Feature",
      "geometry": {
        "type": "Polygon",
        "coordinates": [
          [
            [
              25501394.119,
              6685663.411
            ],
            [
              25501390.71,
              6685659.998
            ],
            [
              25501389.271,
              6685661.436
            ],
            [
              25501392.68,
              6685664.848
            ],
            [
              25501394.119,
              6685663.411
            ]
          ]
        ]
      },
      "properties": {
        "confidence": 0.8874,
        "length_m": 4.82,
        "width_m": 2.03,
        "heading_deg": 45,
        "aoi": "r4-tapulikaupunki",
        "source_layer": "Ortoilmakuva_2025_5cm",
        "zoom": 16,
        "status": "confirmed",
        "class": "car"
      }
    },
    {
      "type": "Feature",
      "geometry": {
        "type": "Polygon",
        "coordinates": [
          [
            [
              25501304.06,
              6685676.602
            ],
            [
              25501306.641,
              6685677.354
            ],
            [
              25501305.059,
              6685682.781
            ],
            [
              25501302.479,
              6685682.029
            ],
            [
              25501304.06,
              6685676.602
            ]
          ]
        ]
      },
      "properties": {
        "confidence": 0.8874,
        "length_m": 5.65,
        "width_m": 2.69,
        "heading_deg": 163.7,
        "aoi": "r4-tapulikaupunki",
        "source_layer": "Ortoilmakuva_2025_5cm",
        "zoom": 16,
        "status": "confirmed",
        "class": "van"
      }
    },
    {
      "type": "Feature",
      "geometry": {
        "type": "Polygon",
        "coordinates": [
          [
            [
              25501460.367,
              6685641.146
            ],
            [
              25501459.08,
              6685642.853
            ],
            [
              25501455.681,
              6685640.29
            ],
            [
              25501456.968,
              6685638.584
            ],
            [
              25501460.367,
              6685641.146
            ]
          ]
        ]
      },
      "properties": {
        "confidence": 0.8867,
        "length_m": 4.26,
        "width_m": 2.14,
        "heading_deg": 53,
        "aoi": "r4-tapulikaupunki",
        "source_layer": "Ortoilmakuva_2025_5cm",
        "zoom": 16,
        "status": "confirmed",
        "class": "car"
      }
    },
    {
      "type": "Feature",
      "geometry": {
        "type": "Polygon",
        "coordinates": [
          [
            [
              25501359.876,
              6685702.323
            ],
            [
              25501360.312,
              6685704.556
            ],
            [
              25501355.595,
              6685705.477
            ],
            [
              25501355.159,
              6685703.245
            ],
            [
              25501359.876,
              6685702.323
            ]
          ]
        ]
      },
      "properties": {
        "confidence": 0.8867,
        "length_m": 4.81,
        "width_m": 2.28,
        "heading_deg": 101,
        "aoi": "r4-tapulikaupunki",
        "source_layer": "Ortoilmakuva_2025_5cm",
        "zoom": 16,
        "status": "confirmed",
        "class": "car"
      }
    },
    {
      "type": "Feature",
      "geometry": {
        "type": "Polygon",
        "coordinates": [
          [
            [
              25501403.914,
              6685660.73
            ],
            [
              25501400.137,
              6685658.323
            ],
            [
              25501399.071,
              6685659.996
            ],
            [
              25501402.848,
              6685662.403
            ],
            [
              25501403.914,
              6685660.73
            ]
          ]
        ]
      },
      "properties": {
        "confidence": 0.8866,
        "length_m": 4.48,
        "width_m": 1.98,
        "heading_deg": 57.5,
        "aoi": "r4-tapulikaupunki",
        "source_layer": "Ortoilmakuva_2025_5cm",
        "zoom": 16,
        "status": "confirmed",
        "class": "van"
      }
    },
    {
      "type": "Feature",
      "geometry": {
        "type": "Polygon",
        "coordinates": [
          [
            [
              25501359.044,
              6685740.754
            ],
            [
              25501359.698,
              6685743.114
            ],
            [
              25501354.382,
              6685744.588
            ],
            [
              25501353.727,
              6685742.227
            ],
            [
              25501359.044,
              6685740.754
            ]
          ]
        ]
      },
      "properties": {
        "confidence": 0.8842,
        "length_m": 5.52,
        "width_m": 2.45,
        "heading_deg": 105.5,
        "aoi": "r4-tapulikaupunki",
        "source_layer": "Ortoilmakuva_2025_5cm",
        "zoom": 16,
        "status": "confirmed",
        "class": "van"
      }
    },
    {
      "type": "Feature",
      "geometry": {
        "type": "Polygon",
        "coordinates": [
          [
            [
              25501379.083,
              6685748.932
            ],
            [
              25501379.669,
              6685751.138
            ],
            [
              25501374.429,
              6685752.53
            ],
            [
              25501373.843,
              6685750.324
            ],
            [
              25501379.083,
              6685748.932
            ]
          ]
        ]
      },
      "properties": {
        "confidence": 0.8802,
        "length_m": 5.42,
        "width_m": 2.28,
        "heading_deg": 104.9,
        "aoi": "r4-tapulikaupunki",
        "source_layer": "Ortoilmakuva_2025_5cm",
        "zoom": 16,
        "status": "confirmed",
        "class": "van"
      }
    },
    {
      "type": "Feature",
      "geometry": {
        "type": "Polygon",
        "coordinates": [
          [
            [
              25501361.015,
              6685748.406
            ],
            [
              25501361.565,
              6685750.648
            ],
            [
              25501357.156,
              6685751.73
            ],
            [
              25501356.606,
              6685749.488
            ],
            [
              25501361.015,
              6685748.406
            ]
          ]
        ]
      },
      "properties": {
        "confidence": 0.8794,
        "length_m": 4.54,
        "width_m": 2.31,
        "heading_deg": 103.8,
        "aoi": "r4-tapulikaupunki",
        "source_layer": "Ortoilmakuva_2025_5cm",
        "zoom": 16,
        "status": "confirmed",
        "class": "car"
      }
    },
    {
      "type": "Feature",
      "geometry": {
        "type": "Polygon",
        "coordinates": [
          [
            [
              25501251.327,
              6685682.256
            ],
            [
              25501253.245,
              6685681.18
            ],
            [
              25501255.547,
              6685685.283
            ],
            [
              25501253.629,
              6685686.359
            ],
            [
              25501251.327,
              6685682.256
            ]
          ]
        ]
      },
      "properties": {
        "confidence": 0.8791,
        "length_m": 4.7,
        "width_m": 2.2,
        "heading_deg": 29.3,
        "aoi": "r4-tapulikaupunki",
        "source_layer": "Ortoilmakuva_2025_5cm",
        "zoom": 16,
        "status": "confirmed",
        "class": "car"
      }
    },
    {
      "type": "Feature",
      "geometry": {
        "type": "Polygon",
        "coordinates": [
          [
            [
              25501356.255,
              6685726.053
            ],
            [
              25501356.952,
              6685728.42
            ],
            [
              25501351.203,
              6685730.113
            ],
            [
              25501350.506,
              6685727.746
            ],
            [
              25501356.255,
              6685726.053
            ]
          ]
        ]
      },
      "properties": {
        "confidence": 0.8789,
        "length_m": 5.99,
        "width_m": 2.47,
        "heading_deg": 106.4,
        "aoi": "r4-tapulikaupunki",
        "source_layer": "Ortoilmakuva_2025_5cm",
        "zoom": 16,
        "status": "confirmed",
        "class": "van"
      }
    },
    {
      "type": "Feature",
      "geometry": {
        "type": "Polygon",
        "coordinates": [
          [
            [
              25501272.061,
              6685676.02
            ],
            [
              25501274.063,
              6685674.937
            ],
            [
              25501276.355,
              6685679.174
            ],
            [
              25501274.354,
              6685680.257
            ],
            [
              25501272.061,
              6685676.02
            ]
          ]
        ]
      },
      "properties": {
        "confidence": 0.8784,
        "length_m": 4.82,
        "width_m": 2.28,
        "heading_deg": 28.4,
        "aoi": "r4-tapulikaupunki",
        "source_layer": "Ortoilmakuva_2025_5cm",
        "zoom": 16,
        "status": "confirmed",
        "class": "car"
      }
    },
    {
      "type": "Feature",
      "geometry": {
        "type": "Polygon",
        "coordinates": [
          [
            [
              25501333.12,
              6685708.74
            ],
            [
              25501333.682,
              6685710.829
            ],
            [
              25501329.173,
              6685712.043
            ],
            [
              25501328.61,
              6685709.954
            ],
            [
              25501333.12,
              6685708.74
            ]
          ]
        ]
      },
      "properties": {
        "confidence": 0.8773,
        "length_m": 4.67,
        "width_m": 2.16,
        "heading_deg": 105.1,
        "aoi": "r4-tapulikaupunki",
        "source_layer": "Ortoilmakuva_2025_5cm",
        "zoom": 16,
        "status": "confirmed",
        "class": "car"
      }
    },
    {
      "type": "Feature",
      "geometry": {
        "type": "Polygon",
        "coordinates": [
          [
            [
              25501486.627,
              6685658.891
            ],
            [
              25501487.25,
              6685660.891
            ],
            [
              25501482.974,
              6685662.222
            ],
            [
              25501482.351,
              6685660.222
            ],
            [
              25501486.627,
              6685658.891
            ]
          ]
        ]
      },
      "properties": {
        "confidence": 0.8766,
        "length_m": 4.48,
        "width_m": 2.09,
        "heading_deg": 107.3,
        "aoi": "r4-tapulikaupunki",
        "source_layer": "Ortoilmakuva_2025_5cm",
        "zoom": 16,
        "status": "confirmed",
        "class": "car"
      }
    },
    {
      "type": "Feature",
      "geometry": {
        "type": "Polygon",
        "coordinates": [
          [
            [
              25501247.249,
              6685936.826
            ],
            [
              25501249.357,
              6685936.185
            ],
            [
              25501250.77,
              6685940.829
            ],
            [
              25501248.662,
              6685941.47
            ],
            [
              25501247.249,
              6685936.826
            ]
          ]
        ]
      },
      "properties": {
        "confidence": 0.8755,
        "length_m": 4.85,
        "width_m": 2.2,
        "heading_deg": 16.9,
        "aoi": "r4-tapulikaupunki",
        "source_layer": "Ortoilmakuva_2025_5cm",
        "zoom": 16,
        "status": "confirmed",
        "class": "car"
      }
    },
    {
      "type": "Feature",
      "geometry": {
        "type": "Polygon",
        "coordinates": [
          [
            [
              25501252.015,
              6685691.031
            ],
            [
              25501254.045,
              6685691.512
            ],
            [
              25501252.919,
              6685696.263
            ],
            [
              25501250.889,
              6685695.782
            ],
            [
              25501252.015,
              6685691.031
            ]
          ]
        ]
      },
      "properties": {
        "confidence": 0.8755,
        "length_m": 4.88,
        "width_m": 2.09,
        "heading_deg": 166.7,
        "aoi": "r4-tapulikaupunki",
        "source_layer": "Ortoilmakuva_2025_5cm",
        "zoom": 16,
        "status": "confirmed",
        "class": "car"
      }
    },
    {
      "type": "Feature",
      "geometry": {
        "type": "Polygon",
        "coordinates": [
          [
            [
              25501308.759,
              6685666.39
            ],
            [
              25501310.922,
              6685666.017
            ],
            [
              25501311.708,
              6685670.569
            ],
            [
              25501309.545,
              6685670.942
            ],
            [
              25501308.759,
              6685666.39
            ]
          ]
        ]
      },
      "properties": {
        "confidence": 0.8745,
        "length_m": 4.62,
        "width_m": 2.19,
        "heading_deg": 9.8,
        "aoi": "r4-tapulikaupunki",
        "source_layer": "Ortoilmakuva_2025_5cm",
        "zoom": 16,
        "status": "confirmed",
        "class": "car"
      }
    },
    {
      "type": "Feature",
      "geometry": {
        "type": "Polygon",
        "coordinates": [
          [
            [
              25501206.87,
              6685725.895
            ],
            [
              25501207.407,
              6685728.249
            ],
            [
              25501202.375,
              6685729.395
            ],
            [
              25501201.839,
              6685727.041
            ],
            [
              25501206.87,
              6685725.895
            ]
          ]
        ]
      },
      "properties": {
        "confidence": 0.8744,
        "length_m": 5.16,
        "width_m": 2.41,
        "heading_deg": 102.8,
        "aoi": "r4-tapulikaupunki",
        "source_layer": "Ortoilmakuva_2025_5cm",
        "zoom": 16,
        "status": "confirmed",
        "class": "car"
      }
    },
    {
      "type": "Feature",
      "geometry": {
        "type": "Polygon",
        "coordinates": [
          [
            [
              25501283.601,
              6685673.32
            ],
            [
              25501285.565,
              6685671.984
            ],
            [
              25501288.242,
              6685675.92
            ],
            [
              25501286.278,
              6685677.255
            ],
            [
              25501283.601,
              6685673.32
            ]
          ]
        ]
      },
      "properties": {
        "confidence": 0.874,
        "length_m": 4.76,
        "width_m": 2.38,
        "heading_deg": 34.2,
        "aoi": "r4-tapulikaupunki",
        "source_layer": "Ortoilmakuva_2025_5cm",
        "zoom": 16,
        "status": "confirmed",
        "class": "car"
      }
    },
    {
      "type": "Feature",
      "geometry": {
        "type": "Polygon",
        "coordinates": [
          [
            [
              25501327.04,
              6685689.517
            ],
            [
              25501327.533,
              6685691.888
            ],
            [
              25501322.271,
              6685692.981
            ],
            [
              25501321.778,
              6685690.611
            ],
            [
              25501327.04,
              6685689.517
            ]
          ]
        ]
      },
      "properties": {
        "confidence": 0.871,
        "length_m": 5.37,
        "width_m": 2.42,
        "heading_deg": 101.7,
        "aoi": "r4-tapulikaupunki",
        "source_layer": "Ortoilmakuva_2025_5cm",
        "zoom": 16,
        "status": "confirmed",
        "class": "van"
      }
    },
    {
      "type": "Feature",
      "geometry": {
        "type": "Polygon",
        "coordinates": [
          [
            [
              25501211.889,
              6685760.757
            ],
            [
              25501212.909,
              6685762.933
            ],
            [
              25501207.748,
              6685765.353
            ],
            [
              25501206.728,
              6685763.177
            ],
            [
              25501211.889,
              6685760.757
            ]
          ]
        ]
      },
      "properties": {
        "confidence": 0.8702,
        "length_m": 5.7,
        "width_m": 2.4,
        "heading_deg": 115.1,
        "aoi": "r4-tapulikaupunki",
        "source_layer": "Ortoilmakuva_2025_5cm",
        "zoom": 16,
        "status": "confirmed",
        "class": "van"
      }
    },
    {
      "type": "Feature",
      "geometry": {
        "type": "Polygon",
        "coordinates": [
          [
            [
              25501310.006,
              6685749.717
            ],
            [
              25501312.556,
              6685749.49
            ],
            [
              25501312.993,
              6685754.408
            ],
            [
              25501310.443,
              6685754.635
            ],
            [
              25501310.006,
              6685749.717
            ]
          ]
        ]
      },
      "properties": {
        "confidence": 0.8674,
        "length_m": 4.94,
        "width_m": 2.56,
        "heading_deg": 5.1,
        "aoi": "r4-tapulikaupunki",
        "source_layer": "Ortoilmakuva_2025_5cm",
        "zoom": 16,
        "status": "confirmed",
        "class": "car"
      }
    },
    {
      "type": "Feature",
      "geometry": {
        "type": "Polygon",
        "coordinates": [
          [
            [
              25501226.733,
              6685698.788
            ],
            [
              25501228.903,
              6685699.082
            ],
            [
              25501228.29,
              6685703.61
            ],
            [
              25501226.12,
              6685703.316
            ],
            [
              25501226.733,
              6685698.788
            ]
          ]
        ]
      },
      "properties": {
        "confidence": 0.8663,
        "length_m": 4.57,
        "width_m": 2.19,
        "heading_deg": 172.3,
        "aoi": "r4-tapulikaupunki",
        "source_layer": "Ortoilmakuva_2025_5cm",
        "zoom": 16,
        "status": "confirmed",
        "class": "car"
      }
    },
    {
      "type": "Feature",
      "geometry": {
        "type": "Polygon",
        "coordinates": [
          [
            [
              25501483.501,
              6685669.881
            ],
            [
              25501484.042,
              6685671.924
            ],
            [
              25501479.657,
              6685673.086
            ],
            [
              25501479.116,
              6685671.043
            ],
            [
              25501483.501,
              6685669.881
            ]
          ]
        ]
      },
      "properties": {
        "confidence": 0.8655,
        "length_m": 4.54,
        "width_m": 2.11,
        "heading_deg": 104.8,
        "aoi": "r4-tapulikaupunki",
        "source_layer": "Ortoilmakuva_2025_5cm",
        "zoom": 16,
        "status": "confirmed",
        "class": "car"
      }
    },
    {
      "type": "Feature",
      "geometry": {
        "type": "Polygon",
        "coordinates": [
          [
            [
              25501330.077,
              6685717.354
            ],
            [
              25501330.563,
              6685719.428
            ],
            [
              25501325.943,
              6685720.511
            ],
            [
              25501325.457,
              6685718.437
            ],
            [
              25501330.077,
              6685717.354
            ]
          ]
        ]
      },
      "properties": {
        "confidence": 0.8616,
        "length_m": 4.75,
        "width_m": 2.13,
        "heading_deg": 103.2,
        "aoi": "r4-tapulikaupunki",
        "source_layer": "Ortoilmakuva_2025_5cm",
        "zoom": 16,
        "status": "confirmed",
        "class": "car"
      }
    },
    {
      "type": "Feature",
      "geometry": {
        "type": "Polygon",
        "coordinates": [
          [
            [
              25501205.486,
              6685741.725
            ],
            [
              25501206.095,
              6685743.867
            ],
            [
              25501201.1,
              6685745.288
            ],
            [
              25501200.49,
              6685743.147
            ],
            [
              25501205.486,
              6685741.725
            ]
          ]
        ]
      },
      "properties": {
        "confidence": 0.8608,
        "length_m": 5.19,
        "width_m": 2.23,
        "heading_deg": 105.9,
        "aoi": "r4-tapulikaupunki",
        "source_layer": "Ortoilmakuva_2025_5cm",
        "zoom": 16,
        "status": "confirmed",
        "class": "car"
      }
    },
    {
      "type": "Feature",
      "geometry": {
        "type": "Polygon",
        "coordinates": [
          [
            [
              25501412.163,
              6685909.231
            ],
            [
              25501412.902,
              6685911.404
            ],
            [
              25501407.766,
              6685913.15
            ],
            [
              25501407.027,
              6685910.977
            ],
            [
              25501412.163,
              6685909.231
            ]
          ]
        ]
      },
      "properties": {
        "confidence": 0.8578,
        "length_m": 5.42,
        "width_m": 2.3,
        "heading_deg": 108.8,
        "aoi": "r4-tapulikaupunki",
        "source_layer": "Ortoilmakuva_2025_5cm",
        "zoom": 16,
        "status": "confirmed",
        "class": "van"
      }
    },
    {
      "type": "Feature",
      "geometry": {
        "type": "Polygon",
        "coordinates": [
          [
            [
              25501488.019,
              6685663.602
            ],
            [
              25501488.529,
              6685665.669
            ],
            [
              25501484.156,
              6685666.749
            ],
            [
              25501483.645,
              6685664.681
            ],
            [
              25501488.019,
              6685663.602
            ]
          ]
        ]
      },
      "properties": {
        "confidence": 0.8541,
        "length_m": 4.5,
        "width_m": 2.13,
        "heading_deg": 103.9,
        "aoi": "r4-tapulikaupunki",
        "source_layer": "Ortoilmakuva_2025_5cm",
        "zoom": 16,
        "status": "confirmed",
        "class": "car"
      }
    },
    {
      "type": "Feature",
      "geometry": {
        "type": "Polygon",
        "coordinates": [
          [
            [
              25501359.568,
              6685743.299
            ],
            [
              25501360.237,
              6685745.592
            ],
            [
              25501354.823,
              6685747.171
            ],
            [
              25501354.154,
              6685744.878
            ],
            [
              25501359.568,
              6685743.299
            ]
          ]
        ]
      },
      "properties": {
        "confidence": 0.8506,
        "length_m": 5.64,
        "width_m": 2.39,
        "heading_deg": 106.3,
        "aoi": "r4-tapulikaupunki",
        "source_layer": "Ortoilmakuva_2025_5cm",
        "zoom": 16,
        "status": "confirmed",
        "class": "van"
      }
    },
    {
      "type": "Feature",
      "geometry": {
        "type": "Polygon",
        "coordinates": [
          [
            [
              25501263.899,
              6685740.981
            ],
            [
              25501264.386,
              6685743.068
            ],
            [
              25501259.729,
              6685744.155
            ],
            [
              25501259.242,
              6685742.068
            ],
            [
              25501263.899,
              6685740.981
            ]
          ]
        ]
      },
      "properties": {
        "confidence": 0.8502,
        "length_m": 4.78,
        "width_m": 2.14,
        "heading_deg": 103.1,
        "aoi": "r4-tapulikaupunki",
        "source_layer": "Ortoilmakuva_2025_5cm",
        "zoom": 16,
        "status": "confirmed",
        "class": "car"
      }
    },
    {
      "type": "Feature",
      "geometry": {
        "type": "Polygon",
        "coordinates": [
          [
            [
              25501210.591,
              6685758.674
            ],
            [
              25501211.239,
              6685760.75
            ],
            [
              25501206.545,
              6685762.216
            ],
            [
              25501205.897,
              6685760.14
            ],
            [
              25501210.591,
              6685758.674
            ]
          ]
        ]
      },
      "properties": {
        "confidence": 0.847,
        "length_m": 4.92,
        "width_m": 2.17,
        "heading_deg": 107.3,
        "aoi": "r4-tapulikaupunki",
        "source_layer": "Ortoilmakuva_2025_5cm",
        "zoom": 16,
        "status": "confirmed",
        "class": "car"
      }
    },
    {
      "type": "Feature",
      "geometry": {
        "type": "Polygon",
        "coordinates": [
          [
            [
              25501228.817,
              6685757.704
            ],
            [
              25501226.919,
              6685752.441
            ],
            [
              25501224.514,
              6685753.308
            ],
            [
              25501226.412,
              6685758.571
            ],
            [
              25501228.817,
              6685757.704
            ]
          ]
        ]
      },
      "properties": {
        "confidence": 0.845,
        "length_m": 5.59,
        "width_m": 2.56,
        "heading_deg": 19.8,
        "aoi": "r4-tapulikaupunki",
        "source_layer": "Ortoilmakuva_2025_5cm",
        "zoom": 16,
        "status": "confirmed",
        "class": "van"
      }
    },
    {
      "type": "Feature",
      "geometry": {
        "type": "Polygon",
        "coordinates": [
          [
            [
              25501257.355,
              6685689.788
            ],
            [
              25501259.643,
              6685690.27
            ],
            [
              25501258.671,
              6685694.883
            ],
            [
              25501256.384,
              6685694.401
            ],
            [
              25501257.355,
              6685689.788
            ]
          ]
        ]
      },
      "properties": {
        "confidence": 0.8428,
        "length_m": 4.71,
        "width_m": 2.34,
        "heading_deg": 168.1,
        "aoi": "r4-tapulikaupunki",
        "source_layer": "Ortoilmakuva_2025_5cm",
        "zoom": 16,
        "status": "confirmed",
        "class": "car"
      }
    },
    {
      "type": "Feature",
      "geometry": {
        "type": "Polygon",
        "coordinates": [
          [
            [
              25501354.539,
              6685680.366
            ],
            [
              25501355.128,
              6685682.419
            ],
            [
              25501350.638,
              6685683.707
            ],
            [
              25501350.049,
              6685681.654
            ],
            [
              25501354.539,
              6685680.366
            ]
          ]
        ]
      },
      "properties": {
        "confidence": 0.8418,
        "length_m": 4.67,
        "width_m": 2.14,
        "heading_deg": 106,
        "aoi": "r4-tapulikaupunki",
        "source_layer": "Ortoilmakuva_2025_5cm",
        "zoom": 16,
        "status": "confirmed",
        "class": "car"
      }
    },
    {
      "type": "Feature",
      "geometry": {
        "type": "Polygon",
        "coordinates": [
          [
            [
              25501190.68,
              6685731.393
            ],
            [
              25501191.652,
              6685733.639
            ],
            [
              25501186.47,
              6685735.882
            ],
            [
              25501185.497,
              6685733.637
            ],
            [
              25501190.68,
              6685731.393
            ]
          ]
        ]
      },
      "properties": {
        "confidence": 0.8404,
        "length_m": 5.65,
        "width_m": 2.45,
        "heading_deg": 113.4,
        "aoi": "r4-tapulikaupunki",
        "source_layer": "Ortoilmakuva_2025_5cm",
        "zoom": 16,
        "status": "confirmed",
        "class": "car"
      }
    },
    {
      "type": "Feature",
      "geometry": {
        "type": "Polygon",
        "coordinates": [
          [
            [
              25501474.222,
              6685731.164
            ],
            [
              25501476.393,
              6685732.091
            ],
            [
              25501474.149,
              6685737.348
            ],
            [
              25501471.978,
              6685736.421
            ],
            [
              25501474.222,
              6685731.164
            ]
          ]
        ]
      },
      "properties": {
        "confidence": 0.8371,
        "length_m": 5.72,
        "width_m": 2.36,
        "heading_deg": 156.9,
        "aoi": "r4-tapulikaupunki",
        "source_layer": "Ortoilmakuva_2025_5cm",
        "zoom": 16,
        "status": "confirmed",
        "class": "van"
      }
    },
    {
      "type": "Feature",
      "geometry": {
        "type": "Polygon",
        "coordinates": [
          [
            [
              25501196.216,
              6685710.746
            ],
            [
              25501194.294,
              6685705.03
            ],
            [
              25501191.878,
              6685705.843
            ],
            [
              25501193.8,
              6685711.559
            ],
            [
              25501196.216,
              6685710.746
            ]
          ]
        ]
      },
      "properties": {
        "confidence": 0.8369,
        "length_m": 6.03,
        "width_m": 2.55,
        "heading_deg": 18.6,
        "aoi": "r4-tapulikaupunki",
        "source_layer": "Ortoilmakuva_2025_5cm",
        "zoom": 16,
        "status": "confirmed",
        "class": "van"
      }
    },
    {
      "type": "Feature",
      "geometry": {
        "type": "Polygon",
        "coordinates": [
          [
            [
              25501231.787,
              6685689.459
            ],
            [
              25501233.874,
              6685688.034
            ],
            [
              25501236.658,
              6685692.111
            ],
            [
              25501234.572,
              6685693.536
            ],
            [
              25501231.787,
              6685689.459
            ]
          ]
        ]
      },
      "properties": {
        "confidence": 0.8368,
        "length_m": 4.94,
        "width_m": 2.53,
        "heading_deg": 34.3,
        "aoi": "r4-tapulikaupunki",
        "source_layer": "Ortoilmakuva_2025_5cm",
        "zoom": 16,
        "status": "confirmed",
        "class": "car"
      }
    },
    {
      "type": "Feature",
      "geometry": {
        "type": "Polygon",
        "coordinates": [
          [
            [
              25501199.006,
              6685710.228
            ],
            [
              25501197.288,
              6685704.468
            ],
            [
              25501194.734,
              6685705.23
            ],
            [
              25501196.452,
              6685710.99
            ],
            [
              25501199.006,
              6685710.228
            ]
          ]
        ]
      },
      "properties": {
        "confidence": 0.8357,
        "length_m": 6.01,
        "width_m": 2.66,
        "heading_deg": 16.6,
        "aoi": "r4-tapulikaupunki",
        "source_layer": "Ortoilmakuva_2025_5cm",
        "zoom": 16,
        "status": "confirmed",
        "class": "van"
      }
    },
    {
      "type": "Feature",
      "geometry": {
        "type": "Polygon",
        "coordinates": [
          [
            [
              25501434.455,
              6685818.52
            ],
            [
              25501436.863,
              6685818.043
            ],
            [
              25501437.834,
              6685822.939
            ],
            [
              25501435.426,
              6685823.416
            ],
            [
              25501434.455,
              6685818.52
            ]
          ]
        ]
      },
      "properties": {
        "confidence": 0.8346,
        "length_m": 4.99,
        "width_m": 2.45,
        "heading_deg": 11.2,
        "aoi": "r4-tapulikaupunki",
        "source_layer": "Ortoilmakuva_2025_5cm",
        "zoom": 16,
        "status": "confirmed",
        "class": "car"
      }
    },
    {
      "type": "Feature",
      "geometry": {
        "type": "Polygon",
        "coordinates": [
          [
            [
              25501409.913,
              6685645.694
            ],
            [
              25501411.902,
              6685644.488
            ],
            [
              25501414.468,
              6685648.72
            ],
            [
              25501412.479,
              6685649.926
            ],
            [
              25501409.913,
              6685645.694
            ]
          ]
        ]
      },
      "properties": {
        "confidence": 0.8304,
        "length_m": 4.95,
        "width_m": 2.33,
        "heading_deg": 31.2,
        "aoi": "r4-tapulikaupunki",
        "source_layer": "Ortoilmakuva_2025_5cm",
        "zoom": 16,
        "status": "confirmed",
        "class": "car"
      }
    },
    {
      "type": "Feature",
      "geometry": {
        "type": "Polygon",
        "coordinates": [
          [
            [
              25501276.555,
              6685725.837
            ],
            [
              25501277.147,
              6685728.132
            ],
            [
              25501271.898,
              6685729.487
            ],
            [
              25501271.306,
              6685727.191
            ],
            [
              25501276.555,
              6685725.837
            ]
          ]
        ]
      },
      "properties": {
        "confidence": 0.8298,
        "length_m": 5.42,
        "width_m": 2.37,
        "heading_deg": 104.5,
        "aoi": "r4-tapulikaupunki",
        "source_layer": "Ortoilmakuva_2025_5cm",
        "zoom": 16,
        "status": "confirmed",
        "class": "car"
      }
    },
    {
      "type": "Feature",
      "geometry": {
        "type": "Polygon",
        "coordinates": [
          [
            [
              25501273.244,
              6685840.539
            ],
            [
              25501275.339,
              6685839.622
            ],
            [
              25501277.313,
              6685844.132
            ],
            [
              25501275.218,
              6685845.049
            ],
            [
              25501273.244,
              6685840.539
            ]
          ]
        ]
      },
      "properties": {
        "confidence": 0.8257,
        "length_m": 4.92,
        "width_m": 2.29,
        "heading_deg": 23.6,
        "aoi": "r4-tapulikaupunki",
        "source_layer": "Ortoilmakuva_2025_5cm",
        "zoom": 16,
        "status": "confirmed",
        "class": "car"
      }
    },
    {
      "type": "Feature",
      "geometry": {
        "type": "Polygon",
        "coordinates": [
          [
            [
              25501371.053,
              6685743.041
            ],
            [
              25501371.746,
              6685745.633
            ],
            [
              25501365.484,
              6685747.308
            ],
            [
              25501364.791,
              6685744.716
            ],
            [
              25501371.053,
              6685743.041
            ]
          ]
        ]
      },
      "properties": {
        "confidence": 0.8207,
        "length_m": 6.48,
        "width_m": 2.68,
        "heading_deg": 105,
        "aoi": "r4-tapulikaupunki",
        "source_layer": "Ortoilmakuva_2025_5cm",
        "zoom": 16,
        "status": "confirmed",
        "class": "van"
      }
    },
    {
      "type": "Feature",
      "geometry": {
        "type": "Polygon",
        "coordinates": [
          [
            [
              25501191.369,
              6685712.304
            ],
            [
              25501193.463,
              6685711.347
            ],
            [
              25501195.362,
              6685715.501
            ],
            [
              25501193.267,
              6685716.458
            ],
            [
              25501191.369,
              6685712.304
            ]
          ]
        ]
      },
      "properties": {
        "confidence": 0.8161,
        "length_m": 4.57,
        "width_m": 2.3,
        "heading_deg": 24.6,
        "aoi": "r4-tapulikaupunki",
        "source_layer": "Ortoilmakuva_2025_5cm",
        "zoom": 16,
        "status": "confirmed",
        "class": "car"
      }
    },
    {
      "type": "Feature",
      "geometry": {
        "type": "Polygon",
        "coordinates": [
          [
            [
              25501189.493,
              6685729.181
            ],
            [
              25501190.34,
              6685731.28
            ],
            [
              25501185.152,
              6685733.373
            ],
            [
              25501184.306,
              6685731.274
            ],
            [
              25501189.493,
              6685729.181
            ]
          ]
        ]
      },
      "properties": {
        "confidence": 0.8146,
        "length_m": 5.59,
        "width_m": 2.26,
        "heading_deg": 112,
        "aoi": "r4-tapulikaupunki",
        "source_layer": "Ortoilmakuva_2025_5cm",
        "zoom": 16,
        "status": "confirmed",
        "class": "car"
      }
    },
    {
      "type": "Feature",
      "geometry": {
        "type": "Polygon",
        "coordinates": [
          [
            [
              25501453.352,
              6685875.838
            ],
            [
              25501455.41,
              6685875.063
            ],
            [
              25501456.895,
              6685879.003
            ],
            [
              25501454.837,
              6685879.779
            ],
            [
              25501453.352,
              6685875.838
            ]
          ]
        ]
      },
      "properties": {
        "confidence": 0.8123,
        "length_m": 4.21,
        "width_m": 2.2,
        "heading_deg": 20.7,
        "aoi": "r4-tapulikaupunki",
        "source_layer": "Ortoilmakuva_2025_5cm",
        "zoom": 16,
        "status": "confirmed",
        "class": "car"
      }
    },
    {
      "type": "Feature",
      "geometry": {
        "type": "Polygon",
        "coordinates": [
          [
            [
              25501248.48,
              6685683.448
            ],
            [
              25501250.416,
              6685682.16
            ],
            [
              25501253.017,
              6685686.067
            ],
            [
              25501251.081,
              6685687.356
            ],
            [
              25501248.48,
              6685683.448
            ]
          ]
        ]
      },
      "properties": {
        "confidence": 0.8065,
        "length_m": 4.69,
        "width_m": 2.33,
        "heading_deg": 33.7,
        "aoi": "r4-tapulikaupunki",
        "source_layer": "Ortoilmakuva_2025_5cm",
        "zoom": 16,
        "status": "confirmed",
        "class": "car"
      }
    },
    {
      "type": "Feature",
      "geometry": {
        "type": "Polygon",
        "coordinates": [
          [
            [
              25501253.603,
              6685742.238
            ],
            [
              25501254.21,
              6685744.263
            ],
            [
              25501249.499,
              6685745.676
            ],
            [
              25501248.892,
              6685743.65
            ],
            [
              25501253.603,
              6685742.238
            ]
          ]
        ]
      },
      "properties": {
        "confidence": 0.8045,
        "length_m": 4.92,
        "width_m": 2.11,
        "heading_deg": 106.7,
        "aoi": "r4-tapulikaupunki",
        "source_layer": "Ortoilmakuva_2025_5cm",
        "zoom": 16,
        "status": "confirmed",
        "class": "car"
      }
    },
    {
      "type": "Feature",
      "geometry": {
        "type": "Polygon",
        "coordinates": [
          [
            [
              25501335.748,
              6685723.435
            ],
            [
              25501336.313,
              6685725.685
            ],
            [
              25501331.056,
              6685727.005
            ],
            [
              25501330.491,
              6685724.755
            ],
            [
              25501335.748,
              6685723.435
            ]
          ]
        ]
      },
      "properties": {
        "confidence": 0.8037,
        "length_m": 5.42,
        "width_m": 2.32,
        "heading_deg": 104.1,
        "aoi": "r4-tapulikaupunki",
        "source_layer": "Ortoilmakuva_2025_5cm",
        "zoom": 16,
        "status": "confirmed",
        "class": "car"
      }
    },
    {
      "type": "Feature",
      "geometry": {
        "type": "Polygon",
        "coordinates": [
          [
            [
              25501453.663,
              6685891.346
            ],
            [
              25501455.643,
              6685890.394
            ],
            [
              25501457.775,
              6685894.828
            ],
            [
              25501455.795,
              6685895.78
            ],
            [
              25501453.663,
              6685891.346
            ]
          ]
        ]
      },
      "properties": {
        "confidence": 0.8018,
        "length_m": 4.92,
        "width_m": 2.2,
        "heading_deg": 25.7,
        "aoi": "r4-tapulikaupunki",
        "source_layer": "Ortoilmakuva_2025_5cm",
        "zoom": 16,
        "status": "confirmed",
        "class": "car"
      }
    },
    {
      "type": "Feature",
      "geometry": {
        "type": "Polygon",
        "coordinates": [
          [
            [
              25501200.96,
              6685705.113
            ],
            [
              25501203.37,
              6685704.427
            ],
            [
              25501204.896,
              6685709.787
            ],
            [
              25501202.486,
              6685710.473
            ],
            [
              25501200.96,
              6685705.113
            ]
          ]
        ]
      },
      "properties": {
        "confidence": 0.798,
        "length_m": 5.57,
        "width_m": 2.51,
        "heading_deg": 15.9,
        "aoi": "r4-tapulikaupunki",
        "source_layer": "Ortoilmakuva_2025_5cm",
        "zoom": 16,
        "status": "confirmed",
        "class": "van"
      }
    },
    {
      "type": "Feature",
      "geometry": {
        "type": "Polygon",
        "coordinates": [
          [
            [
              25501211.4,
              6685742.952
            ],
            [
              25501211.864,
              6685745.021
            ],
            [
              25501207.236,
              6685746.057
            ],
            [
              25501206.772,
              6685743.988
            ],
            [
              25501211.4,
              6685742.952
            ]
          ]
        ]
      },
      "properties": {
        "confidence": 0.7969,
        "length_m": 4.74,
        "width_m": 2.12,
        "heading_deg": 102.6,
        "aoi": "r4-tapulikaupunki",
        "source_layer": "Ortoilmakuva_2025_5cm",
        "zoom": 16,
        "status": "confirmed",
        "class": "car"
      }
    },
    {
      "type": "Feature",
      "geometry": {
        "type": "Polygon",
        "coordinates": [
          [
            [
              25501188.447,
              6685725.791
            ],
            [
              25501190.806,
              6685724.778
            ],
            [
              25501193.732,
              6685731.589
            ],
            [
              25501191.374,
              6685732.603
            ],
            [
              25501188.447,
              6685725.791
            ]
          ]
        ]
      },
      "properties": {
        "confidence": 0.7952,
        "length_m": 7.41,
        "width_m": 2.57,
        "heading_deg": 23.2,
        "aoi": "r4-tapulikaupunki",
        "source_layer": "Ortoilmakuva_2025_5cm",
        "zoom": 16,
        "status": "confirmed",
        "class": "van"
      }
    },
    {
      "type": "Feature",
      "geometry": {
        "type": "Polygon",
        "coordinates": [
          [
            [
              25501280.839,
              6685674.003
            ],
            [
              25501282.842,
              6685672.741
            ],
            [
              25501285.491,
              6685676.948
            ],
            [
              25501283.488,
              6685678.209
            ],
            [
              25501280.839,
              6685674.003
            ]
          ]
        ]
      },
      "properties": {
        "confidence": 0.794,
        "length_m": 4.97,
        "width_m": 2.37,
        "heading_deg": 32.2,
        "aoi": "r4-tapulikaupunki",
        "source_layer": "Ortoilmakuva_2025_5cm",
        "zoom": 16,
        "status": "confirmed",
        "class": "car"
      }
    },
    {
      "type": "Feature",
      "geometry": {
        "type": "Polygon",
        "coordinates": [
          [
            [
              25501483.102,
              6685716.123
            ],
            [
              25501483.618,
              6685718.124
            ],
            [
              25501479.095,
              6685719.29
            ],
            [
              25501478.579,
              6685717.289
            ],
            [
              25501483.102,
              6685716.123
            ]
          ]
        ]
      },
      "properties": {
        "confidence": 0.7928,
        "length_m": 4.67,
        "width_m": 2.07,
        "heading_deg": 104.5,
        "aoi": "r4-tapulikaupunki",
        "source_layer": "Ortoilmakuva_2025_5cm",
        "zoom": 16,
        "status": "confirmed",
        "class": "car"
      }
    },
    {
      "type": "Feature",
      "geometry": {
        "type": "Polygon",
        "coordinates": [
          [
            [
              25501326.808,
              6685702.881
            ],
            [
              25501327.363,
              6685704.856
            ],
            [
              25501322.648,
              6685706.179
            ],
            [
              25501322.094,
              6685704.204
            ],
            [
              25501326.808,
              6685702.881
            ]
          ]
        ]
      },
      "properties": {
        "confidence": 0.788,
        "length_m": 4.9,
        "width_m": 2.05,
        "heading_deg": 105.7,
        "aoi": "r4-tapulikaupunki",
        "source_layer": "Ortoilmakuva_2025_5cm",
        "zoom": 16,
        "status": "confirmed",
        "class": "car"
      }
    },
    {
      "type": "Feature",
      "geometry": {
        "type": "Polygon",
        "coordinates": [
          [
            [
              25501435.455,
              6685812.509
            ],
            [
              25501434.145,
              6685807.375
            ],
            [
              25501431.929,
              6685807.94
            ],
            [
              25501433.239,
              6685813.074
            ],
            [
              25501435.455,
              6685812.509
            ]
          ]
        ]
      },
      "properties": {
        "confidence": 0.777,
        "length_m": 5.3,
        "width_m": 2.29,
        "heading_deg": 14.3,
        "aoi": "r4-tapulikaupunki",
        "source_layer": "Ortoilmakuva_2025_5cm",
        "zoom": 16,
        "status": "confirmed",
        "class": "truck"
      }
    },
    {
      "type": "Feature",
      "geometry": {
        "type": "Polygon",
        "coordinates": [
          [
            [
              25501184.833,
              6685711.22
            ],
            [
              25501186.896,
              6685710.287
            ],
            [
              25501189,
              6685714.941
            ],
            [
              25501186.936,
              6685715.874
            ],
            [
              25501184.833,
              6685711.22
            ]
          ]
        ]
      },
      "properties": {
        "confidence": 0.7738,
        "length_m": 5.11,
        "width_m": 2.26,
        "heading_deg": 24.3,
        "aoi": "r4-tapulikaupunki",
        "source_layer": "Ortoilmakuva_2025_5cm",
        "zoom": 16,
        "status": "confirmed",
        "class": "car"
      }
    },
    {
      "type": "Feature",
      "geometry": {
        "type": "Polygon",
        "coordinates": [
          [
            [
              25501360.551,
              6685745.854
            ],
            [
              25501361.15,
              6685748.045
            ],
            [
              25501356.255,
              6685749.384
            ],
            [
              25501355.655,
              6685747.193
            ],
            [
              25501360.551,
              6685745.854
            ]
          ]
        ]
      },
      "properties": {
        "confidence": 0.7721,
        "length_m": 5.07,
        "width_m": 2.27,
        "heading_deg": 105.3,
        "aoi": "r4-tapulikaupunki",
        "source_layer": "Ortoilmakuva_2025_5cm",
        "zoom": 16,
        "status": "confirmed",
        "class": "van"
      }
    },
    {
      "type": "Feature",
      "geometry": {
        "type": "Polygon",
        "coordinates": [
          [
            [
              25501445.17,
              6685733.768
            ],
            [
              25501439.817,
              6685735.148
            ],
            [
              25501440.497,
              6685737.786
            ],
            [
              25501445.85,
              6685736.406
            ],
            [
              25501445.17,
              6685733.768
            ]
          ]
        ]
      },
      "properties": {
        "confidence": 0.77,
        "length_m": 5.53,
        "width_m": 2.72,
        "heading_deg": 104.5,
        "aoi": "r4-tapulikaupunki",
        "source_layer": "Ortoilmakuva_2025_5cm",
        "zoom": 16,
        "status": "confirmed",
        "class": "van"
      }
    },
    {
      "type": "Feature",
      "geometry": {
        "type": "Polygon",
        "coordinates": [
          [
            [
              25501375.933,
              6685693.017
            ],
            [
              25501370.652,
              6685694.091
            ],
            [
              25501371.099,
              6685696.287
            ],
            [
              25501376.379,
              6685695.214
            ],
            [
              25501375.933,
              6685693.017
            ]
          ]
        ]
      },
      "properties": {
        "confidence": 0.7683,
        "length_m": 5.39,
        "width_m": 2.24,
        "heading_deg": 101.5,
        "aoi": "r4-tapulikaupunki",
        "source_layer": "Ortoilmakuva_2025_5cm",
        "zoom": 16,
        "status": "confirmed",
        "class": "van"
      }
    },
    {
      "type": "Feature",
      "geometry": {
        "type": "Polygon",
        "coordinates": [
          [
            [
              25501439.646,
              6685640.972
            ],
            [
              25501442.397,
              6685644.59
            ],
            [
              25501440.476,
              6685646.051
            ],
            [
              25501437.725,
              6685642.432
            ],
            [
              25501439.646,
              6685640.972
            ]
          ]
        ]
      },
      "properties": {
        "confidence": 0.7677,
        "length_m": 4.55,
        "width_m": 2.41,
        "heading_deg": 37.2,
        "aoi": "r4-tapulikaupunki",
        "source_layer": "Ortoilmakuva_2025_5cm",
        "zoom": 16,
        "status": "confirmed",
        "class": "car"
      }
    },
    {
      "type": "Feature",
      "geometry": {
        "type": "Polygon",
        "coordinates": [
          [
            [
              25501377.536,
              6685741.392
            ],
            [
              25501371.543,
              6685742.809
            ],
            [
              25501372.12,
              6685745.249
            ],
            [
              25501378.113,
              6685743.831
            ],
            [
              25501377.536,
              6685741.392
            ]
          ]
        ]
      },
      "properties": {
        "confidence": 0.7588,
        "length_m": 6.16,
        "width_m": 2.51,
        "heading_deg": 103.3,
        "aoi": "r4-tapulikaupunki",
        "source_layer": "Ortoilmakuva_2025_5cm",
        "zoom": 16,
        "status": "confirmed",
        "class": "van"
      }
    },
    {
      "type": "Feature",
      "geometry": {
        "type": "Polygon",
        "coordinates": [
          [
            [
              25501327.881,
              6685686.505
            ],
            [
              25501328.384,
              6685688.622
            ],
            [
              25501323.612,
              6685689.756
            ],
            [
              25501323.109,
              6685687.639
            ],
            [
              25501327.881,
              6685686.505
            ]
          ]
        ]
      },
      "properties": {
        "confidence": 0.7568,
        "length_m": 4.9,
        "width_m": 2.18,
        "heading_deg": 103.4,
        "aoi": "r4-tapulikaupunki",
        "source_layer": "Ortoilmakuva_2025_5cm",
        "zoom": 16,
        "status": "confirmed",
        "class": "car"
      }
    },
    {
      "type": "Feature",
      "geometry": {
        "type": "Polygon",
        "coordinates": [
          [
            [
              25501373.34,
              6685726.463
            ],
            [
              25501367.913,
              6685727.75
            ],
            [
              25501368.391,
              6685729.764
            ],
            [
              25501373.818,
              6685728.477
            ],
            [
              25501373.34,
              6685726.463
            ]
          ]
        ]
      },
      "properties": {
        "confidence": 0.7564,
        "length_m": 5.58,
        "width_m": 2.07,
        "heading_deg": 103.3,
        "aoi": "r4-tapulikaupunki",
        "source_layer": "Ortoilmakuva_2025_5cm",
        "zoom": 16,
        "status": "confirmed",
        "class": "van"
      }
    },
    {
      "type": "Feature",
      "geometry": {
        "type": "Polygon",
        "coordinates": [
          [
            [
              25501198.001,
              6685705.237
            ],
            [
              25501200.479,
              6685704.682
            ],
            [
              25501201.619,
              6685709.767
            ],
            [
              25501199.142,
              6685710.323
            ],
            [
              25501198.001,
              6685705.237
            ]
          ]
        ]
      },
      "properties": {
        "confidence": 0.7561,
        "length_m": 5.21,
        "width_m": 2.54,
        "heading_deg": 12.6,
        "aoi": "r4-tapulikaupunki",
        "source_layer": "Ortoilmakuva_2025_5cm",
        "zoom": 16,
        "status": "confirmed",
        "class": "van"
      }
    },
    {
      "type": "Feature",
      "geometry": {
        "type": "Polygon",
        "coordinates": [
          [
            [
              25501474.075,
              6685639.934
            ],
            [
              25501476.44,
              6685639.755
            ],
            [
              25501476.843,
              6685645.095
            ],
            [
              25501474.479,
              6685645.274
            ],
            [
              25501474.075,
              6685639.934
            ]
          ]
        ]
      },
      "properties": {
        "confidence": 0.7476,
        "length_m": 5.36,
        "width_m": 2.37,
        "heading_deg": 4.3,
        "aoi": "r4-tapulikaupunki",
        "source_layer": "Ortoilmakuva_2025_5cm",
        "zoom": 16,
        "status": "confirmed",
        "class": "van"
      }
    },
    {
      "type": "Feature",
      "geometry": {
        "type": "Polygon",
        "coordinates": [
          [
            [
              25501481.059,
              6685660.296
            ],
            [
              25501481.605,
              6685662.274
            ],
            [
              25501477.311,
              6685663.458
            ],
            [
              25501476.766,
              6685661.48
            ],
            [
              25501481.059,
              6685660.296
            ]
          ]
        ]
      },
      "properties": {
        "confidence": 0.7475,
        "length_m": 4.45,
        "width_m": 2.05,
        "heading_deg": 105.4,
        "aoi": "r4-tapulikaupunki",
        "source_layer": "Ortoilmakuva_2025_5cm",
        "zoom": 16,
        "status": "confirmed",
        "class": "car"
      }
    },
    {
      "type": "Feature",
      "geometry": {
        "type": "Polygon",
        "coordinates": [
          [
            [
              25501469.835,
              6685884.222
            ],
            [
              25501472.008,
              6685883.053
            ],
            [
              25501474.334,
              6685887.378
            ],
            [
              25501472.161,
              6685888.547
            ],
            [
              25501469.835,
              6685884.222
            ]
          ]
        ]
      },
      "properties": {
        "confidence": 0.7451,
        "length_m": 4.91,
        "width_m": 2.47,
        "heading_deg": 28.3,
        "aoi": "r4-tapulikaupunki",
        "source_layer": "Ortoilmakuva_2025_5cm",
        "zoom": 16,
        "status": "confirmed",
        "class": "van"
      }
    },
    {
      "type": "Feature",
      "geometry": {
        "type": "Polygon",
        "coordinates": [
          [
            [
              25501363.206,
              6685670.144
            ],
            [
              25501362.275,
              6685665.172
            ],
            [
              25501360.102,
              6685665.579
            ],
            [
              25501361.034,
              6685670.551
            ],
            [
              25501363.206,
              6685670.144
            ]
          ]
        ]
      },
      "properties": {
        "confidence": 0.7434,
        "length_m": 5.06,
        "width_m": 2.21,
        "heading_deg": 10.6,
        "aoi": "r4-tapulikaupunki",
        "source_layer": "Ortoilmakuva_2025_5cm",
        "zoom": 16,
        "status": "confirmed",
        "class": "car"
      }
    },
    {
      "type": "Feature",
      "geometry": {
        "type": "Polygon",
        "coordinates": [
          [
            [
              25501382.24,
              6685828.558
            ],
            [
              25501382.791,
              6685830.465
            ],
            [
              25501377.82,
              6685831.902
            ],
            [
              25501377.269,
              6685829.995
            ],
            [
              25501382.24,
              6685828.558
            ]
          ]
        ]
      },
      "properties": {
        "confidence": 0.7431,
        "length_m": 5.17,
        "width_m": 1.99,
        "heading_deg": 106.1,
        "aoi": "r4-tapulikaupunki",
        "source_layer": "Ortoilmakuva_2025_5cm",
        "zoom": 16,
        "status": "confirmed",
        "class": "car"
      }
    },
    {
      "type": "Feature",
      "geometry": {
        "type": "Polygon",
        "coordinates": [
          [
            [
              25501255.247,
              6685716.82
            ],
            [
              25501257.662,
              6685716.114
            ],
            [
              25501259.088,
              6685720.993
            ],
            [
              25501256.673,
              6685721.699
            ],
            [
              25501255.247,
              6685716.82
            ]
          ]
        ]
      },
      "properties": {
        "confidence": 0.7339,
        "length_m": 5.08,
        "width_m": 2.52,
        "heading_deg": 16.3,
        "aoi": "r4-tapulikaupunki",
        "source_layer": "Ortoilmakuva_2025_5cm",
        "zoom": 16,
        "status": "confirmed",
        "class": "car"
      }
    },
    {
      "type": "Feature",
      "geometry": {
        "type": "Polygon",
        "coordinates": [
          [
            [
              25501250.077,
              6685718.307
            ],
            [
              25501252.132,
              6685717.783
            ],
            [
              25501253.243,
              6685722.142
            ],
            [
              25501251.189,
              6685722.666
            ],
            [
              25501250.077,
              6685718.307
            ]
          ]
        ]
      },
      "properties": {
        "confidence": 0.7293,
        "length_m": 4.5,
        "width_m": 2.12,
        "heading_deg": 14.3,
        "aoi": "r4-tapulikaupunki",
        "source_layer": "Ortoilmakuva_2025_5cm",
        "zoom": 16,
        "status": "confirmed",
        "class": "car"
      }
    },
    {
      "type": "Feature",
      "geometry": {
        "type": "Polygon",
        "coordinates": [
          [
            [
              25501236.876,
              6685749.816
            ],
            [
              25501239.134,
              6685749.171
            ],
            [
              25501240.474,
              6685753.862
            ],
            [
              25501238.216,
              6685754.507
            ],
            [
              25501236.876,
              6685749.816
            ]
          ]
        ]
      },
      "properties": {
        "confidence": 0.7217,
        "length_m": 4.88,
        "width_m": 2.35,
        "heading_deg": 15.9,
        "aoi": "r4-tapulikaupunki",
        "source_layer": "Ortoilmakuva_2025_5cm",
        "zoom": 16,
        "status": "confirmed",
        "class": "car"
      }
    },
    {
      "type": "Feature",
      "geometry": {
        "type": "Polygon",
        "coordinates": [
          [
            [
              25501337.896,
              6685681.759
            ],
            [
              25501338.33,
              6685683.942
            ],
            [
              25501333.094,
              6685684.981
            ],
            [
              25501332.661,
              6685682.798
            ],
            [
              25501337.896,
              6685681.759
            ]
          ]
        ]
      },
      "properties": {
        "confidence": 0.7181,
        "length_m": 5.34,
        "width_m": 2.23,
        "heading_deg": 101.2,
        "aoi": "r4-tapulikaupunki",
        "source_layer": "Ortoilmakuva_2025_5cm",
        "zoom": 16,
        "status": "confirmed",
        "class": "car"
      }
    },
    {
      "type": "Feature",
      "geometry": {
        "type": "Polygon",
        "coordinates": [
          [
            [
              25501325.909,
              6685700.64
            ],
            [
              25501326.46,
              6685702.75
            ],
            [
              25501321.717,
              6685703.989
            ],
            [
              25501321.166,
              6685701.879
            ],
            [
              25501325.909,
              6685700.64
            ]
          ]
        ]
      },
      "properties": {
        "confidence": 0.7171,
        "length_m": 4.9,
        "width_m": 2.18,
        "heading_deg": 104.6,
        "aoi": "r4-tapulikaupunki",
        "source_layer": "Ortoilmakuva_2025_5cm",
        "zoom": 16,
        "status": "confirmed",
        "class": "car"
      }
    },
    {
      "type": "Feature",
      "geometry": {
        "type": "Polygon",
        "coordinates": [
          [
            [
              25501226.285,
              6685758.554
            ],
            [
              25501224.601,
              6685754.111
            ],
            [
              25501222.509,
              6685754.904
            ],
            [
              25501224.194,
              6685759.347
            ],
            [
              25501226.285,
              6685758.554
            ]
          ]
        ]
      },
      "properties": {
        "confidence": 0.709,
        "length_m": 4.75,
        "width_m": 2.24,
        "heading_deg": 20.8,
        "aoi": "r4-tapulikaupunki",
        "source_layer": "Ortoilmakuva_2025_5cm",
        "zoom": 16,
        "status": "confirmed",
        "class": "car"
      }
    },
    {
      "type": "Feature",
      "geometry": {
        "type": "Polygon",
        "coordinates": [
          [
            [
              25501305.544,
              6685665.174
            ],
            [
              25501308.261,
              6685664.577
            ],
            [
              25501309.625,
              6685670.788
            ],
            [
              25501306.908,
              6685671.385
            ],
            [
              25501305.544,
              6685665.174
            ]
          ]
        ]
      },
      "properties": {
        "confidence": 0.7077,
        "length_m": 6.36,
        "width_m": 2.78,
        "heading_deg": 12.4,
        "aoi": "r4-tapulikaupunki",
        "source_layer": "Ortoilmakuva_2025_5cm",
        "zoom": 16,
        "status": "confirmed",
        "class": "truck"
      }
    },
    {
      "type": "Feature",
      "geometry": {
        "type": "Polygon",
        "coordinates": [
          [
            [
              25501356.38,
              6685728.784
            ],
            [
              25501351.129,
              6685729.987
            ],
            [
              25501351.63,
              6685732.174
            ],
            [
              25501356.881,
              6685730.971
            ],
            [
              25501356.38,
              6685728.784
            ]
          ]
        ]
      },
      "properties": {
        "confidence": 0.7058,
        "length_m": 5.39,
        "width_m": 2.24,
        "heading_deg": 102.9,
        "aoi": "r4-tapulikaupunki",
        "source_layer": "Ortoilmakuva_2025_5cm",
        "zoom": 16,
        "status": "confirmed",
        "class": "van"
      }
    },
    {
      "type": "Feature",
      "geometry": {
        "type": "Polygon",
        "coordinates": [
          [
            [
              25501221.822,
              6685744.869
            ],
            [
              25501222.468,
              6685746.961
            ],
            [
              25501218.581,
              6685748.161
            ],
            [
              25501217.935,
              6685746.069
            ],
            [
              25501221.822,
              6685744.869
            ]
          ]
        ]
      },
      "properties": {
        "confidence": 0.6883,
        "length_m": 4.07,
        "width_m": 2.19,
        "heading_deg": 107.2,
        "aoi": "r4-tapulikaupunki",
        "source_layer": "Ortoilmakuva_2025_5cm",
        "zoom": 16,
        "status": "confirmed",
        "class": "car"
      }
    },
    {
      "type": "Feature",
      "geometry": {
        "type": "Polygon",
        "coordinates": [
          [
            [
              25501440.561,
              6685739.404
            ],
            [
              25501434.419,
              6685740.627
            ],
            [
              25501434.958,
              6685743.333
            ],
            [
              25501441.099,
              6685742.11
            ],
            [
              25501440.561,
              6685739.404
            ]
          ]
        ]
      },
      "properties": {
        "confidence": 0.6846,
        "length_m": 6.26,
        "width_m": 2.76,
        "heading_deg": 101.3,
        "aoi": "r4-tapulikaupunki",
        "source_layer": "Ortoilmakuva_2025_5cm",
        "zoom": 16,
        "status": "confirmed",
        "class": "van"
      }
    },
    {
      "type": "Feature",
      "geometry": {
        "type": "Polygon",
        "coordinates": [
          [
            [
              25501357.175,
              6685733.666
            ],
            [
              25501357.735,
              6685735.716
            ],
            [
              25501353.429,
              6685736.891
            ],
            [
              25501352.87,
              6685734.841
            ],
            [
              25501357.175,
              6685733.666
            ]
          ]
        ]
      },
      "properties": {
        "confidence": 0.6544,
        "length_m": 4.46,
        "width_m": 2.13,
        "heading_deg": 105.3,
        "aoi": "r4-tapulikaupunki",
        "source_layer": "Ortoilmakuva_2025_5cm",
        "zoom": 16,
        "status": "confirmed",
        "class": "car"
      }
    },
    {
      "type": "Feature",
      "geometry": {
        "type": "Polygon",
        "coordinates": [
          [
            [
              25501220.779,
              6685742.683
            ],
            [
              25501221.395,
              6685744.808
            ],
            [
              25501217.229,
              6685746.016
            ],
            [
              25501216.613,
              6685743.891
            ],
            [
              25501220.779,
              6685742.683
            ]
          ]
        ]
      },
      "properties": {
        "confidence": 0.6534,
        "length_m": 4.34,
        "width_m": 2.21,
        "heading_deg": 106.2,
        "aoi": "r4-tapulikaupunki",
        "source_layer": "Ortoilmakuva_2025_5cm",
        "zoom": 16,
        "status": "confirmed",
        "class": "car"
      }
    },
    {
      "type": "Feature",
      "geometry": {
        "type": "Polygon",
        "coordinates": [
          [
            [
              25501371.933,
              6685719.947
            ],
            [
              25501372.424,
              6685722.293
            ],
            [
              25501366.906,
              6685723.447
            ],
            [
              25501366.415,
              6685721.101
            ],
            [
              25501371.933,
              6685719.947
            ]
          ]
        ]
      },
      "properties": {
        "confidence": 0.6378,
        "length_m": 5.64,
        "width_m": 2.4,
        "heading_deg": 101.8,
        "aoi": "r4-tapulikaupunki",
        "source_layer": "Ortoilmakuva_2025_5cm",
        "zoom": 16,
        "status": "confirmed",
        "class": "van"
      }
    },
    {
      "type": "Feature",
      "geometry": {
        "type": "Polygon",
        "coordinates": [
          [
            [
              25501260.911,
              6685749.196
            ],
            [
              25501263.418,
              6685749.208
            ],
            [
              25501263.393,
              6685754.636
            ],
            [
              25501260.886,
              6685754.625
            ],
            [
              25501260.911,
              6685749.196
            ]
          ]
        ]
      },
      "properties": {
        "confidence": 0.6105,
        "length_m": 5.43,
        "width_m": 2.51,
        "heading_deg": 179.7,
        "aoi": "r4-tapulikaupunki",
        "source_layer": "Ortoilmakuva_2025_5cm",
        "zoom": 16,
        "status": "confirmed",
        "class": "car"
      }
    },
    {
      "type": "Feature",
      "geometry": {
        "type": "Polygon",
        "coordinates": [
          [
            [
              25501490.64,
              6685695.477
            ],
            [
              25501485.005,
              6685696.991
            ],
            [
              25501485.563,
              6685699.071
            ],
            [
              25501491.198,
              6685697.557
            ],
            [
              25501490.64,
              6685695.477
            ]
          ]
        ]
      },
      "properties": {
        "confidence": 0.5927,
        "length_m": 5.83,
        "width_m": 2.15,
        "heading_deg": 105,
        "aoi": "r4-tapulikaupunki",
        "source_layer": "Ortoilmakuva_2025_5cm",
        "zoom": 16,
        "status": "confirmed",
        "class": "van"
      }
    },
    {
      "type": "Feature",
      "geometry": {
        "type": "Polygon",
        "coordinates": [
          [
            [
              25501363.904,
              6685688.016
            ],
            [
              25501358.49,
              6685689.104
            ],
            [
              25501358.915,
              6685691.215
            ],
            [
              25501364.328,
              6685690.127
            ],
            [
              25501363.904,
              6685688.016
            ]
          ]
        ]
      },
      "properties": {
        "confidence": 0.573,
        "length_m": 5.52,
        "width_m": 2.15,
        "heading_deg": 101.4,
        "aoi": "r4-tapulikaupunki",
        "source_layer": "Ortoilmakuva_2025_5cm",
        "zoom": 16,
        "status": "confirmed",
        "class": "van"
      }
    },
    {
      "type": "Feature",
      "geometry": {
        "type": "Polygon",
        "coordinates": [
          [
            [
              25501218.074,
              6685732.012
            ],
            [
              25501218.581,
              6685734.453
            ],
            [
              25501214.181,
              6685735.367
            ],
            [
              25501213.674,
              6685732.926
            ],
            [
              25501218.074,
              6685732.012
            ]
          ]
        ]
      },
      "properties": {
        "confidence": 0.5601,
        "length_m": 4.49,
        "width_m": 2.49,
        "heading_deg": 101.7,
        "aoi": "r4-tapulikaupunki",
        "source_layer": "Ortoilmakuva_2025_5cm",
        "zoom": 16,
        "status": "confirmed",
        "class": "car"
      }
    },
    {
      "type": "Feature",
      "geometry": {
        "type": "Polygon",
        "coordinates": [
          [
            [
              25501364.822,
              6685721.031
            ],
            [
              25501365.316,
              6685723.254
            ],
            [
              25501360.226,
              6685724.384
            ],
            [
              25501359.732,
              6685722.161
            ],
            [
              25501364.822,
              6685721.031
            ]
          ]
        ]
      },
      "properties": {
        "confidence": 0.5586,
        "length_m": 5.21,
        "width_m": 2.28,
        "heading_deg": 102.5,
        "aoi": "r4-tapulikaupunki",
        "source_layer": "Ortoilmakuva_2025_5cm",
        "zoom": 16,
        "status": "confirmed",
        "class": "truck"
      }
    },
    {
      "type": "Feature",
      "geometry": {
        "type": "Polygon",
        "coordinates": [
          [
            [
              25501468.161,
              6685738.436
            ],
            [
              25501470.127,
              6685732.774
            ],
            [
              25501467.737,
              6685731.944
            ],
            [
              25501465.771,
              6685737.606
            ],
            [
              25501468.161,
              6685738.436
            ]
          ]
        ]
      },
      "properties": {
        "confidence": 0.5391,
        "length_m": 5.99,
        "width_m": 2.53,
        "heading_deg": 160.8,
        "aoi": "r4-tapulikaupunki",
        "source_layer": "Ortoilmakuva_2025_5cm",
        "zoom": 16,
        "status": "confirmed",
        "class": "van"
      }
    },
    {
      "type": "Feature",
      "geometry": {
        "type": "Polygon",
        "coordinates": [
          [
            [
              25501361.303,
              6685678.194
            ],
            [
              25501362.083,
              6685680.692
            ],
            [
              25501356.549,
              6685682.421
            ],
            [
              25501355.768,
              6685679.923
            ],
            [
              25501361.303,
              6685678.194
            ]
          ]
        ]
      },
      "properties": {
        "confidence": 0.5337,
        "length_m": 5.8,
        "width_m": 2.62,
        "heading_deg": 107.4,
        "aoi": "r4-tapulikaupunki",
        "source_layer": "Ortoilmakuva_2025_5cm",
        "zoom": 16,
        "status": "confirmed",
        "class": "van"
      }
    },
    {
      "type": "Feature",
      "geometry": {
        "type": "Polygon",
        "coordinates": [
          [
            [
              25501377.864,
              6685697.941
            ],
            [
              25501371.821,
              6685699.207
            ],
            [
              25501372.319,
              6685701.586
            ],
            [
              25501378.363,
              6685700.32
            ],
            [
              25501377.864,
              6685697.941
            ]
          ]
        ]
      },
      "properties": {
        "confidence": 0.4804,
        "length_m": 6.17,
        "width_m": 2.43,
        "heading_deg": 101.8,
        "aoi": "r4-tapulikaupunki",
        "source_layer": "Ortoilmakuva_2025_5cm",
        "zoom": 16,
        "status": "confirmed",
        "class": "van"
      }
    },
    {
      "type": "Feature",
      "geometry": {
        "type": "Polygon",
        "coordinates": [
          [
            [
              25501215.69,
              6685831.653
            ],
            [
              25501218.209,
              6685831.539
            ],
            [
              25501218.471,
              6685837.31
            ],
            [
              25501215.952,
              6685837.425
            ],
            [
              25501215.69,
              6685831.653
            ]
          ]
        ]
      },
      "properties": {
        "confidence": 0.4576,
        "length_m": 5.78,
        "width_m": 2.52,
        "heading_deg": 2.6,
        "aoi": "r4-tapulikaupunki",
        "source_layer": "Ortoilmakuva_2025_5cm",
        "zoom": 16,
        "status": "confirmed",
        "class": "car"
      }
    },
    {
      "type": "Feature",
      "geometry": {
        "type": "Polygon",
        "coordinates": [
          [
            [
              25501422.989,
              6685653.31
            ],
            [
              25501424.512,
              6685654.678
            ],
            [
              25501421.585,
              6685657.937
            ],
            [
              25501420.062,
              6685656.57
            ],
            [
              25501422.989,
              6685653.31
            ]
          ]
        ]
      },
      "properties": {
        "confidence": 0.4339,
        "length_m": 4.38,
        "width_m": 2.05,
        "heading_deg": 138.1,
        "aoi": "r4-tapulikaupunki",
        "source_layer": "Ortoilmakuva_2025_5cm",
        "zoom": 16,
        "status": "confirmed",
        "class": "car"
      }
    },
    {
      "type": "Feature",
      "geometry": {
        "type": "Polygon",
        "coordinates": [
          [
            [
              25501430.91,
              6685643.289
            ],
            [
              25501433.027,
              6685642.136
            ],
            [
              25501435.272,
              6685646.257
            ],
            [
              25501433.155,
              6685647.41
            ],
            [
              25501430.91,
              6685643.289
            ]
          ]
        ]
      },
      "properties": {
        "confidence": 0.3907,
        "length_m": 4.69,
        "width_m": 2.41,
        "heading_deg": 28.6,
        "aoi": "r4-tapulikaupunki",
        "source_layer": "Ortoilmakuva_2025_5cm",
        "zoom": 16,
        "status": "confirmed",
        "class": "car"
      }
    },
    {
      "type": "Feature",
      "geometry": {
        "type": "Polygon",
        "coordinates": [
          [
            [
              25501254.033,
              6685818.588
            ],
            [
              25501254.104,
              6685820.77
            ],
            [
              25501249.884,
              6685820.909
            ],
            [
              25501249.813,
              6685818.726
            ],
            [
              25501254.033,
              6685818.588
            ]
          ]
        ]
      },
      "properties": {
        "confidence": 0.375,
        "length_m": 4.22,
        "width_m": 2.18,
        "heading_deg": 91.9,
        "aoi": "r4-tapulikaupunki",
        "source_layer": "Ortoilmakuva_2025_5cm",
        "zoom": 16,
        "status": "rejected",
        "class": ""
      }
    },
    {
      "type": "Feature",
      "geometry": {
        "type": "Polygon",
        "coordinates": [
          [
            [
              25501457.414,
              6685734.38
            ],
            [
              25501459.387,
              6685735.276
            ],
            [
              25501457.566,
              6685739.283
            ],
            [
              25501455.594,
              6685738.387
            ],
            [
              25501457.414,
              6685734.38
            ]
          ]
        ]
      },
      "properties": {
        "confidence": 0.37,
        "length_m": 4.4,
        "width_m": 2.17,
        "heading_deg": 155.6,
        "aoi": "r4-tapulikaupunki",
        "source_layer": "Ortoilmakuva_2025_5cm",
        "zoom": 16,
        "status": "confirmed",
        "class": "car"
      }
    },
    {
      "type": "Feature",
      "geometry": {
        "type": "Polygon",
        "coordinates": [
          [
            [
              25501285.805,
              6685815.143
            ],
            [
              25501286.579,
              6685817.266
            ],
            [
              25501279.671,
              6685819.785
            ],
            [
              25501278.897,
              6685817.662
            ],
            [
              25501285.805,
              6685815.143
            ]
          ]
        ]
      },
      "properties": {
        "confidence": 0.2558,
        "length_m": 7.35,
        "width_m": 2.26,
        "heading_deg": 110,
        "aoi": "r4-tapulikaupunki",
        "source_layer": "Ortoilmakuva_2025_5cm",
        "zoom": 16,
        "status": "rejected",
        "class": ""
      }
    },
    {
      "type": "Feature",
      "geometry": {
        "type": "Polygon",
        "coordinates": [
          [
            [
              25501364.443,
              6685690.677
            ],
            [
              25501358.595,
              6685691.926
            ],
            [
              25501359.048,
              6685694.048
            ],
            [
              25501364.896,
              6685692.8
            ],
            [
              25501364.443,
              6685690.677
            ]
          ]
        ]
      },
      "properties": {
        "class": "van",
        "status": "added",
        "confidence": null,
        "aoi": "r4-tapulikaupunki",
        "source_layer": "Ortoilmakuva_2025_5cm",
        "zoom": 16,
        "length_m": 5.98,
        "width_m": 2.17,
        "heading_deg": 102.1
      }
    },
    {
      "type": "Feature",
      "geometry": {
        "type": "Polygon",
        "coordinates": [
          [
            [
              25501360.313,
              6685669.96
            ],
            [
              25501359.745,
              6685665.839
            ],
            [
              25501357.612,
              6685666.133
            ],
            [
              25501358.18,
              6685670.253
            ],
            [
              25501360.313,
              6685669.96
            ]
          ]
        ]
      },
      "properties": {
        "class": "car",
        "status": "added",
        "confidence": null,
        "aoi": "r4-tapulikaupunki",
        "source_layer": "Ortoilmakuva_2025_5cm",
        "zoom": 16,
        "length_m": 4.16,
        "width_m": 2.15,
        "heading_deg": 7.8
      }
    },
    {
      "type": "Feature",
      "geometry": {
        "type": "Polygon",
        "coordinates": [
          [
            [
              25501367.682,
              6685668.459
            ],
            [
              25501366.574,
              6685664.266
            ],
            [
              25501364.727,
              6685664.753
            ],
            [
              25501365.835,
              6685668.947
            ],
            [
              25501367.682,
              6685668.459
            ]
          ]
        ]
      },
      "properties": {
        "class": "car",
        "status": "added",
        "confidence": null,
        "aoi": "r4-tapulikaupunki",
        "source_layer": "Ortoilmakuva_2025_5cm",
        "zoom": 16,
        "length_m": 4.34,
        "width_m": 1.91,
        "heading_deg": 14.8
      }
    },
    {
      "type": "Feature",
      "geometry": {
        "type": "Polygon",
        "coordinates": [
          [
            [
              25501370.415,
              6685690.761
            ],
            [
              25501375.116,
              6685689.616
            ],
            [
              25501374.607,
              6685687.524
            ],
            [
              25501369.905,
              6685688.669
            ],
            [
              25501370.415,
              6685690.761
            ]
          ]
        ]
      },
      "properties": {
        "class": "van",
        "status": "added",
        "confidence": null,
        "aoi": "r4-tapulikaupunki",
        "source_layer": "Ortoilmakuva_2025_5cm",
        "zoom": 16,
        "length_m": 4.84,
        "width_m": 2.15,
        "heading_deg": 103.7
      }
    },
    {
      "type": "Feature",
      "geometry": {
        "type": "Polygon",
        "coordinates": [
          [
            [
              25501386.203,
              6685662.343
            ],
            [
              25501389.659,
              6685665.688
            ],
            [
              25501391.128,
              6685664.171
            ],
            [
              25501387.672,
              6685660.825
            ],
            [
              25501386.203,
              6685662.343
            ]
          ]
        ]
      },
      "properties": {
        "class": "car",
        "status": "added",
        "confidence": null,
        "aoi": "r4-tapulikaupunki",
        "source_layer": "Ortoilmakuva_2025_5cm",
        "zoom": 16,
        "length_m": 4.81,
        "width_m": 2.11,
        "heading_deg": 45.9
      }
    },
    {
      "type": "Feature",
      "geometry": {
        "type": "Polygon",
        "coordinates": [
          [
            [
              25501344.529,
              6685705.326
            ],
            [
              25501349.594,
              6685704.809
            ],
            [
              25501349.37,
              6685702.62
            ],
            [
              25501344.306,
              6685703.138
            ],
            [
              25501344.529,
              6685705.326
            ]
          ]
        ]
      },
      "properties": {
        "class": "truck",
        "status": "added",
        "confidence": null,
        "aoi": "r4-tapulikaupunki",
        "source_layer": "Ortoilmakuva_2025_5cm",
        "zoom": 16,
        "length_m": 5.09,
        "width_m": 2.2,
        "heading_deg": 95.8
      }
    }
  ]
}
